scan_id,order_id,scan_type,scan_timestamp
S000001,O007827,Delivered,2024-04-21 01:00:40
S000002,O007729,Out for Delivery,2025-01-09 09:20:25
S000003,O010818,Pickup,2024-11-14 19:15:34
S000004,O006017,Out for Delivery,2024-04-19 19:39:34
S000005,O017340,Out for Delivery,2024-05-03 13:14:56
S000006,O007929,In Transit,2024-10-27 01:37:23
S000007,O014276,Out for Delivery,2025-03-22 04:34:26
S000008,O004875,Delivered,2025-08-01 12:52:05
S000009,O005889,In Transit,2024-08-25 12:53:11
S000010,O003158,In Transit,2024-04-05 20:28:00
S000011,O008109,In Transit,2024-12-23 08:16:54
S000012,O007099,Pickup,2025-03-22 11:07:15
S000013,O001848,In Transit,2024-01-25 08:23:40
S000014,O007390,Pickup,2025-07-17 22:33:17
S000015,O002110,Delivered,2025-10-14 23:43:37
S000016,O017187,Delivered,2025-07-03 00:01:07
S000017,O015775,Delivered,2024-01-24 06:51:13
S000018,O019168,In Transit,2024-07-15 18:20:52
S000019,O001845,Out for Delivery,2025-07-10 01:35:07
S000020,O011637,Delivered,2025-02-10 02:23:56
S000021,O007988,Delivered,2024-09-22 02:16:15
S000022,O007094,Delivered,2024-07-24 03:12:56
S000023,O015639,Out for Delivery,2024-03-21 18:57:25
S000024,O007583,Out for Delivery,2025-09-07 10:04:52
S000025,O007748,Delivered,2025-12-30 09:16:49
S000026,O010342,In Transit,2024-10-22 12:29:33
S000027,O014119,In Transit,2025-07-15 16:56:03
S000028,O005330,Delivered,2025-04-10 16:25:10
S000029,O002917,Pickup,2024-06-11 13:13:45
S000030,O013853,Out for Delivery,2024-02-22 10:58:11
S000031,O012142,Delivered,2024-06-05 18:52:29
S000032,O016547,Out for Delivery,2024-01-19 21:59:46
S000033,O012744,Delivered,2024-07-20 23:52:47
S000034,O005270,Out for Delivery,2025-02-09 01:26:20
S000035,O001947,In Transit,2024-01-20 11:11:01
S000036,O003359,Out for Delivery,2024-09-20 06:23:02
S000037,O015490,In Transit,2024-02-28 21:50:14
S000038,O009324,Pickup,2025-03-20 05:43:32
S000039,O010158,In Transit,2025-11-27 07:17:24
S000040,O019913,Pickup,2024-05-05 21:53:00
S000041,O005626,Out for Delivery,2025-08-05 19:35:29
S000042,O004505,Out for Delivery,2025-10-12 12:53:14
S000043,O000767,In Transit,2025-07-01 03:50:07
S000044,O009324,Out for Delivery,2024-07-18 09:47:54
S000045,O016761,Pickup,2024-01-20 18:49:06
S000046,O018863,Pickup,2024-07-15 10:04:51
S000047,O013927,In Transit,2024-10-06 11:47:24
S000048,O010269,Delivered,2025-11-15 21:25:33
S000049,O001849,Out for Delivery,2025-12-26 08:46:54
S000050,O000881,Delivered,2025-07-21 12:04:00
S000051,O011126,Out for Delivery,2025-04-22 16:20:55
S000052,O010673,Delivered,2024-11-14 10:01:20
S000053,O002064,Delivered,2024-01-28 15:29:22
S000054,O000712,Delivered,2024-07-01 05:23:21
S000055,O007398,Delivered,2025-11-07 08:31:59
S000056,O016864,Delivered,2025-02-24 05:22:15
S000057,O003530,In Transit,2024-12-16 04:00:04
S000058,O015652,Out for Delivery,2025-10-24 02:36:23
S000059,O012441,Pickup,2025-12-02 21:13:42
S000060,O000384,Delivered,2025-07-20 17:34:18
S000061,O006738,Delivered,2024-08-29 10:47:47
S000062,O007208,Out for Delivery,2025-02-02 00:30:26
S000063,O012237,In Transit,2024-02-03 12:27:22
S000064,O012597,Delivered,2024-04-12 01:50:13
S000065,O016715,Out for Delivery,2024-12-29 20:57:16
S000066,O000562,Out for Delivery,2024-06-14 02:19:49
S000067,O018690,Pickup,2024-10-19 05:19:02
S000068,O007082,Out for Delivery,2024-01-17 19:15:08
S000069,O001598,Delivered,2025-12-03 21:07:37
S000070,O016933,Delivered,2025-01-08 03:30:44
S000071,O006718,Delivered,2024-01-27 06:18:14
S000072,O015120,Pickup,2025-02-15 02:53:40
S000073,O016973,Delivered,2024-07-30 17:35:46
S000074,O004866,In Transit,2025-08-08 09:45:07
S000075,O017288,In Transit,2024-05-09 21:57:14
S000076,O014686,In Transit,2025-02-28 08:53:03
S000077,O004148,Delivered,2024-08-15 01:41:52
S000078,O008806,Pickup,2024-01-29 04:10:37
S000079,O002863,In Transit,2025-02-19 02:04:20
S000080,O015891,Pickup,2024-08-11 19:05:12
S000081,O008450,Pickup,2024-11-06 04:43:48
S000082,O001269,Delivered,2024-05-21 10:54:54
S000083,O012270,Out for Delivery,2025-02-27 07:56:54
S000084,O009323,Delivered,2025-10-17 06:28:31
S000085,O011643,Delivered,2024-10-12 00:10:32
S000086,O006316,Delivered,2024-07-26 00:01:22
S000087,O010253,Out for Delivery,2024-03-27 15:02:02
S000088,O002259,Out for Delivery,2025-04-08 08:15:10
S000089,O001249,Out for Delivery,2024-05-30 20:25:41
S000090,O014596,Delivered,2024-05-26 16:43:37
S000091,O006276,Out for Delivery,2025-03-24 04:32:01
S000092,O016452,Delivered,2025-11-06 01:58:39
S000093,O007017,Delivered,2025-06-29 20:47:45
S000094,O008025,Pickup,2025-02-28 03:46:53
S000095,O013848,Pickup,2024-06-12 12:06:44
S000096,O018667,Delivered,2025-04-05 21:23:06
S000097,O006393,Out for Delivery,2024-06-13 15:16:59
S000098,O013223,Delivered,2024-10-31 05:40:40
S000099,O006908,Pickup,2024-12-06 09:11:50
S000100,O002176,Delivered,2024-02-23 23:36:03
S000101,O014493,Out for Delivery,2024-10-05 15:08:15
S000102,O018004,Delivered,2024-08-22 17:33:44
S000103,O002945,Out for Delivery,2024-08-26 01:55:16
S000104,O007699,Out for Delivery,2025-03-28 14:48:29
S000105,O007891,Out for Delivery,2025-05-24 23:31:07
S000106,O005609,Delivered,2025-08-20 00:29:28
S000107,O001991,Pickup,2025-05-11 12:50:02
S000108,O001697,Delivered,2025-09-30 12:12:28
S000109,O004402,In Transit,2025-06-01 00:03:30
S000110,O014470,Pickup,2025-07-01 04:45:46
S000111,O019580,Pickup,2024-12-05 18:33:12
S000112,O005464,Pickup,2025-10-18 18:22:38
S000113,O003875,Delivered,2024-10-05 12:34:01
S000114,O018788,Delivered,2025-01-14 15:59:15
S000115,O009957,Pickup,2024-06-07 09:50:01
S000116,O011709,In Transit,2024-02-04 10:38:50
S000117,O017329,Out for Delivery,2025-03-24 01:25:41
S000118,O009288,Out for Delivery,2024-03-09 21:20:10
S000119,O017564,In Transit,2025-10-12 16:40:04
S000120,O002007,Out for Delivery,2024-10-24 11:33:15
S000121,O011200,Delivered,2024-12-12 18:49:00
S000122,O013726,Delivered,2025-09-13 02:06:48
S000123,O015114,In Transit,2025-12-08 03:11:43
S000124,O008915,Delivered,2025-04-27 14:47:30
S000125,O014585,Pickup,2024-06-28 10:36:50
S000126,O012248,In Transit,2025-05-18 23:40:14
S000127,O018934,Out for Delivery,2025-07-28 23:39:35
S000128,O009873,In Transit,2024-05-02 21:09:28
S000129,O001967,Delivered,2025-08-30 06:58:56
S000130,O014219,Pickup,2025-07-18 12:17:46
S000131,O002649,Delivered,2024-04-05 17:30:46
S000132,O013155,Pickup,2025-09-24 07:06:32
S000133,O008788,Delivered,2024-05-11 21:33:47
S000134,O002857,Out for Delivery,2025-10-21 19:04:50
S000135,O000074,In Transit,2024-04-20 00:27:52
S000136,O012342,Delivered,2024-11-26 16:01:36
S000137,O002698,Delivered,2024-07-15 23:13:47
S000138,O014581,In Transit,2024-12-14 16:46:02
S000139,O004353,Out for Delivery,2024-08-29 13:41:17
S000140,O012214,Delivered,2024-05-25 07:49:16
S000141,O019844,Pickup,2024-02-01 18:58:13
S000142,O018240,Delivered,2024-08-11 17:33:20
S000143,O019733,Delivered,2025-04-09 20:39:31
S000144,O009896,Out for Delivery,2025-10-28 16:52:19
S000145,O015581,Delivered,2025-09-23 17:54:17
S000146,O007307,Delivered,2024-02-27 18:40:25
S000147,O009067,In Transit,2025-09-29 19:27:16
S000148,O000584,Pickup,2024-11-29 15:17:15
S000149,O005243,In Transit,2024-11-14 17:05:37
S000150,O018917,Out for Delivery,2025-05-12 10:15:49
S000151,O008255,Delivered,2024-09-03 14:37:39
S000152,O010639,Delivered,2024-03-16 09:07:09
S000153,O008402,Out for Delivery,2024-05-04 22:32:57
S000154,O002812,Delivered,2025-09-01 08:35:54
S000155,O016268,In Transit,2025-11-14 15:16:21
S000156,O015693,Delivered,2024-11-05 08:48:35
S000157,O018575,In Transit,2025-05-13 20:57:16
S000158,O012088,Out for Delivery,2024-10-28 19:20:03
S000159,O017510,In Transit,2024-03-05 06:39:31
S000160,O018599,Delivered,2025-01-03 12:13:14
S000161,O019222,Delivered,2025-08-08 08:29:08
S000162,O014916,Out for Delivery,2024-12-15 02:44:36
S000163,O007354,Delivered,2024-04-11 15:03:41
S000164,O015420,Delivered,2024-12-01 13:36:01
S000165,O005218,Out for Delivery,2024-03-11 13:26:26
S000166,O017791,Pickup,2025-12-20 05:21:59
S000167,O016417,Pickup,2025-03-24 19:37:41
S000168,O014626,Out for Delivery,2024-08-15 17:58:36
S000169,O013187,In Transit,2025-01-19 08:30:52
S000170,O008775,Pickup,2024-04-29 03:57:08
S000171,O007260,Pickup,2024-09-28 13:51:09
S000172,O002854,Delivered,2024-03-01 02:32:09
S000173,O001823,Pickup,2025-04-25 09:37:12
S000174,O018081,Out for Delivery,2025-07-28 05:04:46
S000175,O008472,In Transit,2025-08-23 14:10:16
S000176,O011653,In Transit,2025-07-03 19:43:58
S000177,O001544,In Transit,2024-01-22 14:30:24
S000178,O001245,Pickup,2025-12-20 17:02:09
S000179,O009497,Pickup,2025-01-07 01:05:26
S000180,O005880,In Transit,2024-04-24 14:59:49
S000181,O019686,Out for Delivery,2024-01-31 07:48:12
S000182,O011732,Out for Delivery,2024-10-26 10:17:22
S000183,O015582,In Transit,2024-11-17 16:27:51
S000184,O007662,Out for Delivery,2024-10-10 17:57:40
S000185,O018326,Out for Delivery,2024-03-09 07:17:44
S000186,O002606,In Transit,2025-09-18 17:40:45
S000187,O004903,Out for Delivery,2024-05-25 05:45:40
S000188,O014332,In Transit,2025-08-01 20:32:48
S000189,O002107,In Transit,2025-01-27 04:48:46
S000190,O007952,Out for Delivery,2025-08-25 18:43:02
S000191,O003357,Pickup,2025-01-17 13:35:15
S000192,O011111,Out for Delivery,2024-03-17 20:29:24
S000193,O009998,In Transit,2024-05-11 13:03:28
S000194,O009275,Delivered,2024-06-15 05:41:51
S000195,O006461,Out for Delivery,2025-07-29 03:54:59
S000196,O005771,Delivered,2024-02-29 21:25:22
S000197,O011005,In Transit,2024-10-31 11:22:33
S000198,O019155,Out for Delivery,2024-08-18 08:36:01
S000199,O008269,Delivered,2025-04-08 03:28:53
S000200,O008015,In Transit,2025-09-20 05:23:29
S000201,O004766,Pickup,2024-06-24 20:29:21
S000202,O017022,Delivered,2025-05-23 07:30:11
S000203,O006722,Pickup,2024-01-09 09:20:07
S000204,O011131,In Transit,2025-04-06 05:55:26
S000205,O004270,Out for Delivery,2024-01-05 03:13:10
S000206,O004642,Delivered,2025-10-22 08:51:52
S000207,O011100,Delivered,2024-02-05 05:37:22
S000208,O012494,Pickup,2025-06-19 19:58:27
S000209,O009815,Pickup,2025-06-11 14:10:26
S000210,O002030,Out for Delivery,2024-05-13 15:37:01
S000211,O018109,In Transit,2024-02-11 23:06:05
S000212,O017479,Delivered,2024-12-13 03:13:05
S000213,O000258,Out for Delivery,2025-06-18 11:24:23
S000214,O007408,Out for Delivery,2024-12-05 19:09:38
S000215,O019111,Pickup,2024-05-29 13:01:23
S000216,O000060,Pickup,2025-02-04 12:44:44
S000217,O000806,In Transit,2024-08-24 19:35:01
S000218,O005379,Out for Delivery,2025-11-13 16:32:07
S000219,O008635,Delivered,2024-07-05 01:57:03
S000220,O008796,Pickup,2025-11-30 18:40:23
S000221,O014826,In Transit,2025-12-04 17:03:48
S000222,O015713,Pickup,2025-08-09 09:16:26
S000223,O018702,Delivered,2025-10-24 21:05:58
S000224,O019107,In Transit,2025-05-17 20:09:18
S000225,O012211,Out for Delivery,2024-07-08 00:26:20
S000226,O016029,Out for Delivery,2025-05-03 08:18:22
S000227,O012772,Out for Delivery,2024-12-26 12:15:48
S000228,O002752,Out for Delivery,2024-02-25 20:35:05
S000229,O005506,Pickup,2024-04-08 13:41:28
S000230,O000811,Out for Delivery,2025-08-19 20:04:15
S000231,O005128,Out for Delivery,2024-04-26 15:26:46
S000232,O005262,Delivered,2025-01-27 12:23:35
S000233,O010000,Out for Delivery,2025-06-13 22:54:46
S000234,O019024,Pickup,2024-08-09 19:04:05
S000235,O012977,Pickup,2024-12-30 17:41:39
S000236,O001210,In Transit,2024-01-17 03:49:52
S000237,O001199,Delivered,2024-04-17 18:43:56
S000238,O016305,Delivered,2025-03-11 08:24:14
S000239,O006268,Delivered,2025-04-28 03:10:38
S000240,O003383,Pickup,2024-06-03 03:10:38
S000241,O018673,In Transit,2024-08-03 12:16:31
S000242,O011532,Out for Delivery,2025-02-07 12:34:46
S000243,O003009,In Transit,2025-04-07 09:19:12
S000244,O012424,Pickup,2024-03-24 19:38:46
S000245,O015564,Pickup,2025-02-19 17:09:41
S000246,O004532,Out for Delivery,2024-11-28 11:02:31
S000247,O009163,Delivered,2025-11-28 19:32:35
S000248,O008317,Pickup,2024-01-25 14:03:37
S000249,O009276,Out for Delivery,2025-02-12 14:03:53
S000250,O019904,Pickup,2024-08-19 08:27:11
S000251,O016458,Out for Delivery,2024-01-18 19:16:16
S000252,O016126,Out for Delivery,2025-12-26 09:16:50
S000253,O001387,In Transit,2024-03-09 00:44:21
S000254,O000327,Out for Delivery,2025-08-03 10:45:01
S000255,O009462,Out for Delivery,2025-09-26 06:32:55
S000256,O000648,Delivered,2025-10-04 17:39:44
S000257,O001744,In Transit,2024-02-05 03:27:11
S000258,O016113,Out for Delivery,2024-02-10 00:23:48
S000259,O018600,Pickup,2024-09-20 16:00:49
S000260,O003991,Delivered,2024-10-31 21:36:22
S000261,O012337,In Transit,2024-09-15 00:56:04
S000262,O016536,Delivered,2024-11-26 01:56:59
S000263,O001149,Pickup,2024-05-16 05:05:39
S000264,O001448,Delivered,2024-08-10 05:32:32
S000265,O008482,Delivered,2025-07-09 17:00:17
S000266,O009160,Pickup,2025-07-01 05:27:30
S000267,O000942,Pickup,2025-09-04 11:27:12
S000268,O002079,Out for Delivery,2025-10-07 12:40:14
S000269,O014471,Delivered,2024-12-31 12:22:59
S000270,O007339,In Transit,2024-09-02 23:16:03
S000271,O015928,In Transit,2025-07-20 06:32:06
S000272,O014926,Pickup,2024-12-29 00:08:20
S000273,O016508,Out for Delivery,2025-02-13 04:44:12
S000274,O018066,Out for Delivery,2024-07-21 15:22:14
S000275,O004007,In Transit,2024-08-19 22:41:11
S000276,O000334,Out for Delivery,2025-04-09 01:54:46
S000277,O009933,In Transit,2024-12-23 00:32:08
S000278,O014434,In Transit,2025-01-27 18:53:39
S000279,O017682,Pickup,2025-02-16 10:45:36
S000280,O016532,Delivered,2024-07-04 20:45:23
S000281,O005472,In Transit,2025-02-18 14:15:18
S000282,O014208,Delivered,2024-12-26 01:18:54
S000283,O014297,In Transit,2025-06-13 04:45:50
S000284,O003473,Delivered,2024-06-18 03:37:20
S000285,O009119,In Transit,2024-02-22 00:26:46
S000286,O019479,Pickup,2025-07-24 10:52:27
S000287,O005097,Out for Delivery,2024-05-07 05:48:02
S000288,O018134,In Transit,2025-04-26 14:13:50
S000289,O013748,Delivered,2025-06-23 08:38:00
S000290,O017440,Delivered,2025-03-01 10:38:52
S000291,O004249,Out for Delivery,2024-08-02 19:26:01
S000292,O003150,In Transit,2024-06-01 16:44:41
S000293,O008443,Pickup,2025-04-02 00:08:56
S000294,O018585,In Transit,2024-03-30 10:52:47
S000295,O013068,Out for Delivery,2024-09-15 12:33:40
S000296,O013912,Delivered,2024-08-19 08:06:48
S000297,O009151,Pickup,2025-11-04 18:24:27
S000298,O015890,In Transit,2025-01-19 18:46:34
S000299,O018665,In Transit,2025-03-10 13:09:16
S000300,O016512,In Transit,2025-10-02 00:35:58
S000301,O000977,Out for Delivery,2025-07-24 12:47:09
S000302,O006177,In Transit,2025-09-17 11:43:50
S000303,O006770,In Transit,2025-12-06 11:20:12
S000304,O011723,Out for Delivery,2024-03-29 14:52:53
S000305,O018755,Out for Delivery,2025-06-14 09:00:50
S000306,O012680,In Transit,2025-10-17 04:36:21
S000307,O015814,Pickup,2025-08-12 22:37:55
S000308,O011340,Pickup,2024-04-21 14:46:44
S000309,O016090,Out for Delivery,2025-02-27 12:14:39
S000310,O019674,Delivered,2025-09-18 06:02:25
S000311,O011668,Delivered,2024-02-13 22:38:09
S000312,O010571,Delivered,2024-10-16 05:04:37
S000313,O000207,Out for Delivery,2024-10-10 10:52:36
S000314,O001650,Out for Delivery,2024-03-23 07:51:33
S000315,O019525,Pickup,2025-01-18 13:15:30
S000316,O017787,Pickup,2025-11-17 13:18:52
S000317,O001577,Pickup,2025-02-09 22:27:02
S000318,O009407,Out for Delivery,2024-06-27 12:07:58
S000319,O019712,In Transit,2024-11-02 11:52:05
S000320,O014035,Pickup,2024-07-02 14:18:56
S000321,O014816,Pickup,2025-09-22 15:19:23
S000322,O010501,Pickup,2025-10-08 12:53:27
S000323,O017539,Pickup,2025-12-12 13:30:03
S000324,O009421,Out for Delivery,2024-08-31 18:44:58
S000325,O005631,Pickup,2024-12-29 00:21:26
S000326,O005945,In Transit,2024-05-04 22:13:36
S000327,O006808,Delivered,2025-05-31 11:27:09
S000328,O007894,Out for Delivery,2025-08-25 13:13:06
S000329,O005100,In Transit,2024-08-15 18:11:16
S000330,O009311,Out for Delivery,2024-10-17 23:17:30
S000331,O002539,In Transit,2024-12-30 16:51:20
S000332,O002561,Delivered,2024-01-11 00:01:29
S000333,O016627,Delivered,2025-07-24 22:28:58
S000334,O016717,Delivered,2025-05-28 21:42:19
S000335,O018847,In Transit,2024-10-13 20:26:44
S000336,O004502,In Transit,2024-04-16 17:08:40
S000337,O018588,Out for Delivery,2024-09-09 09:17:03
S000338,O009980,In Transit,2025-10-02 10:01:49
S000339,O004235,Out for Delivery,2025-01-14 07:35:41
S000340,O001627,Delivered,2025-04-03 19:13:28
S000341,O013594,Pickup,2025-05-27 17:48:44
S000342,O016763,Delivered,2025-10-05 14:40:39
S000343,O011508,Out for Delivery,2024-03-15 11:39:15
S000344,O017017,Delivered,2025-05-20 22:01:13
S000345,O012627,Out for Delivery,2025-08-27 11:39:24
S000346,O011570,Pickup,2024-07-17 02:32:15
S000347,O006419,In Transit,2025-08-10 11:32:24
S000348,O010069,Delivered,2024-05-29 23:13:20
S000349,O008550,Out for Delivery,2025-07-28 23:46:23
S000350,O012725,Pickup,2025-02-18 16:38:19
S000351,O018993,In Transit,2025-11-12 13:32:32
S000352,O007775,In Transit,2025-03-02 01:55:58
S000353,O009848,Pickup,2025-06-05 01:17:08
S000354,O016060,In Transit,2024-12-07 21:19:26
S000355,O012417,Out for Delivery,2025-12-31 00:29:11
S000356,O006388,Out for Delivery,2024-10-02 02:19:23
S000357,O007121,In Transit,2024-02-06 04:00:48
S000358,O004341,Out for Delivery,2025-11-04 11:02:24
S000359,O001301,Delivered,2025-08-21 07:03:46
S000360,O016456,Pickup,2024-01-16 00:32:22
S000361,O015090,Pickup,2025-12-18 14:05:01
S000362,O014346,Delivered,2025-03-30 17:21:58
S000363,O007106,In Transit,2024-04-15 14:52:33
S000364,O014306,Delivered,2025-10-16 15:57:23
S000365,O001013,Out for Delivery,2025-02-13 11:05:24
S000366,O001455,In Transit,2024-12-25 22:11:34
S000367,O009255,Delivered,2024-10-18 12:41:06
S000368,O004439,Out for Delivery,2024-05-30 20:09:35
S000369,O013231,Pickup,2024-04-02 14:56:33
S000370,O014019,Pickup,2024-01-16 14:35:02
S000371,O002296,Delivered,2024-02-21 04:48:53
S000372,O016583,In Transit,2025-10-27 03:43:41
S000373,O002890,Out for Delivery,2024-08-19 16:59:19
S000374,O010893,Delivered,2024-05-04 11:02:44
S000375,O002901,Pickup,2024-07-08 12:18:00
S000376,O014682,Delivered,2024-04-05 03:29:12
S000377,O013258,Out for Delivery,2025-06-06 13:08:23
S000378,O019365,Pickup,2024-08-26 19:37:54
S000379,O001145,Out for Delivery,2025-01-23 22:45:52
S000380,O000043,In Transit,2024-04-09 04:16:05
S000381,O011800,Pickup,2025-08-25 10:56:50
S000382,O008450,Pickup,2025-12-22 08:19:06
S000383,O015111,Pickup,2024-12-17 05:53:04
S000384,O016065,Pickup,2025-10-01 06:24:35
S000385,O001567,Out for Delivery,2025-09-16 20:12:11
S000386,O007035,In Transit,2025-08-25 13:26:07
S000387,O014215,Out for Delivery,2025-02-19 13:50:39
S000388,O018274,Pickup,2025-08-27 23:34:54
S000389,O011788,In Transit,2025-10-15 12:48:13
S000390,O001543,Pickup,2025-11-11 16:45:13
S000391,O009765,Out for Delivery,2025-02-03 08:28:32
S000392,O017643,Pickup,2024-01-28 10:33:40
S000393,O017605,Pickup,2024-02-21 01:03:40
S000394,O011920,Pickup,2024-03-08 20:55:26
S000395,O009194,Out for Delivery,2024-11-14 09:00:16
S000396,O014047,In Transit,2024-03-10 17:06:22
S000397,O016194,Out for Delivery,2025-12-18 15:45:28
S000398,O002865,Delivered,2024-06-09 15:25:24
S000399,O014674,In Transit,2024-03-04 08:25:41
S000400,O002945,Out for Delivery,2025-10-16 20:36:26
S000401,O008556,Pickup,2024-06-06 00:26:14
S000402,O005743,Pickup,2025-08-25 12:21:01
S000403,O016367,Out for Delivery,2024-07-18 13:31:43
S000404,O004517,Pickup,2025-05-14 20:43:53
S000405,O015349,Out for Delivery,2024-07-06 15:45:43
S000406,O013388,Out for Delivery,2025-04-22 14:37:06
S000407,O014950,Delivered,2024-01-02 03:11:27
S000408,O015668,Delivered,2025-05-10 15:54:33
S000409,O012089,Delivered,2025-09-16 23:35:51
S000410,O000131,Pickup,2024-12-12 18:36:51
S000411,O015823,In Transit,2025-01-07 00:33:24
S000412,O015083,Out for Delivery,2025-02-16 19:10:02
S000413,O013459,Pickup,2024-01-19 00:33:42
S000414,O005947,Out for Delivery,2025-03-05 01:51:35
S000415,O000058,In Transit,2024-11-13 02:58:24
S000416,O015200,In Transit,2024-05-05 05:54:15
S000417,O014546,In Transit,2024-01-06 14:00:35
S000418,O011606,Delivered,2024-03-26 20:07:42
S000419,O011708,Delivered,2025-12-15 07:18:49
S000420,O016926,Out for Delivery,2025-04-25 20:09:14
S000421,O007708,In Transit,2025-02-17 09:25:16
S000422,O013334,Pickup,2025-11-28 02:07:38
S000423,O015547,In Transit,2025-03-23 07:16:14
S000424,O017552,Delivered,2024-10-19 10:57:35
S000425,O016554,In Transit,2024-04-28 23:18:43
S000426,O019419,Pickup,2025-10-12 14:29:03
S000427,O016644,In Transit,2024-01-11 17:56:43
S000428,O001907,In Transit,2025-06-14 11:57:36
S000429,O001456,Out for Delivery,2024-07-27 02:35:47
S000430,O014318,Delivered,2024-07-17 17:48:24
S000431,O002487,In Transit,2024-07-09 16:03:56
S000432,O001624,Pickup,2024-10-13 10:46:39
S000433,O006798,Delivered,2025-03-11 21:18:36
S000434,O000342,Out for Delivery,2024-03-27 17:49:46
S000435,O009230,Delivered,2024-08-31 12:34:05
S000436,O005182,In Transit,2024-10-05 09:07:52
S000437,O014027,In Transit,2025-07-05 16:25:43
S000438,O004114,Out for Delivery,2025-05-27 06:00:55
S000439,O015980,Out for Delivery,2025-08-31 05:37:43
S000440,O002286,Delivered,2025-12-26 13:37:25
S000441,O019976,Pickup,2025-03-07 05:41:33
S000442,O005210,Out for Delivery,2024-08-06 08:07:54
S000443,O001275,Delivered,2025-04-18 04:16:58
S000444,O007642,Delivered,2024-12-31 02:53:04
S000445,O008519,In Transit,2024-02-12 07:58:08
S000446,O000711,Out for Delivery,2025-08-29 18:06:45
S000447,O004226,Out for Delivery,2024-02-14 10:10:24
S000448,O015553,Pickup,2024-08-10 19:02:02
S000449,O001247,Out for Delivery,2025-11-15 08:20:08
S000450,O002477,Out for Delivery,2024-02-12 21:52:00
S000451,O003921,In Transit,2024-07-11 10:33:24
S000452,O007231,Pickup,2025-11-03 14:45:44
S000453,O008583,In Transit,2025-05-29 18:36:41
S000454,O006147,In Transit,2024-01-22 05:35:43
S000455,O005201,Delivered,2025-01-20 04:34:06
S000456,O012360,In Transit,2024-01-05 16:51:24
S000457,O017260,Pickup,2025-08-19 10:41:11
S000458,O011092,Out for Delivery,2025-04-28 05:26:21
S000459,O009271,Delivered,2024-05-29 10:19:41
S000460,O000729,Pickup,2024-06-10 20:39:39
S000461,O000119,Pickup,2025-05-20 08:12:43
S000462,O007958,In Transit,2024-06-16 04:21:45
S000463,O016380,Delivered,2025-10-02 13:52:40
S000464,O007894,Delivered,2025-10-03 01:25:01
S000465,O001389,Delivered,2025-03-09 19:12:16
S000466,O001119,Out for Delivery,2025-09-23 08:21:37
S000467,O015446,Out for Delivery,2024-07-29 07:35:09
S000468,O012626,Pickup,2025-08-02 23:41:37
S000469,O007508,Delivered,2025-01-10 04:30:30
S000470,O014308,In Transit,2024-03-23 03:07:53
S000471,O006453,In Transit,2024-07-09 21:44:44
S000472,O000503,Pickup,2025-07-19 01:58:03
S000473,O009131,Out for Delivery,2024-06-02 14:19:06
S000474,O001718,In Transit,2025-05-04 10:18:35
S000475,O012523,In Transit,2024-07-19 10:55:28
S000476,O016661,In Transit,2024-07-29 00:07:08
S000477,O003745,Pickup,2024-07-29 02:29:55
S000478,O000372,Delivered,2024-11-03 03:22:10
S000479,O004342,In Transit,2025-08-08 13:14:48
S000480,O010037,In Transit,2025-07-13 13:20:48
S000481,O011306,In Transit,2025-06-20 13:14:14
S000482,O007475,Delivered,2024-02-08 12:43:23
S000483,O006887,Delivered,2025-08-30 12:08:27
S000484,O007346,In Transit,2025-01-24 01:50:32
S000485,O012897,Delivered,2024-03-28 18:57:56
S000486,O010229,Delivered,2025-06-14 19:34:56
S000487,O018541,In Transit,2025-07-10 10:56:09
S000488,O019338,In Transit,2024-06-25 19:08:08
S000489,O007661,Pickup,2025-09-06 17:53:15
S000490,O003571,Pickup,2025-04-02 16:36:46
S000491,O012375,In Transit,2025-08-20 03:14:12
S000492,O010399,Pickup,2025-01-31 11:34:03
S000493,O003274,In Transit,2025-02-24 07:08:01
S000494,O014986,Out for Delivery,2025-09-10 05:35:40
S000495,O000961,In Transit,2024-06-20 21:36:28
S000496,O005359,Out for Delivery,2025-11-28 21:18:27
S000497,O007006,In Transit,2024-04-08 08:54:45
S000498,O001964,Out for Delivery,2025-06-04 07:15:05
S000499,O010404,Pickup,2025-03-29 01:23:41
S000500,O009317,In Transit,2024-10-16 02:44:59
S000501,O011219,In Transit,2025-12-04 04:45:37
S000502,O004194,In Transit,2025-03-26 12:07:18
S000503,O013197,Out for Delivery,2025-03-21 09:39:58
S000504,O016152,In Transit,2025-03-21 03:20:33
S000505,O007084,In Transit,2025-09-18 22:03:25
S000506,O005319,Out for Delivery,2025-11-11 00:15:48
S000507,O016229,Out for Delivery,2024-01-03 04:12:42
S000508,O007206,Out for Delivery,2024-12-19 23:43:26
S000509,O009938,Pickup,2024-01-19 09:50:38
S000510,O005019,In Transit,2024-04-14 04:32:06
S000511,O011001,In Transit,2024-04-09 02:13:03
S000512,O001898,Out for Delivery,2024-06-24 07:00:42
S000513,O014570,Delivered,2024-09-17 01:36:12
S000514,O008846,Pickup,2025-04-03 06:58:17
S000515,O004952,Pickup,2025-11-01 07:59:41
S000516,O009743,Delivered,2024-03-19 06:09:05
S000517,O019789,In Transit,2024-11-16 15:53:51
S000518,O013934,Delivered,2024-01-23 15:34:39
S000519,O009672,In Transit,2025-04-08 02:55:41
S000520,O002831,Out for Delivery,2024-09-05 20:58:32
S000521,O003123,Out for Delivery,2025-08-23 08:51:16
S000522,O002589,In Transit,2024-01-18 07:58:19
S000523,O012233,Delivered,2024-12-22 15:03:51
S000524,O008998,Delivered,2024-07-22 15:20:41
S000525,O014933,Out for Delivery,2025-02-10 03:41:11
S000526,O013792,Delivered,2024-04-24 16:52:11
S000527,O003018,Out for Delivery,2024-02-23 17:10:35
S000528,O013366,Delivered,2024-06-25 19:20:37
S000529,O001234,Delivered,2024-09-11 17:37:42
S000530,O003379,Pickup,2024-03-31 07:55:18
S000531,O016895,Delivered,2024-05-16 19:17:12
S000532,O002269,In Transit,2024-10-24 00:25:58
S000533,O017204,Out for Delivery,2024-01-24 21:11:14
S000534,O016474,Out for Delivery,2024-04-20 02:34:14
S000535,O004891,In Transit,2024-02-12 08:28:59
S000536,O010209,Delivered,2025-08-23 11:56:28
S000537,O014748,Delivered,2025-01-30 23:49:36
S000538,O019313,In Transit,2025-10-07 02:44:40
S000539,O000481,Out for Delivery,2025-09-08 22:56:36
S000540,O007989,Pickup,2025-11-19 20:14:15
S000541,O018983,Pickup,2025-11-13 01:57:11
S000542,O011713,Out for Delivery,2025-12-02 12:53:25
S000543,O017101,Pickup,2025-12-07 02:25:10
S000544,O018512,Delivered,2024-10-06 18:46:29
S000545,O002262,Pickup,2025-08-20 05:39:05
S000546,O010388,In Transit,2025-02-05 13:14:23
S000547,O005240,In Transit,2025-12-06 03:39:43
S000548,O016632,In Transit,2025-12-05 09:13:08
S000549,O016936,Delivered,2024-09-12 01:54:57
S000550,O005693,In Transit,2025-10-03 21:31:43
S000551,O013400,Pickup,2024-09-24 04:54:12
S000552,O019634,Pickup,2024-11-21 23:11:57
S000553,O001665,Pickup,2024-12-01 02:38:50
S000554,O001878,Pickup,2025-03-20 20:25:18
S000555,O013211,Out for Delivery,2025-11-08 23:35:39
S000556,O014829,In Transit,2025-11-09 18:11:41
S000557,O011237,Delivered,2024-08-23 01:56:14
S000558,O017858,In Transit,2025-10-20 00:28:56
S000559,O016595,Pickup,2025-04-12 03:48:46
S000560,O019073,Pickup,2025-06-03 04:21:29
S000561,O002503,Pickup,2024-03-17 08:35:18
S000562,O003975,Delivered,2024-04-08 17:23:03
S000563,O003320,Pickup,2025-06-28 03:01:47
S000564,O013327,Delivered,2025-06-02 07:27:20
S000565,O012454,Out for Delivery,2025-08-08 09:45:04
S000566,O019520,Delivered,2025-07-10 17:04:05
S000567,O001350,Pickup,2025-12-03 13:11:41
S000568,O012752,Pickup,2025-05-06 22:41:02
S000569,O014020,Delivered,2025-05-10 16:55:55
S000570,O005195,In Transit,2025-08-26 13:15:00
S000571,O017762,Delivered,2024-01-07 21:25:09
S000572,O003179,Pickup,2025-10-23 04:42:47
S000573,O006649,Pickup,2025-05-18 18:10:13
S000574,O002139,Delivered,2024-06-12 01:13:27
S000575,O010328,Delivered,2025-11-26 15:07:45
S000576,O003559,In Transit,2024-09-03 05:05:54
S000577,O008931,Pickup,2024-07-18 13:09:49
S000578,O000305,In Transit,2025-05-17 20:26:34
S000579,O014177,In Transit,2024-01-23 03:21:52
S000580,O016107,In Transit,2025-05-25 23:22:05
S000581,O001432,Pickup,2025-12-21 21:24:30
S000582,O001493,Out for Delivery,2024-09-15 09:24:52
S000583,O010670,In Transit,2024-02-09 06:08:17
S000584,O010743,In Transit,2024-06-14 19:18:31
S000585,O004875,Out for Delivery,2025-08-28 23:12:23
S000586,O008635,Delivered,2024-04-29 13:29:24
S000587,O010749,In Transit,2025-02-15 06:11:11
S000588,O004428,Out for Delivery,2025-11-12 09:17:41
S000589,O003818,Out for Delivery,2024-10-25 17:25:03
S000590,O003444,Delivered,2024-01-26 23:10:11
S000591,O015854,In Transit,2025-08-20 14:28:15
S000592,O018427,Out for Delivery,2024-01-02 08:06:27
S000593,O019126,Pickup,2024-10-13 22:25:24
S000594,O014562,Delivered,2025-03-08 01:38:42
S000595,O013892,Out for Delivery,2025-05-17 02:34:20
S000596,O018613,In Transit,2025-07-17 00:20:12
S000597,O004451,Out for Delivery,2024-08-13 09:59:54
S000598,O003236,Delivered,2024-03-08 14:25:55
S000599,O019919,Pickup,2025-05-10 21:57:44
S000600,O010151,Delivered,2025-04-17 16:25:05
S000601,O014408,Pickup,2025-05-13 01:03:05
S000602,O011612,Pickup,2025-07-01 02:44:38
S000603,O019247,Pickup,2024-02-23 22:59:14
S000604,O015228,Delivered,2024-12-02 15:31:16
S000605,O000764,Pickup,2024-11-12 20:31:40
S000606,O005370,Pickup,2025-04-19 07:24:27
S000607,O009363,Out for Delivery,2024-11-02 04:54:14
S000608,O018261,Delivered,2024-08-30 18:52:06
S000609,O013361,Out for Delivery,2025-04-16 21:31:01
S000610,O006991,Out for Delivery,2025-05-12 02:17:20
S000611,O000080,Out for Delivery,2024-12-08 09:35:35
S000612,O003777,Pickup,2024-05-06 16:39:03
S000613,O004570,Pickup,2025-12-16 01:28:13
S000614,O014372,Out for Delivery,2025-02-04 02:23:17
S000615,O012578,Delivered,2024-02-14 19:49:12
S000616,O003722,Out for Delivery,2025-01-23 05:14:56
S000617,O017185,In Transit,2024-03-24 21:19:42
S000618,O015466,Delivered,2024-08-23 21:44:53
S000619,O009786,In Transit,2024-03-27 21:28:55
S000620,O017620,Delivered,2025-04-02 19:22:36
S000621,O009750,Delivered,2024-10-04 23:03:24
S000622,O015858,Out for Delivery,2025-05-19 23:02:59
S000623,O009724,In Transit,2025-05-23 22:04:15
S000624,O009800,Out for Delivery,2025-07-16 10:37:22
S000625,O007713,Pickup,2024-12-15 13:28:01
S000626,O003191,In Transit,2024-02-15 11:21:19
S000627,O013720,In Transit,2025-04-07 20:19:35
S000628,O004992,Pickup,2024-12-11 00:05:14
S000629,O010731,Delivered,2025-09-04 04:02:23
S000630,O018208,Delivered,2025-07-01 15:15:36
S000631,O001531,In Transit,2025-12-06 12:19:55
S000632,O013413,Out for Delivery,2025-10-13 08:52:56
S000633,O006537,In Transit,2025-09-25 14:00:27
S000634,O007096,Out for Delivery,2024-09-01 17:24:17
S000635,O006239,Delivered,2025-06-30 18:12:37
S000636,O001814,Out for Delivery,2024-07-07 03:33:28
S000637,O017524,In Transit,2025-03-17 10:02:56
S000638,O004960,Delivered,2024-08-20 04:42:51
S000639,O014034,In Transit,2025-06-23 17:26:14
S000640,O017829,Pickup,2024-08-04 22:50:56
S000641,O005321,Out for Delivery,2024-06-25 08:04:47
S000642,O011845,In Transit,2024-05-29 15:35:15
S000643,O009339,Delivered,2024-12-07 13:24:25
S000644,O010507,Pickup,2025-04-01 17:44:28
S000645,O013438,Delivered,2024-10-24 10:26:49
S000646,O004428,In Transit,2024-11-02 01:21:25
S000647,O004577,Pickup,2025-01-02 12:58:02
S000648,O012861,Pickup,2025-12-25 02:16:10
S000649,O000704,Pickup,2024-09-29 09:41:39
S000650,O016998,In Transit,2024-11-12 15:40:44
S000651,O000770,In Transit,2024-04-17 12:02:35
S000652,O004070,Out for Delivery,2024-04-10 11:25:01
S000653,O011436,Delivered,2024-01-13 05:51:52
S000654,O001254,Pickup,2024-09-29 08:26:19
S000655,O010530,Out for Delivery,2025-07-16 14:59:13
S000656,O007186,In Transit,2024-11-15 04:16:18
S000657,O018588,Out for Delivery,2025-08-25 11:34:31
S000658,O019628,Out for Delivery,2024-09-08 11:18:24
S000659,O008795,In Transit,2024-05-24 01:49:19
S000660,O009237,Delivered,2025-02-17 12:09:26
S000661,O019874,Out for Delivery,2025-07-24 18:23:41
S000662,O007921,Pickup,2024-06-29 10:41:47
S000663,O013219,Pickup,2024-07-07 07:53:15
S000664,O007307,Delivered,2025-07-24 09:21:47
S000665,O011352,Delivered,2025-07-11 08:01:47
S000666,O018465,In Transit,2025-05-10 01:29:23
S000667,O016714,Out for Delivery,2024-02-17 16:11:03
S000668,O005919,In Transit,2024-01-07 21:34:21
S000669,O009969,Delivered,2025-05-26 08:01:19
S000670,O016228,Out for Delivery,2025-04-30 20:41:49
S000671,O002522,Pickup,2024-10-15 22:28:41
S000672,O007760,Out for Delivery,2024-06-01 00:21:39
S000673,O002564,Out for Delivery,2025-02-17 11:52:14
S000674,O018275,Pickup,2024-01-13 10:51:17
S000675,O000364,Out for Delivery,2025-02-07 10:51:34
S000676,O010032,Pickup,2024-01-30 18:15:46
S000677,O007268,In Transit,2025-11-07 22:09:32
S000678,O004549,Pickup,2024-03-08 23:18:28
S000679,O018828,Pickup,2024-12-27 23:36:40
S000680,O016790,Out for Delivery,2024-08-31 23:55:07
S000681,O016561,Pickup,2025-09-13 23:53:45
S000682,O011579,Pickup,2024-09-11 00:42:19
S000683,O017975,In Transit,2024-06-06 09:29:28
S000684,O008834,Out for Delivery,2024-06-29 19:09:49
S000685,O009547,Delivered,2024-12-16 12:40:17
S000686,O004116,In Transit,2024-09-09 03:25:12
S000687,O000875,Out for Delivery,2024-12-21 12:29:00
S000688,O007535,Delivered,2025-05-13 15:37:38
S000689,O018616,Delivered,2025-09-05 06:05:04
S000690,O017869,In Transit,2024-06-02 23:28:10
S000691,O016571,Pickup,2024-11-09 20:03:19
S000692,O018330,Delivered,2025-10-11 08:56:26
S000693,O016669,In Transit,2025-03-22 17:33:24
S000694,O003472,Pickup,2025-05-14 04:34:12
S000695,O015486,Delivered,2025-12-18 15:55:25
S000696,O007185,Delivered,2025-05-06 19:18:06
S000697,O007778,Out for Delivery,2024-08-28 16:46:23
S000698,O011218,Pickup,2025-04-06 22:55:23
S000699,O006386,Out for Delivery,2025-03-13 14:46:19
S000700,O005253,Delivered,2024-03-23 21:54:33
S000701,O019411,Pickup,2024-11-06 16:24:32
S000702,O009947,Pickup,2024-07-09 00:10:11
S000703,O012373,Delivered,2025-09-09 02:19:45
S000704,O018388,Delivered,2025-04-19 04:56:23
S000705,O019299,In Transit,2024-08-06 10:45:31
S000706,O009756,Delivered,2025-02-05 00:50:51
S000707,O008228,In Transit,2024-10-18 17:42:10
S000708,O006460,In Transit,2025-01-02 22:46:25
S000709,O012423,In Transit,2024-10-04 08:00:49
S000710,O018418,Delivered,2024-06-20 08:30:25
S000711,O003817,Delivered,2025-06-02 23:29:43
S000712,O013533,Out for Delivery,2024-07-05 19:30:49
S000713,O011632,Delivered,2025-10-12 18:58:51
S000714,O013301,Out for Delivery,2025-01-21 11:04:08
S000715,O017537,In Transit,2025-03-08 21:49:20
S000716,O008328,Pickup,2025-09-24 07:31:40
S000717,O014290,Delivered,2024-09-23 01:43:35
S000718,O011859,Out for Delivery,2024-03-03 19:29:47
S000719,O000258,Delivered,2025-02-16 00:48:25
S000720,O019389,Pickup,2024-02-01 08:00:39
S000721,O019740,Delivered,2024-09-24 13:46:21
S000722,O003352,In Transit,2024-02-06 18:34:33
S000723,O006812,In Transit,2025-04-05 08:02:29
S000724,O003391,Out for Delivery,2024-07-05 04:11:34
S000725,O001048,Pickup,2025-07-14 20:20:05
S000726,O018422,Out for Delivery,2024-01-27 14:55:04
S000727,O011949,Pickup,2025-10-12 08:25:31
S000728,O013863,In Transit,2025-09-16 11:02:21
S000729,O002937,Out for Delivery,2025-11-03 11:46:06
S000730,O011810,Pickup,2025-08-19 08:49:36
S000731,O011435,Out for Delivery,2025-10-11 23:41:46
S000732,O014269,Out for Delivery,2024-05-07 00:57:02
S000733,O018867,Pickup,2025-06-23 10:32:09
S000734,O019862,Pickup,2025-12-22 08:32:29
S000735,O009255,Out for Delivery,2024-10-09 01:20:44
S000736,O007403,Out for Delivery,2024-07-31 09:00:18
S000737,O001651,Delivered,2025-02-25 10:51:32
S000738,O008771,Out for Delivery,2024-03-15 23:49:56
S000739,O017040,In Transit,2025-01-25 15:10:38
S000740,O019085,In Transit,2024-10-02 10:28:20
S000741,O001332,Delivered,2024-06-07 00:21:04
S000742,O008372,Out for Delivery,2024-04-17 21:41:47
S000743,O017488,Pickup,2024-10-07 03:01:15
S000744,O015515,Out for Delivery,2025-09-27 05:41:14
S000745,O003915,Pickup,2025-10-17 03:57:24
S000746,O002098,In Transit,2024-05-27 22:27:51
S000747,O008833,In Transit,2024-05-13 07:04:04
S000748,O001588,Pickup,2024-10-23 02:58:29
S000749,O005585,In Transit,2024-05-09 19:23:43
S000750,O017860,In Transit,2024-10-08 22:47:10
S000751,O018135,In Transit,2024-09-22 21:27:43
S000752,O007967,Delivered,2024-04-21 04:57:25
S000753,O001118,Out for Delivery,2025-08-22 11:55:02
S000754,O009734,In Transit,2024-11-15 11:40:07
S000755,O000941,In Transit,2025-09-04 15:43:36
S000756,O006612,In Transit,2025-06-01 13:14:43
S000757,O002717,Delivered,2025-05-29 11:13:00
S000758,O019719,Out for Delivery,2025-11-19 00:06:01
S000759,O007025,Delivered,2025-01-29 07:00:42
S000760,O003461,Delivered,2024-03-09 04:33:02
S000761,O004132,Pickup,2025-06-16 20:07:59
S000762,O005543,Pickup,2025-08-12 11:40:35
S000763,O017733,Pickup,2024-07-16 08:53:01
S000764,O015887,Out for Delivery,2024-09-26 19:47:17
S000765,O005904,In Transit,2024-07-11 02:33:08
S000766,O011655,Pickup,2025-12-20 20:23:10
S000767,O014006,Out for Delivery,2025-06-24 20:03:07
S000768,O015700,Out for Delivery,2025-07-06 15:28:23
S000769,O004734,Pickup,2024-01-03 11:05:07
S000770,O002997,Pickup,2025-01-11 06:42:21
S000771,O016366,In Transit,2025-11-03 01:41:23
S000772,O012492,Delivered,2025-04-17 21:47:57
S000773,O015885,Out for Delivery,2024-02-15 02:52:00
S000774,O014513,Pickup,2025-08-07 16:50:22
S000775,O004172,Delivered,2025-09-07 22:24:04
S000776,O000230,Pickup,2024-01-14 04:33:42
S000777,O019815,In Transit,2024-09-19 22:50:05
S000778,O001606,Out for Delivery,2025-03-11 19:26:09
S000779,O015742,Pickup,2025-05-07 18:12:41
S000780,O008198,In Transit,2025-08-27 14:16:41
S000781,O015862,Out for Delivery,2025-02-12 09:10:49
S000782,O008321,In Transit,2025-12-25 08:46:53
S000783,O015634,Out for Delivery,2024-07-05 05:10:56
S000784,O008421,Delivered,2025-07-03 20:01:31
S000785,O004140,Delivered,2025-10-19 23:03:44
S000786,O012418,Out for Delivery,2025-03-26 06:19:28
S000787,O014749,In Transit,2024-11-03 14:26:33
S000788,O013753,Out for Delivery,2024-02-18 10:05:21
S000789,O005490,Out for Delivery,2025-09-30 22:41:18
S000790,O004713,Pickup,2024-03-23 10:24:10
S000791,O007002,Pickup,2024-03-29 15:01:28
S000792,O007579,In Transit,2024-08-29 15:22:01
S000793,O000571,Out for Delivery,2025-04-19 10:03:58
S000794,O007256,In Transit,2025-10-07 17:37:02
S000795,O010019,In Transit,2025-04-20 06:50:02
S000796,O018166,In Transit,2025-11-22 10:47:13
S000797,O001590,Out for Delivery,2025-01-01 01:17:33
S000798,O010500,In Transit,2024-02-09 19:27:32
S000799,O016955,In Transit,2024-02-13 02:42:05
S000800,O017534,In Transit,2024-05-18 10:38:01
S000801,O004429,Pickup,2025-05-18 06:26:01
S000802,O007712,Pickup,2024-05-07 00:04:15
S000803,O009291,Delivered,2025-04-11 19:05:27
S000804,O009107,In Transit,2024-05-11 09:51:55
S000805,O014467,Out for Delivery,2025-08-19 21:45:29
S000806,O010946,Delivered,2025-04-08 16:33:20
S000807,O011974,Out for Delivery,2024-12-16 16:04:23
S000808,O008476,In Transit,2024-06-02 07:45:46
S000809,O005253,Delivered,2024-06-14 00:41:05
S000810,O008871,Out for Delivery,2025-10-22 13:14:59
S000811,O008552,Pickup,2025-06-27 14:27:35
S000812,O015984,Pickup,2025-09-07 05:50:01
S000813,O012280,Delivered,2025-09-22 22:51:47
S000814,O015951,Delivered,2024-06-13 08:50:52
S000815,O010708,In Transit,2024-02-13 02:27:32
S000816,O007582,Pickup,2024-08-06 02:29:20
S000817,O012491,Out for Delivery,2024-09-30 06:03:31
S000818,O008129,Out for Delivery,2024-07-09 03:51:34
S000819,O010604,In Transit,2024-01-28 13:05:17
S000820,O004689,Delivered,2025-09-02 03:38:05
S000821,O004977,Out for Delivery,2025-01-12 12:24:22
S000822,O002591,Delivered,2024-04-20 03:30:40
S000823,O002206,Pickup,2025-01-11 04:04:26
S000824,O018788,Delivered,2024-08-09 07:30:44
S000825,O005403,Out for Delivery,2024-03-18 16:37:02
S000826,O013367,In Transit,2025-11-04 17:48:24
S000827,O009084,Pickup,2024-02-08 03:05:56
S000828,O002684,In Transit,2024-07-13 04:09:41
S000829,O017726,Pickup,2025-10-21 23:17:28
S000830,O015892,Delivered,2024-01-30 05:29:52
S000831,O001701,Delivered,2025-10-15 15:53:59
S000832,O001164,Delivered,2024-01-10 12:01:47
S000833,O013051,In Transit,2024-11-01 20:34:17
S000834,O002220,Out for Delivery,2025-10-31 09:33:12
S000835,O010113,Delivered,2024-05-30 17:25:46
S000836,O004097,In Transit,2024-01-30 10:46:12
S000837,O017538,In Transit,2024-08-25 02:26:35
S000838,O009398,Out for Delivery,2025-08-31 23:21:57
S000839,O002651,Delivered,2025-11-11 16:36:49
S000840,O016099,Out for Delivery,2025-08-21 22:08:50
S000841,O016560,Delivered,2024-05-10 21:37:41
S000842,O014735,Out for Delivery,2025-03-12 15:14:40
S000843,O006275,Pickup,2025-09-10 23:03:32
S000844,O009673,Pickup,2024-01-05 14:24:38
S000845,O013146,Pickup,2025-11-26 11:38:33
S000846,O019089,Delivered,2024-08-02 14:13:14
S000847,O012764,Pickup,2025-09-14 19:27:19
S000848,O018746,Out for Delivery,2024-05-31 22:27:53
S000849,O015949,Pickup,2025-12-25 00:22:46
S000850,O005496,Delivered,2024-03-14 21:39:21
S000851,O009304,Delivered,2024-02-21 02:04:49
S000852,O019568,Out for Delivery,2024-02-24 05:28:12
S000853,O004321,In Transit,2025-01-03 12:27:12
S000854,O012256,Pickup,2024-03-26 20:30:30
S000855,O008922,Pickup,2025-01-07 07:22:12
S000856,O005130,In Transit,2025-06-16 22:12:18
S000857,O000786,In Transit,2025-04-23 07:53:04
S000858,O002842,Delivered,2024-11-10 00:53:22
S000859,O003036,Delivered,2024-11-13 19:42:58
S000860,O008111,Delivered,2025-09-09 23:46:25
S000861,O011448,Pickup,2025-09-13 20:02:49
S000862,O018185,Out for Delivery,2025-07-14 00:54:28
S000863,O006117,In Transit,2025-11-11 09:23:55
S000864,O000233,Pickup,2025-04-24 00:41:33
S000865,O014498,Out for Delivery,2024-02-27 13:21:52
S000866,O018422,Out for Delivery,2025-07-07 08:07:11
S000867,O007524,Delivered,2024-07-30 17:05:48
S000868,O012671,In Transit,2025-03-17 08:00:59
S000869,O013805,Out for Delivery,2025-03-04 10:12:28
S000870,O003469,Out for Delivery,2024-06-22 13:52:48
S000871,O011310,Delivered,2025-06-10 01:02:47
S000872,O010295,Out for Delivery,2024-03-07 04:41:09
S000873,O017228,Pickup,2025-08-20 06:46:00
S000874,O002117,Pickup,2024-08-16 17:12:02
S000875,O016083,In Transit,2025-06-08 23:30:49
S000876,O007644,Out for Delivery,2025-08-20 14:03:50
S000877,O015925,Delivered,2024-03-14 01:14:05
S000878,O019923,In Transit,2024-07-31 22:30:48
S000879,O019013,Pickup,2025-09-26 17:45:39
S000880,O010892,Delivered,2024-01-18 00:10:51
S000881,O000354,In Transit,2025-12-05 10:52:06
S000882,O016976,In Transit,2024-11-20 14:17:44
S000883,O012873,Delivered,2025-05-17 09:52:25
S000884,O006321,Out for Delivery,2024-03-27 04:40:18
S000885,O006005,Pickup,2024-03-22 08:11:39
S000886,O018894,In Transit,2025-07-24 04:53:57
S000887,O015547,Pickup,2024-08-25 10:33:35
S000888,O015447,Pickup,2025-10-10 03:06:47
S000889,O002677,Delivered,2024-02-16 22:47:18
S000890,O013603,Out for Delivery,2024-01-11 08:26:55
S000891,O003116,Pickup,2025-05-11 12:38:52
S000892,O015779,In Transit,2024-09-25 11:18:46
S000893,O018750,Out for Delivery,2024-10-11 22:57:50
S000894,O014338,Delivered,2024-02-08 21:03:28
S000895,O016817,In Transit,2024-09-12 08:34:12
S000896,O017648,In Transit,2025-05-18 01:36:47
S000897,O006326,In Transit,2025-09-19 14:10:46
S000898,O008216,Delivered,2025-04-14 03:13:36
S000899,O016559,Out for Delivery,2024-05-14 11:38:39
S000900,O013590,Out for Delivery,2025-07-26 03:18:32
S000901,O005743,Pickup,2025-02-01 06:13:10
S000902,O002768,Out for Delivery,2025-04-29 13:24:54
S000903,O008392,Out for Delivery,2025-07-04 01:35:09
S000904,O018201,Delivered,2024-10-16 01:20:24
S000905,O015103,Out for Delivery,2024-02-17 07:15:51
S000906,O004566,Out for Delivery,2024-04-29 21:07:01
S000907,O017368,In Transit,2024-07-10 08:05:09
S000908,O010548,Out for Delivery,2024-01-29 21:36:41
S000909,O007345,Out for Delivery,2024-09-05 13:58:35
S000910,O010963,Pickup,2024-12-17 22:25:57
S000911,O008576,Delivered,2025-05-09 19:00:45
S000912,O012957,In Transit,2025-04-23 01:10:25
S000913,O016081,In Transit,2024-07-08 00:41:17
S000914,O011738,Pickup,2024-05-18 17:59:19
S000915,O012819,Out for Delivery,2025-11-24 15:31:06
S000916,O009707,Pickup,2024-07-15 20:41:51
S000917,O006282,In Transit,2024-09-24 05:21:30
S000918,O011272,Out for Delivery,2024-03-10 19:14:40
S000919,O002314,Delivered,2024-08-09 10:41:16
S000920,O016943,In Transit,2024-12-26 08:24:02
S000921,O007048,Delivered,2025-09-28 01:04:23
S000922,O014750,In Transit,2025-12-20 01:27:32
S000923,O019404,Pickup,2025-02-07 08:36:24
S000924,O014340,Delivered,2025-04-08 08:34:07
S000925,O013513,In Transit,2024-08-31 11:56:08
S000926,O001068,Delivered,2024-02-16 08:24:30
S000927,O017658,In Transit,2025-05-29 04:55:11
S000928,O003836,Out for Delivery,2024-09-19 09:40:46
S000929,O017163,Out for Delivery,2025-08-11 22:21:28
S000930,O013245,Delivered,2024-11-07 09:10:51
S000931,O008013,Pickup,2025-05-04 19:12:06
S000932,O016458,In Transit,2024-07-22 09:49:16
S000933,O016252,Delivered,2024-05-22 06:22:19
S000934,O015715,Delivered,2025-03-12 10:45:52
S000935,O006469,Delivered,2025-10-21 18:43:50
S000936,O019219,In Transit,2025-07-26 20:33:00
S000937,O016969,Delivered,2025-05-19 18:49:07
S000938,O012707,Delivered,2024-06-08 06:36:13
S000939,O007838,Pickup,2025-09-25 12:08:51
S000940,O010065,Delivered,2024-07-26 03:16:22
S000941,O006514,In Transit,2025-09-04 01:41:10
S000942,O002459,Pickup,2025-02-02 11:06:38
S000943,O005533,In Transit,2025-07-15 07:20:23
S000944,O015647,In Transit,2025-02-28 23:22:18
S000945,O004313,Delivered,2025-09-03 11:01:36
S000946,O006549,Pickup,2024-05-07 22:46:59
S000947,O008117,Delivered,2024-05-13 08:44:57
S000948,O014366,Pickup,2024-01-24 14:16:09
S000949,O011642,Delivered,2025-04-20 10:01:51
S000950,O018691,Delivered,2025-10-19 20:15:56
S000951,O017229,In Transit,2025-02-24 09:51:51
S000952,O013280,In Transit,2024-01-18 02:57:55
S000953,O007320,Delivered,2024-11-30 07:59:52
S000954,O005220,Out for Delivery,2024-01-19 23:15:46
S000955,O015186,Pickup,2025-03-04 20:26:49
S000956,O017056,Out for Delivery,2024-01-16 22:31:26
S000957,O003807,Out for Delivery,2025-02-11 23:34:20
S000958,O009307,Delivered,2025-06-07 00:54:36
S000959,O012957,Out for Delivery,2024-09-03 18:24:03
S000960,O004727,Out for Delivery,2025-08-05 13:58:24
S000961,O018032,Delivered,2025-04-06 13:39:21
S000962,O001112,Pickup,2024-12-03 00:29:11
S000963,O012566,Pickup,2024-01-09 15:23:49
S000964,O016888,Out for Delivery,2024-02-12 02:42:52
S000965,O009832,Pickup,2025-04-13 08:19:17
S000966,O007219,Pickup,2025-12-26 16:59:56
S000967,O009939,Out for Delivery,2024-11-21 13:58:55
S000968,O017366,Out for Delivery,2024-07-23 22:47:10
S000969,O019995,Out for Delivery,2025-08-24 04:28:03
S000970,O019436,Out for Delivery,2025-03-21 19:29:24
S000971,O013313,Out for Delivery,2025-03-18 11:14:19
S000972,O019865,Out for Delivery,2024-04-16 06:15:11
S000973,O009184,Delivered,2024-01-06 18:29:43
S000974,O002454,In Transit,2024-12-18 05:42:33
S000975,O012215,Pickup,2025-08-13 10:40:26
S000976,O006778,Delivered,2025-05-08 09:34:42
S000977,O008103,Out for Delivery,2025-11-18 03:01:28
S000978,O008628,Out for Delivery,2024-10-17 10:01:37
S000979,O014422,Out for Delivery,2024-05-20 03:59:57
S000980,O018577,Pickup,2024-03-23 03:17:58
S000981,O005046,Delivered,2025-11-18 12:10:05
S000982,O006395,In Transit,2025-09-02 03:26:29
S000983,O002568,Pickup,2024-08-03 21:37:49
S000984,O004309,Pickup,2025-05-04 05:36:51
S000985,O008074,Out for Delivery,2025-07-25 07:23:18
S000986,O005090,Delivered,2025-09-17 20:08:47
S000987,O009319,In Transit,2024-10-25 07:28:54
S000988,O018649,Out for Delivery,2025-03-16 08:58:45
S000989,O011353,Delivered,2024-10-01 19:29:47
S000990,O018996,Out for Delivery,2025-06-19 01:58:37
S000991,O011462,Delivered,2025-11-02 12:17:11
S000992,O018944,Delivered,2025-12-16 23:54:58
S000993,O012338,Out for Delivery,2025-05-05 22:38:12
S000994,O011500,Delivered,2024-11-12 19:20:51
S000995,O009554,In Transit,2024-06-26 19:03:29
S000996,O017158,Out for Delivery,2024-03-14 06:23:06
S000997,O012819,In Transit,2025-02-15 07:51:48
S000998,O014470,Out for Delivery,2025-10-21 00:24:27
S000999,O014878,Pickup,2024-10-11 04:15:35
S001000,O015057,Pickup,2025-04-13 11:45:09
S001001,O019593,In Transit,2025-05-11 00:00:12
S001002,O005845,Pickup,2025-05-09 18:29:23
S001003,O010661,Pickup,2025-01-13 11:39:03
S001004,O000502,Pickup,2025-10-06 19:30:14
S001005,O002064,Pickup,2025-12-05 00:43:48
S001006,O011714,Delivered,2024-07-31 14:13:52
S001007,O013411,Delivered,2025-05-09 21:23:12
S001008,O012916,Out for Delivery,2025-05-11 05:49:39
S001009,O014879,Out for Delivery,2025-03-09 18:52:34
S001010,O003139,Delivered,2024-04-14 07:08:07
S001011,O007914,Out for Delivery,2024-05-14 03:48:10
S001012,O018059,In Transit,2024-12-21 12:50:54
S001013,O006381,Out for Delivery,2024-02-05 03:07:22
S001014,O016153,Out for Delivery,2025-07-21 10:03:47
S001015,O000104,Pickup,2024-01-04 10:02:06
S001016,O013761,Pickup,2024-12-07 04:17:53
S001017,O018479,In Transit,2024-04-24 13:14:02
S001018,O000403,Delivered,2024-05-17 00:18:19
S001019,O009729,Out for Delivery,2025-12-30 06:46:17
S001020,O003636,Out for Delivery,2024-02-25 10:33:50
S001021,O004288,Out for Delivery,2024-11-07 02:57:55
S001022,O001046,Out for Delivery,2025-04-16 15:36:03
S001023,O017959,Out for Delivery,2025-03-28 10:18:10
S001024,O007616,Pickup,2024-09-14 08:28:30
S001025,O000664,Out for Delivery,2024-09-25 05:12:21
S001026,O009066,Pickup,2025-07-11 12:49:10
S001027,O002622,Delivered,2025-06-01 15:50:08
S001028,O003820,Pickup,2025-02-25 02:28:50
S001029,O004415,In Transit,2024-12-28 14:35:33
S001030,O001897,Delivered,2025-10-08 06:02:30
S001031,O002840,Delivered,2024-03-07 10:54:22
S001032,O008467,Pickup,2025-09-22 16:27:14
S001033,O003812,In Transit,2024-12-08 02:37:12
S001034,O002007,Delivered,2025-06-08 07:00:34
S001035,O010151,Delivered,2025-02-21 09:58:10
S001036,O010729,Out for Delivery,2025-12-22 06:33:51
S001037,O001150,Delivered,2025-09-01 01:17:34
S001038,O018790,Delivered,2025-08-03 14:10:19
S001039,O007617,Delivered,2025-11-05 07:36:15
S001040,O019594,Pickup,2024-05-15 16:27:22
S001041,O003115,In Transit,2025-04-06 23:08:31
S001042,O006581,Delivered,2024-01-08 13:25:36
S001043,O001359,Out for Delivery,2024-05-22 19:27:22
S001044,O018962,Pickup,2025-03-27 09:01:40
S001045,O008093,Out for Delivery,2024-07-15 23:51:12
S001046,O017775,Pickup,2024-02-24 10:36:35
S001047,O009699,Delivered,2025-07-21 22:45:45
S001048,O011438,Out for Delivery,2025-09-07 03:48:44
S001049,O006371,In Transit,2025-01-30 04:20:32
S001050,O009154,In Transit,2025-08-12 23:41:14
S001051,O000325,In Transit,2025-12-31 17:49:11
S001052,O018522,Delivered,2024-11-16 18:47:14
S001053,O013783,Out for Delivery,2025-09-22 00:20:24
S001054,O016833,Pickup,2025-11-18 02:42:37
S001055,O007401,Out for Delivery,2024-09-02 18:43:50
S001056,O015732,In Transit,2025-03-20 22:39:14
S001057,O003669,Out for Delivery,2024-04-13 11:25:50
S001058,O004914,Out for Delivery,2025-01-22 22:54:47
S001059,O004682,In Transit,2024-11-08 01:12:41
S001060,O014868,Delivered,2024-01-23 20:24:52
S001061,O009451,Delivered,2025-04-27 22:38:56
S001062,O003581,Pickup,2025-06-04 19:07:51
S001063,O011211,Delivered,2025-03-04 21:09:18
S001064,O015956,Out for Delivery,2024-08-30 03:26:38
S001065,O002998,Pickup,2025-09-01 18:02:03
S001066,O016053,Pickup,2025-07-08 06:27:49
S001067,O012831,Out for Delivery,2024-08-21 19:18:00
S001068,O019512,Out for Delivery,2025-09-14 23:08:43
S001069,O004286,Out for Delivery,2024-08-13 04:46:14
S001070,O012784,Out for Delivery,2025-02-06 19:24:14
S001071,O003649,Out for Delivery,2025-10-24 13:49:30
S001072,O008196,Delivered,2024-02-20 21:18:52
S001073,O003350,Delivered,2025-03-16 10:02:22
S001074,O012643,Out for Delivery,2024-08-25 18:40:27
S001075,O008465,In Transit,2025-06-25 16:12:47
S001076,O015542,In Transit,2024-08-22 09:24:20
S001077,O008269,In Transit,2024-03-26 15:00:30
S001078,O014527,Out for Delivery,2025-09-07 14:23:29
S001079,O007655,Pickup,2024-11-17 04:03:16
S001080,O007367,Pickup,2024-02-05 19:23:05
S001081,O019116,In Transit,2025-07-19 20:36:17
S001082,O014499,Delivered,2025-05-16 06:29:29
S001083,O016140,Pickup,2025-03-13 01:11:39
S001084,O003301,Delivered,2024-01-15 23:21:19
S001085,O000827,Pickup,2025-03-17 03:04:48
S001086,O013004,Pickup,2025-06-05 19:43:42
S001087,O004957,In Transit,2025-04-01 13:11:28
S001088,O019477,Pickup,2024-10-06 10:00:00
S001089,O005074,Out for Delivery,2024-04-19 21:28:01
S001090,O015414,Pickup,2024-08-12 16:42:01
S001091,O004447,In Transit,2024-02-07 20:51:06
S001092,O005892,Delivered,2024-05-07 01:59:54
S001093,O012990,Out for Delivery,2025-07-25 14:06:26
S001094,O012901,Out for Delivery,2024-02-04 08:52:05
S001095,O012471,Delivered,2024-09-23 23:01:00
S001096,O004035,Pickup,2024-01-11 12:03:03
S001097,O006762,Pickup,2024-11-17 14:22:23
S001098,O005135,Delivered,2025-02-27 08:41:02
S001099,O005328,Pickup,2024-05-19 08:18:41
S001100,O007032,Delivered,2024-07-16 22:39:55
S001101,O010847,In Transit,2025-11-27 11:13:37
S001102,O005000,Pickup,2025-10-08 18:29:47
S001103,O004708,In Transit,2024-01-22 05:01:29
S001104,O008240,Out for Delivery,2024-08-23 18:42:05
S001105,O000313,Delivered,2024-05-27 04:08:09
S001106,O004452,Delivered,2024-05-27 20:06:40
S001107,O013430,In Transit,2024-04-04 13:51:09
S001108,O009521,Delivered,2024-07-03 00:17:37
S001109,O000245,Pickup,2025-09-20 08:38:50
S001110,O010715,Delivered,2024-07-03 04:28:53
S001111,O016105,Delivered,2024-05-25 16:46:38
S001112,O001907,Out for Delivery,2024-11-21 06:31:21
S001113,O009482,Pickup,2024-12-11 12:10:16
S001114,O014551,Out for Delivery,2024-08-01 19:40:37
S001115,O015178,Out for Delivery,2024-05-11 09:21:11
S001116,O002153,Delivered,2025-12-21 03:21:15
S001117,O010072,Delivered,2025-08-31 03:32:48
S001118,O002715,Out for Delivery,2025-11-15 13:12:23
S001119,O015801,In Transit,2025-03-14 17:39:03
S001120,O000670,Delivered,2024-08-15 06:27:38
S001121,O007015,Out for Delivery,2025-01-12 09:20:52
S001122,O000373,Delivered,2025-03-09 17:07:42
S001123,O000553,Out for Delivery,2025-12-23 09:40:24
S001124,O016417,Pickup,2025-12-30 21:54:42
S001125,O018384,Pickup,2024-05-22 18:00:50
S001126,O010636,Out for Delivery,2025-03-08 03:36:27
S001127,O003870,In Transit,2024-04-04 07:51:15
S001128,O010815,In Transit,2025-06-12 18:22:21
S001129,O011222,Pickup,2024-02-12 18:31:57
S001130,O002535,In Transit,2025-10-27 22:51:38
S001131,O003768,In Transit,2025-10-17 19:55:53
S001132,O004839,Out for Delivery,2025-04-08 23:52:43
S001133,O005010,Pickup,2024-06-13 19:38:45
S001134,O004708,Pickup,2024-08-06 02:08:57
S001135,O005594,Delivered,2025-11-04 08:01:45
S001136,O012538,Out for Delivery,2024-03-01 12:00:26
S001137,O010316,In Transit,2025-11-09 21:51:03
S001138,O011814,Pickup,2025-05-08 17:06:19
S001139,O015926,Delivered,2024-06-05 15:39:39
S001140,O010784,In Transit,2024-09-23 11:08:51
S001141,O004483,Out for Delivery,2024-01-07 10:08:17
S001142,O019100,Out for Delivery,2024-07-11 18:27:45
S001143,O002647,Out for Delivery,2025-04-09 18:16:22
S001144,O009065,Delivered,2024-05-03 00:24:00
S001145,O014316,In Transit,2024-06-19 22:35:12
S001146,O019053,Out for Delivery,2024-12-30 05:18:50
S001147,O015597,Pickup,2025-04-11 09:10:23
S001148,O005675,Pickup,2025-11-21 06:24:08
S001149,O012074,In Transit,2025-01-02 16:08:24
S001150,O004329,Pickup,2025-01-31 04:59:16
S001151,O018842,In Transit,2025-07-31 21:21:07
S001152,O003104,In Transit,2025-05-27 09:43:10
S001153,O004774,Out for Delivery,2025-03-03 06:12:57
S001154,O003366,Pickup,2024-03-24 06:03:15
S001155,O014542,Pickup,2025-07-30 10:43:49
S001156,O012517,Delivered,2024-09-02 09:27:45
S001157,O015086,Out for Delivery,2025-10-22 11:00:24
S001158,O018730,Out for Delivery,2024-02-24 10:17:31
S001159,O009515,In Transit,2024-03-02 09:01:05
S001160,O000009,Delivered,2024-12-22 23:30:17
S001161,O007877,Out for Delivery,2024-07-18 10:03:58
S001162,O008441,Pickup,2025-11-06 02:43:58
S001163,O007755,Pickup,2025-02-12 06:58:06
S001164,O003298,In Transit,2025-10-13 22:01:40
S001165,O016757,Delivered,2025-01-11 15:11:05
S001166,O017682,Out for Delivery,2024-05-26 01:56:34
S001167,O003021,In Transit,2025-02-22 14:16:50
S001168,O009388,Out for Delivery,2024-12-27 07:55:57
S001169,O005459,Out for Delivery,2024-11-26 18:57:44
S001170,O005263,Delivered,2025-03-27 19:41:39
S001171,O001395,Delivered,2025-05-02 09:48:59
S001172,O015713,Pickup,2025-12-16 23:42:23
S001173,O010735,In Transit,2024-02-23 17:16:56
S001174,O018865,Pickup,2025-10-07 18:24:57
S001175,O009245,Delivered,2025-07-03 02:16:00
S001176,O002591,Out for Delivery,2025-08-02 07:40:00
S001177,O005682,Delivered,2024-08-30 04:18:09
S001178,O011795,Delivered,2024-08-27 21:47:54
S001179,O013421,Out for Delivery,2025-11-12 21:40:41
S001180,O017716,Out for Delivery,2025-12-27 04:00:55
S001181,O014394,Pickup,2025-09-26 19:42:06
S001182,O000441,In Transit,2025-08-26 21:48:14
S001183,O006222,Pickup,2025-11-10 00:19:21
S001184,O017490,Out for Delivery,2025-08-23 23:29:20
S001185,O001974,Delivered,2025-04-25 00:35:48
S001186,O004428,In Transit,2025-09-13 10:21:16
S001187,O004460,In Transit,2025-03-11 16:49:45
S001188,O014070,Out for Delivery,2024-08-12 20:38:14
S001189,O001781,Delivered,2024-06-05 10:56:16
S001190,O018882,Pickup,2024-05-23 03:29:49
S001191,O010323,Pickup,2025-02-16 22:39:00
S001192,O001100,Pickup,2025-01-28 13:39:23
S001193,O014709,Pickup,2025-07-20 22:09:06
S001194,O014373,Pickup,2025-01-24 00:01:25
S001195,O000703,Pickup,2025-08-15 23:07:29
S001196,O013211,Out for Delivery,2025-11-08 22:40:21
S001197,O008150,Delivered,2025-07-28 06:35:11
S001198,O006627,Pickup,2025-05-14 06:07:48
S001199,O000223,Delivered,2024-05-13 07:32:59
S001200,O017344,Pickup,2025-08-18 00:24:01
S001201,O007307,Delivered,2024-02-26 10:33:00
S001202,O018974,Delivered,2024-10-12 18:38:26
S001203,O006671,In Transit,2025-03-23 09:13:35
S001204,O019408,Out for Delivery,2025-02-21 22:03:11
S001205,O000727,Pickup,2025-10-02 10:58:15
S001206,O019972,Pickup,2024-01-10 09:41:14
S001207,O003637,Pickup,2025-11-13 14:03:15
S001208,O017351,Delivered,2025-10-16 04:27:18
S001209,O004529,Out for Delivery,2024-05-19 00:12:13
S001210,O001575,In Transit,2025-07-25 02:26:30
S001211,O016942,In Transit,2024-09-10 06:37:31
S001212,O002290,Pickup,2025-06-22 02:35:25
S001213,O016662,Pickup,2024-03-09 02:37:14
S001214,O009925,Out for Delivery,2024-10-27 01:31:35
S001215,O006233,Out for Delivery,2024-12-04 21:20:02
S001216,O016412,Out for Delivery,2025-03-04 06:09:47
S001217,O014242,Delivered,2025-02-03 08:35:02
S001218,O001511,In Transit,2025-11-07 21:42:27
S001219,O006088,Pickup,2025-11-04 10:11:04
S001220,O007514,In Transit,2025-03-21 15:05:41
S001221,O008014,Delivered,2025-08-28 15:30:08
S001222,O003161,Delivered,2024-02-10 14:58:21
S001223,O017173,Delivered,2024-06-13 05:55:25
S001224,O000860,In Transit,2025-01-09 14:06:57
S001225,O010599,Delivered,2025-09-20 13:25:00
S001226,O012441,Delivered,2024-06-29 01:56:54
S001227,O019351,In Transit,2025-01-12 14:58:10
S001228,O004833,In Transit,2025-05-29 15:55:14
S001229,O000458,Out for Delivery,2025-12-22 12:45:01
S001230,O019697,Delivered,2024-06-11 20:10:29
S001231,O014402,Pickup,2024-12-10 12:49:25
S001232,O000606,Pickup,2025-09-18 18:10:27
S001233,O007141,Delivered,2024-08-24 22:30:08
S001234,O006189,Delivered,2025-01-26 16:15:05
S001235,O004800,Delivered,2025-11-09 05:58:08
S001236,O009767,Out for Delivery,2024-11-12 09:51:31
S001237,O018906,Delivered,2024-12-06 09:53:14
S001238,O017147,Pickup,2024-06-02 18:42:27
S001239,O005840,Delivered,2024-10-29 04:36:19
S001240,O011107,In Transit,2025-12-05 10:47:23
S001241,O016320,In Transit,2025-03-19 00:27:55
S001242,O009350,Pickup,2024-02-25 02:19:43
S001243,O010274,Delivered,2024-07-21 09:05:49
S001244,O012749,Delivered,2024-04-26 14:20:43
S001245,O015809,Out for Delivery,2025-09-22 14:58:04
S001246,O016126,In Transit,2024-04-02 01:27:23
S001247,O014034,Delivered,2025-03-16 20:59:46
S001248,O014013,Delivered,2025-05-22 14:02:43
S001249,O004011,Pickup,2025-09-13 11:06:50
S001250,O013748,In Transit,2024-08-28 19:41:08
S001251,O007517,Delivered,2025-06-15 02:55:56
S001252,O019364,Delivered,2025-07-30 17:50:02
S001253,O019305,In Transit,2025-06-15 08:40:24
S001254,O009073,Out for Delivery,2025-09-14 17:54:15
S001255,O009210,Out for Delivery,2024-12-31 20:41:07
S001256,O017853,In Transit,2024-02-04 05:33:39
S001257,O009175,Delivered,2025-07-17 00:41:38
S001258,O017498,Out for Delivery,2024-04-12 19:53:12
S001259,O014965,Delivered,2025-11-23 01:37:39
S001260,O002250,Delivered,2025-06-26 06:05:54
S001261,O007775,Pickup,2025-07-04 08:34:52
S001262,O005827,Out for Delivery,2025-08-08 03:36:23
S001263,O013637,In Transit,2025-06-02 10:03:34
S001264,O004830,Delivered,2025-10-22 23:28:49
S001265,O000102,Delivered,2024-02-02 11:35:05
S001266,O006134,Delivered,2025-12-02 18:04:35
S001267,O017980,Delivered,2025-05-11 01:13:37
S001268,O008594,Delivered,2025-04-01 09:12:41
S001269,O005648,Out for Delivery,2025-09-18 03:20:57
S001270,O015536,Delivered,2024-01-22 02:39:24
S001271,O013793,In Transit,2024-05-19 20:03:57
S001272,O009256,Delivered,2024-10-10 23:41:25
S001273,O016410,In Transit,2024-11-01 03:26:59
S001274,O008592,In Transit,2024-03-19 10:49:49
S001275,O019099,Delivered,2025-06-09 11:56:13
S001276,O007234,Out for Delivery,2024-07-29 11:50:07
S001277,O008679,Pickup,2025-01-13 19:26:45
S001278,O005649,Pickup,2025-11-21 07:36:51
S001279,O017681,Out for Delivery,2025-02-05 12:40:52
S001280,O010024,Delivered,2025-06-17 10:22:19
S001281,O008817,Pickup,2024-06-16 10:11:01
S001282,O003217,Delivered,2025-05-10 07:21:17
S001283,O014976,In Transit,2025-01-13 23:30:31
S001284,O011825,Delivered,2025-06-27 20:02:53
S001285,O018695,Delivered,2024-06-25 15:16:26
S001286,O003050,In Transit,2024-01-20 19:43:21
S001287,O010762,Out for Delivery,2025-05-31 01:43:38
S001288,O007707,Pickup,2024-08-09 07:34:09
S001289,O014330,Delivered,2024-08-31 16:28:56
S001290,O000706,Out for Delivery,2025-09-26 03:55:05
S001291,O001765,Pickup,2025-02-12 02:35:57
S001292,O011864,Pickup,2025-04-14 05:58:35
S001293,O013824,Pickup,2024-08-05 22:28:28
S001294,O003811,In Transit,2024-05-25 04:54:01
S001295,O018882,Delivered,2025-05-24 06:49:20
S001296,O015458,Delivered,2025-10-24 14:32:56
S001297,O018237,Delivered,2024-10-11 11:23:48
S001298,O011448,In Transit,2024-06-12 12:51:01
S001299,O002451,Out for Delivery,2024-03-20 16:46:27
S001300,O003182,Pickup,2025-11-22 12:58:27
S001301,O017107,In Transit,2025-01-12 11:04:24
S001302,O002427,Pickup,2025-05-05 05:55:46
S001303,O008515,Out for Delivery,2024-06-10 17:20:48
S001304,O005375,Out for Delivery,2024-07-22 09:37:58
S001305,O008210,Out for Delivery,2024-12-13 21:17:12
S001306,O009147,In Transit,2025-09-16 03:44:48
S001307,O010688,In Transit,2025-09-28 17:58:46
S001308,O007679,In Transit,2024-02-10 17:33:38
S001309,O011206,Delivered,2024-07-22 02:14:28
S001310,O006941,In Transit,2024-05-26 21:30:29
S001311,O000482,Pickup,2025-12-13 16:02:49
S001312,O017174,Pickup,2025-10-15 20:14:45
S001313,O019657,Out for Delivery,2024-11-18 06:21:03
S001314,O019890,Pickup,2025-10-10 12:54:27
S001315,O017044,Out for Delivery,2025-06-04 05:14:34
S001316,O007906,Delivered,2025-08-19 17:59:37
S001317,O013064,Out for Delivery,2025-10-05 10:09:48
S001318,O018630,Out for Delivery,2024-07-19 00:44:03
S001319,O000933,Out for Delivery,2025-09-11 06:08:38
S001320,O009646,Pickup,2024-08-08 19:59:29
S001321,O011766,Pickup,2025-06-03 11:59:25
S001322,O005772,In Transit,2025-10-09 18:42:23
S001323,O018964,In Transit,2024-03-04 06:39:24
S001324,O019265,Delivered,2025-07-30 14:23:50
S001325,O009987,Delivered,2024-04-15 23:22:36
S001326,O016081,Pickup,2024-09-04 16:34:03
S001327,O013091,Pickup,2024-05-21 03:37:01
S001328,O010692,Delivered,2024-08-27 09:58:30
S001329,O001735,Pickup,2024-08-01 07:51:23
S001330,O001449,In Transit,2024-05-13 01:27:42
S001331,O017324,Out for Delivery,2024-03-12 14:30:19
S001332,O007914,Delivered,2025-08-15 16:48:11
S001333,O002068,Out for Delivery,2024-12-31 18:08:12
S001334,O013985,Out for Delivery,2024-08-29 02:42:06
S001335,O001095,Delivered,2024-10-19 03:03:22
S001336,O017305,Delivered,2025-06-15 00:15:42
S001337,O004430,Out for Delivery,2024-08-02 21:27:02
S001338,O009915,Pickup,2025-08-04 00:35:43
S001339,O007718,Pickup,2024-08-14 04:22:00
S001340,O005531,Out for Delivery,2024-05-15 04:28:38
S001341,O000837,Out for Delivery,2025-09-28 03:20:00
S001342,O004829,Pickup,2025-04-23 20:12:38
S001343,O006001,Pickup,2024-10-29 12:14:51
S001344,O014299,Delivered,2024-06-18 18:32:13
S001345,O010457,Pickup,2025-04-17 21:27:49
S001346,O014957,Pickup,2025-01-13 16:41:21
S001347,O009666,Delivered,2024-01-31 05:09:41
S001348,O000596,In Transit,2024-01-31 12:11:10
S001349,O006248,Pickup,2025-09-27 10:33:15
S001350,O015161,Out for Delivery,2024-04-10 09:52:33
S001351,O009071,Out for Delivery,2025-07-21 00:01:24
S001352,O014587,Out for Delivery,2024-06-25 10:52:22
S001353,O007054,Delivered,2025-10-27 12:20:36
S001354,O017421,Out for Delivery,2024-04-08 17:35:44
S001355,O016868,In Transit,2024-01-03 08:43:12
S001356,O002430,In Transit,2024-01-09 13:08:48
S001357,O009406,In Transit,2025-09-22 07:35:21
S001358,O001203,Delivered,2024-09-03 18:09:00
S001359,O019873,Delivered,2024-08-14 15:33:49
S001360,O000970,In Transit,2025-10-20 09:40:37
S001361,O004722,Out for Delivery,2025-10-14 12:39:56
S001362,O002589,Pickup,2025-02-15 21:28:01
S001363,O004836,In Transit,2025-07-29 22:25:18
S001364,O017152,Out for Delivery,2024-06-28 20:06:44
S001365,O018180,Delivered,2024-11-28 21:57:49
S001366,O010918,Pickup,2024-04-22 18:01:16
S001367,O015166,Pickup,2025-04-23 12:22:36
S001368,O005649,In Transit,2024-09-14 22:08:13
S001369,O002461,In Transit,2024-02-25 01:08:35
S001370,O011440,Delivered,2025-03-27 22:30:51
S001371,O017610,Out for Delivery,2024-03-29 08:00:00
S001372,O007090,In Transit,2024-09-03 06:37:11
S001373,O014766,Out for Delivery,2025-10-10 21:38:05
S001374,O014976,Out for Delivery,2024-12-03 17:50:10
S001375,O003034,Pickup,2024-07-26 14:54:59
S001376,O014161,In Transit,2025-08-11 23:07:10
S001377,O009186,In Transit,2025-08-19 21:39:24
S001378,O019823,Pickup,2025-09-03 06:55:42
S001379,O003782,In Transit,2025-01-27 19:11:11
S001380,O011637,Delivered,2024-01-08 01:33:06
S001381,O019183,Out for Delivery,2025-05-30 10:05:31
S001382,O009944,In Transit,2024-12-11 15:05:48
S001383,O012958,Delivered,2024-05-28 00:49:21
S001384,O014032,Out for Delivery,2024-09-22 04:43:40
S001385,O017266,Out for Delivery,2024-05-27 22:04:49
S001386,O001173,Out for Delivery,2025-04-11 02:14:00
S001387,O011568,Out for Delivery,2025-07-15 19:06:42
S001388,O001428,In Transit,2025-01-14 10:48:38
S001389,O017071,Pickup,2025-03-26 11:30:12
S001390,O015714,Out for Delivery,2025-07-06 22:51:48
S001391,O008065,Pickup,2024-03-26 01:13:55
S001392,O017934,Pickup,2025-11-02 12:12:59
S001393,O005757,Pickup,2025-11-30 03:15:38
S001394,O008471,In Transit,2024-04-08 12:57:34
S001395,O016739,In Transit,2024-08-06 23:00:34
S001396,O011120,Delivered,2025-12-13 15:50:21
S001397,O014959,Pickup,2025-01-24 07:48:19
S001398,O007502,Pickup,2025-02-16 06:26:25
S001399,O005338,Out for Delivery,2024-12-16 14:14:59
S001400,O016418,Out for Delivery,2024-08-11 23:50:09
S001401,O010465,Pickup,2024-08-25 00:10:50
S001402,O013709,Out for Delivery,2024-01-29 07:38:56
S001403,O018799,Pickup,2024-10-17 01:56:36
S001404,O000561,Out for Delivery,2024-05-16 22:23:52
S001405,O009829,Out for Delivery,2024-01-22 00:51:06
S001406,O003972,Delivered,2025-09-22 08:49:31
S001407,O001468,Delivered,2024-06-21 22:19:46
S001408,O003650,In Transit,2025-03-02 13:29:39
S001409,O015609,Pickup,2025-05-25 02:36:44
S001410,O008989,Delivered,2024-06-24 04:17:48
S001411,O016205,Delivered,2025-07-21 01:57:20
S001412,O003940,Pickup,2024-10-04 11:47:18
S001413,O013401,In Transit,2025-03-29 19:38:26
S001414,O006153,In Transit,2024-11-17 16:01:01
S001415,O007739,Pickup,2025-01-12 06:50:35
S001416,O007521,In Transit,2024-06-19 19:07:44
S001417,O001792,Delivered,2024-05-12 02:09:10
S001418,O017370,Delivered,2025-12-25 21:30:00
S001419,O004902,Delivered,2024-08-27 13:14:18
S001420,O010200,Pickup,2024-01-27 01:32:23
S001421,O017632,Delivered,2025-04-14 11:48:13
S001422,O002756,Delivered,2024-09-24 10:54:19
S001423,O010361,Delivered,2024-07-19 12:29:22
S001424,O013768,Pickup,2025-12-07 21:43:43
S001425,O001803,Out for Delivery,2025-07-03 22:07:12
S001426,O006989,Pickup,2024-12-09 18:37:24
S001427,O005094,Pickup,2024-04-13 03:29:15
S001428,O009585,Pickup,2025-05-25 10:12:03
S001429,O000424,Delivered,2024-10-09 08:54:27
S001430,O018552,Delivered,2024-12-24 15:27:09
S001431,O016041,Out for Delivery,2024-01-23 22:38:55
S001432,O016747,Out for Delivery,2025-07-02 23:37:11
S001433,O008107,Out for Delivery,2024-03-01 22:40:57
S001434,O018057,Out for Delivery,2025-10-17 12:51:33
S001435,O007015,In Transit,2025-12-15 16:44:48
S001436,O005459,Delivered,2025-08-16 04:10:32
S001437,O018183,In Transit,2024-04-21 15:55:58
S001438,O016708,In Transit,2024-05-26 12:27:21
S001439,O016128,Pickup,2024-10-24 09:50:15
S001440,O018211,Pickup,2025-04-11 18:40:57
S001441,O006210,Out for Delivery,2024-06-11 08:12:39
S001442,O009573,Out for Delivery,2025-03-31 18:47:11
S001443,O019622,Out for Delivery,2025-06-03 09:30:03
S001444,O011644,In Transit,2025-06-13 21:24:54
S001445,O010822,Out for Delivery,2025-10-03 04:49:04
S001446,O005767,Out for Delivery,2025-11-10 07:30:01
S001447,O005334,In Transit,2025-09-27 20:02:24
S001448,O014329,Out for Delivery,2024-11-11 19:15:20
S001449,O008579,In Transit,2025-03-02 08:14:55
S001450,O006672,Out for Delivery,2024-11-29 17:59:55
S001451,O009971,In Transit,2024-02-14 03:26:45
S001452,O011874,In Transit,2024-07-26 16:55:15
S001453,O004545,Delivered,2024-02-12 21:00:17
S001454,O004870,Out for Delivery,2024-11-13 16:36:29
S001455,O009406,Delivered,2025-09-02 10:57:45
S001456,O002749,In Transit,2025-03-11 14:41:07
S001457,O000381,Pickup,2025-08-22 06:59:32
S001458,O013494,Pickup,2025-08-15 08:43:28
S001459,O013959,Delivered,2024-04-19 07:46:12
S001460,O004332,Delivered,2024-02-17 21:00:45
S001461,O008228,Out for Delivery,2025-05-24 02:02:15
S001462,O005600,Out for Delivery,2024-09-06 08:30:14
S001463,O002573,Delivered,2025-01-27 03:32:13
S001464,O016084,Delivered,2025-01-19 23:39:11
S001465,O000039,Delivered,2024-03-27 20:26:54
S001466,O002932,Out for Delivery,2025-05-30 20:29:53
S001467,O004749,Out for Delivery,2025-08-27 13:15:02
S001468,O015361,Delivered,2024-11-22 04:16:55
S001469,O018781,In Transit,2025-12-27 14:56:35
S001470,O014724,In Transit,2024-03-13 09:33:33
S001471,O013977,Pickup,2025-09-02 03:57:20
S001472,O019745,Out for Delivery,2024-06-30 18:22:25
S001473,O012306,Out for Delivery,2024-12-08 23:24:31
S001474,O002492,Pickup,2025-01-16 08:14:32
S001475,O004751,Pickup,2024-03-25 17:12:45
S001476,O003781,Out for Delivery,2025-09-26 15:28:51
S001477,O008909,Out for Delivery,2024-08-14 01:03:04
S001478,O016984,Pickup,2025-01-17 06:20:30
S001479,O000523,Pickup,2025-03-11 00:13:25
S001480,O019051,Delivered,2024-01-17 13:06:26
S001481,O003044,Pickup,2024-08-09 10:43:57
S001482,O014294,Delivered,2025-07-26 11:45:56
S001483,O014986,Out for Delivery,2025-11-25 13:00:12
S001484,O005956,Out for Delivery,2025-08-04 07:26:18
S001485,O015885,In Transit,2025-03-24 20:56:43
S001486,O005658,Pickup,2025-06-27 03:07:56
S001487,O004180,In Transit,2024-05-21 06:39:48
S001488,O004315,Out for Delivery,2025-10-20 13:02:34
S001489,O019793,Delivered,2024-02-20 19:47:00
S001490,O008801,Out for Delivery,2024-07-20 16:16:37
S001491,O019038,Out for Delivery,2025-07-13 05:39:07
S001492,O013637,Delivered,2024-06-03 01:19:07
S001493,O004159,Delivered,2024-05-13 08:15:49
S001494,O006749,In Transit,2025-08-09 21:47:57
S001495,O001270,In Transit,2024-11-13 02:09:15
S001496,O012013,Out for Delivery,2024-11-05 04:01:42
S001497,O015125,In Transit,2025-08-10 18:12:16
S001498,O014664,Out for Delivery,2025-12-11 04:40:05
S001499,O009710,Out for Delivery,2024-08-24 20:09:11
S001500,O012010,Pickup,2024-09-18 00:03:48
S001501,O019436,Pickup,2024-11-18 09:03:46
S001502,O015103,Out for Delivery,2025-01-27 19:17:00
S001503,O010637,Out for Delivery,2025-10-22 10:36:44
S001504,O019791,Delivered,2025-11-19 03:59:39
S001505,O003948,Out for Delivery,2024-04-28 19:19:36
S001506,O003719,In Transit,2025-05-17 03:57:48
S001507,O006645,Out for Delivery,2024-11-26 10:09:45
S001508,O016264,Delivered,2024-07-12 14:23:21
S001509,O014130,Delivered,2025-10-23 18:28:33
S001510,O012060,Delivered,2025-05-19 00:50:46
S001511,O017240,Pickup,2024-01-13 02:58:35
S001512,O015320,Out for Delivery,2024-12-02 23:58:27
S001513,O013743,Pickup,2025-09-07 17:17:18
S001514,O017695,Out for Delivery,2024-09-29 14:16:21
S001515,O014925,In Transit,2025-12-23 21:00:45
S001516,O001906,In Transit,2025-12-12 18:46:50
S001517,O013068,Out for Delivery,2024-03-05 01:27:48
S001518,O008482,Pickup,2024-12-04 13:36:40
S001519,O006203,Delivered,2024-08-02 12:38:50
S001520,O006793,Pickup,2024-07-07 13:41:02
S001521,O015656,In Transit,2025-10-03 10:55:12
S001522,O002552,Out for Delivery,2025-05-25 20:30:28
S001523,O011345,In Transit,2025-03-03 15:05:09
S001524,O019516,Delivered,2024-09-09 00:14:50
S001525,O008211,Delivered,2024-12-22 15:23:01
S001526,O011423,Delivered,2025-05-17 22:39:18
S001527,O008580,Delivered,2024-08-14 01:37:06
S001528,O014400,Pickup,2024-06-25 08:50:08
S001529,O000948,Delivered,2024-02-17 20:04:34
S001530,O004348,Pickup,2024-12-10 05:05:46
S001531,O015971,In Transit,2025-08-20 04:57:06
S001532,O002901,Delivered,2025-07-08 18:33:06
S001533,O009036,Delivered,2025-01-02 05:36:24
S001534,O016497,Delivered,2024-02-27 13:07:02
S001535,O012074,Pickup,2025-11-15 12:42:58
S001536,O009823,In Transit,2025-09-05 02:54:15
S001537,O002745,Delivered,2025-08-11 20:44:41
S001538,O012102,Out for Delivery,2024-01-06 01:23:46
S001539,O007974,Delivered,2025-06-12 15:27:52
S001540,O006470,Out for Delivery,2025-04-28 23:44:47
S001541,O016764,Out for Delivery,2025-06-06 10:16:45
S001542,O004118,Delivered,2024-05-02 20:39:54
S001543,O015830,Out for Delivery,2025-07-13 18:53:12
S001544,O001692,In Transit,2025-02-06 10:20:39
S001545,O004604,Out for Delivery,2024-03-13 12:50:49
S001546,O016593,Pickup,2024-07-22 17:37:01
S001547,O010720,Out for Delivery,2025-03-09 19:01:54
S001548,O009837,Delivered,2025-04-29 10:26:41
S001549,O004514,Pickup,2025-04-25 05:16:40
S001550,O014513,Out for Delivery,2025-11-06 07:36:38
S001551,O017499,Out for Delivery,2024-07-14 23:02:53
S001552,O013864,In Transit,2024-09-08 14:57:25
S001553,O015300,Pickup,2025-06-10 19:18:29
S001554,O016422,Pickup,2025-03-08 21:37:10
S001555,O008820,Delivered,2024-06-15 16:14:50
S001556,O008177,Pickup,2024-05-28 13:36:18
S001557,O001060,Out for Delivery,2025-02-13 20:49:37
S001558,O006718,Pickup,2024-03-08 15:19:17
S001559,O008354,Pickup,2025-02-20 01:40:55
S001560,O009094,Pickup,2024-11-09 17:54:09
S001561,O018812,Pickup,2025-07-04 10:20:43
S001562,O000527,Delivered,2025-06-24 21:31:42
S001563,O014736,Out for Delivery,2024-10-09 13:16:28
S001564,O015754,In Transit,2025-08-14 14:41:34
S001565,O012309,In Transit,2024-03-05 22:55:19
S001566,O010561,In Transit,2025-08-18 01:30:56
S001567,O016387,Delivered,2024-04-20 08:43:59
S001568,O005340,In Transit,2025-03-31 17:44:27
S001569,O013765,Out for Delivery,2025-01-29 14:26:27
S001570,O017548,Delivered,2024-12-21 12:44:25
S001571,O003563,In Transit,2025-09-24 04:43:37
S001572,O004784,In Transit,2025-06-07 08:20:27
S001573,O002482,Delivered,2024-01-24 22:27:36
S001574,O010606,Pickup,2025-07-11 16:12:12
S001575,O019494,Delivered,2024-09-05 02:21:58
S001576,O019635,Delivered,2024-12-15 19:52:29
S001577,O003784,Delivered,2025-06-17 09:40:14
S001578,O014081,Delivered,2024-04-28 19:20:07
S001579,O013451,Out for Delivery,2025-08-14 06:39:48
S001580,O012380,Out for Delivery,2025-09-12 04:11:33
S001581,O015921,Pickup,2024-02-24 00:16:52
S001582,O009925,In Transit,2025-06-09 04:44:24
S001583,O018905,Delivered,2024-05-05 05:05:16
S001584,O012378,Out for Delivery,2025-11-23 09:09:28
S001585,O009889,Delivered,2025-12-10 06:01:29
S001586,O004366,Pickup,2025-06-26 22:41:29
S001587,O010463,Delivered,2025-11-27 17:44:33
S001588,O013462,Delivered,2025-11-13 13:37:30
S001589,O011599,Delivered,2024-10-07 19:44:25
S001590,O003277,Delivered,2025-03-29 01:03:11
S001591,O006709,Pickup,2024-09-28 21:55:47
S001592,O019308,In Transit,2024-06-18 08:47:55
S001593,O012889,Delivered,2025-08-08 07:59:54
S001594,O002933,Delivered,2025-12-14 13:16:08
S001595,O013548,Delivered,2024-06-07 20:58:59
S001596,O000467,Out for Delivery,2025-11-10 17:28:57
S001597,O001305,Pickup,2024-10-29 17:37:48
S001598,O014410,In Transit,2025-07-16 23:35:30
S001599,O010918,Pickup,2025-04-09 14:47:42
S001600,O016915,Delivered,2024-05-03 02:41:00
S001601,O008417,Out for Delivery,2025-07-06 02:09:57
S001602,O014012,Out for Delivery,2025-11-30 03:12:12
S001603,O001085,Pickup,2024-07-25 05:53:18
S001604,O000049,Delivered,2025-02-14 09:13:50
S001605,O006581,In Transit,2024-10-29 20:32:31
S001606,O015844,Delivered,2024-09-11 14:43:04
S001607,O003251,Pickup,2024-11-27 19:48:46
S001608,O000001,In Transit,2025-02-10 15:56:46
S001609,O000559,Pickup,2024-02-08 10:44:51
S001610,O010816,Delivered,2024-06-05 12:56:52
S001611,O007990,Pickup,2025-01-05 22:44:48
S001612,O008689,Out for Delivery,2024-01-18 07:37:54
S001613,O014680,Delivered,2024-09-24 21:31:50
S001614,O006416,Out for Delivery,2025-05-26 03:15:17
S001615,O011976,Out for Delivery,2024-06-25 15:02:06
S001616,O003157,Out for Delivery,2025-02-18 17:48:00
S001617,O000256,Delivered,2025-09-23 11:47:21
S001618,O007309,Pickup,2024-06-16 15:18:22
S001619,O009050,In Transit,2024-02-24 04:54:33
S001620,O006693,Delivered,2024-12-09 03:12:51
S001621,O016690,Pickup,2025-05-06 12:38:57
S001622,O011390,In Transit,2024-01-28 19:18:05
S001623,O003865,Delivered,2024-08-09 14:06:22
S001624,O011850,In Transit,2025-05-15 19:11:40
S001625,O019810,Pickup,2025-10-05 20:18:39
S001626,O016123,In Transit,2024-05-04 01:19:40
S001627,O005602,Pickup,2024-05-19 01:12:38
S001628,O013564,Pickup,2024-04-22 04:52:58
S001629,O005987,In Transit,2024-11-21 13:07:45
S001630,O001590,In Transit,2025-09-02 06:11:19
S001631,O000422,Out for Delivery,2025-06-06 22:13:37
S001632,O016887,In Transit,2024-02-20 00:40:37
S001633,O003769,Delivered,2024-07-07 06:14:22
S001634,O018173,Out for Delivery,2025-08-19 02:49:33
S001635,O007622,Out for Delivery,2025-12-30 07:30:59
S001636,O011336,In Transit,2024-03-01 01:38:04
S001637,O018584,Pickup,2025-06-07 06:52:54
S001638,O011926,Delivered,2024-05-16 14:47:27
S001639,O000441,In Transit,2024-05-17 02:41:56
S001640,O013775,Delivered,2024-12-11 07:36:57
S001641,O008342,In Transit,2024-03-14 23:34:34
S001642,O015640,Pickup,2024-10-09 06:48:41
S001643,O005125,In Transit,2024-05-29 10:57:11
S001644,O019964,Delivered,2024-03-30 06:25:26
S001645,O003589,Delivered,2024-01-24 09:59:07
S001646,O018934,Delivered,2025-02-27 23:19:20
S001647,O007497,In Transit,2024-07-10 11:44:21
S001648,O012932,Out for Delivery,2025-12-02 01:13:50
S001649,O002489,Pickup,2024-01-04 14:20:27
S001650,O005445,Pickup,2025-05-13 17:18:25
S001651,O009356,Delivered,2025-01-28 03:01:08
S001652,O012157,Out for Delivery,2025-04-23 00:19:22
S001653,O005509,Delivered,2024-10-10 10:24:16
S001654,O003159,Out for Delivery,2024-11-03 11:07:39
S001655,O009089,Out for Delivery,2024-02-28 14:56:08
S001656,O014767,Delivered,2025-09-28 03:08:38
S001657,O012799,In Transit,2025-02-19 15:02:12
S001658,O011592,Pickup,2024-05-19 17:30:26
S001659,O011533,Delivered,2024-01-04 04:07:51
S001660,O007319,In Transit,2024-08-17 17:43:14
S001661,O010150,In Transit,2024-11-16 17:27:15
S001662,O008859,Pickup,2025-07-14 01:46:33
S001663,O006466,Out for Delivery,2024-10-18 14:23:40
S001664,O018652,Delivered,2024-09-10 23:41:35
S001665,O012306,Out for Delivery,2024-05-15 06:07:01
S001666,O011555,Pickup,2024-11-01 11:10:22
S001667,O006652,Pickup,2024-01-19 13:05:15
S001668,O016996,Pickup,2024-01-06 22:19:12
S001669,O000707,Pickup,2024-12-29 10:59:32
S001670,O012515,Out for Delivery,2024-04-23 12:04:53
S001671,O005382,Delivered,2024-07-07 02:12:57
S001672,O019679,In Transit,2025-02-15 22:46:16
S001673,O018821,Out for Delivery,2024-07-08 23:33:19
S001674,O004511,Pickup,2025-05-03 06:13:46
S001675,O003770,Out for Delivery,2025-10-20 15:30:14
S001676,O005726,Pickup,2025-01-13 15:34:29
S001677,O004225,Delivered,2024-08-31 17:13:04
S001678,O011817,Pickup,2025-11-13 18:30:36
S001679,O014750,Out for Delivery,2024-10-14 06:16:50
S001680,O005113,Out for Delivery,2024-12-16 15:50:58
S001681,O010587,Out for Delivery,2024-10-15 03:17:56
S001682,O008399,Pickup,2024-07-20 00:52:17
S001683,O005133,Out for Delivery,2024-12-26 06:23:06
S001684,O019041,In Transit,2024-03-09 20:44:01
S001685,O016585,Out for Delivery,2025-11-13 18:25:29
S001686,O009992,Out for Delivery,2025-12-08 21:55:51
S001687,O013414,Out for Delivery,2025-06-17 17:10:57
S001688,O019130,Pickup,2025-04-22 18:22:36
S001689,O003213,Out for Delivery,2024-12-09 22:35:49
S001690,O004956,Delivered,2024-12-19 15:03:46
S001691,O008489,In Transit,2024-04-29 11:41:18
S001692,O003587,Delivered,2024-12-16 15:52:28
S001693,O016718,In Transit,2024-07-17 22:50:33
S001694,O019419,Delivered,2024-01-19 06:10:04
S001695,O013680,Out for Delivery,2025-03-27 02:54:33
S001696,O002563,Out for Delivery,2024-02-24 14:42:30
S001697,O002535,Pickup,2024-08-12 12:27:26
S001698,O018422,In Transit,2024-07-19 23:52:21
S001699,O018033,In Transit,2024-11-01 15:14:52
S001700,O000903,Delivered,2025-12-20 17:36:04
S001701,O014291,Out for Delivery,2025-01-11 18:00:54
S001702,O009806,Delivered,2024-04-29 08:36:17
S001703,O017166,Delivered,2025-12-16 11:36:56
S001704,O000339,In Transit,2024-05-02 23:19:13
S001705,O010762,In Transit,2024-12-12 07:39:17
S001706,O007267,Pickup,2025-05-19 06:30:12
S001707,O016905,In Transit,2024-06-28 02:41:32
S001708,O003006,Delivered,2025-01-08 14:40:41
S001709,O003929,Out for Delivery,2025-12-23 03:41:56
S001710,O012660,Delivered,2025-07-09 13:30:42
S001711,O011151,In Transit,2024-07-04 06:50:05
S001712,O009547,Delivered,2025-03-13 04:14:55
S001713,O002684,Pickup,2025-03-11 18:00:48
S001714,O011160,Pickup,2025-08-16 06:05:12
S001715,O007782,In Transit,2024-12-03 18:00:31
S001716,O005192,In Transit,2024-11-30 15:28:05
S001717,O007044,Out for Delivery,2025-08-30 18:54:07
S001718,O011800,Out for Delivery,2024-10-11 05:20:18
S001719,O008435,Out for Delivery,2025-04-16 21:31:50
S001720,O013615,Out for Delivery,2024-11-26 06:45:40
S001721,O011179,In Transit,2025-04-28 05:08:08
S001722,O018131,Out for Delivery,2024-09-16 13:34:38
S001723,O008069,Delivered,2025-05-28 16:24:57
S001724,O016858,Delivered,2025-02-13 10:41:55
S001725,O002259,Pickup,2025-01-18 07:24:20
S001726,O010141,Delivered,2024-01-18 23:30:22
S001727,O007396,Pickup,2025-04-08 08:26:58
S001728,O014857,In Transit,2025-07-21 08:45:13
S001729,O015534,Delivered,2025-09-17 00:56:10
S001730,O017719,Pickup,2024-08-29 23:16:41
S001731,O013514,Pickup,2024-11-11 15:26:33
S001732,O014895,Delivered,2024-05-08 01:38:57
S001733,O014053,Pickup,2025-12-07 12:32:17
S001734,O007418,Pickup,2025-08-13 03:03:34
S001735,O016843,Pickup,2024-06-28 11:38:48
S001736,O018407,In Transit,2024-03-12 02:35:50
S001737,O004416,Pickup,2025-08-19 05:50:53
S001738,O014892,Out for Delivery,2024-08-27 20:29:12
S001739,O010491,Out for Delivery,2025-01-28 07:10:14
S001740,O014682,Pickup,2024-11-27 16:08:19
S001741,O000789,Delivered,2024-05-25 04:03:37
S001742,O016056,Pickup,2024-03-10 08:59:51
S001743,O017707,Delivered,2024-09-03 11:30:39
S001744,O013649,Pickup,2024-11-21 15:11:00
S001745,O001278,Pickup,2024-07-11 21:19:17
S001746,O006984,In Transit,2025-10-08 08:15:19
S001747,O013689,Pickup,2025-12-05 14:48:24
S001748,O015182,Delivered,2025-11-18 08:14:24
S001749,O016586,Pickup,2025-05-15 15:10:42
S001750,O013351,In Transit,2024-07-01 16:20:38
S001751,O018645,Out for Delivery,2025-12-08 06:11:37
S001752,O008079,In Transit,2025-09-22 06:54:30
S001753,O006755,Pickup,2024-06-04 11:38:34
S001754,O009627,Pickup,2024-03-23 05:31:43
S001755,O008530,Pickup,2025-02-17 09:05:27
S001756,O001396,Pickup,2024-12-06 20:52:05
S001757,O005722,Pickup,2025-10-16 17:58:50
S001758,O019412,Delivered,2024-03-31 17:38:30
S001759,O014589,Pickup,2024-01-13 07:48:37
S001760,O015774,Pickup,2024-06-30 02:43:59
S001761,O017098,In Transit,2024-02-26 00:18:11
S001762,O011856,In Transit,2025-06-25 11:58:19
S001763,O011730,Delivered,2025-03-13 11:01:15
S001764,O013701,Pickup,2024-10-23 08:41:34
S001765,O009971,Pickup,2025-06-07 04:10:56
S001766,O007706,Delivered,2025-01-04 22:40:40
S001767,O012704,Delivered,2025-08-12 22:39:54
S001768,O014535,Out for Delivery,2024-05-07 01:21:15
S001769,O001872,Delivered,2024-04-09 21:24:23
S001770,O019285,Out for Delivery,2025-04-28 00:49:27
S001771,O014490,In Transit,2025-04-26 02:39:10
S001772,O006691,Out for Delivery,2025-09-02 17:30:16
S001773,O015913,In Transit,2024-06-29 17:28:17
S001774,O004169,Pickup,2024-03-01 00:18:23
S001775,O016098,Pickup,2024-02-17 17:02:33
S001776,O000051,Pickup,2025-11-10 17:45:18
S001777,O015230,Delivered,2025-07-31 00:27:16
S001778,O001014,Out for Delivery,2025-01-13 19:02:03
S001779,O010866,Pickup,2025-11-21 06:48:52
S001780,O019163,Delivered,2025-12-26 12:50:28
S001781,O007806,Out for Delivery,2025-02-04 09:40:43
S001782,O001339,Delivered,2024-08-24 00:56:05
S001783,O016297,Pickup,2025-12-10 13:02:16
S001784,O005530,In Transit,2025-03-30 21:51:00
S001785,O004432,Out for Delivery,2025-02-07 05:41:43
S001786,O005722,In Transit,2025-09-26 09:46:27
S001787,O004728,Out for Delivery,2025-11-30 01:18:22
S001788,O008673,In Transit,2025-10-10 11:32:55
S001789,O011118,Delivered,2024-10-10 14:18:33
S001790,O017984,Out for Delivery,2025-10-23 12:58:13
S001791,O010983,Out for Delivery,2025-01-06 02:26:39
S001792,O013302,Out for Delivery,2024-11-06 08:52:40
S001793,O008353,Pickup,2025-04-14 10:11:06
S001794,O019316,Delivered,2025-10-15 08:32:27
S001795,O017751,In Transit,2025-08-22 00:04:55
S001796,O011664,In Transit,2025-08-28 05:32:47
S001797,O010078,In Transit,2025-11-27 07:19:28
S001798,O004538,Pickup,2024-07-16 07:06:49
S001799,O013891,In Transit,2024-01-20 22:06:28
S001800,O012043,In Transit,2024-09-21 09:26:07
S001801,O002397,Pickup,2025-10-28 23:05:40
S001802,O007500,Out for Delivery,2025-10-06 08:10:08
S001803,O012344,Pickup,2024-10-20 19:56:59
S001804,O003477,Out for Delivery,2025-10-26 14:54:49
S001805,O008248,In Transit,2024-05-01 07:01:33
S001806,O016497,Pickup,2025-10-25 02:39:41
S001807,O010769,Pickup,2025-03-26 07:10:50
S001808,O010564,Out for Delivery,2025-03-24 18:26:12
S001809,O006561,Delivered,2025-04-15 15:07:52
S001810,O019541,Pickup,2025-07-21 04:14:27
S001811,O015680,Pickup,2024-09-08 09:16:05
S001812,O005947,Pickup,2024-10-04 15:24:20
S001813,O007350,Delivered,2025-06-28 00:45:42
S001814,O007040,Out for Delivery,2024-01-07 21:32:34
S001815,O004536,Out for Delivery,2025-04-13 01:54:09
S001816,O002252,Delivered,2024-07-18 08:15:35
S001817,O018776,Out for Delivery,2024-02-28 09:57:19
S001818,O004379,Delivered,2025-11-03 13:54:17
S001819,O007711,Pickup,2024-12-01 17:31:10
S001820,O008450,In Transit,2025-05-16 23:36:10
S001821,O015461,Pickup,2025-02-20 04:42:30
S001822,O002744,Pickup,2025-06-25 09:06:38
S001823,O016052,Out for Delivery,2024-06-16 11:07:24
S001824,O009262,In Transit,2024-04-04 12:04:06
S001825,O007380,In Transit,2025-12-23 23:07:19
S001826,O016693,In Transit,2024-12-11 04:45:36
S001827,O008185,Out for Delivery,2025-03-31 12:40:53
S001828,O015504,Delivered,2025-03-14 12:09:01
S001829,O016538,Delivered,2024-03-03 22:51:09
S001830,O003017,In Transit,2024-05-17 11:38:26
S001831,O016689,In Transit,2024-12-10 16:53:35
S001832,O018369,In Transit,2024-12-23 06:23:38
S001833,O008648,Out for Delivery,2024-03-15 23:27:53
S001834,O003520,Pickup,2024-03-19 10:53:54
S001835,O008405,Out for Delivery,2025-03-11 17:34:23
S001836,O006227,In Transit,2024-09-26 14:55:29
S001837,O001274,In Transit,2024-06-12 07:07:21
S001838,O001192,Pickup,2025-04-24 11:38:22
S001839,O007150,Pickup,2024-05-10 11:58:13
S001840,O003891,Out for Delivery,2024-10-04 07:32:37
S001841,O002645,Out for Delivery,2024-02-12 22:22:18
S001842,O001856,Delivered,2025-07-23 09:06:04
S001843,O001975,In Transit,2024-08-13 11:51:41
S001844,O003502,Out for Delivery,2025-08-21 05:51:26
S001845,O006837,Delivered,2025-05-18 09:42:07
S001846,O019448,In Transit,2024-05-22 22:55:12
S001847,O012339,Out for Delivery,2024-11-30 11:52:03
S001848,O017554,Out for Delivery,2025-08-12 07:16:23
S001849,O012578,Out for Delivery,2025-11-21 09:41:38
S001850,O019371,Pickup,2024-04-04 20:38:06
S001851,O004238,In Transit,2025-10-19 08:33:01
S001852,O000876,In Transit,2025-01-08 17:34:56
S001853,O003952,Delivered,2025-10-29 15:23:36
S001854,O003503,In Transit,2025-04-26 20:12:43
S001855,O001613,Pickup,2024-11-29 16:50:15
S001856,O012061,Delivered,2024-07-09 19:30:59
S001857,O000147,Out for Delivery,2024-12-19 19:12:32
S001858,O009901,Out for Delivery,2025-06-10 14:34:27
S001859,O005204,Delivered,2024-07-23 03:25:27
S001860,O006332,Out for Delivery,2024-04-15 00:17:15
S001861,O009723,Delivered,2025-05-03 14:41:40
S001862,O005058,Pickup,2025-03-02 12:50:29
S001863,O012713,Out for Delivery,2024-12-16 06:13:18
S001864,O000246,Pickup,2025-08-15 06:39:30
S001865,O011319,Delivered,2024-10-22 21:09:11
S001866,O016553,In Transit,2025-02-16 18:31:31
S001867,O003899,Delivered,2024-09-02 14:37:30
S001868,O013802,In Transit,2025-10-02 06:23:42
S001869,O016897,In Transit,2024-10-25 08:57:33
S001870,O016633,Delivered,2024-02-02 16:00:11
S001871,O004296,Delivered,2024-08-31 23:09:20
S001872,O008522,In Transit,2025-09-19 23:10:14
S001873,O010264,Pickup,2025-01-11 15:31:41
S001874,O018329,Delivered,2025-02-20 20:20:23
S001875,O017674,Pickup,2024-10-25 10:22:51
S001876,O001591,Out for Delivery,2024-08-17 22:32:53
S001877,O013996,Delivered,2024-02-02 21:26:41
S001878,O005938,Pickup,2024-08-12 11:05:10
S001879,O007626,Pickup,2025-04-13 06:29:03
S001880,O006380,Pickup,2025-04-27 21:47:51
S001881,O004122,Delivered,2025-03-29 09:31:22
S001882,O016079,Delivered,2025-12-17 05:15:06
S001883,O012548,In Transit,2025-03-25 23:48:15
S001884,O014162,Out for Delivery,2024-11-29 10:02:20
S001885,O004441,Delivered,2024-09-14 23:38:56
S001886,O012372,In Transit,2025-07-08 02:24:35
S001887,O000521,Pickup,2024-06-03 10:43:48
S001888,O006017,Pickup,2024-05-28 05:46:46
S001889,O009572,In Transit,2024-03-14 17:35:21
S001890,O013090,Pickup,2024-08-07 00:01:53
S001891,O018004,Pickup,2024-12-30 12:44:38
S001892,O011012,Out for Delivery,2024-04-16 06:57:59
S001893,O013957,In Transit,2024-01-13 03:22:31
S001894,O000486,Pickup,2025-06-06 13:52:31
S001895,O008837,Pickup,2024-06-11 23:52:54
S001896,O019902,Delivered,2025-06-07 04:51:11
S001897,O002768,In Transit,2024-12-24 03:01:34
S001898,O004290,Delivered,2025-02-18 11:05:49
S001899,O002074,Pickup,2024-11-08 10:47:17
S001900,O003048,Delivered,2024-10-04 15:13:32
S001901,O002655,In Transit,2024-03-08 16:40:44
S001902,O002260,Delivered,2024-04-10 10:32:22
S001903,O019384,Pickup,2024-11-04 01:09:16
S001904,O003141,Delivered,2024-01-15 02:43:39
S001905,O010728,Pickup,2024-06-12 17:27:45
S001906,O000678,Pickup,2024-03-12 06:20:18
S001907,O016594,In Transit,2025-06-12 21:59:42
S001908,O002443,Pickup,2025-08-03 05:02:46
S001909,O019099,In Transit,2025-11-26 07:05:17
S001910,O009714,In Transit,2024-01-16 16:14:01
S001911,O004208,Pickup,2025-09-24 04:26:52
S001912,O014258,Out for Delivery,2024-06-28 01:03:43
S001913,O019127,Delivered,2024-10-20 01:22:38
S001914,O000988,Delivered,2024-07-19 20:09:25
S001915,O014962,Out for Delivery,2025-05-03 09:14:17
S001916,O019612,In Transit,2024-10-29 21:57:03
S001917,O018734,Pickup,2024-02-23 09:03:20
S001918,O002562,Pickup,2025-02-18 09:08:47
S001919,O001288,Pickup,2024-03-25 22:10:31
S001920,O000182,Delivered,2024-07-27 00:32:44
S001921,O000780,Out for Delivery,2024-02-26 03:55:22
S001922,O018373,Out for Delivery,2025-12-29 23:05:33
S001923,O016615,In Transit,2025-10-16 00:37:22
S001924,O007510,Out for Delivery,2024-03-27 12:46:53
S001925,O001566,In Transit,2024-05-27 17:40:13
S001926,O013334,Pickup,2025-01-05 16:26:19
S001927,O011238,Delivered,2024-02-28 15:56:01
S001928,O017385,Out for Delivery,2025-09-09 22:08:44
S001929,O001167,Delivered,2025-05-02 18:54:34
S001930,O017310,Out for Delivery,2024-12-12 23:20:03
S001931,O017223,Pickup,2024-07-14 15:39:40
S001932,O019214,Pickup,2025-06-01 16:23:08
S001933,O006910,Delivered,2025-07-29 02:32:03
S001934,O014000,Delivered,2024-09-04 00:59:34
S001935,O004372,Pickup,2025-09-17 16:26:00
S001936,O005554,Pickup,2025-11-02 21:13:26
S001937,O013267,In Transit,2025-05-27 03:30:15
S001938,O009736,Out for Delivery,2024-11-07 16:27:55
S001939,O018462,Delivered,2024-09-15 21:25:13
S001940,O008213,In Transit,2025-12-13 08:22:45
S001941,O002685,In Transit,2024-11-24 16:02:27
S001942,O001483,In Transit,2025-08-09 17:52:11
S001943,O001420,Pickup,2024-05-28 00:14:54
S001944,O002032,Out for Delivery,2024-08-05 01:12:11
S001945,O006215,Out for Delivery,2024-04-22 21:32:52
S001946,O017004,Pickup,2024-10-23 03:35:46
S001947,O019390,In Transit,2024-01-28 23:44:25
S001948,O001827,Delivered,2025-06-08 16:38:03
S001949,O012063,Delivered,2024-08-27 07:08:45
S001950,O014301,Pickup,2024-04-13 17:42:27
S001951,O002008,Pickup,2025-02-13 05:27:33
S001952,O005664,Delivered,2025-09-04 16:27:56
S001953,O008077,In Transit,2025-01-25 03:06:32
S001954,O015096,Delivered,2025-05-30 14:58:37
S001955,O013139,Pickup,2025-07-05 23:35:35
S001956,O001110,Delivered,2024-12-14 02:07:55
S001957,O001146,In Transit,2025-06-01 11:47:22
S001958,O003717,Out for Delivery,2024-07-20 10:32:10
S001959,O012776,Out for Delivery,2024-04-29 01:47:13
S001960,O001516,In Transit,2025-04-10 04:01:24
S001961,O007932,Out for Delivery,2024-10-14 14:01:17
S001962,O002005,Out for Delivery,2024-03-20 04:51:21
S001963,O016546,Out for Delivery,2025-06-08 16:52:06
S001964,O019211,Delivered,2025-02-18 12:59:02
S001965,O014063,Delivered,2025-06-20 11:59:31
S001966,O004362,In Transit,2024-03-17 16:25:17
S001967,O014575,Pickup,2024-01-07 14:36:04
S001968,O010111,Out for Delivery,2024-01-23 03:58:52
S001969,O016153,Out for Delivery,2024-12-17 15:54:13
S001970,O018833,Pickup,2025-04-02 08:56:53
S001971,O004392,In Transit,2024-11-26 15:36:13
S001972,O005390,Out for Delivery,2024-09-07 01:01:26
S001973,O016471,Out for Delivery,2024-12-11 14:28:07
S001974,O000274,Delivered,2025-07-09 04:26:25
S001975,O003493,Delivered,2025-08-24 21:17:12
S001976,O014169,In Transit,2025-11-13 04:43:18
S001977,O003814,Delivered,2024-11-22 01:54:04
S001978,O004747,Pickup,2024-08-04 20:05:40
S001979,O013928,Out for Delivery,2024-07-09 11:24:34
S001980,O016347,Out for Delivery,2025-04-12 01:29:13
S001981,O000131,Pickup,2025-03-29 05:58:56
S001982,O005282,Delivered,2024-10-22 01:34:52
S001983,O004170,Out for Delivery,2024-11-25 10:42:05
S001984,O009165,Delivered,2025-06-21 15:26:44
S001985,O018438,Pickup,2024-12-23 08:49:18
S001986,O014950,Pickup,2025-01-03 04:46:12
S001987,O012371,In Transit,2025-03-25 02:38:45
S001988,O018972,Pickup,2025-11-20 22:17:57
S001989,O013925,Pickup,2025-07-02 07:47:05
S001990,O002564,Pickup,2024-06-09 03:06:14
S001991,O017725,In Transit,2024-10-04 07:49:45
S001992,O015173,Pickup,2025-04-29 11:21:02
S001993,O005897,In Transit,2024-11-25 11:09:39
S001994,O003279,Pickup,2024-05-20 06:05:49
S001995,O006171,Out for Delivery,2025-04-16 07:35:27
S001996,O007102,Delivered,2025-10-03 10:09:18
S001997,O012713,Out for Delivery,2024-03-16 03:13:08
S001998,O012646,Delivered,2025-06-30 21:00:09
S001999,O001779,Pickup,2025-02-09 10:39:04
S002000,O011232,Out for Delivery,2024-07-24 04:24:44
S002001,O014639,Pickup,2025-01-27 07:27:28
S002002,O005282,Delivered,2025-03-17 03:26:11
S002003,O018422,Delivered,2024-03-24 00:19:51
S002004,O005668,In Transit,2024-11-04 01:19:28
S002005,O009074,Delivered,2025-11-25 05:58:05
S002006,O019809,Delivered,2024-10-28 09:58:41
S002007,O011652,Out for Delivery,2024-12-31 12:11:55
S002008,O008764,In Transit,2025-08-27 02:26:16
S002009,O018440,In Transit,2024-09-15 10:52:16
S002010,O012378,Pickup,2024-01-23 17:12:57
S002011,O000729,Pickup,2024-01-17 00:44:36
S002012,O003616,Pickup,2024-03-25 21:45:46
S002013,O009502,Pickup,2024-09-18 17:58:36
S002014,O016076,Delivered,2024-10-20 14:12:09
S002015,O010427,Pickup,2024-11-30 11:25:05
S002016,O005445,Pickup,2025-08-15 14:54:53
S002017,O002266,In Transit,2024-04-26 21:18:10
S002018,O012249,Out for Delivery,2025-05-05 17:05:22
S002019,O001593,In Transit,2025-06-04 02:19:49
S002020,O010238,Pickup,2025-12-22 04:26:35
S002021,O002028,Out for Delivery,2024-04-10 01:41:23
S002022,O000541,Pickup,2024-07-19 13:47:26
S002023,O015800,Out for Delivery,2024-05-28 16:48:32
S002024,O017909,Out for Delivery,2025-01-05 18:31:57
S002025,O000253,Pickup,2024-01-08 21:08:33
S002026,O004019,Pickup,2024-04-03 13:44:51
S002027,O017480,Delivered,2025-03-09 22:38:55
S002028,O016514,Delivered,2025-01-31 08:30:16
S002029,O007748,In Transit,2025-11-11 00:27:08
S002030,O003263,Delivered,2024-05-18 00:22:50
S002031,O007765,Out for Delivery,2025-02-28 08:38:26
S002032,O010112,Pickup,2025-03-18 00:08:24
S002033,O007884,In Transit,2025-12-05 13:33:00
S002034,O008485,In Transit,2025-09-03 02:54:43
S002035,O004487,Delivered,2024-12-23 13:15:34
S002036,O001393,In Transit,2025-05-01 12:46:45
S002037,O005610,In Transit,2024-11-26 17:28:25
S002038,O012221,Delivered,2024-12-03 23:42:42
S002039,O018610,In Transit,2024-02-08 17:16:58
S002040,O010306,Delivered,2025-12-29 04:02:28
S002041,O008976,Out for Delivery,2025-06-10 22:35:35
S002042,O009982,Delivered,2024-04-04 18:54:56
S002043,O001091,Delivered,2025-07-10 03:14:54
S002044,O014736,Delivered,2025-05-29 01:03:23
S002045,O006374,In Transit,2025-02-21 10:27:37
S002046,O015408,Out for Delivery,2025-02-13 08:00:50
S002047,O015300,Delivered,2025-06-06 08:55:49
S002048,O005539,Pickup,2024-01-06 14:38:11
S002049,O010911,Pickup,2025-11-28 23:31:57
S002050,O006517,Delivered,2025-06-20 20:44:41
S002051,O017946,In Transit,2025-08-18 19:07:48
S002052,O007352,In Transit,2025-06-25 01:24:36
S002053,O001306,Out for Delivery,2025-09-10 16:50:46
S002054,O016727,Pickup,2024-12-25 01:47:30
S002055,O005922,In Transit,2024-04-20 01:21:31
S002056,O008535,In Transit,2025-12-26 22:13:45
S002057,O009924,Delivered,2024-08-13 07:47:22
S002058,O009490,In Transit,2025-01-26 20:53:15
S002059,O006049,In Transit,2024-09-09 19:33:09
S002060,O002969,Pickup,2025-06-09 18:44:46
S002061,O017136,Out for Delivery,2025-04-19 00:18:10
S002062,O015785,Pickup,2024-07-14 16:36:08
S002063,O012129,In Transit,2024-07-16 14:27:59
S002064,O018280,Out for Delivery,2024-01-17 06:12:58
S002065,O009552,Pickup,2024-09-22 08:26:47
S002066,O012231,Pickup,2025-10-22 07:01:42
S002067,O001887,Pickup,2024-06-21 16:35:11
S002068,O010743,Pickup,2025-01-08 16:31:19
S002069,O000926,Out for Delivery,2024-02-20 02:37:24
S002070,O001214,In Transit,2024-10-17 17:36:54
S002071,O000458,In Transit,2024-04-18 06:26:56
S002072,O004630,Pickup,2025-12-25 06:15:09
S002073,O014641,Out for Delivery,2025-06-13 04:46:50
S002074,O017507,Delivered,2024-01-22 10:11:42
S002075,O011303,In Transit,2025-11-18 23:00:45
S002076,O005949,In Transit,2025-04-15 18:18:34
S002077,O012619,In Transit,2025-11-08 04:32:38
S002078,O012353,In Transit,2025-07-23 02:38:25
S002079,O015954,Pickup,2024-08-24 00:32:44
S002080,O018720,Delivered,2024-01-31 22:52:54
S002081,O014831,Out for Delivery,2024-12-25 13:33:18
S002082,O006458,Out for Delivery,2025-11-13 17:22:17
S002083,O014424,Delivered,2024-12-28 14:32:26
S002084,O010643,Delivered,2024-08-27 12:03:34
S002085,O014267,Out for Delivery,2024-04-18 10:51:13
S002086,O004652,Delivered,2025-03-27 17:14:46
S002087,O017211,In Transit,2024-09-03 16:08:27
S002088,O002891,Pickup,2024-09-27 14:03:33
S002089,O012564,In Transit,2025-07-23 23:39:02
S002090,O004267,Out for Delivery,2024-12-20 17:01:55
S002091,O007485,Delivered,2025-10-02 06:16:02
S002092,O004663,In Transit,2025-12-03 15:42:22
S002093,O006783,Pickup,2025-01-10 21:38:14
S002094,O001498,Delivered,2025-08-12 05:29:54
S002095,O008534,Delivered,2025-06-30 20:50:03
S002096,O018746,Out for Delivery,2024-03-23 18:51:51
S002097,O008379,Delivered,2024-01-04 09:36:41
S002098,O014339,In Transit,2025-06-24 16:03:44
S002099,O017717,Delivered,2024-12-08 09:10:52
S002100,O012856,Delivered,2024-03-26 02:07:27
S002101,O017300,Delivered,2024-07-21 14:09:51
S002102,O009867,Pickup,2025-08-03 20:16:58
S002103,O019008,Out for Delivery,2024-12-18 13:12:52
S002104,O006287,Pickup,2024-08-28 06:03:14
S002105,O011907,In Transit,2024-10-24 00:22:12
S002106,O018934,In Transit,2025-03-03 01:45:54
S002107,O007620,Pickup,2024-03-03 01:47:08
S002108,O011710,Delivered,2024-03-11 22:45:28
S002109,O009664,Delivered,2025-11-11 03:59:37
S002110,O011624,Delivered,2024-10-28 12:32:05
S002111,O013862,In Transit,2024-04-05 04:54:33
S002112,O017610,Out for Delivery,2024-08-08 03:11:57
S002113,O002044,Delivered,2025-11-01 22:17:07
S002114,O019918,Delivered,2025-04-12 12:12:42
S002115,O000940,In Transit,2024-06-27 00:05:55
S002116,O017264,Out for Delivery,2024-06-05 14:42:19
S002117,O005456,Pickup,2024-09-18 23:51:04
S002118,O014616,In Transit,2024-02-25 09:09:38
S002119,O016240,In Transit,2024-02-22 21:36:50
S002120,O016828,Pickup,2025-05-05 22:34:32
S002121,O018786,Pickup,2025-08-11 20:34:20
S002122,O004195,Out for Delivery,2024-03-03 23:20:40
S002123,O014149,Out for Delivery,2024-08-18 00:08:25
S002124,O019626,Out for Delivery,2025-08-15 13:22:38
S002125,O007400,Delivered,2025-12-25 20:22:05
S002126,O018574,Delivered,2025-11-17 20:55:21
S002127,O013893,Out for Delivery,2025-10-31 16:11:26
S002128,O017626,In Transit,2025-10-30 09:28:24
S002129,O018719,Out for Delivery,2024-01-16 10:47:57
S002130,O004761,Delivered,2025-11-21 03:13:39
S002131,O019589,Out for Delivery,2024-02-06 07:16:07
S002132,O014021,Out for Delivery,2025-12-18 21:32:52
S002133,O010165,Out for Delivery,2024-02-04 16:21:04
S002134,O018238,Pickup,2025-10-31 19:43:59
S002135,O008322,In Transit,2025-07-22 10:09:07
S002136,O007503,In Transit,2025-11-28 09:56:55
S002137,O004802,In Transit,2025-05-30 11:21:54
S002138,O000969,Out for Delivery,2024-06-24 02:14:26
S002139,O015788,Delivered,2025-01-08 05:57:28
S002140,O003653,Pickup,2024-07-29 19:23:45
S002141,O007252,Out for Delivery,2024-09-13 23:05:10
S002142,O006304,Out for Delivery,2025-04-27 20:25:10
S002143,O015746,Delivered,2024-09-28 22:53:48
S002144,O007256,Delivered,2025-08-14 22:20:47
S002145,O002192,Delivered,2025-09-22 07:33:41
S002146,O000470,In Transit,2025-09-11 18:05:21
S002147,O005855,In Transit,2024-11-23 00:50:12
S002148,O015479,Out for Delivery,2024-07-03 01:08:16
S002149,O004987,In Transit,2024-05-24 05:02:25
S002150,O013513,Delivered,2025-06-19 02:26:57
S002151,O002705,Delivered,2025-06-12 06:17:06
S002152,O016271,Pickup,2025-08-05 15:33:41
S002153,O016106,Delivered,2024-05-05 14:45:56
S002154,O014490,Pickup,2024-03-30 09:53:32
S002155,O018575,In Transit,2024-11-16 17:43:52
S002156,O014967,Pickup,2024-07-31 23:28:44
S002157,O003774,Pickup,2025-06-29 15:19:46
S002158,O018113,In Transit,2024-06-12 23:50:31
S002159,O011587,Out for Delivery,2025-10-15 14:54:58
S002160,O019313,Out for Delivery,2024-09-29 17:26:50
S002161,O002254,Delivered,2024-03-25 09:12:48
S002162,O007067,In Transit,2025-01-30 07:27:20
S002163,O007407,Out for Delivery,2024-12-05 18:36:01
S002164,O013196,Delivered,2024-05-08 23:32:17
S002165,O007425,Pickup,2024-03-08 10:43:39
S002166,O006327,Out for Delivery,2024-07-11 21:18:32
S002167,O019580,Delivered,2025-03-07 09:01:06
S002168,O007967,In Transit,2025-05-31 20:55:49
S002169,O007434,In Transit,2024-04-02 12:38:56
S002170,O019560,Out for Delivery,2024-03-23 09:12:33
S002171,O011712,Delivered,2024-07-11 22:06:55
S002172,O019586,Delivered,2025-03-17 05:53:16
S002173,O004937,Delivered,2025-12-24 18:45:16
S002174,O009733,Out for Delivery,2024-07-31 06:16:50
S002175,O010486,Delivered,2025-02-06 23:24:40
S002176,O012096,Out for Delivery,2024-08-04 08:29:22
S002177,O012703,Delivered,2025-07-12 13:10:40
S002178,O002198,In Transit,2025-11-25 06:51:40
S002179,O017468,Delivered,2025-10-24 05:52:56
S002180,O010014,Out for Delivery,2024-08-05 08:53:32
S002181,O000474,Delivered,2024-07-26 01:05:02
S002182,O015595,Pickup,2024-12-04 10:37:09
S002183,O002920,Delivered,2024-12-02 21:54:21
S002184,O015380,Out for Delivery,2024-10-23 21:20:29
S002185,O012148,Delivered,2024-11-23 20:35:51
S002186,O014218,Out for Delivery,2025-06-10 15:26:04
S002187,O006621,Delivered,2024-01-20 14:49:04
S002188,O000114,In Transit,2025-12-14 18:54:15
S002189,O007369,Delivered,2025-01-25 15:30:17
S002190,O014246,In Transit,2025-11-02 07:39:09
S002191,O008867,Delivered,2024-07-25 09:48:55
S002192,O014782,Out for Delivery,2025-12-13 17:58:54
S002193,O001749,In Transit,2024-03-14 11:20:39
S002194,O008191,Pickup,2024-02-25 06:55:48
S002195,O016043,Out for Delivery,2024-12-17 14:30:50
S002196,O006045,Out for Delivery,2025-01-15 07:43:56
S002197,O013219,In Transit,2024-09-08 06:42:44
S002198,O017088,Delivered,2025-12-22 08:05:19
S002199,O005728,Out for Delivery,2025-02-04 09:55:31
S002200,O014887,Pickup,2025-10-20 22:09:48
S002201,O007283,In Transit,2024-04-18 23:11:15
S002202,O008915,Out for Delivery,2024-07-26 05:36:56
S002203,O013042,Pickup,2025-12-21 09:51:18
S002204,O014806,In Transit,2025-03-07 05:58:00
S002205,O000016,Out for Delivery,2025-06-04 21:36:29
S002206,O002389,Delivered,2024-07-27 19:29:13
S002207,O018571,Pickup,2025-01-13 14:53:59
S002208,O015596,In Transit,2025-09-23 00:22:23
S002209,O019692,Out for Delivery,2024-09-29 02:30:29
S002210,O015035,In Transit,2025-09-21 08:53:42
S002211,O011016,In Transit,2025-04-15 16:36:14
S002212,O012230,In Transit,2024-06-09 18:05:21
S002213,O015706,Pickup,2024-04-15 21:30:33
S002214,O017585,Out for Delivery,2024-06-27 21:44:53
S002215,O001635,Pickup,2025-07-29 06:40:47
S002216,O008579,In Transit,2024-08-03 15:30:33
S002217,O003115,Delivered,2024-04-23 04:03:30
S002218,O011091,Delivered,2025-08-25 05:11:32
S002219,O003826,Pickup,2025-08-25 09:29:52
S002220,O002022,Delivered,2025-07-14 01:51:29
S002221,O012898,Pickup,2024-07-10 02:56:12
S002222,O019625,Pickup,2024-11-13 05:10:53
S002223,O006596,Pickup,2025-10-04 21:26:22
S002224,O007097,Delivered,2025-06-12 21:12:13
S002225,O005065,In Transit,2024-07-01 08:24:48
S002226,O014180,Delivered,2025-05-06 18:07:34
S002227,O015260,Out for Delivery,2024-10-10 10:04:21
S002228,O009859,In Transit,2024-12-06 02:37:01
S002229,O014157,Pickup,2024-01-24 12:15:29
S002230,O004095,Pickup,2024-05-23 14:00:12
S002231,O010017,Delivered,2025-03-28 09:27:12
S002232,O017952,Pickup,2024-05-11 20:49:31
S002233,O012887,In Transit,2024-06-07 18:13:50
S002234,O001664,Out for Delivery,2025-10-05 17:00:26
S002235,O008728,In Transit,2025-10-02 15:13:34
S002236,O019997,Out for Delivery,2025-04-14 01:50:44
S002237,O013727,Delivered,2025-07-04 22:31:18
S002238,O001641,In Transit,2025-04-16 15:20:42
S002239,O002031,In Transit,2025-09-12 06:06:44
S002240,O010376,Out for Delivery,2024-07-18 21:58:29
S002241,O010980,Out for Delivery,2024-11-11 10:49:15
S002242,O005504,Out for Delivery,2024-08-25 06:01:41
S002243,O019748,In Transit,2025-06-25 22:41:41
S002244,O018197,Out for Delivery,2025-04-21 09:38:34
S002245,O000365,Delivered,2024-11-29 04:13:13
S002246,O012876,Delivered,2025-05-27 09:59:39
S002247,O004455,Out for Delivery,2025-06-12 23:26:03
S002248,O002095,Delivered,2025-06-14 10:24:44
S002249,O012632,In Transit,2024-07-09 17:30:50
S002250,O009601,Out for Delivery,2025-02-18 21:21:33
S002251,O009214,In Transit,2024-04-04 19:43:04
S002252,O008343,Pickup,2024-10-31 08:52:29
S002253,O008008,Pickup,2025-01-05 14:54:55
S002254,O015155,Out for Delivery,2025-06-27 14:31:48
S002255,O013911,Pickup,2025-05-18 05:17:40
S002256,O000426,Out for Delivery,2024-11-17 06:50:38
S002257,O001706,Pickup,2024-09-30 12:47:49
S002258,O000639,Pickup,2024-10-12 06:31:21
S002259,O011747,Out for Delivery,2024-12-27 06:34:45
S002260,O013357,In Transit,2024-01-04 05:24:01
S002261,O006045,In Transit,2024-03-06 17:06:02
S002262,O001511,Delivered,2025-04-07 20:44:58
S002263,O005227,Out for Delivery,2025-05-09 07:28:48
S002264,O008514,Out for Delivery,2024-08-06 10:34:27
S002265,O010225,Delivered,2024-04-22 19:42:30
S002266,O018105,Delivered,2025-04-06 11:37:44
S002267,O001081,Out for Delivery,2025-12-20 05:25:32
S002268,O017097,Out for Delivery,2024-07-24 10:27:43
S002269,O010972,Out for Delivery,2024-10-04 13:33:23
S002270,O012683,In Transit,2025-12-07 15:29:10
S002271,O000370,Pickup,2025-05-10 19:13:24
S002272,O019888,Pickup,2025-07-04 21:56:07
S002273,O001383,In Transit,2024-04-28 16:11:52
S002274,O017142,In Transit,2024-09-08 14:44:31
S002275,O003843,In Transit,2024-11-13 01:07:04
S002276,O000902,Out for Delivery,2024-09-07 08:07:02
S002277,O010692,In Transit,2025-07-29 01:38:44
S002278,O000314,Out for Delivery,2025-08-24 03:46:31
S002279,O012053,In Transit,2025-10-01 23:35:31
S002280,O011870,In Transit,2024-10-07 13:59:58
S002281,O019208,Pickup,2024-02-16 20:33:13
S002282,O016472,Delivered,2025-10-24 20:44:52
S002283,O015866,In Transit,2024-03-02 09:54:07
S002284,O013633,In Transit,2025-03-25 17:27:16
S002285,O016465,In Transit,2025-03-18 11:42:33
S002286,O009292,In Transit,2025-09-09 08:27:26
S002287,O009896,Delivered,2025-02-11 03:21:42
S002288,O008160,Delivered,2025-10-11 17:23:14
S002289,O016464,Out for Delivery,2024-10-17 00:01:35
S002290,O007247,Out for Delivery,2024-11-06 17:41:03
S002291,O012503,Out for Delivery,2024-10-07 07:50:36
S002292,O007847,Delivered,2025-08-13 21:10:37
S002293,O018385,Delivered,2025-02-08 16:22:46
S002294,O016426,Delivered,2025-05-21 12:09:45
S002295,O002932,Delivered,2025-10-09 01:32:26
S002296,O000768,In Transit,2024-07-19 18:55:53
S002297,O004004,Out for Delivery,2024-09-28 12:55:56
S002298,O005646,Out for Delivery,2025-03-12 13:29:10
S002299,O011893,Delivered,2024-09-26 02:20:49
S002300,O017632,Delivered,2025-06-18 02:51:31
S002301,O003014,In Transit,2024-05-20 09:37:26
S002302,O015220,Out for Delivery,2025-03-21 13:59:36
S002303,O012976,Delivered,2024-01-28 16:19:48
S002304,O004191,In Transit,2024-01-12 21:27:58
S002305,O013261,In Transit,2025-02-26 13:19:38
S002306,O004018,Out for Delivery,2024-10-18 01:51:43
S002307,O006443,Pickup,2024-02-18 22:17:34
S002308,O010601,Delivered,2024-12-01 04:44:46
S002309,O007683,Delivered,2025-08-20 22:52:39
S002310,O014670,Pickup,2024-12-26 12:48:38
S002311,O017533,Out for Delivery,2024-04-24 03:32:29
S002312,O019691,Pickup,2025-04-18 23:14:35
S002313,O006010,Delivered,2024-11-03 00:34:56
S002314,O005093,Out for Delivery,2025-01-12 17:11:16
S002315,O018875,Pickup,2024-08-02 08:24:27
S002316,O000037,Delivered,2024-04-28 21:05:23
S002317,O016868,Out for Delivery,2025-12-20 09:22:29
S002318,O014269,In Transit,2024-09-18 01:02:16
S002319,O010893,In Transit,2024-07-29 07:08:38
S002320,O016943,Delivered,2024-09-28 14:07:05
S002321,O011208,In Transit,2025-12-14 20:55:45
S002322,O005898,Pickup,2024-04-12 21:16:45
S002323,O000656,Out for Delivery,2024-05-19 22:34:01
S002324,O011949,Pickup,2024-03-30 19:08:32
S002325,O003237,In Transit,2024-11-26 23:45:07
S002326,O016041,Delivered,2025-04-03 23:04:28
S002327,O013646,Pickup,2025-04-27 16:34:02
S002328,O006371,Pickup,2025-07-12 05:17:37
S002329,O005003,Pickup,2024-08-28 11:13:19
S002330,O017224,Delivered,2025-05-03 11:37:40
S002331,O013253,Pickup,2025-11-14 20:09:29
S002332,O013638,Pickup,2025-03-19 10:19:26
S002333,O007547,Pickup,2024-10-28 20:43:43
S002334,O019835,In Transit,2024-07-08 05:36:43
S002335,O000840,Pickup,2024-04-01 04:25:11
S002336,O016208,Pickup,2024-05-17 07:04:47
S002337,O003099,Delivered,2025-06-02 10:11:14
S002338,O016201,Out for Delivery,2025-03-05 13:26:03
S002339,O015448,Delivered,2024-04-25 06:52:39
S002340,O014806,Out for Delivery,2025-12-19 14:04:21
S002341,O006648,In Transit,2025-12-14 11:26:04
S002342,O014972,Delivered,2025-01-18 09:08:51
S002343,O000641,Delivered,2025-10-09 01:40:32
S002344,O003360,Delivered,2025-05-06 17:23:18
S002345,O006927,Delivered,2025-03-25 07:40:12
S002346,O005583,Pickup,2025-08-15 02:55:44
S002347,O014340,Out for Delivery,2025-10-05 06:42:07
S002348,O016990,In Transit,2025-03-31 20:16:19
S002349,O008616,Out for Delivery,2025-04-21 14:12:02
S002350,O003398,In Transit,2024-12-25 15:37:31
S002351,O001745,Out for Delivery,2025-09-13 17:50:41
S002352,O004783,In Transit,2024-07-31 18:07:49
S002353,O018784,Pickup,2024-12-06 16:24:13
S002354,O017723,In Transit,2024-06-10 14:07:47
S002355,O008363,Delivered,2024-04-16 13:40:25
S002356,O006462,Pickup,2024-07-26 01:00:07
S002357,O012518,In Transit,2025-09-16 17:55:02
S002358,O001192,Out for Delivery,2024-10-12 01:53:55
S002359,O002265,Out for Delivery,2024-03-25 14:39:51
S002360,O001619,Out for Delivery,2024-12-14 15:12:05
S002361,O010834,In Transit,2025-04-02 21:26:50
S002362,O009576,Pickup,2025-10-21 03:32:03
S002363,O011768,Delivered,2025-05-31 12:49:45
S002364,O019169,Out for Delivery,2025-11-17 12:05:50
S002365,O018025,Delivered,2025-10-11 21:00:22
S002366,O003302,Out for Delivery,2024-11-16 04:51:35
S002367,O003711,Out for Delivery,2024-10-09 06:48:16
S002368,O005556,In Transit,2024-11-11 00:13:59
S002369,O009848,Delivered,2025-11-03 10:20:01
S002370,O011429,In Transit,2024-10-08 04:25:11
S002371,O012731,Pickup,2025-02-10 06:08:29
S002372,O014320,Pickup,2024-11-08 13:50:57
S002373,O019819,Out for Delivery,2024-08-22 16:29:31
S002374,O019192,In Transit,2024-01-16 14:54:45
S002375,O008400,In Transit,2024-09-14 18:28:15
S002376,O006683,Pickup,2025-02-09 00:39:02
S002377,O019628,In Transit,2025-10-27 03:55:05
S002378,O006753,In Transit,2024-07-24 19:59:32
S002379,O015053,Out for Delivery,2024-11-23 01:18:05
S002380,O004806,Pickup,2024-01-17 03:50:35
S002381,O002318,Pickup,2024-04-28 16:51:10
S002382,O011144,Delivered,2025-11-16 04:17:25
S002383,O007185,Pickup,2024-02-28 17:34:45
S002384,O012058,Delivered,2025-01-10 02:29:08
S002385,O012421,In Transit,2025-04-19 02:15:08
S002386,O006262,Delivered,2024-02-07 20:33:21
S002387,O014524,Delivered,2024-01-03 01:05:33
S002388,O013878,Pickup,2025-11-21 07:54:34
S002389,O012744,Delivered,2025-09-04 15:21:38
S002390,O013022,In Transit,2025-01-26 14:56:48
S002391,O008702,Pickup,2024-12-01 03:22:58
S002392,O014906,In Transit,2025-01-28 15:38:20
S002393,O004689,Out for Delivery,2024-04-05 02:53:17
S002394,O017865,Delivered,2024-04-21 14:38:24
S002395,O003934,Out for Delivery,2025-10-29 16:04:13
S002396,O011226,Pickup,2024-07-24 22:46:49
S002397,O013056,In Transit,2024-02-06 21:08:51
S002398,O018145,Pickup,2025-06-24 09:06:20
S002399,O006797,Out for Delivery,2024-02-17 16:09:15
S002400,O007630,Delivered,2024-05-30 18:34:54
S002401,O010834,Pickup,2025-05-23 11:13:36
S002402,O005198,In Transit,2025-06-20 11:01:04
S002403,O018617,Delivered,2025-01-12 22:13:42
S002404,O000260,Pickup,2024-03-06 06:19:37
S002405,O018249,Out for Delivery,2025-07-14 20:53:54
S002406,O004922,Pickup,2025-03-11 18:37:02
S002407,O001291,Delivered,2024-08-12 01:02:06
S002408,O016615,Pickup,2024-01-23 10:54:27
S002409,O018787,Out for Delivery,2024-04-01 17:48:35
S002410,O002155,Out for Delivery,2024-06-29 09:22:11
S002411,O008892,Pickup,2025-02-21 11:29:26
S002412,O008266,Delivered,2024-07-19 02:25:13
S002413,O006420,Delivered,2025-10-26 10:30:52
S002414,O016334,In Transit,2025-04-06 05:33:58
S002415,O011484,In Transit,2025-01-10 12:37:30
S002416,O019330,Out for Delivery,2024-02-09 15:25:45
S002417,O019053,Delivered,2025-04-25 00:37:09
S002418,O010932,Out for Delivery,2024-12-31 22:23:18
S002419,O010707,Out for Delivery,2024-04-08 04:58:14
S002420,O007610,Delivered,2024-07-15 10:23:04
S002421,O017204,In Transit,2025-12-07 09:25:01
S002422,O009105,In Transit,2025-03-26 01:24:57
S002423,O009010,Delivered,2025-10-24 19:58:25
S002424,O013111,Out for Delivery,2025-12-18 03:25:40
S002425,O015741,Delivered,2025-05-18 06:11:28
S002426,O019822,In Transit,2025-11-01 02:54:39
S002427,O001934,In Transit,2024-10-04 05:24:55
S002428,O004602,Pickup,2025-03-16 21:56:45
S002429,O018662,In Transit,2025-08-06 09:44:52
S002430,O000931,Pickup,2024-04-02 08:55:58
S002431,O016021,Pickup,2024-05-20 16:44:33
S002432,O013401,Pickup,2024-05-21 00:18:36
S002433,O007476,In Transit,2024-03-27 08:42:32
S002434,O015424,Delivered,2024-09-04 11:36:07
S002435,O010304,In Transit,2024-07-30 20:25:13
S002436,O015249,Pickup,2025-02-07 21:24:30
S002437,O003756,Out for Delivery,2025-04-01 19:18:51
S002438,O000045,Out for Delivery,2025-11-07 10:53:38
S002439,O007885,Out for Delivery,2025-04-03 00:42:06
S002440,O016060,Delivered,2024-07-26 10:26:45
S002441,O018401,In Transit,2025-11-07 21:26:05
S002442,O000296,Out for Delivery,2025-05-21 00:08:25
S002443,O001100,Delivered,2025-04-07 04:32:09
S002444,O002102,In Transit,2024-08-13 15:21:24
S002445,O005021,Out for Delivery,2025-01-01 14:30:27
S002446,O008614,Delivered,2024-11-14 15:34:29
S002447,O009860,Pickup,2025-11-04 17:34:29
S002448,O019779,Pickup,2025-09-01 18:17:51
S002449,O000921,Delivered,2025-09-30 08:25:39
S002450,O002226,In Transit,2025-07-14 13:18:06
S002451,O011856,Pickup,2025-05-23 03:30:50
S002452,O018398,Pickup,2024-02-19 01:49:20
S002453,O013022,Out for Delivery,2024-01-12 02:06:52
S002454,O019995,Out for Delivery,2025-10-10 18:06:38
S002455,O006995,Delivered,2025-07-28 06:05:48
S002456,O015767,Pickup,2025-02-12 22:56:28
S002457,O013872,Pickup,2025-06-23 20:39:48
S002458,O012990,Out for Delivery,2024-01-06 01:45:46
S002459,O005614,Pickup,2025-09-24 13:33:00
S002460,O000076,Pickup,2025-10-19 06:14:13
S002461,O008370,Delivered,2025-03-14 06:19:48
S002462,O006813,In Transit,2025-01-29 02:50:21
S002463,O015908,Out for Delivery,2025-09-28 14:47:24
S002464,O003247,In Transit,2025-05-08 15:07:37
S002465,O000003,In Transit,2025-09-14 19:15:56
S002466,O002346,Delivered,2024-05-27 10:28:30
S002467,O003880,Pickup,2025-01-27 08:18:36
S002468,O006716,Pickup,2024-06-29 13:07:38
S002469,O015712,In Transit,2024-02-16 03:50:41
S002470,O007031,Out for Delivery,2025-06-13 11:12:34
S002471,O004311,Pickup,2025-09-09 11:44:01
S002472,O006958,Delivered,2025-05-18 01:53:58
S002473,O011592,In Transit,2025-12-17 17:46:16
S002474,O000075,In Transit,2024-11-21 21:09:24
S002475,O010425,Out for Delivery,2025-06-10 10:37:21
S002476,O013588,In Transit,2024-10-26 08:01:07
S002477,O008960,Out for Delivery,2024-04-03 00:00:53
S002478,O008301,In Transit,2025-05-31 22:44:41
S002479,O010644,In Transit,2024-02-14 03:03:19
S002480,O003974,Out for Delivery,2025-12-12 14:53:03
S002481,O019617,Delivered,2025-06-02 08:07:43
S002482,O002824,In Transit,2024-02-16 23:58:36
S002483,O014145,Delivered,2024-02-07 22:34:54
S002484,O015470,Pickup,2024-05-03 03:29:18
S002485,O000684,Out for Delivery,2025-04-23 10:46:41
S002486,O005462,Delivered,2025-12-25 08:16:03
S002487,O012937,In Transit,2025-11-23 06:51:25
S002488,O005106,In Transit,2024-07-16 16:07:50
S002489,O011464,Out for Delivery,2024-01-18 09:48:15
S002490,O014225,Pickup,2025-01-02 07:05:54
S002491,O013255,Delivered,2024-01-17 05:08:31
S002492,O013966,Delivered,2025-04-06 02:28:47
S002493,O000279,Pickup,2024-04-14 20:55:34
S002494,O018438,Out for Delivery,2024-10-26 09:29:41
S002495,O015536,Pickup,2024-09-16 07:35:15
S002496,O016983,Out for Delivery,2025-05-06 03:54:17
S002497,O013151,Delivered,2024-01-17 06:15:39
S002498,O000042,Pickup,2024-03-10 20:25:35
S002499,O016162,Pickup,2024-08-21 11:02:20
S002500,O017904,In Transit,2024-05-31 21:24:23
S002501,O014081,In Transit,2024-10-23 07:05:04
S002502,O009961,Delivered,2024-09-06 10:13:46
S002503,O007914,Delivered,2024-04-17 13:16:00
S002504,O017210,In Transit,2024-07-18 11:52:49
S002505,O011589,Out for Delivery,2024-06-06 09:07:38
S002506,O006962,Out for Delivery,2025-10-19 03:27:37
S002507,O011870,In Transit,2025-10-16 13:14:59
S002508,O005215,Pickup,2024-05-13 01:05:03
S002509,O004118,Out for Delivery,2024-06-02 20:03:24
S002510,O004689,Pickup,2024-08-07 22:13:22
S002511,O004619,Out for Delivery,2024-10-07 02:17:24
S002512,O018053,Delivered,2024-06-05 07:29:28
S002513,O004732,Delivered,2025-05-07 22:25:22
S002514,O005538,Out for Delivery,2024-11-19 22:19:37
S002515,O015117,In Transit,2025-08-24 07:10:53
S002516,O003663,In Transit,2024-02-09 14:26:58
S002517,O013718,In Transit,2024-09-19 14:31:06
S002518,O002026,In Transit,2025-11-10 03:23:26
S002519,O002934,Out for Delivery,2025-07-01 11:45:47
S002520,O013888,Delivered,2024-02-06 12:03:28
S002521,O011802,Out for Delivery,2024-04-09 15:24:12
S002522,O015077,In Transit,2025-08-14 10:04:16
S002523,O007211,Delivered,2024-10-08 10:39:21
S002524,O008464,Pickup,2025-09-10 05:41:12
S002525,O009689,Out for Delivery,2025-02-25 01:05:21
S002526,O013210,In Transit,2025-08-03 11:57:15
S002527,O004617,Pickup,2025-11-03 15:31:58
S002528,O008050,Pickup,2024-10-26 21:57:16
S002529,O008438,In Transit,2024-08-23 00:50:51
S002530,O005214,Pickup,2024-02-18 09:15:21
S002531,O001866,Pickup,2024-06-01 04:12:37
S002532,O006508,Delivered,2024-01-16 19:52:31
S002533,O007389,Pickup,2024-05-26 05:20:27
S002534,O017997,In Transit,2025-10-30 02:09:29
S002535,O011557,Delivered,2025-04-19 04:06:57
S002536,O009466,Out for Delivery,2025-01-29 17:43:08
S002537,O018385,In Transit,2025-11-15 19:27:41
S002538,O014175,Out for Delivery,2025-06-09 06:29:28
S002539,O015461,Delivered,2024-09-14 08:00:13
S002540,O008328,Delivered,2025-06-29 20:52:15
S002541,O017010,Pickup,2025-11-23 00:16:11
S002542,O003899,Pickup,2024-08-19 17:25:48
S002543,O016292,Pickup,2024-08-27 05:03:09
S002544,O010213,Pickup,2025-03-22 17:56:15
S002545,O006605,Pickup,2024-05-17 13:18:28
S002546,O004975,Out for Delivery,2025-08-13 19:21:52
S002547,O010624,In Transit,2025-08-29 02:51:44
S002548,O003248,Delivered,2025-03-03 10:37:01
S002549,O005441,In Transit,2024-01-09 08:09:54
S002550,O016775,In Transit,2024-12-25 06:53:12
S002551,O010112,Out for Delivery,2024-03-26 07:26:27
S002552,O006784,Out for Delivery,2025-01-26 00:13:40
S002553,O002812,Delivered,2024-03-23 05:05:03
S002554,O009723,Pickup,2024-03-30 09:20:30
S002555,O003489,In Transit,2024-11-19 06:49:27
S002556,O003892,Delivered,2025-04-14 11:59:35
S002557,O005942,Delivered,2024-05-13 21:48:06
S002558,O014493,Delivered,2024-08-15 14:06:14
S002559,O011754,Delivered,2025-03-20 15:46:57
S002560,O012971,Delivered,2025-11-01 22:05:49
S002561,O001476,Pickup,2025-02-19 17:54:54
S002562,O000257,In Transit,2024-05-28 09:52:24
S002563,O011694,Pickup,2025-07-19 21:39:24
S002564,O016019,In Transit,2024-02-16 01:55:56
S002565,O019214,Delivered,2025-08-12 04:57:36
S002566,O012280,Delivered,2025-03-29 01:22:23
S002567,O017880,Pickup,2025-10-21 17:13:14
S002568,O009983,In Transit,2025-03-17 18:58:32
S002569,O012800,In Transit,2025-12-15 07:27:18
S002570,O010239,Pickup,2025-05-21 22:16:06
S002571,O003138,In Transit,2025-04-09 01:19:23
S002572,O011718,Pickup,2024-09-04 11:15:18
S002573,O003669,In Transit,2025-01-28 22:10:42
S002574,O001202,Delivered,2024-10-10 02:55:20
S002575,O012105,Out for Delivery,2024-02-05 08:26:42
S002576,O010698,In Transit,2024-10-15 08:05:15
S002577,O009046,In Transit,2024-11-23 16:44:39
S002578,O009749,Delivered,2024-08-24 17:45:15
S002579,O005808,Out for Delivery,2024-06-20 03:34:44
S002580,O009921,Pickup,2025-12-20 10:53:51
S002581,O017925,Delivered,2025-03-17 18:02:04
S002582,O003385,Pickup,2025-03-30 15:50:42
S002583,O003660,Delivered,2024-05-05 09:48:09
S002584,O010718,Out for Delivery,2024-11-17 18:23:30
S002585,O009824,Out for Delivery,2024-07-08 13:32:16
S002586,O003046,Pickup,2025-07-22 11:31:41
S002587,O014476,In Transit,2025-12-03 06:23:37
S002588,O000966,Delivered,2024-07-19 09:24:59
S002589,O011839,Pickup,2025-06-12 14:08:50
S002590,O013583,Out for Delivery,2024-11-19 00:50:08
S002591,O012845,Delivered,2025-02-18 08:49:55
S002592,O017047,Delivered,2024-11-25 22:20:50
S002593,O002120,Delivered,2024-10-22 13:27:47
S002594,O014139,Pickup,2024-01-15 06:02:16
S002595,O014783,Pickup,2024-12-14 19:19:55
S002596,O011358,Pickup,2024-06-26 04:29:40
S002597,O007257,In Transit,2024-06-21 19:14:19
S002598,O017520,Pickup,2024-11-05 03:52:13
S002599,O019400,Pickup,2025-05-15 02:38:59
S002600,O004579,In Transit,2024-02-29 14:50:15
S002601,O018128,Pickup,2025-08-23 04:19:10
S002602,O002245,Out for Delivery,2025-09-07 06:26:59
S002603,O005895,Delivered,2025-02-15 10:18:32
S002604,O002817,Pickup,2024-05-20 22:51:35
S002605,O011200,Pickup,2024-11-02 18:14:03
S002606,O014542,Pickup,2025-09-05 15:05:48
S002607,O000997,Pickup,2025-10-09 21:40:39
S002608,O001296,In Transit,2025-09-07 20:21:18
S002609,O017332,Delivered,2024-12-27 12:59:49
S002610,O006871,Pickup,2025-03-12 08:56:38
S002611,O002938,Delivered,2025-02-21 16:26:01
S002612,O010618,In Transit,2024-06-02 10:16:00
S002613,O011165,Out for Delivery,2024-11-15 12:04:02
S002614,O014777,Delivered,2024-04-08 21:09:31
S002615,O012478,In Transit,2025-06-01 23:18:40
S002616,O014933,Out for Delivery,2024-12-04 10:23:59
S002617,O015930,Out for Delivery,2025-04-24 10:21:08
S002618,O003588,Pickup,2024-09-27 23:49:42
S002619,O012154,Pickup,2024-03-20 06:51:12
S002620,O016682,In Transit,2024-03-08 00:14:27
S002621,O010961,Pickup,2025-01-10 21:51:28
S002622,O017746,Delivered,2025-10-31 15:21:51
S002623,O009937,Pickup,2024-06-21 15:33:23
S002624,O014444,In Transit,2024-10-09 16:37:53
S002625,O002771,Pickup,2025-04-30 16:50:21
S002626,O007969,In Transit,2025-08-22 20:37:44
S002627,O009921,Delivered,2025-04-07 00:19:29
S002628,O017000,Pickup,2025-05-18 20:45:00
S002629,O008314,In Transit,2025-09-22 23:02:40
S002630,O009664,Out for Delivery,2024-05-12 15:40:26
S002631,O009600,Pickup,2024-10-22 13:37:29
S002632,O017491,Out for Delivery,2024-06-29 15:28:09
S002633,O014031,Delivered,2025-08-25 05:33:49
S002634,O008244,Out for Delivery,2024-04-08 01:14:49
S002635,O012933,Out for Delivery,2024-09-18 17:28:05
S002636,O012167,In Transit,2024-11-20 12:58:06
S002637,O018616,In Transit,2025-11-30 06:59:06
S002638,O015999,Delivered,2024-03-11 22:48:14
S002639,O013252,Out for Delivery,2025-07-06 10:14:04
S002640,O006253,Delivered,2025-12-01 15:50:42
S002641,O002176,Delivered,2024-08-06 04:54:46
S002642,O014188,Out for Delivery,2024-02-19 12:25:19
S002643,O001755,Pickup,2024-10-11 14:04:29
S002644,O010958,Pickup,2025-04-17 09:37:20
S002645,O017059,Out for Delivery,2025-03-19 08:25:04
S002646,O019558,Delivered,2025-01-13 21:16:29
S002647,O014525,Delivered,2025-12-02 07:52:25
S002648,O011097,Out for Delivery,2025-06-06 19:15:19
S002649,O004102,Delivered,2025-11-17 02:22:20
S002650,O004209,Delivered,2025-11-03 22:27:43
S002651,O003494,Delivered,2025-02-18 12:16:20
S002652,O012204,Delivered,2024-04-30 23:12:47
S002653,O002729,Delivered,2025-02-07 12:10:00
S002654,O004138,Pickup,2025-01-13 16:14:44
S002655,O011432,Pickup,2025-10-05 12:04:10
S002656,O006965,In Transit,2024-04-26 00:58:51
S002657,O006567,Out for Delivery,2025-03-26 19:13:34
S002658,O002826,Pickup,2025-03-07 06:28:45
S002659,O011453,In Transit,2024-01-09 23:39:37
S002660,O016975,Pickup,2025-10-16 18:14:27
S002661,O010340,Out for Delivery,2025-02-16 17:27:38
S002662,O014211,Pickup,2025-08-21 11:38:48
S002663,O013431,In Transit,2025-04-27 17:23:04
S002664,O011243,Out for Delivery,2025-11-12 11:54:13
S002665,O002643,In Transit,2024-01-12 05:20:15
S002666,O011068,Out for Delivery,2025-08-23 17:22:04
S002667,O015968,In Transit,2024-07-29 10:50:45
S002668,O004115,Pickup,2025-12-28 20:22:29
S002669,O008496,Pickup,2024-09-09 15:29:01
S002670,O017600,Pickup,2025-09-08 16:13:14
S002671,O001504,In Transit,2024-03-31 07:37:32
S002672,O018323,Pickup,2025-05-11 09:07:11
S002673,O016321,Delivered,2025-09-29 14:37:44
S002674,O007963,Delivered,2025-05-03 10:14:30
S002675,O017850,In Transit,2024-04-23 19:42:45
S002676,O008304,Delivered,2024-07-10 21:20:08
S002677,O006742,Pickup,2024-04-16 00:11:21
S002678,O002659,In Transit,2025-02-13 09:25:14
S002679,O011292,Delivered,2024-06-26 05:45:43
S002680,O018996,Pickup,2025-04-24 21:17:49
S002681,O017922,Pickup,2024-10-16 23:40:25
S002682,O001180,In Transit,2024-01-27 14:37:14
S002683,O003379,Delivered,2024-10-14 17:09:28
S002684,O006895,Pickup,2025-05-09 11:06:18
S002685,O006475,Pickup,2025-11-09 17:41:25
S002686,O016830,Delivered,2025-03-11 21:06:24
S002687,O002376,In Transit,2024-06-21 07:05:57
S002688,O018623,In Transit,2024-06-25 06:16:08
S002689,O002158,Pickup,2025-10-26 00:42:25
S002690,O012005,Out for Delivery,2024-03-20 20:14:52
S002691,O010591,Out for Delivery,2024-05-27 11:45:51
S002692,O010058,Delivered,2025-02-02 19:11:19
S002693,O017213,In Transit,2025-04-03 13:57:37
S002694,O018779,Delivered,2024-11-03 13:43:29
S002695,O011238,Delivered,2024-11-12 00:05:22
S002696,O017606,Delivered,2025-04-23 03:49:40
S002697,O012580,Delivered,2025-11-12 18:28:32
S002698,O009265,In Transit,2025-02-26 21:05:22
S002699,O017317,Delivered,2025-08-24 05:25:55
S002700,O015000,Out for Delivery,2025-04-12 10:02:06
S002701,O005341,Out for Delivery,2024-03-15 03:10:15
S002702,O015158,Delivered,2024-07-30 06:01:48
S002703,O002415,Pickup,2024-11-24 21:29:48
S002704,O013385,Pickup,2024-02-27 15:43:10
S002705,O006968,Out for Delivery,2025-08-20 02:38:56
S002706,O012860,In Transit,2025-02-12 13:44:21
S002707,O006185,Out for Delivery,2024-04-18 00:37:51
S002708,O014240,Delivered,2025-02-16 18:28:24
S002709,O006808,In Transit,2024-06-25 18:25:57
S002710,O019199,Pickup,2025-01-20 04:28:33
S002711,O002136,Delivered,2024-09-29 22:05:42
S002712,O011771,In Transit,2024-02-18 07:30:54
S002713,O004679,Pickup,2025-08-31 20:43:11
S002714,O018403,Delivered,2024-06-06 17:10:12
S002715,O011419,Out for Delivery,2025-07-09 20:38:44
S002716,O017033,In Transit,2024-01-06 12:39:59
S002717,O019227,Out for Delivery,2025-11-07 10:11:26
S002718,O010143,In Transit,2024-06-07 04:20:08
S002719,O009325,Out for Delivery,2025-06-06 04:52:40
S002720,O008176,Pickup,2024-05-09 10:12:38
S002721,O002177,Out for Delivery,2024-10-12 09:36:29
S002722,O004201,Pickup,2025-05-28 06:44:23
S002723,O015500,Delivered,2025-09-15 02:26:57
S002724,O010469,Pickup,2024-01-13 18:46:34
S002725,O004520,Out for Delivery,2025-07-25 11:21:41
S002726,O015286,Out for Delivery,2025-10-08 17:58:20
S002727,O004650,Pickup,2024-01-27 13:36:06
S002728,O000391,Pickup,2024-02-10 02:08:37
S002729,O012559,In Transit,2025-12-06 15:08:33
S002730,O006728,Pickup,2024-07-13 17:47:14
S002731,O001046,In Transit,2024-02-26 00:44:21
S002732,O015143,In Transit,2025-09-07 18:06:29
S002733,O013502,Delivered,2025-08-21 04:31:24
S002734,O018093,Out for Delivery,2025-06-20 08:56:48
S002735,O008283,Delivered,2024-12-14 06:12:23
S002736,O012458,Delivered,2024-08-18 00:46:15
S002737,O001035,In Transit,2024-06-09 00:17:29
S002738,O008547,In Transit,2025-07-09 07:54:16
S002739,O012809,Out for Delivery,2024-03-14 15:10:29
S002740,O000532,Pickup,2025-12-27 02:57:42
S002741,O009657,Delivered,2024-12-05 14:00:35
S002742,O003788,In Transit,2025-10-11 20:34:50
S002743,O015684,Pickup,2024-06-16 17:33:33
S002744,O019705,Pickup,2025-08-21 05:47:14
S002745,O017108,In Transit,2024-08-16 04:59:52
S002746,O015594,In Transit,2024-08-01 23:48:47
S002747,O019295,Out for Delivery,2025-03-04 06:21:08
S002748,O008239,Out for Delivery,2025-11-11 17:33:17
S002749,O001475,Delivered,2024-08-10 09:10:17
S002750,O006390,Out for Delivery,2024-07-21 14:41:56
S002751,O019744,Out for Delivery,2024-12-19 07:44:04
S002752,O001424,In Transit,2024-01-27 20:24:46
S002753,O009207,Delivered,2025-03-07 04:20:32
S002754,O012503,Delivered,2025-03-25 01:15:07
S002755,O012152,Out for Delivery,2025-10-30 05:23:18
S002756,O002756,Delivered,2025-06-12 04:40:10
S002757,O009350,Delivered,2025-09-18 03:00:47
S002758,O014124,Pickup,2025-07-04 15:13:06
S002759,O008393,Pickup,2025-07-22 13:40:37
S002760,O019169,Delivered,2025-03-21 17:02:48
S002761,O015745,Out for Delivery,2025-02-19 05:56:14
S002762,O017371,In Transit,2025-11-15 03:54:30
S002763,O017381,Out for Delivery,2024-05-13 18:49:54
S002764,O015237,Pickup,2024-12-07 04:33:04
S002765,O003940,Out for Delivery,2024-01-12 07:25:12
S002766,O019867,Delivered,2024-09-09 11:07:39
S002767,O012414,Pickup,2024-08-19 02:22:32
S002768,O012272,In Transit,2025-06-15 00:43:18
S002769,O008350,Pickup,2024-04-12 08:46:27
S002770,O017712,Pickup,2025-11-24 08:21:18
S002771,O005645,Pickup,2024-07-23 21:06:12
S002772,O006887,In Transit,2025-11-10 23:11:01
S002773,O008076,In Transit,2025-10-16 09:26:44
S002774,O006164,In Transit,2024-04-13 01:23:14
S002775,O013376,Out for Delivery,2024-11-19 01:55:54
S002776,O019517,Delivered,2025-05-26 23:09:00
S002777,O001743,In Transit,2025-03-07 00:21:49
S002778,O008158,Out for Delivery,2025-04-15 14:35:44
S002779,O005889,Delivered,2025-01-27 18:16:23
S002780,O013341,Pickup,2024-01-10 23:56:51
S002781,O009184,In Transit,2024-10-02 05:33:02
S002782,O001734,Delivered,2024-12-26 19:00:55
S002783,O013108,Pickup,2025-10-14 15:21:25
S002784,O010003,Delivered,2025-07-18 11:18:14
S002785,O003071,Out for Delivery,2025-03-06 06:13:06
S002786,O015311,Pickup,2024-04-21 02:32:18
S002787,O006283,Pickup,2025-11-21 06:52:57
S002788,O014394,Out for Delivery,2024-03-01 13:55:37
S002789,O013905,Pickup,2024-05-16 06:57:54
S002790,O007486,Delivered,2025-07-13 21:50:15
S002791,O011636,Out for Delivery,2025-10-22 00:48:45
S002792,O016199,Out for Delivery,2025-08-26 10:17:00
S002793,O010201,Out for Delivery,2025-09-19 05:31:05
S002794,O009034,Pickup,2025-08-13 21:22:49
S002795,O009618,Pickup,2025-03-06 06:15:55
S002796,O013914,In Transit,2024-04-24 05:29:00
S002797,O008628,Out for Delivery,2025-01-16 15:31:40
S002798,O002389,Pickup,2025-03-05 12:39:48
S002799,O004259,Pickup,2025-06-23 23:09:56
S002800,O009318,Out for Delivery,2024-09-11 06:05:16
S002801,O003049,Pickup,2025-09-30 11:07:38
S002802,O002571,Delivered,2024-06-12 17:56:10
S002803,O017853,Out for Delivery,2025-01-28 18:13:13
S002804,O012824,Pickup,2025-09-18 09:15:37
S002805,O005850,Out for Delivery,2025-11-22 19:47:04
S002806,O009993,Pickup,2025-10-10 21:28:23
S002807,O018892,In Transit,2024-07-03 22:27:00
S002808,O003495,Delivered,2024-09-17 11:29:07
S002809,O019865,In Transit,2025-08-12 19:59:50
S002810,O019961,In Transit,2025-07-12 17:03:07
S002811,O010140,Out for Delivery,2025-09-03 17:18:58
S002812,O007567,In Transit,2024-11-14 05:13:53
S002813,O019213,In Transit,2025-07-17 22:43:27
S002814,O019332,Out for Delivery,2025-04-29 16:24:05
S002815,O009998,Pickup,2024-03-27 19:20:20
S002816,O006956,Delivered,2024-05-07 18:30:43
S002817,O007459,Out for Delivery,2025-04-09 01:45:04
S002818,O000087,In Transit,2025-04-28 23:07:51
S002819,O007177,In Transit,2025-07-21 15:32:03
S002820,O008896,Delivered,2024-06-13 00:56:56
S002821,O008367,Delivered,2025-04-28 07:51:27
S002822,O004113,Out for Delivery,2025-06-13 20:52:47
S002823,O006901,Out for Delivery,2025-06-24 15:12:37
S002824,O001768,Pickup,2025-05-05 05:14:48
S002825,O001351,Out for Delivery,2024-09-10 09:57:33
S002826,O014815,Out for Delivery,2025-02-14 12:49:23
S002827,O013942,In Transit,2025-10-05 13:39:58
S002828,O006876,Delivered,2025-05-13 05:01:47
S002829,O004307,Delivered,2024-06-14 13:59:08
S002830,O004627,Out for Delivery,2024-09-25 11:02:26
S002831,O019528,Pickup,2024-03-06 03:53:41
S002832,O009074,Out for Delivery,2024-01-28 09:33:37
S002833,O011957,Out for Delivery,2024-01-01 01:12:04
S002834,O004946,Delivered,2024-01-29 14:12:34
S002835,O009388,Pickup,2024-05-18 23:46:25
S002836,O019006,Delivered,2025-01-25 10:26:39
S002837,O003095,Delivered,2025-04-11 12:52:58
S002838,O003601,Pickup,2025-11-12 19:35:00
S002839,O019006,Out for Delivery,2025-11-20 01:22:57
S002840,O014455,Delivered,2024-10-26 03:38:34
S002841,O006156,Delivered,2025-11-04 23:00:13
S002842,O014187,Out for Delivery,2025-04-14 03:46:09
S002843,O009296,Pickup,2025-12-29 12:07:31
S002844,O010418,In Transit,2025-08-13 06:45:56
S002845,O011413,Pickup,2024-07-31 22:56:39
S002846,O012718,Pickup,2025-02-19 11:07:12
S002847,O003521,Pickup,2025-10-30 02:06:02
S002848,O001913,Delivered,2025-10-20 12:33:00
S002849,O014570,Pickup,2024-02-26 17:20:02
S002850,O012823,Out for Delivery,2024-06-12 23:10:57
S002851,O002727,In Transit,2024-07-03 06:20:10
S002852,O002628,Out for Delivery,2024-10-14 22:34:35
S002853,O012760,In Transit,2025-08-03 23:37:34
S002854,O010858,Delivered,2025-05-19 00:57:17
S002855,O014280,Delivered,2025-12-04 10:50:11
S002856,O016251,In Transit,2024-03-23 10:12:00
S002857,O013604,Out for Delivery,2024-02-04 16:05:16
S002858,O008212,Pickup,2024-02-22 21:20:45
S002859,O006306,Out for Delivery,2025-08-25 19:46:50
S002860,O011785,Pickup,2024-06-10 19:07:39
S002861,O018675,Delivered,2025-08-08 18:41:46
S002862,O016974,In Transit,2025-12-27 00:21:04
S002863,O015991,Out for Delivery,2025-12-12 03:33:22
S002864,O015177,Delivered,2025-03-07 19:27:25
S002865,O018622,Delivered,2024-07-08 20:34:53
S002866,O002666,In Transit,2025-08-31 01:06:51
S002867,O005225,Out for Delivery,2024-11-09 13:17:41
S002868,O007283,Pickup,2024-01-22 13:11:04
S002869,O019644,Out for Delivery,2025-10-25 17:11:03
S002870,O009354,In Transit,2025-06-27 04:39:03
S002871,O005800,Delivered,2024-02-22 00:37:52
S002872,O014929,Pickup,2024-05-30 05:02:24
S002873,O005116,In Transit,2024-09-22 02:37:40
S002874,O001518,Delivered,2024-04-07 15:50:16
S002875,O006605,Pickup,2024-09-23 23:51:17
S002876,O002671,Pickup,2025-08-15 18:22:10
S002877,O009430,Delivered,2025-07-12 18:18:27
S002878,O008526,Out for Delivery,2024-09-30 18:01:39
S002879,O019942,Out for Delivery,2025-04-28 21:55:20
S002880,O009729,Out for Delivery,2024-07-10 23:30:57
S002881,O008562,Delivered,2025-03-25 00:50:40
S002882,O015871,In Transit,2025-04-26 02:40:40
S002883,O005244,Out for Delivery,2024-08-13 19:57:59
S002884,O002267,Pickup,2025-08-29 01:23:36
S002885,O002071,In Transit,2025-01-26 16:09:03
S002886,O004235,Out for Delivery,2025-11-07 12:39:30
S002887,O015254,Pickup,2025-01-31 23:57:18
S002888,O009911,Pickup,2025-10-10 08:08:24
S002889,O008117,Delivered,2025-01-30 13:16:17
S002890,O007586,Pickup,2024-01-20 03:10:27
S002891,O018995,In Transit,2024-12-13 23:45:33
S002892,O016307,Out for Delivery,2024-03-27 09:21:45
S002893,O005864,Out for Delivery,2024-06-01 04:17:13
S002894,O016671,Pickup,2025-05-27 10:41:44
S002895,O014119,Pickup,2025-06-20 00:13:51
S002896,O018717,Pickup,2024-08-16 07:45:18
S002897,O001046,Out for Delivery,2025-10-24 21:54:41
S002898,O017220,Delivered,2024-01-27 15:39:24
S002899,O010283,Out for Delivery,2025-03-14 19:40:18
S002900,O012504,In Transit,2025-04-14 04:23:06
S002901,O007432,In Transit,2025-02-03 09:13:55
S002902,O011371,Out for Delivery,2024-10-26 14:54:09
S002903,O016141,In Transit,2024-04-27 00:00:25
S002904,O015755,Delivered,2025-03-13 02:19:40
S002905,O013875,In Transit,2024-11-04 06:05:21
S002906,O004264,In Transit,2024-05-15 08:19:02
S002907,O005703,Pickup,2024-04-11 20:18:56
S002908,O014339,Delivered,2024-11-22 20:47:37
S002909,O018662,Out for Delivery,2024-07-27 14:54:54
S002910,O017628,Pickup,2024-01-14 00:58:17
S002911,O007140,Pickup,2024-03-11 02:25:09
S002912,O005839,In Transit,2024-12-27 02:23:01
S002913,O019843,In Transit,2024-10-23 22:41:01
S002914,O007968,In Transit,2024-05-26 12:35:51
S002915,O017233,Pickup,2025-01-04 11:30:43
S002916,O019610,Delivered,2024-06-06 08:50:41
S002917,O008300,Delivered,2025-10-16 00:42:11
S002918,O016346,Out for Delivery,2024-05-30 21:31:12
S002919,O009109,Delivered,2025-11-21 22:33:01
S002920,O010376,Pickup,2024-02-15 01:06:29
S002921,O015803,Delivered,2024-07-19 11:13:49
S002922,O002130,Out for Delivery,2025-08-29 05:33:55
S002923,O011166,Delivered,2025-10-14 06:39:09
S002924,O011457,Out for Delivery,2025-01-05 21:20:29
S002925,O019839,Out for Delivery,2025-01-17 19:46:13
S002926,O016493,Out for Delivery,2025-08-07 01:21:26
S002927,O015044,Out for Delivery,2025-02-23 12:19:12
S002928,O019006,Delivered,2024-12-16 19:15:46
S002929,O015315,Pickup,2024-09-04 16:45:54
S002930,O008332,Delivered,2024-08-07 01:59:38
S002931,O015528,Out for Delivery,2024-09-10 23:04:29
S002932,O003278,In Transit,2025-11-11 15:46:04
S002933,O005031,In Transit,2024-08-18 03:29:19
S002934,O000324,Pickup,2025-07-19 07:40:33
S002935,O008507,Delivered,2025-05-25 17:36:06
S002936,O015500,Pickup,2025-07-27 04:21:44
S002937,O007436,In Transit,2025-06-22 11:22:20
S002938,O010024,Pickup,2025-07-02 21:39:24
S002939,O017739,Out for Delivery,2025-06-03 00:22:16
S002940,O002342,Delivered,2025-07-16 05:28:48
S002941,O018185,Delivered,2025-10-26 16:52:01
S002942,O013441,Pickup,2025-03-18 19:30:41
S002943,O006561,In Transit,2024-06-26 12:18:23
S002944,O017417,Delivered,2024-09-06 12:48:47
S002945,O002422,Out for Delivery,2024-11-20 12:15:44
S002946,O005559,Out for Delivery,2025-11-28 04:23:17
S002947,O018478,In Transit,2024-01-17 18:17:43
S002948,O019196,Out for Delivery,2025-10-07 04:37:09
S002949,O004621,In Transit,2024-04-16 15:39:48
S002950,O005651,Delivered,2025-09-11 04:53:10
S002951,O012913,In Transit,2025-09-13 16:19:44
S002952,O001045,Pickup,2025-07-08 22:19:30
S002953,O016264,Pickup,2025-02-12 12:41:20
S002954,O007037,In Transit,2024-10-29 08:32:11
S002955,O005734,Out for Delivery,2024-02-18 13:00:42
S002956,O010455,Pickup,2024-03-27 14:23:42
S002957,O014999,Delivered,2024-02-01 08:17:42
S002958,O016317,Pickup,2025-08-26 22:01:49
S002959,O019546,Pickup,2025-08-15 08:23:44
S002960,O006730,Pickup,2024-07-24 21:04:56
S002961,O016936,In Transit,2024-02-25 04:16:12
S002962,O010780,Delivered,2024-05-29 04:42:21
S002963,O002268,In Transit,2024-02-27 03:25:15
S002964,O010620,In Transit,2025-11-11 22:18:54
S002965,O012899,Out for Delivery,2024-07-03 23:48:21
S002966,O000342,Pickup,2025-01-14 21:41:46
S002967,O001684,Delivered,2025-08-15 01:24:44
S002968,O015025,Out for Delivery,2025-08-07 17:05:27
S002969,O007345,Pickup,2024-01-31 02:35:37
S002970,O010269,In Transit,2024-10-14 20:17:30
S002971,O002727,In Transit,2025-03-04 08:23:35
S002972,O000772,In Transit,2025-05-15 17:35:26
S002973,O009031,Delivered,2025-06-23 05:52:15
S002974,O016672,Pickup,2025-09-30 10:31:04
S002975,O004176,Pickup,2024-05-07 01:04:19
S002976,O019924,Out for Delivery,2024-11-21 03:35:37
S002977,O013425,In Transit,2024-07-18 08:53:23
S002978,O015453,In Transit,2025-09-07 18:13:50
S002979,O000278,In Transit,2025-01-26 04:29:25
S002980,O002209,Pickup,2024-08-23 09:51:16
S002981,O014333,In Transit,2025-11-16 00:15:38
S002982,O003222,Pickup,2025-05-15 08:28:36
S002983,O013270,Delivered,2024-05-03 20:33:45
S002984,O013626,In Transit,2025-10-23 00:26:22
S002985,O014441,In Transit,2025-12-04 00:18:10
S002986,O007693,Delivered,2024-03-12 01:43:10
S002987,O018178,In Transit,2024-02-27 00:53:58
S002988,O019813,Pickup,2025-07-01 20:46:28
S002989,O003911,Pickup,2025-10-13 04:07:30
S002990,O015853,Pickup,2025-06-28 21:49:14
S002991,O003187,In Transit,2024-06-11 21:00:33
S002992,O016660,In Transit,2024-02-09 09:45:54
S002993,O013313,In Transit,2024-08-01 09:25:43
S002994,O015385,In Transit,2025-06-17 21:29:00
S002995,O000643,In Transit,2024-05-02 00:33:35
S002996,O013709,Pickup,2025-09-04 09:24:09
S002997,O008771,Delivered,2024-10-23 21:25:13
S002998,O014289,Delivered,2024-01-07 19:34:00
S002999,O004105,Delivered,2025-03-29 11:00:28
S003000,O004162,In Transit,2024-07-08 23:29:37
S003001,O019664,Out for Delivery,2024-11-27 22:54:08
S003002,O018919,Pickup,2025-08-14 02:34:03
S003003,O018729,Delivered,2024-01-19 07:14:34
S003004,O004074,In Transit,2025-07-19 09:49:02
S003005,O007834,In Transit,2025-10-31 19:31:20
S003006,O000673,Delivered,2024-05-10 08:15:43
S003007,O005485,Out for Delivery,2025-05-28 20:58:55
S003008,O005878,Pickup,2025-11-04 03:20:48
S003009,O006763,Delivered,2025-09-23 01:55:01
S003010,O013072,Delivered,2024-09-26 23:17:41
S003011,O007901,Pickup,2025-12-09 17:52:45
S003012,O000196,Delivered,2024-09-03 00:47:07
S003013,O005830,Delivered,2024-10-02 11:46:54
S003014,O015087,In Transit,2025-07-19 09:22:49
S003015,O000135,Delivered,2024-02-24 18:51:13
S003016,O019127,Delivered,2025-11-20 08:44:17
S003017,O003652,In Transit,2025-09-08 13:46:18
S003018,O017020,In Transit,2025-07-18 21:19:08
S003019,O009800,In Transit,2025-07-16 09:03:43
S003020,O007657,Delivered,2025-04-13 06:18:40
S003021,O013217,Out for Delivery,2025-08-16 02:13:08
S003022,O019969,Out for Delivery,2025-01-04 05:45:19
S003023,O010053,In Transit,2024-03-08 08:52:43
S003024,O009140,Delivered,2024-09-26 09:05:54
S003025,O018190,Delivered,2024-08-09 23:19:19
S003026,O000872,Delivered,2024-06-16 06:00:24
S003027,O007799,In Transit,2024-04-14 06:28:03
S003028,O008145,Out for Delivery,2024-06-01 15:36:27
S003029,O010079,In Transit,2025-04-28 23:38:19
S003030,O016103,Pickup,2025-01-10 10:33:37
S003031,O006495,In Transit,2024-02-02 22:28:20
S003032,O006313,Pickup,2024-02-04 11:03:30
S003033,O013653,Pickup,2024-09-24 19:08:30
S003034,O018894,Out for Delivery,2024-11-05 08:46:21
S003035,O005210,In Transit,2024-03-01 16:22:02
S003036,O017951,Delivered,2025-08-14 01:17:50
S003037,O003659,Out for Delivery,2024-10-24 00:37:27
S003038,O017345,In Transit,2025-04-24 02:47:18
S003039,O004553,Out for Delivery,2024-08-16 21:23:47
S003040,O008551,In Transit,2024-08-02 15:13:07
S003041,O000551,Pickup,2024-12-18 22:42:51
S003042,O014516,Pickup,2025-09-16 14:17:57
S003043,O011984,Delivered,2024-05-11 14:39:17
S003044,O019432,Pickup,2024-09-07 02:49:29
S003045,O008550,Out for Delivery,2024-12-13 11:00:34
S003046,O006290,Delivered,2025-01-02 04:20:16
S003047,O010859,In Transit,2024-02-29 16:11:16
S003048,O013972,Out for Delivery,2024-10-05 11:21:12
S003049,O019357,Delivered,2024-10-20 13:03:25
S003050,O007132,Delivered,2025-04-18 16:28:27
S003051,O015360,In Transit,2025-05-23 14:44:43
S003052,O009594,In Transit,2025-09-14 07:43:17
S003053,O018138,Pickup,2024-06-08 12:06:52
S003054,O006115,Pickup,2025-03-08 04:23:31
S003055,O006539,Pickup,2025-05-11 13:24:42
S003056,O008791,Pickup,2025-09-10 15:30:17
S003057,O012856,Out for Delivery,2025-04-11 01:45:30
S003058,O006947,Delivered,2025-09-27 20:39:59
S003059,O014518,Out for Delivery,2024-04-12 18:54:02
S003060,O001498,In Transit,2024-11-22 14:14:17
S003061,O018411,In Transit,2024-11-10 00:29:38
S003062,O019151,Pickup,2024-12-14 04:28:06
S003063,O012493,In Transit,2024-09-11 09:58:38
S003064,O012979,In Transit,2024-10-15 02:58:51
S003065,O000420,Out for Delivery,2024-01-24 04:23:25
S003066,O007543,Delivered,2025-08-18 01:09:38
S003067,O000124,Pickup,2024-05-12 18:24:16
S003068,O010923,Delivered,2024-03-15 14:01:58
S003069,O009956,Delivered,2025-04-30 21:30:03
S003070,O013678,Pickup,2024-02-13 22:37:04
S003071,O003214,Delivered,2025-10-24 14:02:47
S003072,O013013,Delivered,2024-03-18 17:02:51
S003073,O010059,Out for Delivery,2024-12-02 22:00:32
S003074,O005534,Pickup,2025-06-09 10:08:32
S003075,O009176,Pickup,2024-11-06 23:26:04
S003076,O018926,Out for Delivery,2025-07-16 19:37:27
S003077,O008470,Delivered,2024-06-30 19:55:42
S003078,O002127,Pickup,2024-10-08 11:24:43
S003079,O010911,Delivered,2025-04-27 23:38:52
S003080,O001613,Delivered,2024-11-05 20:41:05
S003081,O011679,In Transit,2025-03-30 19:33:51
S003082,O017673,Pickup,2025-01-10 10:18:49
S003083,O017341,In Transit,2025-12-19 13:27:45
S003084,O013402,Delivered,2024-01-06 18:12:48
S003085,O007116,Out for Delivery,2024-03-31 00:27:43
S003086,O014953,Out for Delivery,2025-02-14 20:38:48
S003087,O005069,Pickup,2024-10-13 15:05:43
S003088,O001598,In Transit,2024-07-09 20:39:44
S003089,O005648,Delivered,2024-01-26 23:25:22
S003090,O005029,Delivered,2025-08-09 23:49:33
S003091,O016286,Out for Delivery,2025-02-02 04:37:34
S003092,O001501,Delivered,2025-08-13 20:45:40
S003093,O019518,Pickup,2025-09-02 19:02:59
S003094,O011956,In Transit,2024-04-19 00:51:10
S003095,O013789,In Transit,2024-10-03 10:46:04
S003096,O003462,In Transit,2024-01-25 20:24:14
S003097,O006115,In Transit,2025-03-03 07:23:16
S003098,O002857,Delivered,2025-03-24 06:08:43
S003099,O012783,Delivered,2025-02-14 07:09:34
S003100,O013281,Delivered,2024-08-01 18:49:18
S003101,O017174,Delivered,2025-07-10 19:39:26
S003102,O006478,Delivered,2024-09-07 22:07:14
S003103,O017907,Delivered,2025-03-20 05:29:57
S003104,O011123,Out for Delivery,2024-05-30 11:00:36
S003105,O006616,In Transit,2024-08-09 20:12:35
S003106,O011715,In Transit,2024-11-20 23:08:30
S003107,O006359,Pickup,2025-09-27 20:13:59
S003108,O016724,Pickup,2025-09-29 06:39:28
S003109,O014177,Out for Delivery,2025-05-19 01:19:33
S003110,O006591,Delivered,2025-03-10 19:49:04
S003111,O013501,Delivered,2024-10-16 07:33:40
S003112,O016775,In Transit,2025-06-15 23:44:29
S003113,O004997,In Transit,2024-01-11 08:47:35
S003114,O019511,In Transit,2024-10-28 23:49:13
S003115,O017022,Delivered,2024-01-12 23:24:31
S003116,O017795,Delivered,2025-04-07 18:52:20
S003117,O016423,Out for Delivery,2025-05-05 10:51:08
S003118,O016528,Pickup,2025-06-18 11:49:44
S003119,O002208,In Transit,2024-12-15 16:10:54
S003120,O001640,Out for Delivery,2025-12-10 20:23:57
S003121,O015079,Out for Delivery,2024-06-20 07:19:42
S003122,O015748,Out for Delivery,2025-08-29 22:35:55
S003123,O016598,Delivered,2025-12-24 21:20:27
S003124,O005913,Pickup,2025-04-01 21:13:55
S003125,O017340,Pickup,2024-10-29 04:46:16
S003126,O016820,In Transit,2024-11-03 11:52:32
S003127,O017057,In Transit,2025-02-17 05:34:13
S003128,O001822,In Transit,2024-08-24 02:38:31
S003129,O003266,Out for Delivery,2024-10-05 10:25:31
S003130,O012727,Out for Delivery,2024-04-22 15:10:38
S003131,O010057,Delivered,2025-03-15 04:26:34
S003132,O016314,Delivered,2024-11-21 17:55:46
S003133,O004875,In Transit,2025-05-22 19:30:19
S003134,O003199,Pickup,2025-12-31 11:01:35
S003135,O007667,Pickup,2025-03-12 06:36:31
S003136,O012471,Out for Delivery,2024-09-22 01:55:23
S003137,O010139,In Transit,2024-02-18 05:31:01
S003138,O011643,In Transit,2025-02-20 18:57:55
S003139,O013912,Out for Delivery,2024-08-14 16:14:38
S003140,O006378,In Transit,2024-03-13 13:36:33
S003141,O010520,Pickup,2024-02-07 10:08:11
S003142,O001127,In Transit,2025-04-30 03:16:24
S003143,O002133,Pickup,2024-11-22 17:24:06
S003144,O012954,In Transit,2025-09-21 19:18:42
S003145,O009729,Out for Delivery,2024-08-08 19:17:03
S003146,O003373,Delivered,2025-03-24 12:51:11
S003147,O010558,Out for Delivery,2024-02-23 11:47:10
S003148,O015608,Delivered,2025-04-07 21:38:37
S003149,O000178,In Transit,2025-12-24 18:00:34
S003150,O014557,Pickup,2025-12-04 06:49:16
S003151,O014828,In Transit,2024-07-06 05:40:53
S003152,O001267,Out for Delivery,2024-10-01 08:14:27
S003153,O013767,Out for Delivery,2024-11-02 05:36:30
S003154,O015684,Out for Delivery,2024-02-14 10:14:27
S003155,O011702,Out for Delivery,2025-09-09 18:56:40
S003156,O019338,Pickup,2025-10-05 07:48:12
S003157,O007345,Out for Delivery,2025-10-06 02:01:00
S003158,O000792,Out for Delivery,2025-09-16 01:25:51
S003159,O010280,Pickup,2024-05-20 20:11:03
S003160,O006559,In Transit,2025-05-03 17:35:40
S003161,O011803,Out for Delivery,2024-02-26 19:11:46
S003162,O017081,Out for Delivery,2025-12-22 01:39:51
S003163,O015318,Pickup,2024-02-05 08:25:51
S003164,O004973,In Transit,2025-04-24 10:32:06
S003165,O000284,Out for Delivery,2025-05-22 08:30:55
S003166,O015873,Out for Delivery,2025-09-23 20:52:53
S003167,O001240,Delivered,2024-08-20 17:26:30
S003168,O019171,Pickup,2024-06-16 14:15:56
S003169,O018680,Delivered,2025-08-15 14:49:23
S003170,O013488,Out for Delivery,2024-02-03 07:48:01
S003171,O016925,Pickup,2025-06-20 23:53:45
S003172,O018270,In Transit,2025-08-19 06:57:55
S003173,O000518,Pickup,2025-12-02 02:35:08
S003174,O004395,Delivered,2024-01-05 18:46:05
S003175,O019997,In Transit,2025-10-08 20:59:20
S003176,O008001,Out for Delivery,2024-03-05 05:25:05
S003177,O008782,Pickup,2024-01-03 15:38:07
S003178,O006570,Pickup,2024-02-06 18:01:41
S003179,O000412,Out for Delivery,2025-03-14 07:22:38
S003180,O017868,In Transit,2024-02-10 14:13:01
S003181,O011946,Delivered,2024-04-23 20:09:02
S003182,O001024,Out for Delivery,2025-10-04 13:12:15
S003183,O001836,Pickup,2025-11-12 13:06:07
S003184,O013759,Pickup,2024-05-31 00:00:29
S003185,O009459,Delivered,2025-04-26 14:46:00
S003186,O004962,Pickup,2025-12-04 11:35:36
S003187,O001634,Delivered,2025-08-05 17:49:23
S003188,O012937,Out for Delivery,2024-02-27 16:24:04
S003189,O004758,Pickup,2024-01-12 08:24:02
S003190,O019070,Pickup,2025-01-06 09:09:23
S003191,O006559,Delivered,2024-08-13 00:32:44
S003192,O009027,Pickup,2025-10-01 03:25:38
S003193,O014399,Out for Delivery,2025-04-01 06:45:49
S003194,O000841,Pickup,2024-08-17 16:59:41
S003195,O004288,Out for Delivery,2024-10-28 17:48:53
S003196,O015018,Delivered,2025-09-07 14:07:37
S003197,O013407,In Transit,2024-09-26 21:32:53
S003198,O001122,Delivered,2025-11-19 15:39:56
S003199,O019217,Out for Delivery,2025-11-21 22:22:14
S003200,O017240,Pickup,2025-10-08 12:13:27
S003201,O000768,Out for Delivery,2025-12-25 14:41:07
S003202,O002602,In Transit,2025-03-15 08:51:18
S003203,O008655,Delivered,2024-02-25 21:01:38
S003204,O004704,Out for Delivery,2025-01-02 09:37:02
S003205,O017970,Out for Delivery,2025-06-16 22:46:32
S003206,O015482,Out for Delivery,2024-05-09 07:08:01
S003207,O015482,Pickup,2025-01-23 16:54:27
S003208,O016646,Pickup,2025-10-10 07:19:20
S003209,O010615,Out for Delivery,2025-10-10 08:11:29
S003210,O002561,Out for Delivery,2024-01-30 02:54:26
S003211,O013988,Out for Delivery,2024-10-17 23:46:28
S003212,O015461,Delivered,2024-05-29 22:45:48
S003213,O002480,In Transit,2025-04-06 12:01:02
S003214,O002891,Delivered,2025-12-07 00:07:38
S003215,O015580,In Transit,2025-04-26 22:39:03
S003216,O001706,Pickup,2025-10-28 03:53:40
S003217,O004407,Pickup,2025-01-12 13:59:28
S003218,O002915,In Transit,2024-11-25 04:13:46
S003219,O011226,Delivered,2025-03-15 11:19:23
S003220,O004029,Out for Delivery,2025-04-10 20:42:10
S003221,O011395,Out for Delivery,2025-07-31 16:53:00
S003222,O004696,Out for Delivery,2025-01-26 22:39:24
S003223,O000247,Pickup,2025-05-24 21:50:02
S003224,O000575,Out for Delivery,2024-04-13 10:41:42
S003225,O003180,In Transit,2024-06-18 15:19:04
S003226,O007683,Delivered,2025-03-09 13:00:39
S003227,O013992,Out for Delivery,2025-04-16 17:15:36
S003228,O008264,Pickup,2025-08-13 15:57:58
S003229,O012422,Pickup,2024-10-19 16:35:28
S003230,O007921,Out for Delivery,2024-05-31 23:03:25
S003231,O004003,Out for Delivery,2025-12-02 03:00:41
S003232,O013902,In Transit,2024-01-07 09:57:46
S003233,O012667,In Transit,2024-02-24 16:45:42
S003234,O017876,Out for Delivery,2025-12-07 06:05:25
S003235,O011272,In Transit,2024-04-16 07:01:25
S003236,O016255,In Transit,2025-06-16 02:54:19
S003237,O001856,Pickup,2025-10-31 02:34:37
S003238,O000338,In Transit,2024-11-13 05:17:22
S003239,O019615,Out for Delivery,2025-01-09 12:59:09
S003240,O001066,Out for Delivery,2025-08-29 06:59:40
S003241,O005123,Out for Delivery,2025-02-12 04:16:57
S003242,O000423,Delivered,2025-02-02 23:51:26
S003243,O007230,In Transit,2025-06-24 06:27:59
S003244,O004832,Pickup,2024-03-20 07:18:08
S003245,O015643,Pickup,2025-08-12 19:06:44
S003246,O008860,In Transit,2025-03-04 09:14:36
S003247,O019238,In Transit,2024-08-05 06:38:36
S003248,O012025,Delivered,2025-10-12 14:42:44
S003249,O002072,Delivered,2024-03-07 18:13:37
S003250,O010891,Delivered,2024-11-19 05:40:56
S003251,O001381,Delivered,2024-06-08 18:16:07
S003252,O001020,In Transit,2025-12-07 13:54:56
S003253,O011430,In Transit,2024-04-30 23:00:37
S003254,O000947,Delivered,2025-10-02 14:10:25
S003255,O002726,In Transit,2024-09-23 20:59:34
S003256,O014402,Delivered,2024-04-20 05:08:01
S003257,O010143,Delivered,2025-02-03 09:54:22
S003258,O011209,In Transit,2025-06-26 13:48:33
S003259,O011652,In Transit,2024-07-14 07:53:31
S003260,O003815,Delivered,2025-02-24 18:36:54
S003261,O014716,Pickup,2024-06-27 21:33:03
S003262,O011553,Out for Delivery,2024-03-09 09:10:49
S003263,O016673,Out for Delivery,2024-11-07 17:31:48
S003264,O004551,Out for Delivery,2025-06-30 00:35:22
S003265,O017829,In Transit,2025-10-14 05:03:48
S003266,O005802,Delivered,2025-01-06 22:49:11
S003267,O011345,Delivered,2024-09-02 09:59:27
S003268,O000348,Out for Delivery,2025-10-25 10:08:56
S003269,O003831,Out for Delivery,2025-07-19 13:09:42
S003270,O004352,In Transit,2025-06-21 18:13:26
S003271,O016359,Out for Delivery,2025-10-27 04:38:10
S003272,O011054,Pickup,2024-01-09 08:37:44
S003273,O001474,In Transit,2025-02-14 22:18:00
S003274,O008854,Pickup,2025-04-19 10:35:39
S003275,O005258,Pickup,2024-06-18 19:21:05
S003276,O006736,Out for Delivery,2025-09-06 18:13:07
S003277,O005074,Out for Delivery,2024-08-08 23:08:43
S003278,O017244,In Transit,2025-06-23 07:40:22
S003279,O016759,Out for Delivery,2025-09-17 02:13:38
S003280,O001498,Delivered,2025-03-20 09:14:57
S003281,O006098,Out for Delivery,2025-06-16 16:01:38
S003282,O018367,Out for Delivery,2024-07-24 23:56:44
S003283,O006893,In Transit,2025-10-09 18:51:18
S003284,O003440,Out for Delivery,2025-03-23 04:59:10
S003285,O015604,Pickup,2024-05-11 19:24:29
S003286,O002066,Delivered,2025-04-27 14:50:39
S003287,O000625,Out for Delivery,2024-06-05 13:27:23
S003288,O006798,Delivered,2024-04-28 15:33:34
S003289,O018374,Out for Delivery,2025-08-13 01:54:43
S003290,O012438,In Transit,2025-10-24 06:53:18
S003291,O016413,In Transit,2025-03-12 15:26:12
S003292,O000975,Out for Delivery,2025-10-22 01:17:16
S003293,O008899,Delivered,2024-09-09 13:55:24
S003294,O000187,In Transit,2024-01-09 01:33:18
S003295,O015758,Pickup,2024-07-31 09:27:40
S003296,O017379,Out for Delivery,2024-05-21 02:20:50
S003297,O005217,Delivered,2024-06-08 05:51:21
S003298,O014620,Out for Delivery,2024-04-28 15:10:33
S003299,O010502,Pickup,2025-01-06 04:57:38
S003300,O005232,Out for Delivery,2024-08-23 06:01:23
S003301,O011655,Pickup,2025-12-09 10:34:47
S003302,O014525,Delivered,2024-04-03 02:40:40
S003303,O009303,Out for Delivery,2025-05-19 11:23:37
S003304,O007997,Delivered,2025-01-22 04:33:08
S003305,O016140,Pickup,2024-01-19 15:27:37
S003306,O003701,Pickup,2025-09-07 19:52:09
S003307,O018621,In Transit,2025-02-22 10:24:55
S003308,O002179,Delivered,2024-04-16 02:19:10
S003309,O019934,Pickup,2025-09-05 06:40:38
S003310,O017191,Pickup,2025-06-02 01:46:34
S003311,O001541,Pickup,2024-09-23 06:36:32
S003312,O004131,Pickup,2024-12-12 03:27:26
S003313,O002516,In Transit,2024-12-26 13:52:59
S003314,O016624,Pickup,2025-07-15 20:35:02
S003315,O018415,In Transit,2024-11-26 11:31:38
S003316,O005289,In Transit,2024-10-30 19:42:18
S003317,O001212,In Transit,2025-07-16 14:47:41
S003318,O000258,In Transit,2024-08-23 16:37:04
S003319,O003679,Delivered,2024-07-08 17:51:48
S003320,O008872,In Transit,2024-10-13 23:25:33
S003321,O006426,Out for Delivery,2024-11-11 07:19:24
S003322,O016193,Delivered,2024-05-23 23:07:32
S003323,O005856,Out for Delivery,2025-09-30 00:47:45
S003324,O003567,Delivered,2024-05-25 21:47:52
S003325,O005775,Pickup,2025-05-24 10:24:52
S003326,O008084,Pickup,2025-04-10 14:46:40
S003327,O005245,In Transit,2025-02-06 00:50:47
S003328,O010992,Pickup,2024-12-19 12:55:22
S003329,O012631,Delivered,2024-12-16 02:57:02
S003330,O012567,Out for Delivery,2025-09-10 19:22:53
S003331,O010965,In Transit,2025-03-04 15:05:21
S003332,O015555,Out for Delivery,2025-09-10 14:49:44
S003333,O008224,In Transit,2024-03-07 09:55:46
S003334,O009043,Pickup,2024-08-05 05:13:54
S003335,O006773,Pickup,2024-07-17 14:35:24
S003336,O008839,In Transit,2024-11-26 10:08:22
S003337,O002704,Pickup,2025-04-11 20:41:43
S003338,O013900,In Transit,2025-12-05 17:50:57
S003339,O015104,Delivered,2024-06-17 20:34:27
S003340,O004657,Pickup,2024-07-30 03:20:34
S003341,O001833,Out for Delivery,2024-08-11 20:18:39
S003342,O015798,Delivered,2024-01-20 16:48:58
S003343,O013181,In Transit,2025-12-27 16:03:25
S003344,O018974,Pickup,2024-02-09 14:07:42
S003345,O004697,Delivered,2025-11-03 05:50:37
S003346,O010814,Pickup,2024-10-19 02:05:17
S003347,O002582,Delivered,2024-02-26 20:20:43
S003348,O003204,Pickup,2024-02-17 18:16:34
S003349,O001201,Delivered,2024-06-16 04:40:39
S003350,O007391,Pickup,2024-07-09 20:15:34
S003351,O001639,Pickup,2025-08-02 17:19:10
S003352,O016650,In Transit,2025-08-25 00:01:19
S003353,O003236,Out for Delivery,2025-11-30 00:05:13
S003354,O014428,In Transit,2025-03-24 02:50:21
S003355,O009166,Pickup,2025-04-24 09:25:19
S003356,O000648,In Transit,2025-11-21 07:41:02
S003357,O006304,Delivered,2025-04-04 12:41:28
S003358,O012120,Pickup,2024-12-15 10:23:22
S003359,O019067,In Transit,2025-02-24 21:02:29
S003360,O009177,In Transit,2024-03-08 15:46:31
S003361,O002062,In Transit,2024-03-05 03:18:52
S003362,O008605,In Transit,2024-10-28 16:21:01
S003363,O000476,Pickup,2024-12-08 05:43:33
S003364,O007276,In Transit,2025-01-20 00:48:59
S003365,O018643,In Transit,2024-06-11 14:59:44
S003366,O002133,Pickup,2024-04-26 05:21:04
S003367,O003289,Out for Delivery,2024-11-21 11:00:06
S003368,O019422,Out for Delivery,2025-10-17 19:08:12
S003369,O003434,In Transit,2024-09-17 03:37:07
S003370,O001676,Pickup,2025-09-12 22:50:05
S003371,O002792,Pickup,2025-03-16 05:33:53
S003372,O011036,Pickup,2024-07-07 22:00:47
S003373,O011217,Pickup,2025-12-14 10:03:41
S003374,O013793,Pickup,2025-02-10 17:11:40
S003375,O018459,Out for Delivery,2025-11-08 09:39:17
S003376,O010477,Pickup,2024-05-02 23:50:44
S003377,O010079,Out for Delivery,2025-07-21 01:47:53
S003378,O000159,Pickup,2025-11-04 02:22:33
S003379,O005183,Pickup,2024-08-09 13:33:43
S003380,O011961,Delivered,2024-05-29 20:59:40
S003381,O001842,Out for Delivery,2025-02-01 17:24:07
S003382,O016221,Delivered,2025-03-10 02:05:08
S003383,O003915,In Transit,2024-07-05 02:26:40
S003384,O011800,In Transit,2025-01-10 00:27:06
S003385,O017885,Pickup,2024-04-10 11:56:41
S003386,O005417,Out for Delivery,2025-12-23 10:21:01
S003387,O000710,Delivered,2024-12-12 07:03:55
S003388,O011371,In Transit,2025-08-09 13:10:14
S003389,O019087,Delivered,2025-06-19 23:53:21
S003390,O002146,Pickup,2025-06-07 17:34:37
S003391,O004845,In Transit,2024-03-22 10:09:01
S003392,O016049,Pickup,2024-12-29 01:43:44
S003393,O019431,Out for Delivery,2024-05-28 17:59:00
S003394,O004293,Pickup,2024-03-22 04:14:35
S003395,O014601,Pickup,2024-02-01 01:46:55
S003396,O001075,Out for Delivery,2024-06-07 08:54:10
S003397,O018689,Out for Delivery,2024-05-01 03:24:02
S003398,O012767,In Transit,2025-10-12 20:10:45
S003399,O011607,Delivered,2025-03-14 06:43:51
S003400,O014627,Pickup,2024-03-16 19:38:39
S003401,O016356,Pickup,2025-10-28 14:26:55
S003402,O001466,Delivered,2025-03-22 20:14:27
S003403,O015929,Delivered,2025-10-15 07:15:28
S003404,O007594,Pickup,2025-04-18 09:38:10
S003405,O009281,Out for Delivery,2024-06-08 23:45:02
S003406,O006290,In Transit,2025-05-04 08:19:58
S003407,O001262,In Transit,2024-06-22 14:55:45
S003408,O008708,Out for Delivery,2025-04-22 03:58:43
S003409,O019591,Pickup,2024-02-26 19:38:29
S003410,O005065,Delivered,2025-09-21 11:51:58
S003411,O002179,In Transit,2025-09-11 21:12:27
S003412,O019987,In Transit,2024-11-12 10:39:40
S003413,O016082,In Transit,2025-09-17 01:34:29
S003414,O005892,Out for Delivery,2025-11-20 10:51:42
S003415,O009899,Pickup,2025-11-20 12:15:32
S003416,O011900,In Transit,2024-08-04 04:38:24
S003417,O002380,In Transit,2024-12-01 02:44:18
S003418,O008061,Delivered,2025-10-11 04:27:06
S003419,O014110,Pickup,2025-04-12 06:14:17
S003420,O014529,In Transit,2024-01-28 16:43:54
S003421,O010271,Delivered,2025-09-02 08:24:16
S003422,O002114,Out for Delivery,2024-02-06 19:21:34
S003423,O013596,Out for Delivery,2024-08-27 17:46:50
S003424,O011222,In Transit,2024-03-16 05:03:04
S003425,O012293,Delivered,2024-05-02 05:40:04
S003426,O013697,Out for Delivery,2024-09-19 09:29:15
S003427,O003271,In Transit,2025-08-02 23:51:42
S003428,O015795,Delivered,2024-03-21 22:36:48
S003429,O014444,Out for Delivery,2025-02-26 17:46:17
S003430,O005703,In Transit,2024-01-23 14:08:36
S003431,O001284,Delivered,2025-07-14 23:10:39
S003432,O002662,Out for Delivery,2024-08-25 02:26:34
S003433,O009522,Delivered,2024-01-31 04:47:03
S003434,O009167,Pickup,2024-12-24 21:16:36
S003435,O002213,Out for Delivery,2024-08-08 17:46:46
S003436,O019610,Pickup,2024-07-27 08:24:02
S003437,O009010,Pickup,2025-10-29 23:14:16
S003438,O009522,Pickup,2024-05-12 02:37:59
S003439,O007345,Pickup,2024-12-02 18:43:50
S003440,O007160,In Transit,2025-06-01 20:01:40
S003441,O011523,Out for Delivery,2024-02-26 05:19:40
S003442,O006649,Out for Delivery,2024-11-19 04:41:05
S003443,O001921,Delivered,2024-07-23 06:33:20
S003444,O010876,Delivered,2024-09-03 16:42:12
S003445,O012092,In Transit,2025-09-19 21:26:36
S003446,O003098,Out for Delivery,2025-11-17 00:56:41
S003447,O000641,Pickup,2025-02-03 18:21:39
S003448,O011197,In Transit,2025-01-25 10:22:18
S003449,O008468,In Transit,2024-10-28 23:49:26
S003450,O003265,Delivered,2025-08-13 15:38:07
S003451,O001454,Delivered,2024-08-04 09:37:51
S003452,O019520,Delivered,2024-04-16 12:48:07
S003453,O016861,In Transit,2025-05-24 21:22:04
S003454,O003331,Out for Delivery,2024-12-27 11:08:13
S003455,O004648,Out for Delivery,2024-07-04 23:18:09
S003456,O007625,Pickup,2024-11-09 07:42:25
S003457,O002897,Pickup,2024-07-05 03:12:31
S003458,O014367,Out for Delivery,2025-10-15 23:03:50
S003459,O000208,Out for Delivery,2024-10-16 00:43:32
S003460,O003350,In Transit,2024-03-25 04:15:46
S003461,O002263,In Transit,2025-01-26 18:24:27
S003462,O010618,Out for Delivery,2024-08-20 16:18:52
S003463,O003004,Pickup,2025-02-25 23:35:53
S003464,O002855,Delivered,2025-02-06 11:41:08
S003465,O013250,In Transit,2024-06-25 00:32:55
S003466,O013104,Delivered,2024-10-28 20:58:25
S003467,O013600,In Transit,2024-02-07 00:46:25
S003468,O009422,Pickup,2024-05-22 23:19:18
S003469,O016477,Delivered,2024-08-07 10:10:05
S003470,O017108,Pickup,2025-04-02 19:18:43
S003471,O017893,Pickup,2024-07-06 14:02:20
S003472,O002978,Pickup,2024-09-28 01:20:20
S003473,O015658,Out for Delivery,2025-01-15 08:38:05
S003474,O016782,Delivered,2024-01-29 17:33:04
S003475,O009793,Delivered,2024-05-12 02:39:00
S003476,O007524,Delivered,2025-09-27 02:52:49
S003477,O002451,Out for Delivery,2025-03-05 09:35:29
S003478,O003461,Out for Delivery,2024-06-10 07:17:30
S003479,O017595,Delivered,2024-07-04 23:16:33
S003480,O013440,In Transit,2025-12-30 09:23:32
S003481,O017834,Delivered,2025-08-08 15:25:54
S003482,O016175,In Transit,2024-12-20 19:28:18
S003483,O005262,Out for Delivery,2025-11-15 08:14:48
S003484,O009188,In Transit,2025-03-31 05:16:10
S003485,O008765,Pickup,2024-06-27 07:57:58
S003486,O018747,Out for Delivery,2024-11-21 17:36:56
S003487,O013727,Out for Delivery,2025-11-04 02:42:09
S003488,O014460,Out for Delivery,2025-10-14 10:29:35
S003489,O016446,In Transit,2025-02-09 10:13:27
S003490,O004365,Delivered,2025-09-22 09:50:40
S003491,O016193,In Transit,2025-12-04 15:37:52
S003492,O002014,Out for Delivery,2024-01-30 02:20:26
S003493,O004609,Pickup,2024-12-12 20:07:48
S003494,O002447,Delivered,2025-01-09 06:16:15
S003495,O016103,Out for Delivery,2025-07-30 23:58:37
S003496,O011136,In Transit,2025-07-18 12:00:17
S003497,O011180,Pickup,2025-09-12 00:41:03
S003498,O018889,Delivered,2025-05-07 00:00:34
S003499,O019913,Pickup,2024-09-05 09:24:42
S003500,O005908,Pickup,2024-07-01 05:13:28
S003501,O019648,Delivered,2025-05-26 22:08:58
S003502,O015031,Out for Delivery,2024-10-01 19:29:09
S003503,O010252,Pickup,2025-03-03 09:12:38
S003504,O003127,In Transit,2025-03-20 14:12:51
S003505,O011278,Delivered,2025-10-13 13:14:40
S003506,O015464,Out for Delivery,2025-07-06 14:45:45
S003507,O012568,Pickup,2025-10-31 21:19:11
S003508,O003191,Delivered,2024-04-24 18:44:14
S003509,O019209,Delivered,2025-06-18 17:25:28
S003510,O001500,In Transit,2024-10-15 18:11:48
S003511,O009968,Out for Delivery,2024-01-24 18:28:46
S003512,O018861,In Transit,2025-01-08 14:28:15
S003513,O012640,Delivered,2025-08-01 09:33:51
S003514,O015672,Pickup,2025-05-09 04:25:09
S003515,O009641,Out for Delivery,2024-09-15 13:57:36
S003516,O018480,Pickup,2025-01-11 21:14:37
S003517,O004406,Out for Delivery,2025-05-18 11:48:14
S003518,O009845,Delivered,2025-02-01 13:22:18
S003519,O010491,Out for Delivery,2025-12-10 18:57:37
S003520,O018683,Delivered,2025-05-03 09:14:47
S003521,O017636,Out for Delivery,2025-02-06 22:10:11
S003522,O010184,Pickup,2025-11-24 23:43:29
S003523,O002355,Out for Delivery,2024-12-12 13:15:37
S003524,O017360,Pickup,2024-01-17 05:32:43
S003525,O017110,In Transit,2025-07-07 12:39:33
S003526,O007284,Delivered,2025-06-07 23:27:04
S003527,O007538,In Transit,2025-01-17 14:46:35
S003528,O001035,Delivered,2025-07-04 11:12:38
S003529,O000879,In Transit,2025-06-21 05:48:00
S003530,O001867,Delivered,2025-02-18 20:18:04
S003531,O005692,Out for Delivery,2024-09-18 09:09:02
S003532,O016901,Pickup,2025-10-14 04:09:59
S003533,O012840,Delivered,2024-07-26 22:11:57
S003534,O005668,Pickup,2024-01-01 13:10:30
S003535,O018118,In Transit,2025-01-13 04:17:21
S003536,O009136,Delivered,2025-01-25 06:53:43
S003537,O018939,Out for Delivery,2025-07-30 16:43:43
S003538,O000976,In Transit,2025-12-11 01:29:01
S003539,O016993,Pickup,2025-05-27 17:04:30
S003540,O018184,In Transit,2024-02-27 07:43:41
S003541,O010816,In Transit,2025-04-04 14:12:20
S003542,O001939,Pickup,2024-10-07 16:43:22
S003543,O016113,Out for Delivery,2024-10-23 11:13:32
S003544,O000798,Delivered,2025-04-24 12:19:36
S003545,O000613,Delivered,2024-06-01 17:50:18
S003546,O013582,Out for Delivery,2025-02-19 23:35:28
S003547,O002231,Out for Delivery,2024-03-09 07:49:44
S003548,O000012,Out for Delivery,2024-03-02 13:58:14
S003549,O012487,Out for Delivery,2024-05-18 21:03:12
S003550,O017571,In Transit,2025-07-02 02:58:15
S003551,O013396,Pickup,2025-12-27 15:10:09
S003552,O014491,In Transit,2024-03-08 01:45:24
S003553,O000519,Delivered,2025-02-13 20:47:48
S003554,O008019,Delivered,2024-07-19 07:35:53
S003555,O011138,In Transit,2024-12-20 04:30:27
S003556,O016177,In Transit,2025-09-25 16:04:48
S003557,O018474,Pickup,2025-03-14 15:23:39
S003558,O017786,In Transit,2025-04-10 18:04:43
S003559,O011807,Delivered,2025-06-21 17:51:37
S003560,O015501,Delivered,2025-03-17 14:58:58
S003561,O006256,Delivered,2024-09-27 00:50:34
S003562,O006432,In Transit,2025-05-20 18:53:57
S003563,O002539,Pickup,2025-02-20 23:27:26
S003564,O010407,Delivered,2025-03-17 03:24:35
S003565,O016091,Out for Delivery,2024-02-02 20:29:44
S003566,O004585,Out for Delivery,2024-11-07 04:13:53
S003567,O001394,In Transit,2024-02-06 18:38:04
S003568,O014625,Out for Delivery,2024-03-18 18:21:00
S003569,O003166,Pickup,2024-03-20 06:59:48
S003570,O001566,In Transit,2024-08-03 03:14:17
S003571,O017304,Delivered,2024-02-06 09:52:09
S003572,O015027,Pickup,2024-07-11 22:38:06
S003573,O017660,In Transit,2024-02-18 01:31:41
S003574,O007175,Out for Delivery,2024-01-17 06:28:57
S003575,O011610,Pickup,2025-10-24 01:26:38
S003576,O005570,Delivered,2024-07-25 09:32:30
S003577,O011090,In Transit,2024-01-06 08:06:04
S003578,O011763,Delivered,2024-04-27 08:58:41
S003579,O019584,Delivered,2024-04-23 00:27:58
S003580,O009076,Pickup,2025-03-14 06:33:32
S003581,O010547,Pickup,2024-01-06 05:24:36
S003582,O001889,Out for Delivery,2025-10-17 04:28:05
S003583,O009806,Delivered,2024-04-29 01:38:37
S003584,O008389,Out for Delivery,2025-08-04 11:22:51
S003585,O006890,Out for Delivery,2025-05-30 20:00:11
S003586,O000869,Pickup,2025-04-26 19:00:57
S003587,O001099,Delivered,2024-03-25 23:29:48
S003588,O008316,In Transit,2025-07-02 19:08:06
S003589,O009614,In Transit,2025-11-03 12:27:48
S003590,O016675,In Transit,2025-06-27 17:36:38
S003591,O014351,Delivered,2025-05-22 10:34:57
S003592,O017386,Out for Delivery,2024-07-31 10:32:55
S003593,O018316,Out for Delivery,2024-02-04 14:52:46
S003594,O015815,Delivered,2024-01-16 14:20:22
S003595,O015438,Out for Delivery,2024-02-17 05:05:48
S003596,O011259,Out for Delivery,2025-06-13 13:32:20
S003597,O014662,Delivered,2024-04-29 14:21:12
S003598,O003318,Out for Delivery,2024-09-24 00:45:10
S003599,O011537,Delivered,2025-01-06 20:39:59
S003600,O006305,Pickup,2024-08-01 00:21:56
S003601,O009074,Pickup,2024-09-13 06:45:04
S003602,O006060,In Transit,2024-01-08 09:41:08
S003603,O008366,Pickup,2025-06-04 04:56:22
S003604,O009018,Pickup,2025-11-06 18:05:32
S003605,O004531,Delivered,2024-12-21 05:23:11
S003606,O003060,Out for Delivery,2024-06-24 17:49:21
S003607,O003476,In Transit,2024-11-19 09:18:13
S003608,O019835,In Transit,2024-09-16 01:58:55
S003609,O014948,In Transit,2025-11-25 01:51:50
S003610,O019568,Pickup,2024-08-09 05:59:08
S003611,O017840,Pickup,2025-02-18 06:32:55
S003612,O003910,Pickup,2025-10-01 09:35:34
S003613,O018254,Out for Delivery,2024-04-30 23:58:40
S003614,O003145,In Transit,2025-03-31 14:12:46
S003615,O014385,In Transit,2025-11-17 05:22:12
S003616,O001747,Pickup,2025-12-03 15:45:47
S003617,O010904,Delivered,2024-04-30 20:08:34
S003618,O018768,Delivered,2024-03-21 04:01:49
S003619,O013758,Delivered,2025-08-18 00:28:12
S003620,O003104,Delivered,2024-05-04 01:04:17
S003621,O011098,Out for Delivery,2025-07-29 11:24:55
S003622,O001869,Out for Delivery,2025-12-16 10:46:59
S003623,O012739,In Transit,2024-10-21 22:08:50
S003624,O015325,Delivered,2025-06-06 03:22:08
S003625,O004642,Out for Delivery,2024-11-21 08:49:54
S003626,O011580,In Transit,2025-08-27 13:48:14
S003627,O013498,Out for Delivery,2024-06-17 03:17:28
S003628,O006366,Pickup,2024-10-07 18:22:43
S003629,O005827,Out for Delivery,2024-07-18 08:04:54
S003630,O000580,In Transit,2024-04-08 08:22:49
S003631,O006088,Delivered,2025-05-30 17:40:36
S003632,O001558,In Transit,2025-03-25 04:34:42
S003633,O013118,In Transit,2024-06-26 10:56:57
S003634,O012985,Delivered,2025-05-11 02:48:16
S003635,O010217,In Transit,2024-07-03 22:48:36
S003636,O003213,Out for Delivery,2025-03-05 12:04:40
S003637,O004248,Delivered,2024-12-27 01:23:31
S003638,O014569,In Transit,2024-03-09 07:39:57
S003639,O005893,Delivered,2024-06-27 15:59:01
S003640,O016349,In Transit,2025-10-26 19:45:01
S003641,O016365,Delivered,2024-09-21 15:11:14
S003642,O008070,In Transit,2024-04-27 22:54:39
S003643,O017088,Out for Delivery,2024-09-13 13:32:35
S003644,O008105,Pickup,2024-01-14 08:10:17
S003645,O010919,Pickup,2024-01-02 21:09:29
S003646,O011488,Out for Delivery,2024-12-25 19:31:35
S003647,O018039,In Transit,2024-01-03 14:49:52
S003648,O003861,In Transit,2024-09-18 21:28:56
S003649,O004525,Delivered,2025-12-08 10:18:26
S003650,O014137,Delivered,2024-11-05 12:30:08
S003651,O019205,Delivered,2025-05-21 11:07:35
S003652,O003713,Delivered,2024-10-30 21:21:23
S003653,O010340,In Transit,2025-10-09 05:56:24
S003654,O001270,In Transit,2025-12-31 13:22:12
S003655,O013504,In Transit,2025-08-01 07:46:09
S003656,O000758,Out for Delivery,2024-07-17 04:29:49
S003657,O017224,Delivered,2024-05-27 14:32:12
S003658,O017930,Pickup,2025-02-26 15:53:59
S003659,O011239,In Transit,2025-07-29 01:02:07
S003660,O017235,Delivered,2025-02-21 06:43:24
S003661,O002646,In Transit,2025-12-11 05:10:56
S003662,O018851,In Transit,2025-06-03 22:18:23
S003663,O005908,In Transit,2025-05-23 03:48:19
S003664,O013688,Pickup,2025-01-14 08:52:22
S003665,O006191,In Transit,2025-10-15 18:22:15
S003666,O009705,Delivered,2024-02-07 08:11:54
S003667,O001869,Out for Delivery,2025-08-24 20:20:09
S003668,O007127,Out for Delivery,2024-04-01 06:33:28
S003669,O004602,Delivered,2024-02-21 02:19:09
S003670,O005058,Out for Delivery,2024-02-11 18:40:41
S003671,O000018,Out for Delivery,2025-09-23 15:03:03
S003672,O012080,Pickup,2025-12-31 05:38:20
S003673,O017719,In Transit,2024-07-17 18:47:00
S003674,O000841,Delivered,2024-02-14 15:01:28
S003675,O005111,Out for Delivery,2025-08-23 15:43:49
S003676,O001616,In Transit,2025-09-04 03:15:40
S003677,O019517,Out for Delivery,2024-10-12 14:59:52
S003678,O015957,Pickup,2024-01-14 12:38:51
S003679,O010466,Out for Delivery,2025-07-31 12:00:01
S003680,O005923,Out for Delivery,2024-05-31 23:30:11
S003681,O010153,Delivered,2024-07-13 23:31:09
S003682,O007006,Delivered,2024-07-04 11:42:03
S003683,O000914,Out for Delivery,2024-02-28 14:28:51
S003684,O003648,In Transit,2024-06-04 06:07:36
S003685,O001246,Delivered,2025-06-02 21:55:14
S003686,O006381,In Transit,2025-12-24 08:28:22
S003687,O016132,In Transit,2025-11-11 01:01:23
S003688,O010029,In Transit,2025-06-25 14:17:17
S003689,O017406,Pickup,2024-08-26 10:45:41
S003690,O002578,In Transit,2024-10-16 10:10:09
S003691,O012887,Delivered,2024-03-14 08:42:29
S003692,O009585,In Transit,2024-02-07 08:15:53
S003693,O002154,Pickup,2025-05-27 11:44:24
S003694,O003768,Pickup,2024-03-09 13:02:16
S003695,O002319,Pickup,2025-09-18 05:13:07
S003696,O005521,Out for Delivery,2025-12-15 23:46:21
S003697,O009494,Out for Delivery,2025-05-31 07:52:53
S003698,O001790,Pickup,2024-12-31 23:12:59
S003699,O016753,In Transit,2025-01-12 00:16:46
S003700,O017026,Delivered,2024-02-17 11:29:16
S003701,O004026,Delivered,2025-12-21 17:49:09
S003702,O005258,Out for Delivery,2025-10-04 02:17:21
S003703,O013252,In Transit,2025-06-10 19:11:23
S003704,O015913,Pickup,2025-06-21 01:25:04
S003705,O015629,Pickup,2024-08-29 12:28:52
S003706,O007880,Delivered,2024-04-27 11:17:56
S003707,O000404,In Transit,2025-09-03 05:02:53
S003708,O007675,Pickup,2024-08-29 11:27:46
S003709,O016607,Out for Delivery,2025-09-25 01:00:02
S003710,O012077,Delivered,2025-03-06 22:27:45
S003711,O011076,Delivered,2024-10-11 04:54:46
S003712,O004354,Delivered,2024-04-04 17:46:02
S003713,O001376,In Transit,2025-12-31 17:34:47
S003714,O018545,Delivered,2025-08-09 08:37:24
S003715,O013999,Pickup,2024-10-30 14:28:06
S003716,O011932,Delivered,2024-01-19 09:12:52
S003717,O007755,Pickup,2024-12-02 13:32:44
S003718,O011917,In Transit,2024-09-16 16:27:30
S003719,O013495,Pickup,2025-07-28 15:06:49
S003720,O000092,Delivered,2024-04-12 08:36:48
S003721,O010916,Delivered,2024-11-11 17:58:48
S003722,O001011,In Transit,2025-02-04 21:28:47
S003723,O018730,Delivered,2025-11-07 06:14:43
S003724,O005751,Out for Delivery,2024-06-15 04:12:47
S003725,O015330,Delivered,2024-04-12 00:38:39
S003726,O011643,Out for Delivery,2025-12-28 17:11:36
S003727,O017075,Out for Delivery,2025-10-09 02:52:34
S003728,O002254,Delivered,2025-09-25 16:52:39
S003729,O002459,Out for Delivery,2025-11-03 05:15:51
S003730,O010649,Out for Delivery,2025-03-14 04:29:36
S003731,O004535,Delivered,2024-03-11 22:20:14
S003732,O002485,Out for Delivery,2025-02-16 15:27:31
S003733,O011780,Pickup,2025-03-06 11:58:41
S003734,O003098,In Transit,2025-03-11 11:27:55
S003735,O011393,Out for Delivery,2025-07-19 05:53:27
S003736,O014878,Delivered,2025-07-01 05:23:39
S003737,O001203,Pickup,2025-01-24 22:41:47
S003738,O002737,Delivered,2025-10-21 16:31:36
S003739,O019498,In Transit,2025-02-04 17:33:49
S003740,O010900,Pickup,2025-11-29 20:39:23
S003741,O001628,In Transit,2025-08-18 22:53:52
S003742,O005200,Pickup,2025-07-07 19:14:55
S003743,O003691,In Transit,2025-02-06 11:53:32
S003744,O005985,In Transit,2024-02-18 01:41:13
S003745,O011601,Out for Delivery,2025-11-17 12:13:12
S003746,O010337,Pickup,2025-11-10 23:47:49
S003747,O005691,Delivered,2024-05-27 07:21:30
S003748,O015073,In Transit,2025-04-03 02:20:42
S003749,O003844,In Transit,2025-12-02 22:35:46
S003750,O003646,Pickup,2024-12-06 19:50:30
S003751,O013180,Out for Delivery,2024-08-25 16:02:33
S003752,O009316,Pickup,2025-10-15 08:34:16
S003753,O014977,Delivered,2025-08-14 10:42:54
S003754,O005970,Pickup,2024-01-06 19:07:37
S003755,O002563,In Transit,2025-10-19 10:43:30
S003756,O017539,In Transit,2025-03-31 22:07:08
S003757,O003808,In Transit,2024-03-14 09:10:34
S003758,O018776,Delivered,2025-08-30 08:47:11
S003759,O017861,In Transit,2025-01-19 13:16:24
S003760,O004545,Delivered,2025-10-05 18:13:47
S003761,O017036,Delivered,2025-06-19 07:56:27
S003762,O010596,Pickup,2025-04-09 23:59:45
S003763,O005128,In Transit,2024-07-17 22:20:06
S003764,O014569,In Transit,2024-06-27 03:35:15
S003765,O019970,Delivered,2024-04-30 04:10:14
S003766,O019999,Delivered,2025-10-04 03:53:39
S003767,O000962,In Transit,2025-10-07 03:57:27
S003768,O016660,In Transit,2025-08-13 04:13:31
S003769,O011635,Delivered,2024-10-05 23:47:41
S003770,O010971,Delivered,2024-10-31 06:57:56
S003771,O010926,Delivered,2024-09-06 07:44:16
S003772,O015201,Pickup,2024-12-23 04:34:36
S003773,O000024,In Transit,2025-09-01 13:11:15
S003774,O003443,Out for Delivery,2024-09-06 14:41:31
S003775,O018784,Delivered,2025-06-01 20:06:35
S003776,O019245,Out for Delivery,2024-09-15 13:27:55
S003777,O003366,Delivered,2024-07-11 16:19:34
S003778,O012776,Out for Delivery,2024-04-22 03:15:27
S003779,O001796,Delivered,2025-08-07 14:26:00
S003780,O013149,In Transit,2024-08-22 11:39:02
S003781,O005661,Pickup,2024-03-08 19:45:58
S003782,O011815,Pickup,2024-08-13 15:55:29
S003783,O002189,Out for Delivery,2024-02-06 20:00:22
S003784,O011216,Pickup,2025-05-29 12:39:27
S003785,O001483,Pickup,2025-05-24 22:44:03
S003786,O016644,Delivered,2024-07-18 01:32:58
S003787,O005879,Out for Delivery,2024-05-06 08:13:29
S003788,O017841,In Transit,2025-03-17 02:03:11
S003789,O006350,Out for Delivery,2024-05-16 02:46:09
S003790,O019675,In Transit,2024-01-30 05:28:45
S003791,O018840,In Transit,2025-07-15 10:02:57
S003792,O009270,Delivered,2025-03-10 16:07:31
S003793,O006276,Out for Delivery,2025-11-27 12:36:15
S003794,O018942,Pickup,2024-07-22 18:13:45
S003795,O004922,Delivered,2025-10-31 07:13:02
S003796,O002692,Delivered,2025-04-08 19:07:34
S003797,O013750,Delivered,2025-02-04 17:32:27
S003798,O004401,Pickup,2025-10-09 01:34:11
S003799,O015811,Out for Delivery,2024-04-29 07:09:21
S003800,O000048,Out for Delivery,2024-11-16 15:56:21
S003801,O016900,Out for Delivery,2024-05-25 18:17:58
S003802,O016241,Out for Delivery,2024-12-29 04:51:40
S003803,O017605,Delivered,2024-01-28 08:08:47
S003804,O005949,Delivered,2024-08-25 07:42:56
S003805,O000299,Delivered,2025-04-07 02:56:37
S003806,O010232,Pickup,2025-11-08 09:15:22
S003807,O004094,In Transit,2024-08-09 04:15:45
S003808,O001439,Out for Delivery,2025-11-25 01:04:22
S003809,O019327,Out for Delivery,2024-05-04 23:49:01
S003810,O010877,Out for Delivery,2024-01-21 16:07:41
S003811,O004743,Out for Delivery,2025-07-17 03:57:15
S003812,O002853,Pickup,2025-12-31 12:31:07
S003813,O009012,Out for Delivery,2025-05-11 11:36:43
S003814,O003332,In Transit,2025-02-15 04:50:47
S003815,O008285,Out for Delivery,2025-06-06 17:44:35
S003816,O019343,Out for Delivery,2024-03-08 18:00:30
S003817,O019068,Delivered,2025-08-07 06:41:58
S003818,O008229,Delivered,2024-09-20 17:35:07
S003819,O009126,In Transit,2025-04-12 00:49:48
S003820,O009164,Out for Delivery,2024-01-12 22:20:47
S003821,O003576,Delivered,2024-02-23 15:18:17
S003822,O000974,Out for Delivery,2024-02-24 05:53:46
S003823,O014676,Out for Delivery,2025-12-21 09:28:55
S003824,O008938,Delivered,2025-10-12 22:12:21
S003825,O014421,In Transit,2024-12-06 07:22:02
S003826,O017869,Out for Delivery,2025-06-16 11:54:20
S003827,O006758,Delivered,2024-09-04 13:05:43
S003828,O004980,In Transit,2025-04-07 13:46:00
S003829,O009559,In Transit,2024-05-27 09:01:56
S003830,O019819,Delivered,2024-09-17 02:23:46
S003831,O011111,Pickup,2024-11-05 01:53:39
S003832,O002085,Out for Delivery,2025-11-19 17:21:02
S003833,O002260,Pickup,2025-09-23 11:59:23
S003834,O001228,In Transit,2024-11-05 07:57:52
S003835,O009940,In Transit,2025-04-10 09:44:58
S003836,O017594,Delivered,2025-09-10 13:44:13
S003837,O012343,Delivered,2024-11-20 13:15:03
S003838,O002869,In Transit,2024-01-07 19:20:57
S003839,O007266,Delivered,2024-01-28 00:10:21
S003840,O017180,Pickup,2025-01-03 08:31:31
S003841,O009896,In Transit,2024-06-16 16:40:31
S003842,O016596,Pickup,2024-12-21 10:13:55
S003843,O017081,In Transit,2024-02-01 12:29:59
S003844,O007973,Out for Delivery,2025-08-06 17:53:34
S003845,O000620,Delivered,2024-02-07 08:28:55
S003846,O013649,Out for Delivery,2024-03-02 06:26:17
S003847,O013218,In Transit,2024-05-29 20:50:57
S003848,O009992,Pickup,2024-10-26 12:25:27
S003849,O008671,Out for Delivery,2025-10-21 06:31:39
S003850,O013112,In Transit,2025-08-09 23:31:19
S003851,O019055,In Transit,2024-01-19 19:09:00
S003852,O007270,Pickup,2024-09-19 07:56:24
S003853,O007320,Out for Delivery,2024-01-02 05:17:35
S003854,O019653,Delivered,2025-11-27 01:58:19
S003855,O002283,In Transit,2025-04-22 07:06:51
S003856,O005543,Delivered,2024-09-30 10:08:24
S003857,O007138,In Transit,2025-05-30 09:15:15
S003858,O007821,Out for Delivery,2025-04-04 17:27:52
S003859,O012073,In Transit,2024-07-27 20:11:31
S003860,O014232,Delivered,2024-12-07 21:52:47
S003861,O001629,Delivered,2025-07-20 02:14:22
S003862,O004564,Delivered,2025-12-26 22:27:26
S003863,O000712,In Transit,2025-06-17 01:26:26
S003864,O015711,In Transit,2024-04-13 00:46:11
S003865,O013857,Delivered,2024-01-26 02:32:47
S003866,O000785,Delivered,2025-04-09 23:58:26
S003867,O013162,Pickup,2024-12-16 21:26:49
S003868,O000960,In Transit,2025-07-16 13:10:55
S003869,O014236,In Transit,2024-10-21 03:06:03
S003870,O015253,Pickup,2025-12-01 19:02:17
S003871,O009476,Delivered,2025-07-05 13:59:53
S003872,O010615,Delivered,2025-07-14 20:06:22
S003873,O000103,In Transit,2024-04-18 19:52:02
S003874,O001162,Out for Delivery,2024-01-07 18:21:15
S003875,O001279,Pickup,2024-04-09 14:52:36
S003876,O017182,Out for Delivery,2024-11-26 09:53:18
S003877,O009853,Out for Delivery,2024-08-25 19:49:58
S003878,O006059,Delivered,2024-03-03 16:47:53
S003879,O014058,In Transit,2024-05-18 04:14:42
S003880,O006193,Delivered,2025-09-07 10:19:14
S003881,O016435,In Transit,2024-09-12 19:00:49
S003882,O013627,Out for Delivery,2025-06-05 01:31:07
S003883,O011863,Delivered,2025-08-13 19:19:34
S003884,O013603,Delivered,2024-07-15 04:26:12
S003885,O016226,Delivered,2024-01-15 18:49:25
S003886,O007577,Delivered,2024-12-05 08:45:28
S003887,O016994,In Transit,2024-11-29 04:00:01
S003888,O013679,In Transit,2025-06-26 20:45:27
S003889,O009269,Out for Delivery,2024-12-25 21:36:56
S003890,O014527,In Transit,2024-11-03 05:52:28
S003891,O004187,Pickup,2025-08-28 09:53:18
S003892,O005783,In Transit,2024-10-09 17:40:00
S003893,O009426,Delivered,2025-05-13 21:54:43
S003894,O004661,Delivered,2024-03-16 10:46:12
S003895,O012640,In Transit,2024-05-24 04:23:56
S003896,O010276,Pickup,2025-11-14 15:52:56
S003897,O009072,Delivered,2024-04-11 20:00:00
S003898,O018538,Pickup,2024-01-17 13:23:20
S003899,O002521,Delivered,2024-04-13 13:14:32
S003900,O019939,Pickup,2025-08-16 17:22:43
S003901,O012084,Delivered,2025-01-27 12:12:18
S003902,O007827,Out for Delivery,2024-11-19 10:44:51
S003903,O013552,Out for Delivery,2024-10-27 11:38:33
S003904,O001354,Out for Delivery,2024-07-08 03:40:12
S003905,O007632,Delivered,2024-10-10 17:56:26
S003906,O019755,Delivered,2025-11-22 09:07:58
S003907,O009234,Pickup,2025-07-03 15:06:08
S003908,O016613,Out for Delivery,2025-12-23 17:43:17
S003909,O003110,Out for Delivery,2025-05-27 18:08:03
S003910,O007448,Delivered,2025-09-19 03:15:05
S003911,O006405,Pickup,2025-10-07 22:14:07
S003912,O017549,Delivered,2025-07-16 01:59:56
S003913,O012432,Pickup,2025-09-04 21:27:20
S003914,O013132,Pickup,2024-05-04 17:36:54
S003915,O004720,In Transit,2024-12-26 21:15:18
S003916,O001438,Pickup,2024-05-08 07:11:58
S003917,O016485,Out for Delivery,2025-10-21 11:53:26
S003918,O004192,Out for Delivery,2025-06-06 23:54:48
S003919,O017227,Delivered,2025-09-18 23:06:03
S003920,O017050,In Transit,2025-12-06 02:04:11
S003921,O009150,Pickup,2025-07-31 02:41:56
S003922,O006038,In Transit,2024-12-02 01:41:51
S003923,O005915,Out for Delivery,2025-10-13 22:00:12
S003924,O017624,In Transit,2024-08-21 17:44:01
S003925,O014853,Delivered,2025-07-08 01:11:57
S003926,O000094,Out for Delivery,2024-10-14 02:19:55
S003927,O019602,Pickup,2024-06-03 13:04:27
S003928,O015037,In Transit,2025-05-10 14:57:12
S003929,O003434,Delivered,2025-03-30 17:53:54
S003930,O006410,Out for Delivery,2025-01-08 14:41:06
S003931,O011733,Delivered,2025-06-15 15:46:41
S003932,O001878,Delivered,2025-03-14 23:25:30
S003933,O017566,Out for Delivery,2024-07-11 12:46:20
S003934,O009046,Pickup,2024-10-09 07:51:37
S003935,O013543,In Transit,2024-12-07 08:23:37
S003936,O002035,Delivered,2025-07-21 18:30:34
S003937,O017091,Pickup,2025-03-05 12:33:19
S003938,O004890,In Transit,2024-08-21 00:30:49
S003939,O016247,Out for Delivery,2025-06-10 17:34:28
S003940,O008248,In Transit,2024-12-29 05:36:50
S003941,O002355,Out for Delivery,2024-11-26 07:23:58
S003942,O003905,Pickup,2025-02-18 14:17:02
S003943,O005696,In Transit,2024-03-10 10:27:47
S003944,O012947,Delivered,2025-08-15 01:37:32
S003945,O019883,Pickup,2025-02-02 10:31:08
S003946,O006737,Out for Delivery,2024-12-24 07:02:41
S003947,O003781,Out for Delivery,2025-02-07 14:15:07
S003948,O011295,Pickup,2024-04-27 07:22:15
S003949,O019425,Delivered,2024-06-23 23:36:56
S003950,O016494,Out for Delivery,2024-03-28 19:53:41
S003951,O006082,Delivered,2025-12-07 23:08:38
S003952,O014893,Pickup,2024-03-26 22:56:51
S003953,O000421,Delivered,2025-05-19 17:07:32
S003954,O018478,Delivered,2024-05-13 16:00:44
S003955,O008241,Delivered,2025-11-21 14:27:04
S003956,O011775,Out for Delivery,2024-09-15 07:05:18
S003957,O012720,Delivered,2024-06-08 19:20:34
S003958,O010009,In Transit,2024-11-19 09:09:48
S003959,O016462,Delivered,2025-08-03 03:29:38
S003960,O010816,Delivered,2024-07-29 05:25:12
S003961,O011313,In Transit,2024-03-13 16:00:10
S003962,O019622,Pickup,2025-05-21 03:09:35
S003963,O016953,Pickup,2025-03-21 01:52:35
S003964,O009141,Pickup,2025-01-28 19:05:55
S003965,O002925,Out for Delivery,2024-06-20 20:48:47
S003966,O005122,In Transit,2024-05-07 15:18:19
S003967,O015651,Delivered,2024-07-05 06:14:43
S003968,O003623,Pickup,2024-11-01 04:43:35
S003969,O001822,Pickup,2024-04-10 05:25:26
S003970,O011366,Pickup,2025-02-03 11:21:47
S003971,O006700,Delivered,2025-03-25 02:57:37
S003972,O003300,Pickup,2024-09-01 15:06:59
S003973,O015689,Pickup,2025-01-01 18:28:36
S003974,O008857,Out for Delivery,2025-08-30 04:13:12
S003975,O017772,Delivered,2025-02-01 19:04:54
S003976,O016152,Delivered,2025-04-24 03:02:17
S003977,O003982,Out for Delivery,2024-03-25 09:15:26
S003978,O009109,Pickup,2024-12-10 20:56:24
S003979,O014868,Out for Delivery,2024-09-01 12:59:03
S003980,O016419,Delivered,2024-08-28 18:36:59
S003981,O009602,Pickup,2024-01-13 20:00:42
S003982,O012113,In Transit,2024-07-17 13:40:03
S003983,O012623,Delivered,2025-05-12 14:34:40
S003984,O010504,Delivered,2025-04-27 16:03:43
S003985,O015072,Pickup,2025-09-24 00:00:20
S003986,O003600,Out for Delivery,2024-05-16 14:24:33
S003987,O005732,Delivered,2025-07-06 02:48:03
S003988,O019950,Delivered,2025-06-01 08:33:26
S003989,O005295,Pickup,2025-12-27 16:19:29
S003990,O012406,Out for Delivery,2024-09-09 10:08:49
S003991,O009391,Delivered,2024-09-01 13:49:08
S003992,O001790,Out for Delivery,2024-04-26 23:24:15
S003993,O013849,In Transit,2025-10-15 08:29:01
S003994,O006137,Out for Delivery,2024-02-15 14:03:26
S003995,O014157,Out for Delivery,2025-12-31 17:47:14
S003996,O018222,Pickup,2024-06-26 20:52:35
S003997,O015661,Delivered,2024-02-10 15:13:04
S003998,O003253,Pickup,2025-03-27 22:54:39
S003999,O003345,Pickup,2025-05-19 04:23:01
S004000,O012723,In Transit,2024-04-21 05:04:10
S004001,O008809,Out for Delivery,2024-01-08 15:46:39
S004002,O009729,Out for Delivery,2024-04-11 09:58:36
S004003,O017349,In Transit,2025-10-28 11:04:10
S004004,O004069,In Transit,2024-11-28 07:54:53
S004005,O014725,Out for Delivery,2025-02-02 18:25:05
S004006,O001479,Out for Delivery,2025-07-05 07:11:44
S004007,O006207,Pickup,2024-08-16 14:31:36
S004008,O008434,Delivered,2024-07-29 21:34:42
S004009,O017808,Delivered,2024-01-06 18:58:25
S004010,O019564,Out for Delivery,2024-01-16 22:42:36
S004011,O009426,Pickup,2025-09-03 01:15:37
S004012,O016096,In Transit,2025-09-03 19:41:48
S004013,O019991,Delivered,2025-10-13 19:40:22
S004014,O003870,Out for Delivery,2025-02-08 20:44:31
S004015,O017829,Delivered,2025-05-01 15:38:07
S004016,O016216,Out for Delivery,2025-12-20 10:15:38
S004017,O001779,In Transit,2024-07-30 21:52:45
S004018,O008965,Pickup,2024-10-11 11:43:53
S004019,O014181,Pickup,2025-11-18 14:00:06
S004020,O005193,In Transit,2024-07-26 14:08:13
S004021,O013437,In Transit,2025-11-15 21:41:21
S004022,O013340,Pickup,2025-03-18 12:42:09
S004023,O004559,Pickup,2024-02-13 20:44:56
S004024,O007002,Pickup,2024-01-14 11:47:30
S004025,O000313,Out for Delivery,2024-05-11 00:46:51
S004026,O017573,In Transit,2024-02-10 03:15:27
S004027,O002590,In Transit,2025-11-25 08:58:28
S004028,O017343,In Transit,2024-01-15 01:57:57
S004029,O014732,Pickup,2024-05-31 02:30:20
S004030,O003194,Out for Delivery,2025-03-08 16:55:30
S004031,O009503,Delivered,2024-07-15 07:30:49
S004032,O006188,Delivered,2024-06-05 09:40:46
S004033,O005024,Delivered,2025-07-16 20:20:10
S004034,O019497,Pickup,2025-02-16 09:59:00
S004035,O019008,Delivered,2024-11-13 15:38:27
S004036,O001513,In Transit,2025-12-02 00:34:13
S004037,O006615,In Transit,2024-04-04 23:13:38
S004038,O017730,Out for Delivery,2024-11-18 15:53:05
S004039,O003366,Pickup,2024-04-12 19:54:27
S004040,O011665,Out for Delivery,2024-08-31 17:47:56
S004041,O003383,In Transit,2024-11-19 23:18:36
S004042,O002332,In Transit,2025-03-13 16:51:39
S004043,O019361,Pickup,2025-10-10 19:30:33
S004044,O009672,In Transit,2025-10-19 00:53:46
S004045,O000281,Delivered,2024-08-18 10:46:18
S004046,O010133,Out for Delivery,2024-02-12 01:05:16
S004047,O004155,Pickup,2025-10-13 00:52:43
S004048,O012852,Delivered,2024-07-23 08:42:19
S004049,O017788,Delivered,2025-08-07 15:01:18
S004050,O013963,Pickup,2024-10-03 17:31:08
S004051,O010209,Delivered,2024-09-08 12:53:07
S004052,O013910,Pickup,2024-09-21 23:24:45
S004053,O014924,Out for Delivery,2024-09-17 12:09:28
S004054,O010707,Out for Delivery,2025-09-07 20:26:36
S004055,O010497,In Transit,2025-11-01 15:58:48
S004056,O000244,In Transit,2024-04-14 02:06:39
S004057,O019482,Out for Delivery,2025-05-11 06:55:07
S004058,O007920,Pickup,2024-10-05 10:02:09
S004059,O011651,Out for Delivery,2024-12-25 15:05:41
S004060,O013235,Delivered,2024-02-09 10:13:43
S004061,O012717,Delivered,2025-01-21 16:33:51
S004062,O000474,Delivered,2024-03-13 02:17:02
S004063,O005653,Delivered,2024-11-19 00:05:07
S004064,O010618,In Transit,2024-04-23 01:40:07
S004065,O010253,Out for Delivery,2025-01-26 05:27:41
S004066,O016700,Out for Delivery,2024-06-16 05:13:38
S004067,O008152,Out for Delivery,2024-08-16 12:16:04
S004068,O006995,Pickup,2024-06-28 01:26:38
S004069,O007362,In Transit,2025-05-30 01:15:32
S004070,O002347,Pickup,2024-08-12 05:08:26
S004071,O004896,Delivered,2025-07-21 20:36:25
S004072,O009121,In Transit,2024-10-01 21:50:15
S004073,O014715,Delivered,2025-07-15 14:54:06
S004074,O007676,Pickup,2025-02-11 05:17:39
S004075,O007210,Delivered,2025-09-08 04:11:41
S004076,O000127,Out for Delivery,2025-04-12 10:21:39
S004077,O013666,Pickup,2025-02-01 18:00:44
S004078,O018248,Delivered,2024-04-01 05:14:14
S004079,O017230,In Transit,2024-12-31 07:28:00
S004080,O004139,Delivered,2024-04-12 17:37:58
S004081,O013006,Delivered,2024-12-31 07:09:02
S004082,O007072,Delivered,2024-04-23 10:01:54
S004083,O008324,Delivered,2025-01-18 03:08:10
S004084,O005014,Delivered,2025-09-09 07:40:10
S004085,O010185,In Transit,2025-07-25 11:15:18
S004086,O008136,Pickup,2024-01-19 13:35:35
S004087,O006764,Out for Delivery,2024-11-06 03:35:39
S004088,O018995,In Transit,2024-05-10 19:13:08
S004089,O013262,Delivered,2025-09-11 22:19:37
S004090,O019641,Out for Delivery,2025-11-20 13:42:32
S004091,O010769,In Transit,2024-04-18 05:49:10
S004092,O003015,Out for Delivery,2025-12-03 17:52:26
S004093,O004704,Delivered,2024-02-08 05:02:06
S004094,O000631,Out for Delivery,2024-07-22 15:57:10
S004095,O005734,In Transit,2025-05-07 09:21:25
S004096,O003359,Pickup,2024-09-20 12:06:07
S004097,O015252,In Transit,2025-10-10 19:02:39
S004098,O007575,Pickup,2024-08-10 08:54:06
S004099,O008502,Pickup,2024-12-21 18:46:04
S004100,O004871,Out for Delivery,2024-04-30 20:49:09
S004101,O011847,In Transit,2025-02-10 00:34:02
S004102,O011831,Out for Delivery,2024-10-19 03:15:53
S004103,O014029,Out for Delivery,2024-10-05 13:43:49
S004104,O005933,Out for Delivery,2025-10-13 11:09:58
S004105,O006768,Out for Delivery,2025-03-01 18:16:16
S004106,O004780,Out for Delivery,2025-04-18 14:17:54
S004107,O002079,Pickup,2024-07-26 02:24:14
S004108,O011403,Out for Delivery,2024-07-03 09:36:57
S004109,O011013,Pickup,2024-06-29 13:41:51
S004110,O018407,Out for Delivery,2025-01-13 05:14:06
S004111,O014458,Out for Delivery,2025-12-29 08:03:07
S004112,O014871,Pickup,2024-06-27 05:28:07
S004113,O012410,Out for Delivery,2024-05-12 04:21:34
S004114,O000347,Pickup,2025-05-21 21:07:36
S004115,O018314,Out for Delivery,2025-02-22 23:05:46
S004116,O014384,Pickup,2024-06-07 14:47:40
S004117,O016798,Delivered,2024-09-03 00:33:58
S004118,O006885,In Transit,2025-03-01 06:52:21
S004119,O017791,In Transit,2025-01-20 10:35:05
S004120,O014748,Delivered,2024-05-11 14:07:36
S004121,O008921,Pickup,2024-03-30 02:09:55
S004122,O013537,In Transit,2024-12-27 07:07:21
S004123,O007649,Out for Delivery,2025-11-10 20:25:04
S004124,O000910,Out for Delivery,2024-12-17 16:15:06
S004125,O013309,In Transit,2025-07-14 23:55:38
S004126,O007202,Out for Delivery,2025-06-25 04:58:20
S004127,O017731,Pickup,2025-04-08 05:10:59
S004128,O013314,Out for Delivery,2024-06-04 11:27:20
S004129,O002297,Delivered,2025-09-13 10:35:46
S004130,O016806,In Transit,2025-02-18 16:29:21
S004131,O006328,Out for Delivery,2025-08-05 23:42:08
S004132,O008949,Delivered,2024-02-28 16:39:57
S004133,O003941,Out for Delivery,2025-05-08 04:23:19
S004134,O001785,Delivered,2025-11-05 02:28:59
S004135,O001617,Out for Delivery,2025-05-15 02:02:10
S004136,O017235,Pickup,2024-08-28 11:43:50
S004137,O013842,Delivered,2024-09-14 19:30:29
S004138,O016471,In Transit,2024-05-14 03:26:04
S004139,O009870,In Transit,2024-12-16 17:23:46
S004140,O006357,Delivered,2025-10-13 10:07:44
S004141,O018083,Delivered,2025-07-18 12:35:14
S004142,O019559,Delivered,2025-12-13 06:31:29
S004143,O015437,Out for Delivery,2025-01-20 07:34:16
S004144,O011525,Out for Delivery,2024-11-01 13:55:32
S004145,O015208,Pickup,2025-01-26 16:25:57
S004146,O003763,Pickup,2025-10-25 22:07:51
S004147,O015152,Delivered,2024-12-28 07:54:21
S004148,O012296,Delivered,2025-01-26 22:21:13
S004149,O013800,Pickup,2024-07-23 18:51:15
S004150,O000817,In Transit,2025-01-14 04:56:30
S004151,O010095,Out for Delivery,2025-12-19 23:37:34
S004152,O015824,Delivered,2025-12-08 07:03:24
S004153,O001909,Delivered,2025-03-28 11:24:00
S004154,O012727,Delivered,2025-06-04 08:52:27
S004155,O007875,Delivered,2025-04-25 03:19:44
S004156,O006500,In Transit,2024-12-17 18:54:03
S004157,O014533,In Transit,2025-07-24 19:00:15
S004158,O005039,Out for Delivery,2024-10-23 00:59:11
S004159,O009863,Out for Delivery,2025-01-29 13:55:37
S004160,O014225,In Transit,2025-04-14 21:29:47
S004161,O003511,In Transit,2025-05-05 06:22:39
S004162,O004017,Delivered,2025-05-07 04:27:37
S004163,O016120,Pickup,2024-07-16 00:33:21
S004164,O011085,Out for Delivery,2024-10-17 03:43:54
S004165,O005714,In Transit,2024-08-03 00:15:53
S004166,O010227,Pickup,2025-02-03 13:46:33
S004167,O002348,Pickup,2024-11-26 02:13:01
S004168,O018564,Delivered,2024-09-16 02:11:28
S004169,O000782,In Transit,2024-02-08 22:27:18
S004170,O008877,In Transit,2025-01-31 17:06:29
S004171,O013396,Delivered,2025-05-21 13:43:37
S004172,O012025,Delivered,2024-10-22 14:44:39
S004173,O014580,Pickup,2025-02-18 22:11:33
S004174,O002510,Delivered,2024-01-30 03:17:00
S004175,O013740,In Transit,2025-12-20 19:31:13
S004176,O002049,Out for Delivery,2025-08-16 20:12:59
S004177,O011808,Pickup,2024-12-01 18:32:06
S004178,O012627,Out for Delivery,2024-11-05 00:54:12
S004179,O011418,In Transit,2025-09-11 20:51:04
S004180,O018348,Pickup,2024-03-30 11:34:27
S004181,O012107,Delivered,2025-03-10 11:39:54
S004182,O004775,Delivered,2025-07-31 03:26:29
S004183,O012077,Pickup,2024-08-16 23:10:32
S004184,O005041,Out for Delivery,2024-04-17 04:53:59
S004185,O007504,In Transit,2025-03-22 18:14:55
S004186,O016109,Delivered,2025-11-15 15:57:36
S004187,O016257,Pickup,2024-05-02 06:28:36
S004188,O003674,Delivered,2024-08-17 23:34:29
S004189,O010280,In Transit,2024-06-23 21:28:58
S004190,O003858,Pickup,2024-01-06 04:48:55
S004191,O008805,Out for Delivery,2024-06-28 01:38:29
S004192,O017642,Pickup,2024-12-16 23:49:20
S004193,O006327,Pickup,2025-01-30 20:48:03
S004194,O015538,In Transit,2024-01-24 06:51:02
S004195,O000774,Delivered,2025-11-08 18:13:37
S004196,O000122,In Transit,2025-04-06 18:55:33
S004197,O007695,Out for Delivery,2024-04-21 07:37:08
S004198,O014271,Delivered,2024-07-28 14:45:26
S004199,O001773,Out for Delivery,2025-06-02 12:42:32
S004200,O006368,Pickup,2025-09-17 17:37:39
S004201,O002866,Pickup,2024-11-09 23:24:54
S004202,O002175,Out for Delivery,2024-05-29 22:38:34
S004203,O019136,In Transit,2024-03-09 04:05:07
S004204,O015341,Delivered,2025-02-15 19:23:41
S004205,O003472,Delivered,2024-06-29 02:18:09
S004206,O005058,In Transit,2025-04-28 13:50:32
S004207,O004462,Delivered,2025-12-09 04:33:23
S004208,O012247,In Transit,2025-12-21 01:17:59
S004209,O018644,Out for Delivery,2024-03-12 21:56:27
S004210,O010536,Out for Delivery,2024-10-23 05:17:11
S004211,O007659,Out for Delivery,2025-07-26 04:05:05
S004212,O017626,Delivered,2025-08-27 20:33:00
S004213,O007348,Pickup,2024-07-26 19:41:03
S004214,O003098,Delivered,2025-02-07 10:21:45
S004215,O010834,Pickup,2025-02-03 12:31:36
S004216,O008758,Pickup,2024-06-09 12:37:41
S004217,O011707,Delivered,2024-11-08 08:14:42
S004218,O013701,Out for Delivery,2025-08-17 01:24:30
S004219,O012209,Pickup,2025-09-01 09:52:58
S004220,O001470,Pickup,2025-12-22 10:21:57
S004221,O009438,In Transit,2024-04-19 00:16:31
S004222,O007846,Out for Delivery,2024-07-05 18:49:14
S004223,O003847,In Transit,2025-01-04 23:19:04
S004224,O016970,Pickup,2025-11-10 02:22:52
S004225,O014014,Out for Delivery,2024-04-09 08:00:29
S004226,O018462,Pickup,2025-06-17 18:18:26
S004227,O005133,In Transit,2025-07-14 07:35:17
S004228,O012746,Out for Delivery,2024-01-14 15:18:50
S004229,O011485,Delivered,2024-02-19 14:47:23
S004230,O003063,In Transit,2024-09-13 06:03:13
S004231,O010003,Out for Delivery,2025-07-20 15:48:53
S004232,O000525,Delivered,2024-11-08 22:21:12
S004233,O006405,Out for Delivery,2024-10-18 18:53:45
S004234,O015345,Delivered,2024-06-10 10:05:39
S004235,O010778,Delivered,2025-03-01 23:32:51
S004236,O008428,Out for Delivery,2025-08-24 04:37:04
S004237,O009689,Pickup,2024-05-28 07:07:32
S004238,O018485,Pickup,2025-09-08 09:11:45
S004239,O013752,Pickup,2024-06-27 16:17:00
S004240,O017317,Out for Delivery,2025-10-23 09:21:06
S004241,O014857,Out for Delivery,2024-06-17 07:16:58
S004242,O014370,Out for Delivery,2025-08-23 06:27:56
S004243,O009418,Delivered,2024-01-14 20:15:01
S004244,O017548,Out for Delivery,2024-11-04 20:24:22
S004245,O008691,In Transit,2025-06-21 20:39:37
S004246,O013415,Out for Delivery,2024-04-05 05:46:28
S004247,O009718,Out for Delivery,2025-03-11 08:01:23
S004248,O006815,Out for Delivery,2024-01-05 09:10:38
S004249,O006999,Pickup,2024-09-28 08:55:31
S004250,O019325,Out for Delivery,2025-10-08 18:02:53
S004251,O008839,In Transit,2025-05-30 08:17:20
S004252,O009093,Delivered,2025-06-24 07:19:01
S004253,O000418,Pickup,2025-03-10 09:11:21
S004254,O019707,Pickup,2025-04-07 17:07:50
S004255,O000083,Delivered,2024-03-24 11:30:39
S004256,O000618,Delivered,2025-05-04 08:49:17
S004257,O009263,Delivered,2025-10-01 12:27:01
S004258,O010722,In Transit,2025-02-05 02:10:31
S004259,O010016,Delivered,2025-08-11 16:51:01
S004260,O000771,In Transit,2024-06-26 00:08:46
S004261,O009012,Pickup,2025-06-26 07:15:34
S004262,O012048,Delivered,2025-10-19 20:19:03
S004263,O008039,Delivered,2024-04-26 11:45:39
S004264,O015046,Pickup,2024-04-17 06:24:04
S004265,O011320,In Transit,2024-05-30 18:12:27
S004266,O008244,Pickup,2025-05-30 13:50:45
S004267,O001257,Delivered,2024-11-01 14:57:12
S004268,O012417,In Transit,2025-03-07 07:06:57
S004269,O003084,In Transit,2024-11-04 10:41:12
S004270,O008810,In Transit,2025-05-08 18:47:32
S004271,O008074,In Transit,2024-12-08 06:32:01
S004272,O005610,Out for Delivery,2025-07-15 00:52:48
S004273,O010544,Delivered,2025-06-06 07:00:09
S004274,O005336,In Transit,2024-06-22 17:57:13
S004275,O005411,Delivered,2025-03-26 06:50:44
S004276,O017788,Out for Delivery,2024-05-26 02:12:01
S004277,O010399,In Transit,2024-04-04 05:14:10
S004278,O002898,Out for Delivery,2024-09-23 09:57:54
S004279,O002833,Delivered,2025-02-14 02:00:05
S004280,O014490,Delivered,2025-05-16 00:59:12
S004281,O015101,Delivered,2025-04-21 23:08:10
S004282,O010800,Out for Delivery,2025-06-03 02:44:51
S004283,O000037,Pickup,2025-10-10 05:20:15
S004284,O009361,In Transit,2024-06-07 13:04:55
S004285,O001803,Out for Delivery,2025-05-02 23:05:03
S004286,O015128,In Transit,2025-06-23 10:09:51
S004287,O010054,Out for Delivery,2025-02-19 14:09:57
S004288,O018084,Out for Delivery,2025-01-08 14:22:51
S004289,O012933,In Transit,2025-05-23 11:42:44
S004290,O019506,Out for Delivery,2024-04-12 10:28:38
S004291,O009607,In Transit,2025-10-06 02:21:43
S004292,O011592,Pickup,2025-02-10 18:43:47
S004293,O019960,Pickup,2024-07-18 14:32:32
S004294,O019056,Delivered,2024-09-21 02:35:17
S004295,O007766,Out for Delivery,2025-12-21 06:32:58
S004296,O013129,Out for Delivery,2025-07-03 00:45:02
S004297,O014624,Out for Delivery,2024-08-16 08:09:40
S004298,O001493,Delivered,2025-11-28 22:07:41
S004299,O005894,Pickup,2025-09-02 08:58:05
S004300,O000501,Delivered,2024-01-10 19:52:09
S004301,O006112,Out for Delivery,2025-10-04 01:49:12
S004302,O013102,Out for Delivery,2024-06-15 05:43:45
S004303,O009765,Delivered,2024-05-27 12:13:11
S004304,O006340,Pickup,2025-04-17 13:02:52
S004305,O006726,Pickup,2024-09-07 20:47:36
S004306,O015843,In Transit,2025-07-18 14:45:47
S004307,O019131,Delivered,2024-09-25 15:52:55
S004308,O001542,Pickup,2024-01-05 21:54:27
S004309,O012050,Pickup,2025-11-28 17:11:53
S004310,O017456,Out for Delivery,2025-11-14 18:50:09
S004311,O015295,In Transit,2024-07-30 08:30:45
S004312,O016505,Delivered,2025-12-17 18:05:35
S004313,O000778,Delivered,2024-02-06 03:57:53
S004314,O002582,In Transit,2024-12-13 07:02:45
S004315,O019666,Pickup,2025-11-07 20:44:15
S004316,O003776,Pickup,2024-02-17 08:55:58
S004317,O003399,Pickup,2025-04-01 12:54:59
S004318,O003258,Pickup,2024-08-12 03:19:55
S004319,O014852,In Transit,2025-12-11 20:07:33
S004320,O009500,Delivered,2024-04-21 12:30:42
S004321,O009105,Delivered,2024-05-28 11:29:19
S004322,O003700,In Transit,2024-08-23 06:59:43
S004323,O000851,Delivered,2024-04-30 21:15:21
S004324,O019229,In Transit,2024-06-25 23:57:50
S004325,O006723,Out for Delivery,2024-02-18 07:47:58
S004326,O010265,Delivered,2025-08-01 12:40:27
S004327,O000551,Pickup,2024-03-16 04:51:22
S004328,O019812,Delivered,2025-07-04 08:24:24
S004329,O002538,Pickup,2024-04-15 04:11:31
S004330,O015621,Delivered,2025-09-20 17:08:32
S004331,O004949,Out for Delivery,2024-03-16 16:59:13
S004332,O017025,In Transit,2024-03-17 16:39:33
S004333,O017142,In Transit,2024-10-16 10:39:40
S004334,O004802,Out for Delivery,2025-08-16 06:03:42
S004335,O002398,In Transit,2025-08-16 19:49:25
S004336,O002527,Delivered,2025-07-14 00:41:54
S004337,O003892,In Transit,2024-08-13 22:28:57
S004338,O002102,Delivered,2025-10-29 07:35:35
S004339,O009768,Delivered,2024-07-06 07:42:51
S004340,O001839,Pickup,2024-03-29 12:55:35
S004341,O006568,In Transit,2024-05-11 16:15:19
S004342,O006395,Pickup,2024-10-19 01:54:43
S004343,O010096,Out for Delivery,2025-01-02 19:28:00
S004344,O002897,In Transit,2025-10-28 09:36:23
S004345,O018020,Delivered,2025-03-10 03:04:58
S004346,O007354,Delivered,2024-03-25 14:53:44
S004347,O000080,Pickup,2025-09-29 23:04:16
S004348,O010636,Pickup,2025-03-27 15:11:25
S004349,O003993,Pickup,2025-08-09 23:51:37
S004350,O005324,Out for Delivery,2024-05-30 07:53:26
S004351,O014155,Out for Delivery,2025-07-04 22:36:08
S004352,O004697,In Transit,2025-09-22 07:59:56
S004353,O004363,Delivered,2024-10-22 22:06:54
S004354,O006013,Out for Delivery,2025-01-11 18:32:38
S004355,O005353,Out for Delivery,2025-10-29 18:36:27
S004356,O013451,Delivered,2025-04-17 11:37:16
S004357,O013651,In Transit,2024-03-28 22:55:20
S004358,O016340,Out for Delivery,2024-02-18 14:28:21
S004359,O005840,Pickup,2024-02-19 21:42:49
S004360,O010151,Out for Delivery,2025-10-08 08:26:06
S004361,O006429,Out for Delivery,2025-02-02 12:47:44
S004362,O015366,Out for Delivery,2025-03-29 10:54:43
S004363,O001610,Pickup,2025-11-23 08:05:30
S004364,O015099,Pickup,2025-06-03 07:09:43
S004365,O016700,In Transit,2024-03-11 21:44:45
S004366,O016217,Pickup,2024-06-23 06:21:47
S004367,O012622,Pickup,2025-02-04 09:37:28
S004368,O000019,Pickup,2024-04-05 19:28:54
S004369,O013716,Out for Delivery,2025-09-20 20:45:59
S004370,O007755,Pickup,2024-05-22 23:14:06
S004371,O019958,Out for Delivery,2025-11-10 16:31:20
S004372,O013987,Pickup,2025-06-10 10:34:14
S004373,O005001,Delivered,2024-06-04 16:20:26
S004374,O000143,Delivered,2025-01-07 11:12:28
S004375,O003069,In Transit,2025-02-16 03:24:54
S004376,O004760,In Transit,2025-12-07 04:30:22
S004377,O005469,Out for Delivery,2024-06-03 21:56:48
S004378,O007948,Out for Delivery,2025-02-25 03:32:02
S004379,O003138,In Transit,2024-02-11 03:14:42
S004380,O005815,Out for Delivery,2025-09-06 13:55:04
S004381,O012694,Out for Delivery,2024-06-14 07:44:44
S004382,O012394,Out for Delivery,2024-09-01 10:30:05
S004383,O016963,In Transit,2025-05-20 16:04:22
S004384,O014651,In Transit,2024-01-11 19:05:01
S004385,O007251,Out for Delivery,2024-10-23 01:20:40
S004386,O018665,In Transit,2024-10-03 04:00:58
S004387,O002354,Pickup,2025-08-01 02:07:47
S004388,O006873,In Transit,2025-02-05 00:44:57
S004389,O014239,Pickup,2024-10-04 02:05:00
S004390,O009810,Delivered,2024-11-15 09:10:22
S004391,O002916,In Transit,2024-03-11 23:17:00
S004392,O003596,Out for Delivery,2024-08-10 10:08:28
S004393,O003130,In Transit,2025-05-23 04:23:05
S004394,O001533,In Transit,2024-11-05 20:50:22
S004395,O018199,Out for Delivery,2024-11-07 21:24:53
S004396,O018252,In Transit,2024-10-27 21:17:58
S004397,O009314,In Transit,2025-08-20 09:13:23
S004398,O007113,Out for Delivery,2024-08-13 14:09:10
S004399,O000522,In Transit,2024-10-07 15:29:23
S004400,O000228,Delivered,2025-04-22 23:59:45
S004401,O017126,In Transit,2025-10-15 17:50:17
S004402,O000943,Out for Delivery,2025-11-23 12:28:38
S004403,O012496,Out for Delivery,2024-08-08 23:49:16
S004404,O003363,In Transit,2025-09-14 02:10:41
S004405,O004386,In Transit,2024-08-15 11:19:14
S004406,O004724,Pickup,2025-07-23 09:10:30
S004407,O006363,Delivered,2024-02-22 11:56:58
S004408,O000135,In Transit,2025-09-13 12:48:38
S004409,O000893,Delivered,2024-07-09 23:22:00
S004410,O005699,Pickup,2024-09-19 22:19:04
S004411,O002847,In Transit,2024-08-15 09:08:23
S004412,O007950,Pickup,2024-06-27 17:30:15
S004413,O019643,Pickup,2024-08-13 08:06:46
S004414,O005159,In Transit,2024-05-22 00:52:58
S004415,O012344,Out for Delivery,2025-03-14 11:31:34
S004416,O016144,Out for Delivery,2024-07-01 09:06:44
S004417,O005407,Pickup,2025-04-23 09:56:46
S004418,O011933,Pickup,2025-04-02 20:17:33
S004419,O012472,Pickup,2024-03-30 12:20:16
S004420,O004993,Out for Delivery,2025-08-05 17:42:16
S004421,O016920,Out for Delivery,2025-01-27 11:52:13
S004422,O018305,Delivered,2025-02-25 21:09:45
S004423,O001957,Delivered,2025-05-22 23:54:28
S004424,O007067,Out for Delivery,2025-08-30 20:31:39
S004425,O006041,Out for Delivery,2025-09-12 21:57:27
S004426,O017820,Delivered,2025-08-15 00:12:24
S004427,O010912,Out for Delivery,2024-03-25 00:44:36
S004428,O014058,Pickup,2024-02-09 16:23:50
S004429,O011622,Delivered,2024-10-29 11:10:03
S004430,O011026,Out for Delivery,2025-11-12 17:22:52
S004431,O001024,Out for Delivery,2024-02-27 14:57:47
S004432,O001694,Pickup,2024-08-06 05:37:20
S004433,O015768,Delivered,2024-11-05 14:19:11
S004434,O009521,Out for Delivery,2024-02-03 04:40:03
S004435,O002731,In Transit,2025-07-21 21:58:38
S004436,O017452,In Transit,2025-03-09 04:32:47
S004437,O007791,Pickup,2024-05-26 21:15:55
S004438,O007062,In Transit,2024-01-12 10:06:52
S004439,O004052,Out for Delivery,2025-12-10 03:31:14
S004440,O013684,In Transit,2024-10-26 20:50:32
S004441,O015804,Out for Delivery,2025-07-24 17:06:44
S004442,O015515,Pickup,2024-10-25 08:02:09
S004443,O002914,Out for Delivery,2025-01-10 16:32:53
S004444,O000631,In Transit,2024-05-29 03:48:12
S004445,O010913,In Transit,2025-07-27 05:25:02
S004446,O003251,Delivered,2025-10-14 23:37:33
S004447,O005361,In Transit,2024-05-13 15:58:15
S004448,O014665,Pickup,2025-03-07 16:31:12
S004449,O017591,In Transit,2025-10-13 19:16:39
S004450,O011927,Out for Delivery,2024-11-26 19:47:08
S004451,O007944,Out for Delivery,2024-01-26 10:32:46
S004452,O009639,Out for Delivery,2025-07-23 00:59:43
S004453,O003350,In Transit,2024-08-10 09:45:33
S004454,O006988,In Transit,2024-02-09 09:01:09
S004455,O012799,Pickup,2025-01-04 07:25:47
S004456,O000953,Delivered,2024-04-21 10:27:50
S004457,O002917,Pickup,2025-10-10 19:47:09
S004458,O002108,Pickup,2024-12-03 05:12:16
S004459,O007700,Delivered,2025-11-09 03:49:32
S004460,O016358,In Transit,2025-11-23 23:14:46
S004461,O014863,Pickup,2024-07-13 13:55:41
S004462,O012328,Delivered,2024-08-04 08:48:38
S004463,O007111,Out for Delivery,2024-06-06 01:30:38
S004464,O000764,Out for Delivery,2024-03-16 12:13:39
S004465,O016644,In Transit,2025-05-23 17:32:28
S004466,O007506,Delivered,2024-06-22 15:26:45
S004467,O003136,In Transit,2025-02-08 02:10:30
S004468,O010050,Pickup,2024-11-09 23:35:50
S004469,O008863,Out for Delivery,2025-04-15 06:42:20
S004470,O007972,In Transit,2024-07-13 08:51:59
S004471,O017206,Pickup,2024-03-14 08:37:48
S004472,O000593,Delivered,2024-09-08 13:15:58
S004473,O009814,In Transit,2025-11-09 07:21:11
S004474,O007821,Out for Delivery,2024-01-11 21:45:16
S004475,O008544,Pickup,2025-04-16 19:03:11
S004476,O005834,Pickup,2024-10-01 22:10:45
S004477,O018693,Delivered,2024-06-23 15:22:07
S004478,O005709,In Transit,2024-09-16 01:52:39
S004479,O010365,Delivered,2024-03-15 22:41:25
S004480,O002069,In Transit,2025-09-28 14:53:17
S004481,O014591,Pickup,2025-04-12 02:07:30
S004482,O015853,Pickup,2025-10-17 21:30:46
S004483,O006471,Out for Delivery,2025-07-25 09:24:36
S004484,O007164,Delivered,2024-09-04 00:01:53
S004485,O001854,In Transit,2024-04-01 05:53:13
S004486,O015098,In Transit,2024-06-26 16:10:14
S004487,O012987,In Transit,2024-06-29 19:24:59
S004488,O000955,Pickup,2024-02-21 13:37:54
S004489,O012916,Pickup,2024-06-18 01:14:50
S004490,O009489,Delivered,2024-10-26 17:18:16
S004491,O014758,Pickup,2024-03-26 04:17:42
S004492,O003683,Delivered,2025-11-02 08:36:20
S004493,O002218,In Transit,2025-04-25 03:02:49
S004494,O000427,Delivered,2025-07-09 07:14:33
S004495,O005897,In Transit,2025-03-21 05:09:52
S004496,O012110,Pickup,2024-08-14 09:16:34
S004497,O005550,In Transit,2024-09-24 17:29:33
S004498,O015305,Out for Delivery,2025-08-29 10:26:24
S004499,O008860,Delivered,2025-04-16 03:17:43
S004500,O015175,Out for Delivery,2024-01-17 04:12:43
S004501,O011101,Out for Delivery,2025-01-12 22:40:49
S004502,O002139,Delivered,2025-11-17 02:06:46
S004503,O009289,Delivered,2024-07-14 18:52:39
S004504,O008265,Out for Delivery,2025-06-17 02:14:31
S004505,O012398,Out for Delivery,2025-01-22 11:32:06
S004506,O008931,In Transit,2025-05-16 21:25:00
S004507,O015527,Delivered,2024-01-20 20:41:10
S004508,O005247,In Transit,2024-05-23 22:29:17
S004509,O006865,Out for Delivery,2024-02-11 19:27:50
S004510,O001131,Pickup,2025-01-29 00:31:18
S004511,O014847,Out for Delivery,2024-01-29 10:50:01
S004512,O006613,Pickup,2024-05-17 16:43:52
S004513,O014856,Pickup,2025-01-27 18:25:58
S004514,O004485,Out for Delivery,2024-05-09 04:05:01
S004515,O006440,Out for Delivery,2024-03-27 10:55:38
S004516,O013402,Pickup,2025-11-17 12:54:34
S004517,O015267,Pickup,2025-08-02 12:27:02
S004518,O007704,Delivered,2024-02-25 13:22:16
S004519,O000340,Pickup,2025-01-24 16:11:56
S004520,O015691,Pickup,2024-06-17 14:25:03
S004521,O007989,In Transit,2024-02-09 13:22:23
S004522,O008543,Pickup,2025-11-02 08:24:26
S004523,O017764,Out for Delivery,2025-11-06 13:10:25
S004524,O001344,Pickup,2025-02-05 04:53:28
S004525,O006685,Delivered,2025-07-26 13:42:55
S004526,O000031,Delivered,2024-08-17 07:17:02
S004527,O016505,Pickup,2025-06-27 09:25:00
S004528,O008694,Delivered,2025-09-04 00:18:08
S004529,O013100,Pickup,2025-07-26 22:30:31
S004530,O007968,Pickup,2024-11-03 08:38:09
S004531,O008076,Pickup,2025-08-12 05:20:10
S004532,O018337,Out for Delivery,2025-12-08 10:28:27
S004533,O008973,Out for Delivery,2024-08-02 06:39:38
S004534,O019067,In Transit,2025-03-19 16:47:34
S004535,O004219,Out for Delivery,2024-12-11 04:11:52
S004536,O001922,Delivered,2024-04-01 14:45:23
S004537,O008610,Pickup,2025-05-31 12:38:05
S004538,O005053,In Transit,2025-11-18 14:00:24
S004539,O016462,In Transit,2024-04-05 09:00:05
S004540,O005658,Out for Delivery,2024-07-17 13:10:54
S004541,O006048,In Transit,2025-04-27 07:14:13
S004542,O003635,Out for Delivery,2025-05-27 04:51:45
S004543,O012018,Delivered,2024-11-02 00:38:43
S004544,O013311,Delivered,2024-05-05 06:41:54
S004545,O007972,Delivered,2024-03-06 19:43:15
S004546,O004708,Out for Delivery,2025-03-31 18:11:58
S004547,O006506,Out for Delivery,2024-07-22 04:10:02
S004548,O006215,In Transit,2024-09-24 05:41:24
S004549,O007695,Delivered,2025-04-08 00:30:20
S004550,O004301,Pickup,2025-08-21 12:14:24
S004551,O013429,In Transit,2025-10-20 14:43:54
S004552,O005533,Pickup,2024-04-02 18:25:42
S004553,O013350,Delivered,2024-01-20 21:16:28
S004554,O011502,Delivered,2025-08-18 08:53:30
S004555,O019232,Pickup,2025-03-05 06:28:48
S004556,O004028,Pickup,2025-03-22 07:46:45
S004557,O001995,In Transit,2025-03-23 05:16:44
S004558,O019007,Delivered,2025-07-15 07:50:01
S004559,O017880,Out for Delivery,2024-06-30 04:13:07
S004560,O001034,Out for Delivery,2025-11-03 04:05:29
S004561,O003379,In Transit,2025-05-12 09:12:24
S004562,O015225,In Transit,2025-02-24 03:16:21
S004563,O011656,Out for Delivery,2025-06-26 21:31:38
S004564,O012269,Out for Delivery,2025-03-03 15:59:20
S004565,O009320,In Transit,2025-01-05 02:53:45
S004566,O015949,In Transit,2025-09-12 20:27:22
S004567,O017309,In Transit,2025-09-01 22:05:40
S004568,O018005,In Transit,2025-11-08 18:40:37
S004569,O010586,In Transit,2024-09-22 00:24:32
S004570,O007273,Delivered,2024-05-09 08:42:16
S004571,O005538,In Transit,2025-10-01 10:21:18
S004572,O005712,Pickup,2025-10-18 14:39:34
S004573,O005945,Out for Delivery,2024-06-06 06:46:38
S004574,O004028,Pickup,2024-02-16 16:04:57
S004575,O009076,Delivered,2024-11-25 00:45:16
S004576,O010410,In Transit,2024-02-27 05:43:00
S004577,O010974,Delivered,2024-12-21 22:25:23
S004578,O012874,Out for Delivery,2024-01-06 13:32:03
S004579,O005999,Out for Delivery,2025-09-29 08:22:55
S004580,O006471,Out for Delivery,2025-08-09 23:41:26
S004581,O010778,Delivered,2024-02-27 07:17:39
S004582,O009182,Delivered,2025-09-17 16:45:29
S004583,O016829,Out for Delivery,2025-01-23 20:13:32
S004584,O003671,Pickup,2024-06-02 08:44:52
S004585,O012187,Pickup,2024-08-27 15:04:43
S004586,O005471,Out for Delivery,2025-01-07 03:37:11
S004587,O013875,In Transit,2024-11-24 04:05:51
S004588,O010834,In Transit,2025-07-28 03:23:29
S004589,O007729,Delivered,2024-06-08 18:50:56
S004590,O010087,Pickup,2025-04-21 22:21:50
S004591,O003460,Pickup,2024-09-12 11:10:48
S004592,O018519,Delivered,2025-06-28 06:29:12
S004593,O018478,In Transit,2024-12-02 21:37:11
S004594,O015853,In Transit,2024-07-16 11:09:30
S004595,O010804,Out for Delivery,2024-09-26 01:07:26
S004596,O016083,Delivered,2024-03-23 08:06:30
S004597,O011234,Pickup,2025-07-03 14:39:53
S004598,O006311,Delivered,2025-06-04 01:18:14
S004599,O010294,Out for Delivery,2024-07-13 22:07:14
S004600,O015773,Pickup,2025-08-26 15:09:19
S004601,O016004,Delivered,2025-02-06 02:52:30
S004602,O003682,Delivered,2024-02-20 06:24:13
S004603,O015389,Delivered,2024-08-02 03:01:23
S004604,O005863,Out for Delivery,2025-02-14 04:18:14
S004605,O004966,In Transit,2024-08-17 03:18:21
S004606,O001262,Pickup,2025-05-17 16:13:08
S004607,O008927,Delivered,2025-07-31 10:12:29
S004608,O015205,Out for Delivery,2025-07-28 05:51:45
S004609,O011732,Delivered,2025-01-09 20:16:30
S004610,O012015,Out for Delivery,2024-12-12 06:34:08
S004611,O011597,Out for Delivery,2024-03-16 06:00:59
S004612,O001653,Out for Delivery,2025-03-06 14:01:38
S004613,O011906,Delivered,2025-11-02 07:59:04
S004614,O009292,In Transit,2024-06-05 01:42:36
S004615,O019773,In Transit,2025-02-26 13:44:25
S004616,O018972,Out for Delivery,2025-12-03 15:09:44
S004617,O012031,Delivered,2025-04-24 12:58:01
S004618,O013181,Out for Delivery,2025-02-04 03:04:52
S004619,O013169,In Transit,2025-05-23 07:49:45
S004620,O012135,Delivered,2025-10-21 10:59:32
S004621,O003649,Delivered,2025-06-15 02:36:47
S004622,O010332,Out for Delivery,2025-11-28 13:11:23
S004623,O000862,Out for Delivery,2024-06-10 00:12:36
S004624,O004555,Delivered,2025-12-09 18:03:03
S004625,O006008,In Transit,2025-04-09 14:58:41
S004626,O000920,Out for Delivery,2024-12-13 01:41:34
S004627,O006520,Out for Delivery,2025-05-13 09:25:35
S004628,O013541,Delivered,2024-10-04 11:28:27
S004629,O014665,Pickup,2024-07-13 22:02:01
S004630,O006566,In Transit,2024-11-18 06:40:25
S004631,O014924,Delivered,2024-04-21 09:44:48
S004632,O009937,Delivered,2025-08-11 02:53:58
S004633,O002802,Delivered,2025-07-18 06:43:08
S004634,O012225,Delivered,2024-05-29 09:56:22
S004635,O005692,In Transit,2024-03-29 10:04:45
S004636,O014478,Delivered,2025-05-26 07:45:22
S004637,O019138,In Transit,2025-08-14 10:12:46
S004638,O002876,Pickup,2025-08-16 09:15:59
S004639,O009139,Delivered,2025-11-21 22:36:25
S004640,O012211,In Transit,2025-07-06 20:04:47
S004641,O014680,Out for Delivery,2024-11-25 07:16:09
S004642,O019614,In Transit,2025-09-14 20:48:32
S004643,O019379,In Transit,2025-03-02 01:34:09
S004644,O003961,Delivered,2024-09-18 20:18:12
S004645,O015038,Out for Delivery,2024-08-17 16:47:41
S004646,O018340,Pickup,2024-07-07 23:16:50
S004647,O006816,In Transit,2025-05-14 09:25:13
S004648,O012775,In Transit,2025-07-03 15:21:47
S004649,O003453,Pickup,2025-05-22 12:18:11
S004650,O009917,Out for Delivery,2024-12-22 21:01:39
S004651,O018768,In Transit,2024-08-01 21:49:58
S004652,O006493,Delivered,2024-06-22 04:54:22
S004653,O019904,In Transit,2024-11-25 22:38:52
S004654,O010615,Out for Delivery,2025-03-11 20:49:44
S004655,O013250,Delivered,2024-06-17 09:42:53
S004656,O004753,Out for Delivery,2025-10-06 00:04:24
S004657,O019883,In Transit,2025-04-07 07:32:31
S004658,O015307,Delivered,2024-11-11 02:39:11
S004659,O001451,Delivered,2025-09-23 03:07:00
S004660,O001813,In Transit,2024-12-15 09:07:30
S004661,O002043,In Transit,2025-10-17 02:03:53
S004662,O018967,Delivered,2024-01-31 18:40:34
S004663,O012209,Out for Delivery,2025-09-08 07:16:47
S004664,O014189,Delivered,2025-06-04 22:10:16
S004665,O016135,Out for Delivery,2025-09-22 18:39:21
S004666,O010162,Delivered,2024-03-19 03:40:42
S004667,O013088,Out for Delivery,2024-09-11 05:24:18
S004668,O018162,Delivered,2025-09-05 18:32:57
S004669,O010323,Out for Delivery,2024-04-14 23:12:35
S004670,O002870,Pickup,2024-02-10 00:53:28
S004671,O019080,Out for Delivery,2025-04-24 09:57:07
S004672,O015981,Pickup,2024-05-14 14:57:20
S004673,O000774,Pickup,2025-03-07 15:52:49
S004674,O012327,Pickup,2024-10-04 19:47:54
S004675,O005015,Pickup,2025-09-25 13:27:14
S004676,O006453,In Transit,2025-09-25 09:41:10
S004677,O018859,In Transit,2025-03-13 19:01:02
S004678,O012960,Pickup,2025-01-12 12:44:55
S004679,O019713,In Transit,2024-01-08 04:13:57
S004680,O017969,Delivered,2024-12-31 01:47:09
S004681,O002971,Pickup,2025-11-26 09:12:10
S004682,O002624,Delivered,2024-06-22 07:36:24
S004683,O008091,In Transit,2024-01-12 03:22:45
S004684,O005264,Out for Delivery,2025-07-23 04:11:52
S004685,O000790,Delivered,2025-11-22 18:20:34
S004686,O008614,Out for Delivery,2025-11-17 06:49:22
S004687,O001430,Delivered,2024-04-01 06:58:08
S004688,O006284,In Transit,2024-11-18 02:38:32
S004689,O017513,Pickup,2025-08-01 19:07:38
S004690,O004883,In Transit,2024-09-30 11:24:03
S004691,O007761,In Transit,2025-06-24 03:27:15
S004692,O007875,Pickup,2024-07-28 23:22:45
S004693,O007416,In Transit,2024-08-04 15:13:08
S004694,O011115,Out for Delivery,2025-03-18 00:29:49
S004695,O015934,Out for Delivery,2025-12-01 18:33:09
S004696,O009579,Out for Delivery,2024-09-10 17:41:35
S004697,O013967,Out for Delivery,2024-06-15 21:21:06
S004698,O004601,Pickup,2024-06-19 08:37:12
S004699,O018887,Pickup,2025-10-30 19:33:00
S004700,O019777,Out for Delivery,2024-11-09 23:04:30
S004701,O015352,In Transit,2024-04-13 01:36:19
S004702,O003272,Out for Delivery,2024-04-20 16:17:22
S004703,O015699,Delivered,2025-06-12 04:13:50
S004704,O014529,Pickup,2024-04-16 13:25:01
S004705,O007768,Delivered,2024-02-16 13:41:11
S004706,O004561,Delivered,2024-10-08 09:02:30
S004707,O011473,In Transit,2024-09-16 03:57:30
S004708,O000492,Out for Delivery,2025-03-29 20:21:36
S004709,O019352,Out for Delivery,2024-12-26 07:36:28
S004710,O017736,In Transit,2024-07-18 15:55:47
S004711,O007007,Delivered,2024-05-11 19:25:52
S004712,O008799,Pickup,2025-03-27 16:23:00
S004713,O007815,Delivered,2024-06-20 00:07:00
S004714,O008846,Pickup,2024-09-08 14:49:42
S004715,O005502,Delivered,2025-01-23 13:00:42
S004716,O015567,Out for Delivery,2025-02-16 15:10:44
S004717,O006610,Pickup,2024-03-12 15:45:13
S004718,O019572,In Transit,2025-06-14 01:24:52
S004719,O019885,Out for Delivery,2025-12-01 14:19:18
S004720,O008022,Out for Delivery,2025-10-22 05:24:41
S004721,O000332,Out for Delivery,2024-09-19 17:57:36
S004722,O000501,In Transit,2024-03-27 11:03:43
S004723,O013448,Pickup,2025-12-20 15:42:31
S004724,O015495,Pickup,2024-05-30 14:48:12
S004725,O008266,Delivered,2025-04-24 21:14:43
S004726,O014834,Pickup,2024-04-22 10:14:13
S004727,O009278,Out for Delivery,2024-07-26 14:14:34
S004728,O010055,Delivered,2024-11-01 22:44:53
S004729,O016174,Out for Delivery,2024-01-13 21:23:03
S004730,O013302,In Transit,2025-12-19 02:44:41
S004731,O013665,Out for Delivery,2024-07-28 12:00:10
S004732,O015118,Out for Delivery,2024-06-11 03:54:08
S004733,O013308,Pickup,2025-03-24 07:35:16
S004734,O011221,In Transit,2025-09-09 20:20:26
S004735,O005571,Out for Delivery,2025-03-12 20:01:58
S004736,O003966,In Transit,2024-05-11 09:11:53
S004737,O003034,Out for Delivery,2025-10-16 13:40:01
S004738,O009640,In Transit,2025-03-13 18:38:35
S004739,O001476,Out for Delivery,2025-07-23 01:15:57
S004740,O018472,Pickup,2024-10-15 13:35:02
S004741,O017237,Out for Delivery,2024-08-28 02:24:18
S004742,O004377,Pickup,2024-10-20 21:02:38
S004743,O013150,Out for Delivery,2025-12-17 16:51:55
S004744,O016456,In Transit,2024-03-15 11:55:57
S004745,O018847,Pickup,2024-06-04 13:07:41
S004746,O016257,In Transit,2025-04-13 03:38:34
S004747,O001074,In Transit,2024-01-31 15:17:54
S004748,O017009,In Transit,2024-09-03 17:45:24
S004749,O000638,Delivered,2025-03-03 02:34:15
S004750,O014370,Pickup,2024-09-23 07:41:35
S004751,O010676,Out for Delivery,2025-12-28 02:17:36
S004752,O006868,In Transit,2024-04-11 22:47:46
S004753,O001916,Delivered,2025-12-30 09:18:07
S004754,O003514,Delivered,2024-02-26 18:35:07
S004755,O018361,Pickup,2024-12-21 22:10:12
S004756,O000499,In Transit,2025-07-26 03:34:23
S004757,O014635,In Transit,2025-08-04 01:05:43
S004758,O019097,Delivered,2024-05-11 15:46:46
S004759,O016110,Out for Delivery,2024-10-24 07:04:21
S004760,O007837,Pickup,2025-12-24 03:18:00
S004761,O004642,Out for Delivery,2024-02-16 12:46:06
S004762,O012975,Out for Delivery,2024-08-06 17:23:19
S004763,O002337,Out for Delivery,2024-09-20 13:06:35
S004764,O004743,In Transit,2025-02-08 12:22:55
S004765,O006898,Delivered,2024-09-21 17:08:33
S004766,O003838,Pickup,2025-01-20 19:12:25
S004767,O017516,Pickup,2025-03-08 00:34:07
S004768,O006217,In Transit,2024-12-13 15:56:37
S004769,O010308,Out for Delivery,2025-01-19 06:38:04
S004770,O015478,Pickup,2024-05-10 23:21:52
S004771,O002729,Delivered,2024-10-17 21:17:14
S004772,O000584,Pickup,2025-07-25 21:21:15
S004773,O005275,Pickup,2024-05-18 17:33:16
S004774,O019037,Out for Delivery,2025-02-16 14:40:01
S004775,O004417,Pickup,2025-03-22 15:34:49
S004776,O012514,In Transit,2024-03-23 02:04:57
S004777,O014192,Out for Delivery,2024-04-05 03:23:13
S004778,O017373,Delivered,2025-10-05 01:26:55
S004779,O009389,Pickup,2025-05-10 01:03:25
S004780,O008497,Out for Delivery,2024-10-20 20:53:48
S004781,O003534,In Transit,2025-02-14 02:04:29
S004782,O019969,In Transit,2024-05-19 08:18:07
S004783,O012546,In Transit,2025-05-22 11:51:14
S004784,O007624,Pickup,2025-12-29 10:25:58
S004785,O016693,Pickup,2024-10-30 12:52:13
S004786,O005690,Out for Delivery,2024-05-30 11:51:30
S004787,O006692,Pickup,2025-01-29 14:23:38
S004788,O016469,In Transit,2025-11-11 10:13:00
S004789,O002341,Out for Delivery,2025-09-14 01:38:17
S004790,O019314,Pickup,2024-10-01 23:17:06
S004791,O016296,Delivered,2024-01-23 23:37:53
S004792,O019519,Pickup,2024-04-13 03:22:22
S004793,O008887,Pickup,2025-05-23 22:51:52
S004794,O016261,Out for Delivery,2025-04-05 16:40:55
S004795,O019930,Delivered,2024-12-12 02:22:38
S004796,O019684,Pickup,2025-12-12 20:04:33
S004797,O011435,Out for Delivery,2025-08-14 22:26:31
S004798,O004894,Pickup,2025-02-28 02:55:22
S004799,O011149,In Transit,2025-10-21 13:22:13
S004800,O001711,Pickup,2025-07-31 22:39:00
S004801,O011204,Pickup,2025-05-15 01:01:13
S004802,O010010,Pickup,2024-02-02 09:36:12
S004803,O003198,In Transit,2024-05-11 12:12:07
S004804,O018969,In Transit,2025-04-24 01:40:13
S004805,O013170,Pickup,2024-06-17 18:52:22
S004806,O003180,In Transit,2024-09-23 14:27:29
S004807,O011046,Delivered,2024-08-16 12:14:17
S004808,O015845,Out for Delivery,2025-01-31 14:21:59
S004809,O012960,Pickup,2025-05-12 07:53:52
S004810,O006489,Delivered,2024-02-03 08:40:51
S004811,O007172,Delivered,2024-12-11 08:35:39
S004812,O012817,In Transit,2025-12-01 12:53:06
S004813,O005156,Pickup,2025-04-17 01:34:24
S004814,O003039,Out for Delivery,2025-08-23 16:56:25
S004815,O016292,Pickup,2024-11-25 04:33:32
S004816,O011814,In Transit,2024-06-19 14:10:55
S004817,O013850,Delivered,2024-10-11 20:41:09
S004818,O000938,Delivered,2024-10-05 14:08:03
S004819,O014357,In Transit,2025-06-12 10:51:48
S004820,O001253,Delivered,2024-12-24 17:48:27
S004821,O013064,Delivered,2025-05-18 12:52:02
S004822,O000237,Delivered,2024-07-09 13:25:53
S004823,O009078,In Transit,2025-02-21 19:17:38
S004824,O001492,Delivered,2025-12-26 19:24:04
S004825,O015655,In Transit,2024-06-28 08:03:56
S004826,O009382,In Transit,2025-01-16 05:50:28
S004827,O006969,In Transit,2025-02-07 20:40:28
S004828,O002623,Out for Delivery,2024-04-05 00:46:22
S004829,O019380,Out for Delivery,2024-10-25 04:22:27
S004830,O003921,In Transit,2024-05-15 17:06:44
S004831,O008446,Delivered,2025-05-14 07:48:04
S004832,O016127,Pickup,2024-08-31 12:23:18
S004833,O005197,Delivered,2025-11-11 16:56:04
S004834,O017325,Pickup,2025-01-10 06:40:37
S004835,O008922,In Transit,2024-03-21 15:21:15
S004836,O015407,Pickup,2025-04-09 00:19:23
S004837,O009618,Delivered,2024-02-24 01:03:30
S004838,O019383,Pickup,2025-12-04 04:15:14
S004839,O005016,Out for Delivery,2025-10-09 01:03:55
S004840,O014650,Out for Delivery,2024-01-19 03:28:50
S004841,O019862,Delivered,2025-11-03 17:21:41
S004842,O006266,Delivered,2024-09-02 08:43:40
S004843,O008469,Out for Delivery,2025-12-07 01:22:58
S004844,O008998,In Transit,2024-09-13 13:58:30
S004845,O003591,In Transit,2025-05-03 07:21:01
S004846,O007779,In Transit,2025-08-31 21:09:13
S004847,O004330,In Transit,2024-06-02 02:22:26
S004848,O008044,Out for Delivery,2024-11-06 04:55:47
S004849,O004900,Pickup,2025-03-08 22:47:18
S004850,O014370,Delivered,2025-02-07 05:04:13
S004851,O005570,Delivered,2025-05-26 00:59:08
S004852,O002606,In Transit,2024-02-01 09:29:28
S004853,O017021,Delivered,2025-06-17 22:26:03
S004854,O002961,Delivered,2025-12-20 19:30:08
S004855,O015262,Out for Delivery,2024-11-10 20:56:46
S004856,O015183,Pickup,2024-02-29 20:47:53
S004857,O005467,Out for Delivery,2025-07-01 12:49:55
S004858,O013668,In Transit,2024-12-19 00:38:09
S004859,O003890,Delivered,2024-09-26 14:01:52
S004860,O012699,In Transit,2024-10-29 09:03:02
S004861,O005374,Pickup,2024-01-28 13:55:54
S004862,O008577,Out for Delivery,2024-07-12 11:21:31
S004863,O003176,In Transit,2024-04-17 20:20:52
S004864,O011667,Delivered,2024-11-29 13:27:37
S004865,O017393,Pickup,2025-06-27 07:32:53
S004866,O018886,Pickup,2025-04-10 17:03:34
S004867,O019633,Delivered,2024-06-23 08:30:36
S004868,O017966,In Transit,2024-12-17 06:30:24
S004869,O013860,In Transit,2025-01-26 10:22:22
S004870,O010251,Pickup,2024-12-26 01:41:04
S004871,O008516,In Transit,2024-08-28 15:54:37
S004872,O014766,Delivered,2025-03-01 10:12:54
S004873,O007910,Out for Delivery,2024-10-21 02:37:12
S004874,O003680,Pickup,2024-01-26 12:54:01
S004875,O012971,In Transit,2024-06-05 18:33:10
S004876,O003009,In Transit,2024-02-17 05:54:08
S004877,O003492,Delivered,2024-06-05 23:36:42
S004878,O006937,Delivered,2025-12-28 02:48:28
S004879,O013517,Pickup,2024-02-13 16:44:31
S004880,O000687,In Transit,2024-02-06 18:15:17
S004881,O010279,Out for Delivery,2025-11-12 08:32:55
S004882,O017280,Pickup,2024-02-29 18:23:23
S004883,O016736,Delivered,2024-04-09 16:13:11
S004884,O002168,Delivered,2024-08-18 17:38:00
S004885,O001716,In Transit,2024-08-04 04:05:14
S004886,O003207,Out for Delivery,2024-01-06 23:31:16
S004887,O007565,Out for Delivery,2024-06-03 06:04:39
S004888,O013498,Delivered,2024-10-07 03:31:23
S004889,O017053,In Transit,2024-11-15 22:02:29
S004890,O009375,Delivered,2024-04-27 16:22:19
S004891,O012028,Pickup,2024-03-05 11:51:50
S004892,O003212,Delivered,2025-04-17 01:04:54
S004893,O002029,In Transit,2024-04-12 03:21:22
S004894,O001371,Delivered,2025-06-22 14:12:35
S004895,O005738,In Transit,2024-01-30 23:28:01
S004896,O014460,Out for Delivery,2024-02-13 20:43:55
S004897,O003472,Pickup,2025-09-26 06:46:46
S004898,O014674,In Transit,2025-01-21 03:10:02
S004899,O010827,Out for Delivery,2025-10-27 17:46:35
S004900,O003983,In Transit,2024-10-14 05:30:26
S004901,O010316,In Transit,2024-12-12 16:43:12
S004902,O004458,Pickup,2025-10-19 01:26:17
S004903,O005684,Out for Delivery,2025-11-28 10:11:14
S004904,O009547,Delivered,2025-08-30 05:55:58
S004905,O000451,In Transit,2025-10-30 01:38:50
S004906,O004264,Delivered,2024-09-17 02:25:07
S004907,O013394,Delivered,2024-04-23 17:04:53
S004908,O010570,In Transit,2024-07-21 07:48:44
S004909,O018101,Out for Delivery,2025-04-19 22:33:15
S004910,O000410,In Transit,2025-11-06 01:15:27
S004911,O012593,In Transit,2025-12-02 14:29:41
S004912,O001751,Delivered,2025-08-06 09:11:05
S004913,O004998,Delivered,2024-04-24 12:47:48
S004914,O018049,Pickup,2024-02-17 21:58:21
S004915,O016859,Out for Delivery,2025-01-05 10:34:42
S004916,O009027,In Transit,2024-02-24 14:00:30
S004917,O009083,In Transit,2024-03-18 04:31:33
S004918,O003869,Pickup,2025-08-03 15:13:23
S004919,O009231,Out for Delivery,2024-08-16 11:25:09
S004920,O014211,Delivered,2025-02-20 05:38:36
S004921,O015166,Delivered,2024-07-17 10:20:58
S004922,O013280,Delivered,2025-11-21 04:30:50
S004923,O002790,Delivered,2024-07-17 10:54:09
S004924,O017892,Out for Delivery,2025-06-30 07:41:10
S004925,O013435,Out for Delivery,2024-09-12 05:54:29
S004926,O003135,Out for Delivery,2025-09-07 13:11:51
S004927,O008911,Pickup,2025-01-17 14:22:30
S004928,O016416,Out for Delivery,2024-04-21 13:20:37
S004929,O005238,Pickup,2025-09-28 12:05:50
S004930,O002238,Out for Delivery,2024-03-12 04:17:09
S004931,O012983,In Transit,2024-10-19 05:40:00
S004932,O003856,Out for Delivery,2024-06-06 11:05:16
S004933,O002120,Delivered,2025-08-09 21:07:26
S004934,O007758,Delivered,2024-05-02 15:39:11
S004935,O004631,Delivered,2024-03-09 10:18:07
S004936,O019980,Delivered,2024-03-11 21:30:06
S004937,O016979,Out for Delivery,2024-06-09 17:29:36
S004938,O006677,Pickup,2025-10-27 20:02:57
S004939,O014523,Delivered,2024-04-07 14:50:22
S004940,O019338,In Transit,2025-06-11 18:39:53
S004941,O012118,In Transit,2024-12-12 16:01:07
S004942,O013838,Pickup,2024-09-27 17:01:14
S004943,O011465,Pickup,2024-07-08 20:27:39
S004944,O018296,Delivered,2025-03-25 22:45:05
S004945,O017897,In Transit,2024-10-27 14:20:58
S004946,O017116,In Transit,2025-10-21 14:49:46
S004947,O011258,Delivered,2025-04-17 18:46:55
S004948,O008883,Delivered,2025-05-29 21:50:00
S004949,O007840,Out for Delivery,2024-03-13 19:30:26
S004950,O003237,In Transit,2025-02-14 00:20:20
S004951,O017344,Pickup,2024-02-15 20:56:06
S004952,O004940,Out for Delivery,2025-08-10 22:26:51
S004953,O012041,Delivered,2024-05-25 10:43:39
S004954,O002387,In Transit,2025-01-29 04:10:01
S004955,O008793,Out for Delivery,2024-03-04 23:41:41
S004956,O011673,Delivered,2025-04-27 10:33:45
S004957,O015856,Delivered,2024-08-09 01:57:03
S004958,O011046,Delivered,2025-11-16 15:57:48
S004959,O001360,In Transit,2024-04-24 21:36:11
S004960,O012891,In Transit,2025-05-23 18:38:50
S004961,O009791,Out for Delivery,2024-02-17 18:13:12
S004962,O002147,Delivered,2025-10-04 17:58:29
S004963,O003316,Out for Delivery,2025-07-18 13:34:06
S004964,O018025,In Transit,2025-11-17 07:41:55
S004965,O017243,In Transit,2024-08-16 12:22:09
S004966,O016967,In Transit,2024-06-28 11:14:25
S004967,O000269,Out for Delivery,2025-05-13 08:39:00
S004968,O010680,Delivered,2025-07-13 13:03:26
S004969,O017685,Pickup,2025-07-10 03:46:02
S004970,O018536,Out for Delivery,2025-01-06 14:14:34
S004971,O004531,Pickup,2025-12-16 05:23:19
S004972,O017226,In Transit,2024-03-10 13:06:43
S004973,O007800,In Transit,2025-03-07 17:37:44
S004974,O000997,Pickup,2025-06-12 04:31:44
S004975,O013912,Delivered,2025-03-13 13:07:35
S004976,O006680,In Transit,2025-03-21 16:42:23
S004977,O000679,Out for Delivery,2024-11-07 04:03:15
S004978,O005839,In Transit,2025-06-24 23:51:34
S004979,O017753,Delivered,2024-06-17 03:33:12
S004980,O009532,Out for Delivery,2025-01-31 11:45:37
S004981,O004564,In Transit,2024-11-12 06:37:33
S004982,O018755,Pickup,2025-01-29 02:05:48
S004983,O007711,In Transit,2025-10-19 08:07:09
S004984,O017619,Delivered,2024-08-07 01:22:09
S004985,O010249,Out for Delivery,2024-03-10 02:38:34
S004986,O002036,In Transit,2024-02-11 11:59:13
S004987,O017258,Delivered,2025-01-10 16:24:37
S004988,O010170,Delivered,2024-04-12 10:20:10
S004989,O012353,Out for Delivery,2025-08-02 10:54:40
S004990,O011922,Pickup,2025-05-04 09:18:58
S004991,O012207,Delivered,2024-09-27 22:12:18
S004992,O018033,Pickup,2024-10-15 03:39:39
S004993,O012685,In Transit,2025-12-17 06:20:15
S004994,O013375,Delivered,2025-06-20 21:34:49
S004995,O000874,Delivered,2024-03-17 23:10:22
S004996,O012807,Pickup,2024-08-27 20:33:56
S004997,O008079,Delivered,2024-11-04 16:01:27
S004998,O012278,Out for Delivery,2024-08-05 07:16:29
S004999,O000473,Pickup,2025-03-11 13:19:42
S005000,O005334,In Transit,2024-06-04 13:11:49
S005001,O014702,Out for Delivery,2024-02-10 20:39:55
S005002,O003629,Out for Delivery,2025-03-13 23:57:18
S005003,O015203,In Transit,2024-09-13 19:46:04
S005004,O002088,In Transit,2024-01-26 03:03:42
S005005,O010460,Pickup,2025-10-12 11:18:12
S005006,O008988,Delivered,2024-06-06 07:53:43
S005007,O018522,Delivered,2024-12-22 19:34:42
S005008,O011354,Pickup,2025-03-28 11:41:05
S005009,O017099,Pickup,2025-07-12 05:20:54
S005010,O017451,Delivered,2024-08-20 13:49:59
S005011,O005378,Out for Delivery,2024-08-15 07:24:08
S005012,O006620,Out for Delivery,2024-03-20 00:41:32
S005013,O006620,Out for Delivery,2025-01-21 03:09:57
S005014,O003102,Delivered,2024-03-07 16:04:03
S005015,O011954,In Transit,2024-10-17 11:41:52
S005016,O004748,Out for Delivery,2024-06-10 04:07:06
S005017,O019419,Out for Delivery,2025-09-09 13:19:28
S005018,O014907,Delivered,2024-05-22 15:12:10
S005019,O012075,Out for Delivery,2025-05-27 04:53:10
S005020,O015824,Delivered,2025-04-22 23:02:50
S005021,O001120,Delivered,2025-03-06 16:01:49
S005022,O010126,Out for Delivery,2024-11-02 20:01:37
S005023,O012349,Pickup,2024-09-05 11:03:48
S005024,O019731,Pickup,2024-05-24 14:57:52
S005025,O013214,Delivered,2024-08-02 21:45:19
S005026,O019974,In Transit,2025-04-01 22:15:17
S005027,O001324,Out for Delivery,2024-06-30 21:04:36
S005028,O008091,In Transit,2025-03-27 20:05:14
S005029,O009126,Pickup,2025-08-14 17:05:09
S005030,O002873,Out for Delivery,2025-02-23 17:17:40
S005031,O007152,Out for Delivery,2025-12-22 14:17:17
S005032,O013593,Out for Delivery,2024-12-09 03:36:42
S005033,O013575,In Transit,2024-04-07 06:42:02
S005034,O013090,Out for Delivery,2025-10-16 06:53:33
S005035,O018162,Out for Delivery,2025-11-09 11:07:48
S005036,O011621,Delivered,2024-09-06 10:52:08
S005037,O001251,Delivered,2025-04-13 07:00:43
S005038,O012415,Delivered,2024-12-28 12:42:33
S005039,O019070,Delivered,2025-08-31 20:41:09
S005040,O017386,Pickup,2025-11-01 11:24:42
S005041,O016191,In Transit,2025-12-17 11:02:34
S005042,O011991,In Transit,2024-05-08 01:49:14
S005043,O013034,Delivered,2025-06-20 15:31:45
S005044,O018011,Out for Delivery,2024-06-12 23:13:26
S005045,O008311,Out for Delivery,2024-08-15 12:25:03
S005046,O003472,Pickup,2024-03-28 12:00:20
S005047,O006054,Delivered,2025-01-03 16:06:49
S005048,O016956,In Transit,2024-06-16 22:14:46
S005049,O004480,In Transit,2024-04-11 19:43:04
S005050,O004273,In Transit,2025-08-08 00:47:36
S005051,O004556,In Transit,2024-04-04 05:27:07
S005052,O004953,Delivered,2024-04-23 11:53:49
S005053,O004208,In Transit,2024-07-23 17:14:19
S005054,O010051,In Transit,2024-08-06 11:53:14
S005055,O013705,Out for Delivery,2025-06-30 23:00:49
S005056,O012187,Pickup,2024-01-06 22:26:43
S005057,O018248,Delivered,2025-07-21 01:01:29
S005058,O008986,Out for Delivery,2025-08-05 04:39:10
S005059,O017463,Delivered,2025-09-20 10:45:20
S005060,O006610,In Transit,2024-07-05 17:46:59
S005061,O010215,Out for Delivery,2024-08-09 15:29:36
S005062,O017924,In Transit,2024-11-29 21:17:46
S005063,O003185,Delivered,2025-12-08 10:21:46
S005064,O008898,Pickup,2025-02-08 12:19:13
S005065,O017851,In Transit,2025-01-25 11:28:51
S005066,O019638,Pickup,2025-01-04 12:14:41
S005067,O008763,Delivered,2024-07-23 11:20:45
S005068,O010446,Out for Delivery,2024-07-28 10:08:21
S005069,O014598,Out for Delivery,2025-03-12 05:42:04
S005070,O007778,In Transit,2024-03-04 10:27:19
S005071,O006296,Out for Delivery,2025-08-01 18:38:56
S005072,O016646,In Transit,2025-04-24 22:40:28
S005073,O018270,Pickup,2024-05-25 02:14:56
S005074,O018867,Delivered,2025-06-25 19:47:24
S005075,O010479,In Transit,2025-01-09 15:44:42
S005076,O013253,Pickup,2024-10-02 08:38:51
S005077,O002265,In Transit,2024-01-30 11:06:13
S005078,O003229,Delivered,2024-10-13 17:41:27
S005079,O000171,Out for Delivery,2025-03-23 23:29:17
S005080,O008827,Out for Delivery,2024-06-19 07:36:59
S005081,O016038,Out for Delivery,2025-05-22 01:35:57
S005082,O018019,Pickup,2024-10-02 11:49:19
S005083,O006267,In Transit,2024-09-06 00:05:55
S005084,O014456,In Transit,2024-04-08 17:41:30
S005085,O015679,Delivered,2024-02-14 20:09:53
S005086,O008835,Delivered,2024-06-25 16:10:36
S005087,O008386,Pickup,2024-06-30 10:35:36
S005088,O000946,Delivered,2024-10-07 14:17:48
S005089,O001128,In Transit,2025-07-15 17:49:15
S005090,O015150,Out for Delivery,2025-11-13 08:16:59
S005091,O012362,Delivered,2024-07-22 19:49:26
S005092,O004561,Pickup,2024-09-05 14:17:39
S005093,O000507,Out for Delivery,2025-12-16 21:05:52
S005094,O002744,Pickup,2025-01-23 15:34:39
S005095,O015187,Out for Delivery,2025-10-23 13:13:02
S005096,O018958,Out for Delivery,2025-01-27 09:23:30
S005097,O011748,Out for Delivery,2024-08-27 06:55:05
S005098,O010039,Pickup,2025-06-28 01:17:23
S005099,O009275,In Transit,2025-12-16 22:08:27
S005100,O013063,Out for Delivery,2025-03-18 11:02:17
S005101,O016337,Delivered,2025-05-26 00:50:13
S005102,O009561,In Transit,2024-11-10 07:11:10
S005103,O016907,Out for Delivery,2025-06-13 02:34:21
S005104,O004965,Pickup,2025-04-30 02:51:42
S005105,O017535,Out for Delivery,2024-07-14 08:18:03
S005106,O013417,Delivered,2025-01-03 21:30:35
S005107,O017998,Out for Delivery,2024-11-28 22:15:30
S005108,O004207,In Transit,2024-12-17 10:59:46
S005109,O013100,In Transit,2025-06-23 04:52:40
S005110,O004761,Out for Delivery,2025-08-14 10:08:24
S005111,O002338,Pickup,2025-02-21 01:00:41
S005112,O006134,In Transit,2024-12-11 10:17:18
S005113,O016155,Pickup,2025-08-12 05:34:26
S005114,O007669,In Transit,2025-02-02 03:37:58
S005115,O016147,Delivered,2024-11-16 18:34:12
S005116,O013242,Pickup,2025-08-10 17:58:03
S005117,O013704,Out for Delivery,2024-07-28 03:44:05
S005118,O012068,Out for Delivery,2024-07-11 02:49:41
S005119,O017397,In Transit,2025-08-08 01:08:09
S005120,O009695,In Transit,2025-12-09 22:29:24
S005121,O005167,Pickup,2025-04-03 08:33:54
S005122,O003033,In Transit,2025-03-04 13:37:34
S005123,O009209,Pickup,2024-01-22 02:41:14
S005124,O010653,Out for Delivery,2024-01-05 01:16:00
S005125,O001368,Out for Delivery,2024-07-21 07:15:15
S005126,O003302,Delivered,2025-12-27 10:57:46
S005127,O015501,Delivered,2024-02-14 13:08:01
S005128,O014253,In Transit,2024-10-18 20:44:01
S005129,O011452,Delivered,2024-05-11 09:19:40
S005130,O012594,Pickup,2025-12-19 18:23:48
S005131,O008963,Delivered,2025-05-20 20:18:34
S005132,O015198,Out for Delivery,2025-07-13 22:50:23
S005133,O015064,In Transit,2024-04-21 22:27:12
S005134,O004495,Pickup,2025-02-07 01:49:19
S005135,O012961,Pickup,2024-12-08 02:15:22
S005136,O018351,Delivered,2024-04-04 10:57:54
S005137,O005441,Out for Delivery,2024-11-17 10:32:37
S005138,O006798,Pickup,2025-10-12 10:51:24
S005139,O009790,In Transit,2025-06-10 19:13:54
S005140,O007330,Pickup,2024-01-05 23:20:03
S005141,O000599,In Transit,2024-03-07 01:22:09
S005142,O011534,In Transit,2025-08-05 14:13:50
S005143,O005146,Out for Delivery,2025-11-23 03:35:43
S005144,O015011,Out for Delivery,2024-07-30 23:15:30
S005145,O007349,In Transit,2024-05-29 02:28:01
S005146,O013272,Out for Delivery,2024-01-12 08:30:04
S005147,O010187,In Transit,2025-03-01 18:12:22
S005148,O011796,Pickup,2024-02-20 20:30:44
S005149,O019957,In Transit,2024-10-16 09:50:21
S005150,O010255,Pickup,2025-01-04 15:32:56
S005151,O017933,Delivered,2024-10-23 02:23:33
S005152,O013543,In Transit,2025-09-11 18:33:47
S005153,O012027,Out for Delivery,2025-11-23 12:18:35
S005154,O008793,Out for Delivery,2024-12-27 17:29:21
S005155,O004745,In Transit,2025-01-24 08:56:17
S005156,O006287,Pickup,2024-11-27 20:56:36
S005157,O004958,Pickup,2024-10-30 01:17:44
S005158,O005008,Delivered,2025-12-22 04:55:06
S005159,O008132,Pickup,2024-11-27 21:22:26
S005160,O012989,In Transit,2024-07-20 14:30:33
S005161,O001072,In Transit,2024-12-05 21:27:21
S005162,O018360,In Transit,2024-11-12 13:56:02
S005163,O000112,Out for Delivery,2024-03-01 03:05:55
S005164,O009253,In Transit,2024-12-21 16:18:05
S005165,O015947,In Transit,2024-06-08 23:43:16
S005166,O018665,In Transit,2024-03-11 00:23:15
S005167,O001269,In Transit,2025-12-05 09:30:29
S005168,O018722,In Transit,2024-06-02 10:44:51
S005169,O004177,Pickup,2025-04-19 11:08:42
S005170,O015156,Pickup,2025-12-09 02:25:02
S005171,O007112,Out for Delivery,2025-05-21 18:55:31
S005172,O014601,Out for Delivery,2024-12-20 04:14:19
S005173,O008125,In Transit,2024-09-13 05:27:34
S005174,O004866,Delivered,2024-05-02 01:19:37
S005175,O008293,In Transit,2024-09-27 00:57:54
S005176,O011620,Delivered,2025-09-07 05:58:48
S005177,O008385,In Transit,2024-09-20 15:14:23
S005178,O016362,In Transit,2024-08-18 03:27:46
S005179,O010371,Delivered,2025-02-13 16:26:07
S005180,O016941,Delivered,2025-05-30 10:07:18
S005181,O011559,Pickup,2024-06-22 14:40:17
S005182,O007460,Pickup,2024-10-05 02:10:09
S005183,O016556,Out for Delivery,2024-03-30 06:51:03
S005184,O003579,Out for Delivery,2024-10-02 14:32:26
S005185,O002293,Pickup,2025-07-09 10:29:48
S005186,O016426,In Transit,2025-07-16 23:30:22
S005187,O004008,Delivered,2025-02-09 03:58:17
S005188,O004482,In Transit,2024-06-27 15:35:32
S005189,O001313,Out for Delivery,2025-02-14 17:47:47
S005190,O016119,Out for Delivery,2025-09-22 20:41:49
S005191,O002567,In Transit,2024-01-19 06:17:52
S005192,O016075,Pickup,2024-04-30 18:16:16
S005193,O012303,Out for Delivery,2025-10-13 20:04:14
S005194,O001707,Out for Delivery,2025-06-05 22:15:40
S005195,O001316,Out for Delivery,2025-05-27 21:19:22
S005196,O007145,Out for Delivery,2025-07-10 14:54:41
S005197,O000415,Out for Delivery,2025-12-21 18:09:06
S005198,O012297,Pickup,2024-04-20 14:15:05
S005199,O018624,Pickup,2025-08-19 12:07:33
S005200,O014408,Delivered,2025-07-15 16:12:14
S005201,O003709,Out for Delivery,2025-06-04 15:42:32
S005202,O011729,Delivered,2025-05-17 13:14:24
S005203,O008277,Delivered,2024-10-09 06:35:32
S005204,O003600,In Transit,2025-02-28 15:56:25
S005205,O008580,Pickup,2024-11-04 12:52:33
S005206,O004802,Delivered,2024-07-21 14:17:09
S005207,O018889,In Transit,2025-03-13 22:33:36
S005208,O005143,Pickup,2025-01-21 02:09:04
S005209,O019224,Out for Delivery,2025-09-13 15:12:11
S005210,O001666,Delivered,2025-06-03 02:16:33
S005211,O010227,In Transit,2024-03-22 19:10:31
S005212,O004241,Delivered,2025-02-17 02:21:47
S005213,O018425,Delivered,2025-10-09 17:17:32
S005214,O016508,Pickup,2024-10-16 00:40:25
S005215,O010036,Pickup,2024-07-06 06:33:30
S005216,O012222,In Transit,2025-05-05 00:57:05
S005217,O004559,In Transit,2024-05-04 00:19:30
S005218,O018970,Out for Delivery,2025-08-24 22:32:12
S005219,O007448,In Transit,2025-10-29 18:46:59
S005220,O007867,Delivered,2024-09-26 00:03:35
S005221,O006398,Delivered,2024-07-21 00:54:06
S005222,O012829,Pickup,2025-11-29 02:27:01
S005223,O009921,Out for Delivery,2025-01-30 21:15:49
S005224,O014343,In Transit,2024-04-21 00:39:13
S005225,O017351,Delivered,2024-08-09 22:30:32
S005226,O014575,Out for Delivery,2025-03-23 15:08:49
S005227,O005847,In Transit,2025-01-05 11:29:46
S005228,O014774,Delivered,2024-11-26 10:11:20
S005229,O005845,In Transit,2024-03-30 23:38:48
S005230,O006148,Delivered,2025-07-29 15:53:05
S005231,O014743,Out for Delivery,2025-11-05 09:01:31
S005232,O019967,Out for Delivery,2025-09-28 00:20:46
S005233,O017866,Delivered,2024-11-13 20:24:47
S005234,O013539,Pickup,2025-01-05 03:07:45
S005235,O007114,In Transit,2025-07-19 16:26:08
S005236,O011149,Out for Delivery,2024-02-15 18:07:21
S005237,O009610,Pickup,2024-12-06 08:09:12
S005238,O004474,Out for Delivery,2024-02-25 21:54:07
S005239,O016222,Out for Delivery,2025-05-20 01:10:56
S005240,O008500,Pickup,2024-02-13 14:03:42
S005241,O018377,Delivered,2024-11-06 14:55:11
S005242,O013779,Pickup,2024-11-18 23:13:09
S005243,O009655,Delivered,2024-12-17 05:32:50
S005244,O013237,Out for Delivery,2025-03-17 20:50:54
S005245,O000862,Delivered,2025-02-11 20:12:18
S005246,O006243,Pickup,2024-04-29 07:42:06
S005247,O015057,Pickup,2024-08-03 05:34:23
S005248,O007888,Pickup,2025-05-26 09:40:50
S005249,O006178,Delivered,2024-04-25 09:20:32
S005250,O015877,In Transit,2025-09-26 00:08:24
S005251,O005247,Delivered,2025-02-01 09:40:48
S005252,O019372,Pickup,2024-05-05 05:28:03
S005253,O010131,Delivered,2024-11-27 08:40:43
S005254,O006484,Pickup,2024-08-30 19:06:28
S005255,O004219,Delivered,2025-11-22 10:10:40
S005256,O011659,Delivered,2025-06-12 23:09:57
S005257,O012446,Pickup,2025-03-10 08:19:07
S005258,O008721,Pickup,2025-07-12 04:49:06
S005259,O010432,Delivered,2025-09-09 00:54:28
S005260,O009737,In Transit,2025-07-02 03:08:19
S005261,O008331,Out for Delivery,2025-12-07 02:13:36
S005262,O017357,In Transit,2025-02-03 23:27:38
S005263,O009419,Out for Delivery,2024-08-05 03:15:22
S005264,O002087,Out for Delivery,2024-09-19 01:23:46
S005265,O002266,In Transit,2024-09-26 11:28:29
S005266,O003076,In Transit,2024-01-30 11:50:27
S005267,O018266,In Transit,2025-12-28 11:00:47
S005268,O011843,Out for Delivery,2024-10-09 17:55:02
S005269,O007300,Delivered,2024-11-04 02:09:28
S005270,O009896,Out for Delivery,2025-04-30 19:44:57
S005271,O014762,Delivered,2024-11-06 18:00:19
S005272,O010818,In Transit,2025-08-17 02:05:44
S005273,O001634,Out for Delivery,2024-09-21 21:54:57
S005274,O013518,Out for Delivery,2024-01-15 18:40:03
S005275,O003941,Delivered,2024-06-01 19:14:03
S005276,O007228,Delivered,2025-02-25 05:32:42
S005277,O011847,Out for Delivery,2024-09-29 13:44:07
S005278,O006820,Delivered,2025-07-07 00:39:24
S005279,O006778,Delivered,2025-01-09 19:03:18
S005280,O011674,Pickup,2024-07-20 19:52:21
S005281,O013520,Delivered,2025-07-13 15:31:02
S005282,O004357,Delivered,2024-08-14 21:23:48
S005283,O010666,Delivered,2024-11-21 06:08:39
S005284,O006001,Pickup,2024-07-24 04:05:30
S005285,O014547,Out for Delivery,2025-09-16 23:08:26
S005286,O009834,In Transit,2025-12-28 13:41:54
S005287,O001743,Delivered,2025-02-28 02:57:28
S005288,O011259,Delivered,2024-05-22 07:46:34
S005289,O013074,In Transit,2024-12-20 00:58:37
S005290,O008527,In Transit,2024-08-25 01:48:11
S005291,O015291,In Transit,2025-10-30 18:56:01
S005292,O018772,Out for Delivery,2024-05-01 05:34:34
S005293,O018808,Delivered,2024-08-17 18:11:31
S005294,O014645,Pickup,2025-01-20 18:06:59
S005295,O010553,Delivered,2025-11-30 20:44:37
S005296,O000257,Delivered,2025-10-17 06:08:47
S005297,O011040,In Transit,2024-06-01 00:04:16
S005298,O016989,In Transit,2024-11-13 18:05:28
S005299,O006146,Delivered,2025-01-20 04:57:55
S005300,O007546,Delivered,2024-01-21 15:25:54
S005301,O011587,Out for Delivery,2025-01-27 14:49:45
S005302,O018240,Delivered,2024-06-10 17:34:48
S005303,O017137,Pickup,2024-06-10 12:38:58
S005304,O008521,Out for Delivery,2025-04-02 14:14:13
S005305,O018786,Pickup,2024-11-16 05:34:00
S005306,O013587,Out for Delivery,2024-09-23 23:08:09
S005307,O003083,Out for Delivery,2025-06-08 16:28:45
S005308,O011619,Delivered,2025-11-26 18:32:00
S005309,O006535,In Transit,2025-11-17 15:55:43
S005310,O009041,Delivered,2024-10-01 14:10:11
S005311,O011788,In Transit,2025-06-26 22:09:49
S005312,O013401,Out for Delivery,2024-09-28 05:30:28
S005313,O011329,Pickup,2025-01-22 21:38:44
S005314,O011834,Pickup,2025-04-22 23:49:58
S005315,O009822,Delivered,2025-02-26 01:01:23
S005316,O013620,Out for Delivery,2024-08-04 16:20:25
S005317,O011585,In Transit,2024-05-31 10:34:08
S005318,O000167,Delivered,2024-06-20 10:16:18
S005319,O009952,Delivered,2025-11-01 23:37:09
S005320,O019862,Pickup,2025-08-04 04:57:00
S005321,O015574,Pickup,2025-12-05 08:03:33
S005322,O003077,In Transit,2024-10-15 04:03:36
S005323,O005427,Delivered,2024-09-18 12:25:04
S005324,O017562,Out for Delivery,2025-07-15 19:17:01
S005325,O013463,In Transit,2025-08-21 23:02:50
S005326,O002668,Out for Delivery,2024-01-29 20:25:46
S005327,O017276,In Transit,2024-05-14 02:03:48
S005328,O008177,Pickup,2024-08-23 16:35:42
S005329,O005392,Pickup,2024-02-25 11:58:52
S005330,O013450,Delivered,2025-03-06 06:21:21
S005331,O005231,Pickup,2025-01-18 05:58:54
S005332,O015475,Pickup,2025-10-11 06:22:00
S005333,O016853,Delivered,2024-07-23 14:44:30
S005334,O005981,Out for Delivery,2025-02-15 12:30:17
S005335,O005416,Delivered,2025-01-13 06:56:04
S005336,O008499,In Transit,2024-10-24 05:08:57
S005337,O004759,Out for Delivery,2024-07-27 21:11:05
S005338,O000013,Delivered,2025-08-04 15:16:43
S005339,O010570,Out for Delivery,2025-10-05 09:06:18
S005340,O011042,In Transit,2025-12-19 18:58:00
S005341,O017406,In Transit,2025-12-20 17:10:03
S005342,O004740,Pickup,2025-06-01 20:39:08
S005343,O004786,Pickup,2024-03-08 02:46:35
S005344,O009780,Out for Delivery,2024-05-01 18:50:44
S005345,O008503,In Transit,2025-09-25 10:39:54
S005346,O019049,Out for Delivery,2025-04-10 12:23:03
S005347,O014648,Pickup,2025-09-15 07:01:39
S005348,O000217,Out for Delivery,2025-07-05 17:25:11
S005349,O019144,In Transit,2024-07-22 01:30:48
S005350,O013256,Pickup,2025-01-01 13:20:25
S005351,O007509,Delivered,2024-10-20 08:56:17
S005352,O010389,Pickup,2024-05-06 06:38:22
S005353,O019251,Pickup,2024-12-25 22:54:23
S005354,O004964,In Transit,2024-05-08 16:42:34
S005355,O018699,Delivered,2025-01-20 14:06:03
S005356,O017405,Pickup,2024-04-26 08:43:28
S005357,O014036,In Transit,2025-08-25 22:16:47
S005358,O014094,Pickup,2025-01-21 10:53:44
S005359,O000621,Pickup,2025-06-13 14:16:56
S005360,O019240,Delivered,2025-12-26 13:18:13
S005361,O001951,In Transit,2024-02-21 00:11:52
S005362,O006925,Delivered,2025-04-17 02:42:45
S005363,O009234,Pickup,2024-07-17 17:24:02
S005364,O004819,In Transit,2025-01-13 19:06:17
S005365,O017585,Delivered,2024-10-26 10:18:49
S005366,O003047,Pickup,2024-05-28 09:48:16
S005367,O016315,Pickup,2024-01-17 19:23:08
S005368,O001230,Pickup,2024-08-08 03:36:58
S005369,O017415,Delivered,2024-07-22 09:35:57
S005370,O015429,In Transit,2025-11-21 02:22:14
S005371,O014431,Delivered,2025-11-01 05:50:36
S005372,O010528,Delivered,2025-10-16 22:01:00
S005373,O004607,In Transit,2025-05-14 21:22:30
S005374,O004510,In Transit,2025-01-16 00:38:56
S005375,O001188,Delivered,2024-05-04 23:55:17
S005376,O008942,Pickup,2024-06-01 05:29:41
S005377,O013544,Pickup,2025-07-02 00:25:46
S005378,O009180,Out for Delivery,2024-04-14 21:39:36
S005379,O010724,In Transit,2024-03-29 12:55:59
S005380,O019946,Out for Delivery,2025-03-19 02:38:44
S005381,O003968,Delivered,2024-04-12 13:15:37
S005382,O002119,In Transit,2024-01-03 04:19:10
S005383,O007446,Pickup,2024-02-14 11:09:10
S005384,O002496,In Transit,2024-06-15 02:44:45
S005385,O003720,Out for Delivery,2024-03-24 12:04:23
S005386,O007509,Delivered,2024-09-14 11:05:42
S005387,O000069,Delivered,2025-10-01 09:45:58
S005388,O011600,In Transit,2025-02-08 18:40:22
S005389,O013795,In Transit,2024-02-24 12:02:44
S005390,O019460,Delivered,2025-09-01 23:32:17
S005391,O002347,In Transit,2025-05-30 15:49:41
S005392,O004179,Delivered,2025-07-17 03:37:12
S005393,O009141,Pickup,2024-07-03 02:36:40
S005394,O009637,Delivered,2025-02-05 03:26:50
S005395,O010045,Out for Delivery,2024-12-28 18:34:30
S005396,O003485,In Transit,2024-11-14 14:42:00
S005397,O001511,Out for Delivery,2024-11-04 08:08:47
S005398,O018169,In Transit,2025-02-02 06:41:49
S005399,O016090,Delivered,2024-04-09 23:35:10
S005400,O009473,Out for Delivery,2024-10-28 00:45:38
S005401,O013079,Delivered,2024-08-21 18:02:25
S005402,O001608,Delivered,2025-04-02 18:07:28
S005403,O007590,In Transit,2025-06-20 14:00:50
S005404,O012681,Pickup,2025-07-10 15:54:42
S005405,O017023,Delivered,2024-04-13 02:17:13
S005406,O012933,Pickup,2025-12-27 12:47:51
S005407,O012273,Pickup,2025-08-10 09:32:55
S005408,O016401,Out for Delivery,2024-01-22 14:21:42
S005409,O005818,Delivered,2025-12-03 09:02:31
S005410,O002544,Pickup,2025-09-29 08:45:21
S005411,O006846,Out for Delivery,2025-02-05 18:03:52
S005412,O007384,In Transit,2024-05-07 22:48:52
S005413,O014275,In Transit,2025-04-01 18:06:48
S005414,O015871,Out for Delivery,2025-07-19 01:37:15
S005415,O008329,Delivered,2024-06-25 19:25:54
S005416,O012637,In Transit,2024-07-22 05:04:54
S005417,O012920,Out for Delivery,2025-03-02 18:37:04
S005418,O013394,Pickup,2025-11-06 19:15:51
S005419,O011614,Out for Delivery,2025-07-28 10:08:01
S005420,O011030,Pickup,2025-04-12 22:16:16
S005421,O012730,In Transit,2025-10-03 02:03:46
S005422,O009661,Out for Delivery,2024-03-25 23:21:07
S005423,O002547,Out for Delivery,2024-06-12 12:17:49
S005424,O018268,In Transit,2024-09-07 00:29:40
S005425,O008161,Out for Delivery,2024-07-11 13:44:04
S005426,O008811,Pickup,2025-03-18 15:27:45
S005427,O000998,In Transit,2025-11-06 13:45:38
S005428,O008232,Pickup,2024-09-17 07:14:15
S005429,O000677,Delivered,2025-05-27 22:53:45
S005430,O012411,Delivered,2025-06-12 09:43:31
S005431,O011386,Out for Delivery,2024-12-29 22:25:40
S005432,O008377,Out for Delivery,2024-09-02 13:01:52
S005433,O014600,Pickup,2024-10-22 20:00:48
S005434,O006520,In Transit,2024-04-26 20:23:12
S005435,O007713,In Transit,2024-10-31 00:13:12
S005436,O014074,Delivered,2025-06-01 16:37:38
S005437,O012938,Pickup,2024-07-02 18:50:59
S005438,O019189,Pickup,2024-10-12 06:05:13
S005439,O001268,Out for Delivery,2025-12-13 08:04:47
S005440,O017519,Pickup,2024-06-10 06:00:35
S005441,O003750,In Transit,2025-07-12 20:44:21
S005442,O007889,In Transit,2025-07-21 02:47:32
S005443,O005278,Delivered,2024-03-24 19:32:49
S005444,O012857,In Transit,2024-10-05 17:16:48
S005445,O011976,Out for Delivery,2025-06-22 20:07:40
S005446,O004355,Out for Delivery,2025-12-14 23:42:04
S005447,O019963,Delivered,2024-03-19 02:05:56
S005448,O017679,Out for Delivery,2025-04-01 17:08:55
S005449,O017521,Pickup,2024-03-15 08:16:29
S005450,O017235,Delivered,2024-12-21 06:38:45
S005451,O014602,Pickup,2025-10-12 18:03:47
S005452,O000187,Out for Delivery,2025-07-24 07:16:52
S005453,O011470,Out for Delivery,2024-02-04 22:06:39
S005454,O000396,Out for Delivery,2024-10-12 18:56:23
S005455,O000308,Pickup,2025-02-04 06:27:04
S005456,O010705,In Transit,2024-02-24 10:09:30
S005457,O013502,Pickup,2025-12-09 16:29:54
S005458,O008213,Out for Delivery,2025-07-25 06:00:10
S005459,O008129,In Transit,2025-02-21 16:15:33
S005460,O003572,Out for Delivery,2025-10-09 16:24:34
S005461,O000811,Out for Delivery,2024-10-28 07:24:27
S005462,O002519,Out for Delivery,2025-10-01 01:40:20
S005463,O018575,In Transit,2024-06-03 08:43:26
S005464,O006524,Delivered,2024-06-17 20:20:44
S005465,O008061,In Transit,2024-02-21 02:09:59
S005466,O011942,Out for Delivery,2024-06-13 04:21:55
S005467,O011200,Out for Delivery,2025-09-15 02:53:28
S005468,O001257,In Transit,2025-12-06 04:57:01
S005469,O010260,Out for Delivery,2025-12-21 13:17:58
S005470,O010903,Out for Delivery,2024-07-10 18:19:42
S005471,O018315,In Transit,2025-05-16 20:27:51
S005472,O002281,Delivered,2024-08-14 20:19:02
S005473,O019522,Out for Delivery,2025-04-16 13:02:25
S005474,O019201,Pickup,2024-07-29 15:30:27
S005475,O015704,In Transit,2025-07-13 21:51:41
S005476,O002862,Pickup,2025-09-09 05:10:34
S005477,O006475,In Transit,2025-10-01 22:21:16
S005478,O017822,Pickup,2024-01-29 11:02:57
S005479,O007443,Delivered,2025-08-15 01:49:05
S005480,O002294,Out for Delivery,2024-07-18 11:10:07
S005481,O014261,In Transit,2025-09-15 15:28:35
S005482,O001255,Delivered,2024-05-16 10:12:09
S005483,O000706,Delivered,2024-10-07 11:26:40
S005484,O002218,Pickup,2025-06-23 16:37:28
S005485,O009856,Delivered,2024-08-18 20:46:45
S005486,O005472,Delivered,2024-06-28 01:06:02
S005487,O013324,Delivered,2025-09-19 02:14:35
S005488,O019039,Pickup,2025-10-16 05:57:16
S005489,O016424,Delivered,2024-11-17 01:24:03
S005490,O015943,Delivered,2024-08-24 10:14:22
S005491,O001618,Delivered,2024-10-04 03:06:48
S005492,O016717,In Transit,2024-12-08 14:33:16
S005493,O015215,In Transit,2025-03-06 23:54:08
S005494,O019279,Out for Delivery,2025-10-21 19:12:23
S005495,O014325,Delivered,2025-08-13 16:05:50
S005496,O009970,Delivered,2025-07-18 04:25:33
S005497,O009638,In Transit,2024-07-10 08:29:13
S005498,O007760,Out for Delivery,2024-02-03 08:32:00
S005499,O001931,Out for Delivery,2025-02-28 13:22:17
S005500,O013931,Pickup,2025-04-12 20:58:06
S005501,O013771,Delivered,2024-03-24 15:19:21
S005502,O003839,Pickup,2025-10-12 00:54:43
S005503,O006806,In Transit,2024-06-29 16:41:30
S005504,O009674,Delivered,2025-07-14 11:10:56
S005505,O001164,Out for Delivery,2025-03-26 16:48:51
S005506,O008840,Out for Delivery,2024-02-17 21:15:21
S005507,O004212,Out for Delivery,2025-04-17 23:27:38
S005508,O011371,In Transit,2024-06-30 23:54:01
S005509,O008200,Pickup,2024-01-22 07:02:37
S005510,O015250,In Transit,2024-09-03 05:46:44
S005511,O008707,Delivered,2024-08-19 15:17:09
S005512,O004585,In Transit,2025-09-14 11:46:49
S005513,O017577,In Transit,2025-11-04 16:22:21
S005514,O011715,Pickup,2025-03-20 00:37:21
S005515,O016140,Delivered,2025-04-27 00:58:02
S005516,O004265,In Transit,2025-06-21 08:01:30
S005517,O019816,Pickup,2024-01-01 20:25:24
S005518,O004603,Delivered,2024-06-28 13:45:10
S005519,O014068,Pickup,2025-11-21 01:28:18
S005520,O017874,Pickup,2025-07-24 20:19:47
S005521,O001552,Delivered,2025-11-22 21:53:32
S005522,O002253,Out for Delivery,2025-05-13 23:38:10
S005523,O013487,Out for Delivery,2024-10-09 23:29:27
S005524,O018581,Pickup,2025-11-09 21:20:57
S005525,O012138,Delivered,2024-05-31 06:42:47
S005526,O013774,Out for Delivery,2024-02-21 00:37:04
S005527,O003736,Out for Delivery,2025-08-18 10:39:16
S005528,O015962,Delivered,2025-03-17 10:24:11
S005529,O016513,Out for Delivery,2024-03-03 02:20:55
S005530,O017868,Pickup,2025-05-14 12:00:10
S005531,O001952,Pickup,2025-02-08 08:55:19
S005532,O002498,Delivered,2025-07-16 11:32:42
S005533,O018940,Out for Delivery,2024-03-19 06:15:46
S005534,O019740,Out for Delivery,2025-05-01 19:29:01
S005535,O018101,Out for Delivery,2024-04-03 00:07:14
S005536,O005331,Pickup,2025-10-27 15:08:25
S005537,O009850,Pickup,2025-05-25 06:38:41
S005538,O000357,Delivered,2025-02-04 20:04:25
S005539,O014506,Pickup,2025-05-27 10:08:27
S005540,O011305,Delivered,2024-02-14 02:01:28
S005541,O000891,Delivered,2024-05-14 21:52:31
S005542,O010507,Pickup,2024-12-02 19:56:18
S005543,O012928,In Transit,2024-09-13 04:00:55
S005544,O017279,Delivered,2025-08-21 03:31:22
S005545,O009761,Out for Delivery,2024-01-01 12:38:39
S005546,O006692,Pickup,2025-07-15 21:54:50
S005547,O016007,In Transit,2025-08-29 06:16:09
S005548,O007361,Out for Delivery,2024-04-24 02:22:08
S005549,O018725,Delivered,2025-11-27 07:10:40
S005550,O002769,Pickup,2025-01-21 21:48:35
S005551,O006437,Out for Delivery,2024-09-24 11:26:37
S005552,O016800,Out for Delivery,2024-12-10 00:11:47
S005553,O016933,Out for Delivery,2024-04-30 14:47:06
S005554,O000762,In Transit,2025-02-14 16:42:01
S005555,O007348,Delivered,2024-12-27 02:48:31
S005556,O015621,Pickup,2025-06-13 12:44:21
S005557,O014089,Pickup,2024-01-20 12:09:02
S005558,O018023,Pickup,2024-09-24 20:50:29
S005559,O007854,In Transit,2024-07-31 00:16:51
S005560,O005091,Out for Delivery,2024-07-14 13:17:13
S005561,O013070,Out for Delivery,2025-08-26 22:26:01
S005562,O018448,Pickup,2025-03-09 17:51:26
S005563,O008532,In Transit,2024-01-02 19:04:01
S005564,O003054,In Transit,2025-06-12 00:01:37
S005565,O015548,In Transit,2025-08-14 07:15:56
S005566,O010305,Pickup,2025-02-19 15:13:57
S005567,O008829,Out for Delivery,2025-04-27 15:26:40
S005568,O016763,Out for Delivery,2024-06-05 02:30:14
S005569,O007019,Delivered,2025-12-19 19:47:35
S005570,O003093,Out for Delivery,2025-07-26 08:50:12
S005571,O006309,Delivered,2025-01-15 06:42:49
S005572,O007153,In Transit,2025-06-29 06:12:55
S005573,O016338,Delivered,2024-06-02 04:59:11
S005574,O005540,In Transit,2024-10-22 19:56:58
S005575,O017865,In Transit,2024-10-24 11:02:10
S005576,O014211,In Transit,2025-03-20 03:42:45
S005577,O011922,Pickup,2025-09-01 10:03:09
S005578,O003516,Out for Delivery,2024-10-13 22:22:57
S005579,O015209,In Transit,2025-01-31 18:59:28
S005580,O002223,Delivered,2025-09-22 23:38:29
S005581,O000562,In Transit,2025-07-12 10:12:01
S005582,O004957,Pickup,2024-08-10 23:56:35
S005583,O000696,Out for Delivery,2025-10-05 05:02:13
S005584,O014956,Delivered,2025-06-02 08:18:14
S005585,O018578,Pickup,2025-08-27 02:31:29
S005586,O017828,Delivered,2025-08-04 13:45:12
S005587,O009360,Out for Delivery,2024-07-26 15:21:58
S005588,O009574,In Transit,2025-07-04 09:18:27
S005589,O015920,In Transit,2024-10-10 15:45:24
S005590,O009571,Out for Delivery,2025-09-25 19:05:40
S005591,O011680,In Transit,2025-12-24 20:38:47
S005592,O019856,Pickup,2024-01-12 23:10:54
S005593,O008116,In Transit,2024-06-03 05:15:49
S005594,O016640,Delivered,2024-01-23 00:51:37
S005595,O016944,Pickup,2025-03-19 21:11:27
S005596,O003850,Out for Delivery,2025-06-24 16:34:50
S005597,O013137,Delivered,2025-02-13 07:42:18
S005598,O016017,Delivered,2024-01-16 02:32:23
S005599,O014283,Pickup,2024-11-11 15:19:46
S005600,O009385,Delivered,2024-09-15 22:53:21
S005601,O017992,Pickup,2024-06-08 14:46:38
S005602,O017731,In Transit,2025-11-30 13:49:30
S005603,O008728,In Transit,2024-11-08 03:47:29
S005604,O008470,Out for Delivery,2025-03-04 20:16:22
S005605,O010572,In Transit,2024-11-03 15:23:01
S005606,O002220,Pickup,2024-09-16 10:20:16
S005607,O019792,Pickup,2024-09-05 13:52:39
S005608,O000005,Delivered,2024-08-18 06:08:07
S005609,O005593,In Transit,2025-08-20 19:34:10
S005610,O006573,Delivered,2024-05-20 11:23:28
S005611,O019587,Pickup,2025-09-29 08:53:23
S005612,O011444,Delivered,2024-01-17 07:43:58
S005613,O018428,Delivered,2024-04-14 11:27:51
S005614,O015679,Pickup,2025-02-07 09:53:33
S005615,O005212,Out for Delivery,2024-11-07 11:46:15
S005616,O002440,Pickup,2025-09-01 19:04:56
S005617,O011053,Pickup,2024-01-20 22:59:24
S005618,O009155,Out for Delivery,2025-07-25 22:13:41
S005619,O010760,Delivered,2025-03-18 02:15:07
S005620,O005696,Delivered,2024-09-02 17:41:47
S005621,O002448,Out for Delivery,2025-02-11 19:31:20
S005622,O000239,Out for Delivery,2024-12-05 01:17:17
S005623,O010489,In Transit,2025-08-15 10:05:28
S005624,O005675,Delivered,2024-02-18 17:37:52
S005625,O000143,Out for Delivery,2025-08-15 04:36:37
S005626,O005452,Pickup,2024-12-21 10:42:32
S005627,O018104,Delivered,2025-12-25 23:27:23
S005628,O018294,Pickup,2025-01-19 01:37:39
S005629,O003833,Out for Delivery,2025-04-21 03:59:19
S005630,O018450,Pickup,2024-05-17 16:58:42
S005631,O010273,In Transit,2025-11-25 15:34:20
S005632,O012266,Delivered,2025-09-20 08:55:19
S005633,O000594,Pickup,2025-09-18 12:38:19
S005634,O016130,Out for Delivery,2025-01-01 07:23:01
S005635,O001437,Delivered,2025-12-04 14:05:20
S005636,O005292,Pickup,2024-12-10 04:26:13
S005637,O016923,Pickup,2025-09-30 16:18:25
S005638,O009783,Delivered,2024-02-26 10:22:49
S005639,O001365,Out for Delivery,2025-06-17 15:21:03
S005640,O006429,In Transit,2024-01-08 09:46:40
S005641,O006092,Delivered,2025-02-09 08:50:29
S005642,O016317,Pickup,2024-07-02 08:33:07
S005643,O012761,Pickup,2024-12-17 11:44:26
S005644,O008845,Delivered,2024-04-26 17:27:25
S005645,O001800,In Transit,2024-10-23 18:34:53
S005646,O018071,Pickup,2024-12-29 23:29:19
S005647,O010556,Delivered,2024-02-15 06:14:26
S005648,O006835,Out for Delivery,2024-12-06 03:21:52
S005649,O004459,In Transit,2025-09-01 21:52:14
S005650,O005613,Out for Delivery,2024-05-11 06:56:07
S005651,O012329,Out for Delivery,2025-05-26 07:06:39
S005652,O007392,Delivered,2025-11-21 12:36:14
S005653,O003239,Out for Delivery,2025-09-11 06:45:02
S005654,O015376,Out for Delivery,2025-06-23 13:14:17
S005655,O013882,Out for Delivery,2024-07-09 18:31:40
S005656,O018443,Delivered,2024-09-29 03:33:37
S005657,O018060,Delivered,2025-09-30 09:10:46
S005658,O013423,Out for Delivery,2025-03-08 03:37:40
S005659,O010723,Out for Delivery,2024-05-18 00:01:00
S005660,O015807,Out for Delivery,2024-08-24 13:38:44
S005661,O012075,Out for Delivery,2025-09-29 23:36:00
S005662,O002651,In Transit,2025-05-06 11:25:26
S005663,O014605,Out for Delivery,2024-12-17 12:55:47
S005664,O019015,Pickup,2024-05-26 09:17:43
S005665,O019683,Pickup,2024-04-21 21:50:10
S005666,O017544,In Transit,2025-06-07 07:38:53
S005667,O017491,Out for Delivery,2025-02-20 04:04:06
S005668,O011667,Pickup,2025-10-10 22:16:04
S005669,O003870,Pickup,2024-02-27 05:11:57
S005670,O001014,Out for Delivery,2025-06-22 18:07:10
S005671,O002624,Delivered,2024-06-25 11:42:10
S005672,O000783,Out for Delivery,2024-03-24 21:04:06
S005673,O009760,Out for Delivery,2025-11-25 08:30:10
S005674,O014373,Out for Delivery,2024-11-24 04:03:22
S005675,O006463,In Transit,2024-06-16 03:26:48
S005676,O005898,Pickup,2024-12-18 14:53:14
S005677,O004438,Out for Delivery,2025-06-25 20:00:22
S005678,O012742,Delivered,2024-08-31 10:19:38
S005679,O004796,Pickup,2024-05-11 05:11:32
S005680,O006279,In Transit,2025-11-16 00:49:47
S005681,O008047,In Transit,2024-04-23 20:59:51
S005682,O008710,Out for Delivery,2025-05-07 02:21:51
S005683,O008826,Delivered,2025-03-05 18:29:23
S005684,O001610,Out for Delivery,2024-01-25 15:41:45
S005685,O019663,Out for Delivery,2024-10-02 14:33:53
S005686,O001009,In Transit,2025-04-09 13:58:04
S005687,O003014,In Transit,2025-05-02 15:38:58
S005688,O016885,Pickup,2025-04-04 17:55:32
S005689,O016209,Out for Delivery,2024-04-09 17:27:45
S005690,O019468,Delivered,2024-01-08 04:57:27
S005691,O000453,In Transit,2025-08-10 18:27:51
S005692,O015591,In Transit,2025-01-19 01:16:29
S005693,O002021,Pickup,2025-05-02 15:25:00
S005694,O011724,Delivered,2024-01-11 00:20:01
S005695,O012572,Out for Delivery,2024-06-04 13:22:39
S005696,O011752,In Transit,2024-11-12 05:55:05
S005697,O000652,Pickup,2024-12-09 15:31:39
S005698,O009626,Out for Delivery,2024-06-22 13:37:17
S005699,O002159,Delivered,2025-07-09 12:09:06
S005700,O017636,Delivered,2025-12-19 19:59:18
S005701,O007346,Out for Delivery,2024-11-07 10:47:56
S005702,O019234,Pickup,2024-03-12 18:13:59
S005703,O011769,Pickup,2025-12-03 20:39:04
S005704,O001088,Pickup,2024-03-17 07:33:26
S005705,O006429,Out for Delivery,2025-01-08 07:29:17
S005706,O016188,In Transit,2024-11-10 12:30:53
S005707,O004030,In Transit,2024-07-07 01:22:42
S005708,O004193,Delivered,2025-11-27 08:55:49
S005709,O003454,Pickup,2024-01-22 08:50:00
S005710,O016701,In Transit,2024-07-30 03:08:02
S005711,O005924,Delivered,2024-08-31 13:39:17
S005712,O004140,Pickup,2025-07-07 15:53:00
S005713,O001571,Out for Delivery,2024-07-08 00:32:59
S005714,O016917,Pickup,2024-07-23 01:38:05
S005715,O019980,Out for Delivery,2024-09-06 19:09:59
S005716,O017030,Delivered,2025-06-22 12:28:07
S005717,O004662,In Transit,2024-07-25 18:46:55
S005718,O003620,In Transit,2025-02-01 00:18:08
S005719,O006109,In Transit,2024-01-20 11:43:42
S005720,O019736,In Transit,2025-07-24 07:17:24
S005721,O002597,In Transit,2025-01-16 03:38:49
S005722,O006325,Delivered,2025-03-20 12:58:21
S005723,O010457,Out for Delivery,2024-05-01 17:27:42
S005724,O003760,Out for Delivery,2025-10-11 12:24:00
S005725,O016020,Pickup,2024-04-10 23:43:12
S005726,O015617,Out for Delivery,2025-10-02 23:20:00
S005727,O007857,Delivered,2024-05-20 17:59:12
S005728,O000872,Out for Delivery,2024-02-06 00:40:36
S005729,O019553,Pickup,2025-07-04 09:22:12
S005730,O003817,In Transit,2024-02-15 23:23:30
S005731,O005684,Pickup,2024-06-12 06:41:32
S005732,O016788,In Transit,2024-06-12 20:29:39
S005733,O010663,Delivered,2025-09-11 21:40:23
S005734,O005619,Pickup,2025-07-27 21:59:26
S005735,O018582,Out for Delivery,2024-12-02 00:33:02
S005736,O003075,In Transit,2025-01-03 14:36:20
S005737,O001664,Delivered,2024-08-04 20:17:39
S005738,O002366,Out for Delivery,2024-04-25 10:35:33
S005739,O007925,Pickup,2025-06-18 07:39:05
S005740,O000618,Pickup,2025-02-14 11:16:01
S005741,O005242,Out for Delivery,2024-08-22 04:32:01
S005742,O000679,In Transit,2025-11-03 14:50:49
S005743,O004201,In Transit,2024-01-21 09:02:42
S005744,O017132,Pickup,2024-07-29 17:02:16
S005745,O005135,Out for Delivery,2025-07-02 09:07:48
S005746,O010022,Pickup,2025-01-16 07:21:44
S005747,O000438,In Transit,2025-06-19 05:30:00
S005748,O013848,In Transit,2025-06-30 19:57:50
S005749,O014647,In Transit,2025-05-05 04:20:16
S005750,O019113,In Transit,2024-09-21 03:00:06
S005751,O003856,In Transit,2025-12-04 01:54:28
S005752,O005254,Out for Delivery,2024-08-19 10:33:56
S005753,O014295,In Transit,2025-05-12 09:56:54
S005754,O000773,In Transit,2024-08-07 00:07:06
S005755,O002652,Out for Delivery,2025-02-26 04:27:23
S005756,O015223,Delivered,2024-07-08 21:13:39
S005757,O015285,Out for Delivery,2024-08-18 18:58:34
S005758,O009494,Delivered,2025-05-28 16:49:18
S005759,O007518,Pickup,2024-10-21 10:37:15
S005760,O003430,Pickup,2024-04-27 05:42:29
S005761,O006370,Out for Delivery,2024-05-18 09:30:01
S005762,O010905,Out for Delivery,2024-03-05 18:29:13
S005763,O015473,In Transit,2025-11-27 18:53:38
S005764,O004725,Pickup,2025-08-30 21:21:15
S005765,O009262,Delivered,2024-05-01 10:22:49
S005766,O006697,In Transit,2024-05-17 15:48:00
S005767,O001218,Out for Delivery,2024-10-21 21:03:32
S005768,O017409,In Transit,2025-11-07 02:23:42
S005769,O000870,Delivered,2024-06-27 06:01:34
S005770,O007554,Out for Delivery,2024-12-21 12:45:32
S005771,O004873,Pickup,2024-05-12 20:58:35
S005772,O011421,Out for Delivery,2025-03-11 09:22:27
S005773,O016422,Delivered,2024-12-12 06:08:32
S005774,O017764,Out for Delivery,2025-08-21 21:53:15
S005775,O018670,Out for Delivery,2025-08-03 06:16:53
S005776,O005363,Out for Delivery,2025-09-13 22:38:14
S005777,O016486,Pickup,2024-08-29 09:57:02
S005778,O016417,Out for Delivery,2025-06-02 14:25:55
S005779,O012691,Pickup,2024-09-08 23:23:40
S005780,O016895,Pickup,2024-12-17 04:17:56
S005781,O015871,Delivered,2025-02-14 17:43:10
S005782,O007830,Out for Delivery,2025-04-10 13:46:33
S005783,O009926,Delivered,2025-06-17 07:37:31
S005784,O012350,Delivered,2025-01-16 01:28:15
S005785,O003012,Delivered,2025-06-05 23:47:52
S005786,O012879,Pickup,2025-07-10 09:29:05
S005787,O014706,Delivered,2024-04-30 03:09:12
S005788,O002409,Out for Delivery,2024-01-02 15:10:21
S005789,O002927,Out for Delivery,2024-03-08 07:13:02
S005790,O004083,Pickup,2025-11-15 08:55:23
S005791,O016777,Out for Delivery,2024-12-31 02:30:10
S005792,O018016,Out for Delivery,2024-06-16 17:46:30
S005793,O010867,Out for Delivery,2024-06-01 17:52:25
S005794,O014931,Pickup,2024-12-31 15:33:54
S005795,O015380,In Transit,2024-02-16 23:13:01
S005796,O013758,Pickup,2025-01-27 10:17:08
S005797,O012098,In Transit,2025-09-12 22:28:31
S005798,O013959,Pickup,2024-09-06 22:15:33
S005799,O006588,Pickup,2025-11-19 07:18:38
S005800,O011269,Delivered,2025-03-30 07:11:49
S005801,O001006,Pickup,2024-07-22 11:25:55
S005802,O009584,Out for Delivery,2025-08-15 19:37:15
S005803,O019017,In Transit,2024-10-08 00:00:20
S005804,O018250,Pickup,2024-04-02 13:18:09
S005805,O011788,Delivered,2025-07-10 09:10:07
S005806,O003316,Out for Delivery,2024-01-05 22:02:35
S005807,O005783,In Transit,2025-01-02 23:24:17
S005808,O002624,Delivered,2024-04-01 15:52:36
S005809,O012451,Delivered,2024-06-21 23:42:33
S005810,O005042,Out for Delivery,2025-03-16 19:49:25
S005811,O012867,Delivered,2024-09-01 02:34:24
S005812,O009111,Pickup,2025-04-22 05:37:58
S005813,O013660,In Transit,2024-06-01 05:37:24
S005814,O006317,Pickup,2024-12-03 10:35:14
S005815,O019402,Out for Delivery,2024-07-02 12:21:14
S005816,O016198,Pickup,2024-09-22 07:38:51
S005817,O002554,Delivered,2025-07-20 09:29:56
S005818,O017433,Delivered,2024-05-29 06:55:42
S005819,O000458,Pickup,2025-06-11 19:49:23
S005820,O003143,Out for Delivery,2025-09-23 05:23:53
S005821,O011555,In Transit,2024-01-25 00:38:49
S005822,O002200,In Transit,2025-08-17 08:49:15
S005823,O000386,Pickup,2024-05-15 06:44:03
S005824,O002340,Delivered,2025-08-13 23:46:34
S005825,O010846,Out for Delivery,2024-10-14 08:29:46
S005826,O008717,Delivered,2024-01-30 15:52:06
S005827,O016432,Delivered,2024-08-13 17:31:15
S005828,O004864,Delivered,2024-07-10 04:02:18
S005829,O000507,Out for Delivery,2025-03-08 17:14:18
S005830,O012775,Pickup,2024-04-20 16:23:06
S005831,O019216,Out for Delivery,2025-07-25 10:32:41
S005832,O003668,In Transit,2025-06-11 00:27:03
S005833,O005509,Out for Delivery,2024-10-27 12:26:14
S005834,O009491,Out for Delivery,2024-01-17 04:28:03
S005835,O015770,Out for Delivery,2024-06-24 12:26:12
S005836,O016960,Pickup,2025-05-21 11:18:36
S005837,O011964,In Transit,2025-01-29 03:22:15
S005838,O010282,Delivered,2025-06-29 10:34:08
S005839,O019375,Out for Delivery,2025-07-24 06:50:41
S005840,O019669,In Transit,2024-01-03 02:09:57
S005841,O017340,Out for Delivery,2024-02-25 16:07:30
S005842,O019045,In Transit,2024-09-26 08:10:59
S005843,O014046,Delivered,2025-12-09 15:15:00
S005844,O011612,In Transit,2024-08-22 14:00:45
S005845,O019502,Out for Delivery,2024-04-27 11:53:23
S005846,O005593,Out for Delivery,2025-09-30 06:58:05
S005847,O019242,Pickup,2024-08-13 13:06:57
S005848,O002221,Pickup,2024-12-16 02:39:24
S005849,O003421,Pickup,2025-02-20 20:32:56
S005850,O004232,Pickup,2025-12-10 06:41:54
S005851,O009108,Pickup,2024-02-19 07:20:34
S005852,O019630,Out for Delivery,2025-10-14 18:15:04
S005853,O019691,Out for Delivery,2024-05-17 14:50:54
S005854,O017994,Pickup,2024-09-27 10:07:45
S005855,O002260,Delivered,2025-06-20 21:19:07
S005856,O018073,Out for Delivery,2024-05-08 03:37:05
S005857,O016713,Delivered,2024-05-04 14:56:00
S005858,O016529,In Transit,2025-05-02 12:05:44
S005859,O000753,Pickup,2025-07-26 23:02:49
S005860,O002694,Pickup,2025-10-11 09:47:54
S005861,O013109,Pickup,2024-07-02 21:20:00
S005862,O007596,Delivered,2025-07-13 02:09:06
S005863,O005093,Pickup,2024-06-11 07:16:11
S005864,O014066,Out for Delivery,2024-04-05 07:28:19
S005865,O007628,Pickup,2024-09-25 22:12:08
S005866,O011465,Pickup,2025-11-08 20:15:42
S005867,O009597,Delivered,2024-10-16 22:48:36
S005868,O009954,In Transit,2024-12-30 20:59:13
S005869,O001376,Out for Delivery,2024-06-20 23:26:31
S005870,O012893,Out for Delivery,2024-10-31 01:06:18
S005871,O007996,In Transit,2025-01-27 13:35:32
S005872,O007487,Pickup,2024-12-19 21:41:17
S005873,O016856,Out for Delivery,2024-11-18 03:01:41
S005874,O009637,Out for Delivery,2025-08-04 12:24:56
S005875,O004059,Delivered,2025-06-21 06:57:45
S005876,O004480,Out for Delivery,2024-03-17 00:45:23
S005877,O002284,Out for Delivery,2024-11-21 19:48:11
S005878,O016981,Out for Delivery,2024-09-04 20:28:46
S005879,O017930,In Transit,2024-01-02 23:18:32
S005880,O008591,Out for Delivery,2024-06-29 03:14:57
S005881,O006456,Out for Delivery,2024-01-23 09:55:04
S005882,O008595,In Transit,2025-10-26 16:31:47
S005883,O008444,Delivered,2025-07-21 23:22:49
S005884,O002894,In Transit,2024-02-03 00:28:24
S005885,O004531,Delivered,2024-07-10 05:43:00
S005886,O004657,In Transit,2024-04-29 07:10:15
S005887,O000957,Pickup,2025-02-28 09:46:14
S005888,O015301,In Transit,2024-09-25 21:20:41
S005889,O013393,In Transit,2024-02-25 01:41:13
S005890,O008285,Pickup,2024-06-12 19:23:41
S005891,O014008,Delivered,2025-02-10 10:59:54
S005892,O002961,Delivered,2024-05-15 00:11:54
S005893,O016599,Delivered,2024-09-25 07:13:22
S005894,O012668,Pickup,2024-10-04 23:13:45
S005895,O011101,Delivered,2024-05-25 20:07:28
S005896,O009155,In Transit,2025-08-04 08:30:02
S005897,O000096,Delivered,2024-09-26 10:55:11
S005898,O012152,Delivered,2025-07-10 08:48:50
S005899,O012456,In Transit,2024-02-01 10:51:31
S005900,O014699,Out for Delivery,2025-09-07 19:49:41
S005901,O016595,In Transit,2025-07-31 13:46:45
S005902,O001849,Out for Delivery,2025-12-08 18:58:46
S005903,O009698,Pickup,2024-05-29 07:23:18
S005904,O010570,In Transit,2024-02-23 07:35:31
S005905,O005508,In Transit,2024-07-13 22:19:44
S005906,O012333,Delivered,2024-11-21 19:22:54
S005907,O004337,Pickup,2025-03-18 00:22:51
S005908,O015943,Pickup,2025-08-10 09:04:10
S005909,O005426,Out for Delivery,2024-03-04 13:02:15
S005910,O003506,Delivered,2024-06-23 01:42:17
S005911,O000184,Pickup,2024-12-09 00:39:28
S005912,O003932,Pickup,2024-11-16 17:34:35
S005913,O014344,Delivered,2024-02-20 08:45:17
S005914,O017242,Pickup,2025-04-10 13:54:11
S005915,O001489,In Transit,2024-12-06 17:18:06
S005916,O008701,Delivered,2025-11-01 23:13:47
S005917,O013313,Out for Delivery,2024-05-07 13:09:42
S005918,O018362,Delivered,2024-01-11 16:05:31
S005919,O010380,Delivered,2025-03-11 01:25:35
S005920,O002173,Pickup,2024-07-05 15:32:29
S005921,O019491,Pickup,2024-07-12 19:03:18
S005922,O015730,Delivered,2025-05-05 14:11:57
S005923,O016819,In Transit,2025-10-05 13:56:43
S005924,O002891,Delivered,2025-05-31 21:20:31
S005925,O015513,Out for Delivery,2024-05-17 22:25:09
S005926,O017563,Delivered,2024-10-14 18:44:03
S005927,O004067,Pickup,2024-12-27 14:41:12
S005928,O008023,Pickup,2024-04-22 05:47:13
S005929,O003527,Out for Delivery,2025-05-13 07:17:21
S005930,O014955,In Transit,2024-07-10 13:46:06
S005931,O014208,Out for Delivery,2025-01-29 02:51:43
S005932,O000127,Pickup,2024-07-17 06:38:44
S005933,O008835,Out for Delivery,2024-11-19 14:18:20
S005934,O002911,Out for Delivery,2024-03-02 14:23:27
S005935,O000686,Pickup,2024-07-06 05:33:43
S005936,O018679,Pickup,2025-12-18 17:46:04
S005937,O009633,Pickup,2025-06-04 12:24:36
S005938,O008846,Delivered,2024-08-25 10:27:54
S005939,O016618,In Transit,2024-06-17 23:17:12
S005940,O004340,Delivered,2024-03-22 21:41:35
S005941,O003267,Out for Delivery,2024-08-08 13:29:18
S005942,O016194,In Transit,2024-02-11 19:46:17
S005943,O005855,In Transit,2024-04-08 02:08:29
S005944,O000999,Delivered,2024-07-18 21:43:24
S005945,O010367,In Transit,2024-03-15 15:02:16
S005946,O007020,Out for Delivery,2025-08-19 21:43:27
S005947,O011081,Out for Delivery,2024-11-05 19:58:26
S005948,O018335,In Transit,2025-05-27 12:27:08
S005949,O006960,Pickup,2025-07-31 02:57:51
S005950,O012812,In Transit,2024-08-21 12:26:56
S005951,O004718,Delivered,2025-11-21 18:56:33
S005952,O017714,In Transit,2024-12-30 12:37:02
S005953,O018988,Pickup,2024-01-13 19:29:38
S005954,O012652,Out for Delivery,2024-11-15 09:34:08
S005955,O008061,In Transit,2024-10-31 13:50:20
S005956,O000624,Pickup,2025-05-11 05:44:52
S005957,O009850,Pickup,2025-04-23 20:03:12
S005958,O006993,Delivered,2024-08-11 19:33:45
S005959,O017067,Delivered,2024-05-08 00:40:51
S005960,O013149,In Transit,2024-10-27 08:44:13
S005961,O000530,Pickup,2024-12-10 21:51:18
S005962,O010703,In Transit,2025-06-07 23:11:50
S005963,O017413,Out for Delivery,2025-01-11 05:03:27
S005964,O012807,Pickup,2024-02-02 10:04:02
S005965,O008825,Out for Delivery,2024-12-31 02:20:52
S005966,O013873,In Transit,2024-12-20 09:31:48
S005967,O003390,Delivered,2025-05-26 22:25:29
S005968,O015194,In Transit,2025-06-12 09:33:26
S005969,O012468,Pickup,2025-01-15 16:59:26
S005970,O009707,Delivered,2024-01-04 06:22:03
S005971,O008489,Out for Delivery,2024-11-07 15:46:42
S005972,O018327,In Transit,2025-04-27 01:25:45
S005973,O006485,Delivered,2024-01-06 07:07:31
S005974,O014008,Pickup,2025-06-23 00:15:31
S005975,O015133,In Transit,2025-02-11 16:24:37
S005976,O006772,Delivered,2024-02-04 17:26:06
S005977,O002099,In Transit,2024-08-20 10:42:27
S005978,O001145,Delivered,2025-06-06 11:59:40
S005979,O019559,In Transit,2024-10-08 21:29:04
S005980,O011908,Out for Delivery,2025-10-18 06:06:08
S005981,O013701,In Transit,2025-11-06 12:24:45
S005982,O019156,In Transit,2025-05-27 22:50:12
S005983,O002091,Pickup,2025-11-18 11:02:56
S005984,O009355,Out for Delivery,2025-05-28 16:13:54
S005985,O014211,Pickup,2025-07-18 09:21:14
S005986,O000325,Pickup,2025-07-01 08:48:19
S005987,O000911,Pickup,2025-06-05 16:15:36
S005988,O015545,Pickup,2025-03-22 10:56:00
S005989,O011497,Out for Delivery,2025-06-01 14:10:22
S005990,O000299,In Transit,2025-04-01 04:48:24
S005991,O005328,Pickup,2025-06-21 11:26:44
S005992,O010648,Out for Delivery,2025-05-01 10:01:44
S005993,O003958,Delivered,2025-12-04 21:43:44
S005994,O011930,Out for Delivery,2024-04-21 12:57:29
S005995,O002524,In Transit,2025-10-10 14:38:50
S005996,O016882,Delivered,2024-05-15 02:52:32
S005997,O016424,Pickup,2025-11-27 15:20:48
S005998,O015459,Out for Delivery,2024-01-22 12:32:01
S005999,O010956,Delivered,2024-03-30 17:45:17
S006000,O013279,Pickup,2024-08-20 20:40:54
S006001,O007905,Out for Delivery,2025-06-12 09:22:41
S006002,O003720,Pickup,2025-08-23 01:31:44
S006003,O015275,Delivered,2025-03-09 09:32:47
S006004,O016640,Out for Delivery,2024-05-26 22:28:20
S006005,O000419,In Transit,2025-06-01 13:55:59
S006006,O003335,Delivered,2024-07-19 22:16:09
S006007,O011348,In Transit,2025-12-20 15:47:14
S006008,O002771,Pickup,2024-08-02 03:49:57
S006009,O006756,Out for Delivery,2025-10-18 09:15:58
S006010,O016344,Out for Delivery,2024-09-11 13:36:02
S006011,O011138,Pickup,2024-04-26 02:18:17
S006012,O010300,Delivered,2024-12-23 05:36:32
S006013,O006704,Delivered,2025-05-04 02:34:44
S006014,O000652,In Transit,2024-02-21 14:12:23
S006015,O007381,In Transit,2024-08-24 21:55:54
S006016,O019090,Pickup,2024-08-18 00:16:53
S006017,O002029,Pickup,2024-12-24 05:33:58
S006018,O001227,Out for Delivery,2024-06-21 02:24:55
S006019,O017201,Delivered,2025-09-27 05:43:17
S006020,O016252,Pickup,2025-11-20 00:48:42
S006021,O000995,Delivered,2024-11-15 16:39:40
S006022,O017256,Out for Delivery,2025-11-23 12:25:04
S006023,O019257,Out for Delivery,2025-10-02 21:06:42
S006024,O002087,Pickup,2025-01-03 22:45:28
S006025,O016266,Pickup,2024-10-28 01:42:39
S006026,O002231,In Transit,2025-04-16 08:16:21
S006027,O001447,In Transit,2025-03-14 12:32:39
S006028,O018931,Pickup,2024-10-20 19:37:53
S006029,O002841,In Transit,2024-08-05 03:30:41
S006030,O000946,Delivered,2025-06-25 20:12:01
S006031,O001304,Out for Delivery,2025-12-18 08:24:08
S006032,O010060,Delivered,2025-12-07 02:24:21
S006033,O002069,Pickup,2024-10-16 12:24:17
S006034,O008189,In Transit,2025-09-18 22:19:13
S006035,O001092,In Transit,2025-10-07 00:47:03
S006036,O014659,Out for Delivery,2025-07-04 01:44:42
S006037,O008810,Pickup,2025-01-06 03:17:29
S006038,O003228,Pickup,2025-10-29 14:03:32
S006039,O004331,Pickup,2024-05-13 23:21:41
S006040,O011721,Delivered,2024-06-28 22:26:10
S006041,O018846,Delivered,2025-11-20 10:45:04
S006042,O007299,Delivered,2025-04-20 10:38:16
S006043,O016730,Delivered,2025-08-23 08:52:01
S006044,O000654,Pickup,2024-12-20 11:20:22
S006045,O001593,Delivered,2024-08-10 15:26:32
S006046,O006058,Pickup,2024-03-18 04:48:05
S006047,O002083,In Transit,2024-11-26 07:38:49
S006048,O018811,In Transit,2025-11-08 01:11:01
S006049,O008932,In Transit,2024-04-07 10:13:35
S006050,O002463,Out for Delivery,2025-10-08 06:01:13
S006051,O017380,Delivered,2024-08-10 22:32:59
S006052,O016716,Delivered,2025-10-31 06:23:51
S006053,O011589,Pickup,2024-04-11 21:44:15
S006054,O016227,Delivered,2024-05-26 04:21:15
S006055,O006872,In Transit,2024-10-05 23:53:24
S006056,O018517,In Transit,2024-01-11 23:02:14
S006057,O010119,Out for Delivery,2025-12-07 03:24:48
S006058,O018299,Delivered,2024-07-26 11:45:58
S006059,O017688,In Transit,2024-09-08 13:37:03
S006060,O004937,Delivered,2024-05-29 07:12:46
S006061,O011093,Out for Delivery,2025-04-04 09:42:53
S006062,O012618,Out for Delivery,2025-11-01 13:50:54
S006063,O019035,Out for Delivery,2024-05-15 10:27:47
S006064,O007343,Out for Delivery,2024-09-28 07:47:36
S006065,O007925,Pickup,2024-10-20 12:08:24
S006066,O006943,Pickup,2025-10-29 16:30:16
S006067,O014180,In Transit,2024-09-29 18:53:34
S006068,O003674,Delivered,2024-07-12 03:35:04
S006069,O011703,Out for Delivery,2025-04-27 13:52:36
S006070,O018141,In Transit,2024-10-04 06:58:39
S006071,O018599,In Transit,2024-04-17 23:30:27
S006072,O007512,Delivered,2024-07-10 16:44:43
S006073,O010868,Pickup,2024-06-02 08:36:00
S006074,O003986,Out for Delivery,2025-06-22 08:54:54
S006075,O015957,Pickup,2024-02-21 23:08:32
S006076,O017454,In Transit,2025-07-10 20:07:12
S006077,O018988,Out for Delivery,2025-01-21 11:58:11
S006078,O004245,Pickup,2024-01-31 08:17:57
S006079,O006493,Out for Delivery,2024-01-22 04:54:31
S006080,O007168,In Transit,2025-09-17 15:50:40
S006081,O001874,Pickup,2025-07-12 10:25:12
S006082,O009841,Out for Delivery,2024-06-08 05:13:22
S006083,O019102,Pickup,2024-12-21 11:19:21
S006084,O008869,In Transit,2024-12-29 13:03:35
S006085,O009388,Out for Delivery,2025-03-09 20:26:17
S006086,O017654,Delivered,2025-08-10 13:05:28
S006087,O012894,Delivered,2024-10-08 22:31:59
S006088,O005288,Delivered,2025-08-23 07:53:59
S006089,O004493,Out for Delivery,2024-06-28 18:30:08
S006090,O018945,In Transit,2025-06-25 20:41:08
S006091,O015345,Delivered,2025-03-16 23:58:53
S006092,O007921,In Transit,2024-10-12 06:54:31
S006093,O004750,In Transit,2025-02-04 05:18:02
S006094,O000022,Out for Delivery,2025-03-01 03:45:18
S006095,O008075,Pickup,2024-11-07 04:00:47
S006096,O009192,Out for Delivery,2025-12-25 03:40:04
S006097,O019778,Out for Delivery,2024-05-01 04:57:37
S006098,O011113,Out for Delivery,2025-10-13 22:10:55
S006099,O011421,In Transit,2024-11-12 23:06:24
S006100,O006371,Pickup,2025-03-30 14:58:04
S006101,O011234,Pickup,2024-01-03 03:45:20
S006102,O017890,In Transit,2024-06-30 01:11:54
S006103,O013643,Out for Delivery,2024-08-23 01:05:30
S006104,O014333,Delivered,2024-11-21 17:50:27
S006105,O008899,Pickup,2025-07-10 05:54:01
S006106,O000764,In Transit,2025-02-18 16:25:46
S006107,O002736,Pickup,2025-06-20 04:59:20
S006108,O014167,Pickup,2024-04-07 22:05:27
S006109,O005304,Pickup,2024-10-21 11:48:13
S006110,O012093,Delivered,2025-11-21 02:24:12
S006111,O004063,In Transit,2024-11-08 03:27:21
S006112,O002815,Delivered,2025-04-20 21:05:36
S006113,O019470,Pickup,2024-09-30 07:00:43
S006114,O013789,Delivered,2024-12-16 19:21:22
S006115,O004380,Pickup,2024-10-10 11:40:23
S006116,O006663,In Transit,2025-02-03 06:30:32
S006117,O018068,Delivered,2024-10-28 00:59:33
S006118,O017645,Pickup,2024-07-27 14:48:08
S006119,O013485,Delivered,2024-07-10 14:58:45
S006120,O014688,Delivered,2024-12-12 20:40:03
S006121,O008587,In Transit,2024-03-10 01:58:48
S006122,O011568,In Transit,2024-07-12 08:07:51
S006123,O003190,Pickup,2024-07-14 12:16:25
S006124,O001601,Delivered,2024-01-18 17:07:37
S006125,O015401,Delivered,2025-02-17 06:41:22
S006126,O013199,Delivered,2024-09-12 16:50:46
S006127,O004632,In Transit,2024-03-23 05:11:31
S006128,O014247,Out for Delivery,2025-05-09 12:24:58
S006129,O004266,Out for Delivery,2025-12-16 18:23:35
S006130,O001390,Delivered,2025-09-22 06:06:54
S006131,O009656,Pickup,2024-01-17 17:01:14
S006132,O016320,Delivered,2024-01-31 11:42:11
S006133,O004427,Delivered,2025-09-10 18:42:33
S006134,O004696,Delivered,2025-03-18 12:51:48
S006135,O007888,In Transit,2025-01-26 14:20:25
S006136,O002328,Pickup,2024-04-06 21:19:35
S006137,O019655,Out for Delivery,2025-11-03 06:21:03
S006138,O012656,Pickup,2024-02-24 01:18:04
S006139,O004287,Delivered,2024-05-18 14:26:27
S006140,O002539,Pickup,2025-02-25 19:26:48
S006141,O017774,Pickup,2025-10-01 08:34:00
S006142,O002683,Pickup,2025-05-19 06:23:30
S006143,O002007,Delivered,2024-05-24 01:38:59
S006144,O003321,Delivered,2024-03-08 16:44:30
S006145,O009414,Delivered,2025-04-29 22:50:17
S006146,O006448,Pickup,2025-01-14 18:03:59
S006147,O003779,Out for Delivery,2024-01-03 02:05:43
S006148,O006578,Delivered,2024-07-11 04:30:47
S006149,O002714,Out for Delivery,2025-05-27 20:55:53
S006150,O015253,Delivered,2025-06-01 00:07:18
S006151,O000463,Delivered,2025-10-11 06:09:14
S006152,O003299,Pickup,2024-09-03 20:47:55
S006153,O001851,Out for Delivery,2025-09-16 10:20:22
S006154,O016833,In Transit,2025-04-07 15:10:16
S006155,O004778,Pickup,2024-02-03 07:36:02
S006156,O009664,In Transit,2025-04-25 16:49:06
S006157,O009981,In Transit,2024-04-13 13:33:45
S006158,O013694,Out for Delivery,2025-04-12 20:58:06
S006159,O016785,In Transit,2025-02-09 10:17:52
S006160,O009610,Out for Delivery,2024-06-10 10:12:33
S006161,O004694,Delivered,2024-06-07 00:20:24
S006162,O003395,Out for Delivery,2024-09-15 09:37:29
S006163,O000145,Pickup,2024-05-09 06:09:06
S006164,O018052,Out for Delivery,2025-11-27 05:34:27
S006165,O019634,Pickup,2024-12-28 13:46:25
S006166,O010269,Pickup,2025-06-22 12:50:45
S006167,O012819,Pickup,2024-08-01 07:41:13
S006168,O008105,Pickup,2024-03-26 07:08:06
S006169,O012107,Pickup,2024-04-11 11:11:00
S006170,O007796,In Transit,2025-11-29 14:28:49
S006171,O003544,In Transit,2025-04-06 17:49:44
S006172,O001197,Out for Delivery,2025-07-17 04:39:00
S006173,O004125,Pickup,2024-06-27 12:14:29
S006174,O009798,Delivered,2025-02-14 08:12:29
S006175,O007309,Delivered,2024-05-04 00:22:56
S006176,O001238,Pickup,2024-01-23 04:11:11
S006177,O013404,Delivered,2024-04-24 23:28:30
S006178,O015273,In Transit,2024-09-09 22:43:04
S006179,O013630,Pickup,2024-06-12 13:19:17
S006180,O014153,In Transit,2024-10-30 14:31:37
S006181,O003657,In Transit,2024-02-09 01:28:48
S006182,O019652,In Transit,2025-07-06 11:33:08
S006183,O001206,Out for Delivery,2024-12-10 13:31:09
S006184,O010023,Pickup,2025-08-07 01:22:30
S006185,O011163,Delivered,2025-12-26 04:26:29
S006186,O019091,Out for Delivery,2025-06-08 07:04:41
S006187,O001320,Pickup,2024-10-12 22:46:17
S006188,O003630,In Transit,2025-02-06 22:34:40
S006189,O009172,Out for Delivery,2024-12-17 22:30:34
S006190,O012788,In Transit,2024-09-26 00:13:39
S006191,O006745,In Transit,2025-12-27 23:11:25
S006192,O005414,Delivered,2025-12-11 00:44:58
S006193,O006766,Delivered,2024-02-24 10:49:53
S006194,O002078,In Transit,2024-11-28 21:26:23
S006195,O016929,Pickup,2025-10-11 15:14:24
S006196,O010098,Out for Delivery,2025-06-04 21:41:52
S006197,O008669,Delivered,2024-01-24 20:16:59
S006198,O019671,Out for Delivery,2024-07-21 23:16:28
S006199,O001329,Pickup,2025-11-10 05:42:11
S006200,O002004,Pickup,2025-01-24 18:10:59
S006201,O004211,Out for Delivery,2024-03-07 12:09:25
S006202,O004585,Out for Delivery,2024-03-01 17:21:14
S006203,O006593,Delivered,2024-09-22 21:27:37
S006204,O007515,Delivered,2025-09-23 20:33:31
S006205,O015402,Out for Delivery,2025-08-03 17:35:23
S006206,O016879,In Transit,2024-07-20 11:15:20
S006207,O011169,Pickup,2025-12-10 23:52:51
S006208,O011288,Out for Delivery,2024-05-17 00:25:42
S006209,O000290,Delivered,2024-12-13 12:23:19
S006210,O019332,Delivered,2024-05-17 17:43:13
S006211,O001574,Out for Delivery,2024-12-13 05:21:55
S006212,O019469,Pickup,2025-07-24 22:53:28
S006213,O000074,Delivered,2024-05-10 17:09:43
S006214,O004213,In Transit,2025-07-12 20:34:08
S006215,O009318,In Transit,2025-05-17 10:28:48
S006216,O004071,In Transit,2024-09-17 20:42:35
S006217,O003996,Out for Delivery,2025-09-28 06:52:31
S006218,O003108,Delivered,2025-03-17 10:38:05
S006219,O007284,In Transit,2024-05-21 06:57:04
S006220,O010979,In Transit,2025-07-06 22:33:59
S006221,O008132,Delivered,2024-05-13 10:55:46
S006222,O000447,Delivered,2025-01-21 00:52:04
S006223,O011554,Delivered,2024-09-22 11:33:57
S006224,O007747,Delivered,2024-05-14 11:19:54
S006225,O011282,In Transit,2024-06-16 18:33:40
S006226,O010462,In Transit,2025-10-02 09:25:31
S006227,O016198,Out for Delivery,2025-10-23 14:51:45
S006228,O011996,Delivered,2024-07-11 06:55:07
S006229,O019712,Pickup,2024-07-21 06:34:48
S006230,O016018,Pickup,2025-06-29 02:03:08
S006231,O012288,Delivered,2025-12-28 17:58:11
S006232,O004975,In Transit,2024-08-01 22:29:10
S006233,O004005,Out for Delivery,2025-03-29 18:01:57
S006234,O017886,Pickup,2025-10-15 21:52:02
S006235,O013150,In Transit,2025-11-24 01:39:03
S006236,O014499,Delivered,2025-07-05 08:12:43
S006237,O006844,Pickup,2024-07-25 10:00:02
S006238,O000096,In Transit,2025-08-26 18:04:47
S006239,O013196,Delivered,2024-12-10 02:06:09
S006240,O007938,Out for Delivery,2025-05-31 20:53:27
S006241,O019259,Pickup,2025-01-08 11:31:37
S006242,O008836,Pickup,2025-02-25 15:25:22
S006243,O009705,In Transit,2025-02-15 05:30:13
S006244,O012164,Delivered,2024-01-28 16:47:21
S006245,O017441,Out for Delivery,2024-11-03 21:53:12
S006246,O017603,Out for Delivery,2025-05-12 08:11:17
S006247,O002235,In Transit,2024-12-10 03:47:33
S006248,O014733,Pickup,2024-08-01 02:03:46
S006249,O005890,In Transit,2025-01-12 22:58:20
S006250,O008902,Pickup,2024-05-11 11:20:45
S006251,O019961,Pickup,2024-09-27 17:44:42
S006252,O005452,Delivered,2025-12-11 08:45:36
S006253,O002240,Out for Delivery,2025-07-24 10:27:19
S006254,O009145,In Transit,2024-07-30 08:53:09
S006255,O002755,Pickup,2024-11-29 23:07:53
S006256,O007449,In Transit,2025-09-09 15:15:26
S006257,O007957,Pickup,2025-10-20 03:45:22
S006258,O011232,Pickup,2025-04-12 11:12:17
S006259,O007554,In Transit,2025-03-13 14:16:45
S006260,O000576,Pickup,2024-08-22 07:42:50
S006261,O007027,Delivered,2024-09-14 05:12:30
S006262,O008387,In Transit,2025-04-17 02:44:09
S006263,O015052,Pickup,2025-10-09 21:44:17
S006264,O008782,In Transit,2024-03-03 13:27:34
S006265,O002805,Delivered,2025-01-31 00:59:35
S006266,O017693,Delivered,2025-11-08 14:15:53
S006267,O009542,Out for Delivery,2025-10-21 13:40:00
S006268,O000727,Delivered,2025-01-29 07:27:34
S006269,O000033,In Transit,2025-12-01 06:48:10
S006270,O006038,Delivered,2024-07-01 15:44:10
S006271,O013129,Delivered,2025-02-24 06:47:08
S006272,O019913,Delivered,2025-05-06 02:02:18
S006273,O005247,Delivered,2024-02-07 15:21:41
S006274,O014396,In Transit,2024-06-20 21:55:17
S006275,O009060,In Transit,2025-01-10 02:28:10
S006276,O015932,In Transit,2025-12-22 06:44:15
S006277,O009180,In Transit,2025-04-29 10:04:48
S006278,O016452,Pickup,2024-11-29 21:00:57
S006279,O013342,Out for Delivery,2025-02-18 23:14:33
S006280,O014035,Out for Delivery,2024-07-20 04:14:12
S006281,O005593,Pickup,2024-01-04 20:43:59
S006282,O006568,Pickup,2025-08-04 16:48:44
S006283,O015890,In Transit,2025-11-17 10:01:23
S006284,O009262,In Transit,2025-08-18 19:01:07
S006285,O002847,Delivered,2024-06-30 17:05:03
S006286,O019543,In Transit,2025-01-10 01:13:29
S006287,O003003,Out for Delivery,2024-07-28 11:27:06
S006288,O014088,In Transit,2024-12-03 14:22:50
S006289,O006114,Out for Delivery,2025-09-29 17:29:52
S006290,O002207,Delivered,2025-06-05 15:08:34
S006291,O013802,Out for Delivery,2024-11-28 15:58:33
S006292,O016364,Out for Delivery,2024-03-13 13:41:20
S006293,O009093,In Transit,2025-02-14 12:45:59
S006294,O004635,In Transit,2025-09-10 06:11:46
S006295,O001916,Pickup,2024-04-20 21:41:21
S006296,O019744,In Transit,2024-08-19 04:46:02
S006297,O010836,Delivered,2024-01-15 16:47:36
S006298,O016418,Delivered,2024-08-29 18:28:51
S006299,O002221,Out for Delivery,2024-01-01 08:40:31
S006300,O001016,In Transit,2024-02-29 14:37:52
S006301,O016215,Out for Delivery,2025-06-15 12:06:22
S006302,O011809,Delivered,2025-02-11 02:04:21
S006303,O005308,Delivered,2024-03-13 10:41:37
S006304,O008382,Pickup,2025-07-17 00:37:58
S006305,O003039,Pickup,2025-01-22 14:02:56
S006306,O014826,In Transit,2024-05-24 03:24:54
S006307,O015775,Pickup,2025-01-14 17:10:01
S006308,O006609,Delivered,2024-06-25 04:19:41
S006309,O016394,Delivered,2024-01-25 01:09:21
S006310,O000765,Delivered,2024-02-03 09:33:14
S006311,O004014,Out for Delivery,2024-09-21 18:32:00
S006312,O016565,In Transit,2025-02-05 19:28:54
S006313,O019551,Pickup,2025-08-03 10:29:38
S006314,O010663,In Transit,2024-05-18 07:57:08
S006315,O012072,Delivered,2025-01-18 03:59:42
S006316,O002667,Delivered,2025-03-23 13:27:03
S006317,O005691,Delivered,2024-06-23 17:09:09
S006318,O007515,Out for Delivery,2024-12-25 18:08:11
S006319,O007892,Out for Delivery,2024-02-13 20:58:51
S006320,O019016,Delivered,2025-03-24 11:14:43
S006321,O011112,Delivered,2024-01-03 06:11:54
S006322,O001233,Pickup,2025-04-19 13:14:27
S006323,O015757,Pickup,2025-07-22 23:28:54
S006324,O001363,Pickup,2024-04-21 13:24:11
S006325,O017968,In Transit,2025-04-12 17:08:40
S006326,O012725,Delivered,2024-12-12 15:36:16
S006327,O017360,In Transit,2024-02-27 14:37:43
S006328,O002535,Delivered,2024-12-15 17:53:20
S006329,O003249,Out for Delivery,2025-01-20 05:15:49
S006330,O012397,In Transit,2025-05-06 08:41:10
S006331,O017926,In Transit,2025-10-09 11:32:29
S006332,O002033,Out for Delivery,2025-01-11 01:39:21
S006333,O012403,Delivered,2024-04-16 02:10:51
S006334,O007233,Out for Delivery,2024-04-01 18:37:27
S006335,O006490,Pickup,2025-06-22 14:19:23
S006336,O002750,In Transit,2025-04-01 14:19:27
S006337,O010001,Pickup,2025-12-02 21:49:36
S006338,O009811,Out for Delivery,2025-06-15 22:25:39
S006339,O003224,In Transit,2025-05-20 04:49:49
S006340,O013855,Delivered,2025-04-27 16:44:04
S006341,O000056,In Transit,2025-08-10 03:28:40
S006342,O017418,Pickup,2024-12-23 05:29:39
S006343,O019104,Out for Delivery,2025-08-24 14:07:50
S006344,O004181,Pickup,2025-03-29 13:58:07
S006345,O012364,Delivered,2024-07-21 06:12:04
S006346,O010078,Out for Delivery,2025-05-26 19:48:02
S006347,O009271,Delivered,2025-04-18 15:04:10
S006348,O006431,In Transit,2024-11-18 09:45:12
S006349,O007298,Delivered,2024-04-19 23:57:01
S006350,O007181,In Transit,2025-02-07 12:07:13
S006351,O014173,Pickup,2025-11-17 06:45:34
S006352,O011343,Pickup,2025-12-13 07:11:55
S006353,O008536,Out for Delivery,2024-11-22 01:28:41
S006354,O009001,Delivered,2024-01-16 02:44:50
S006355,O002764,Delivered,2024-05-01 23:45:28
S006356,O011036,In Transit,2025-06-03 05:07:08
S006357,O008772,Delivered,2025-02-05 19:19:09
S006358,O000227,In Transit,2025-02-11 19:45:55
S006359,O000653,Delivered,2025-07-18 21:34:52
S006360,O011637,In Transit,2024-04-08 11:17:29
S006361,O005561,Pickup,2025-03-27 06:28:36
S006362,O005183,In Transit,2025-11-27 05:01:21
S006363,O016199,Out for Delivery,2025-12-28 00:37:26
S006364,O004396,Delivered,2024-03-19 05:34:17
S006365,O009630,Out for Delivery,2025-03-29 16:13:24
S006366,O010293,Delivered,2024-02-03 22:22:19
S006367,O004570,Delivered,2025-03-14 12:44:14
S006368,O001833,Pickup,2025-10-24 22:42:30
S006369,O001151,Pickup,2024-06-28 05:32:47
S006370,O003349,In Transit,2024-08-28 16:03:50
S006371,O003173,Delivered,2024-12-31 17:00:19
S006372,O006358,Out for Delivery,2025-10-27 15:07:59
S006373,O000969,In Transit,2024-01-16 15:10:34
S006374,O006842,Pickup,2024-05-25 20:54:22
S006375,O018960,Out for Delivery,2024-03-08 23:08:02
S006376,O019621,Delivered,2024-09-06 15:04:15
S006377,O018838,Out for Delivery,2025-01-22 05:51:43
S006378,O018510,Out for Delivery,2024-08-07 08:17:17
S006379,O018159,In Transit,2024-04-21 04:10:35
S006380,O003525,Pickup,2025-01-01 09:56:17
S006381,O006630,Pickup,2025-06-12 20:31:31
S006382,O016001,Delivered,2024-04-27 10:08:57
S006383,O008888,Pickup,2024-12-16 22:55:16
S006384,O017342,In Transit,2025-09-04 14:31:43
S006385,O003045,Pickup,2025-12-02 09:27:39
S006386,O014002,In Transit,2025-04-15 12:05:42
S006387,O014462,In Transit,2025-03-05 11:36:54
S006388,O018879,Out for Delivery,2024-05-10 04:24:11
S006389,O002916,Pickup,2025-08-16 14:42:55
S006390,O009104,Pickup,2025-10-11 18:47:36
S006391,O011535,Pickup,2024-08-29 15:59:47
S006392,O013601,Pickup,2024-01-01 10:37:50
S006393,O005663,In Transit,2025-02-08 07:10:33
S006394,O007881,Delivered,2024-07-08 15:57:26
S006395,O013909,Pickup,2025-01-08 08:48:58
S006396,O012054,Delivered,2024-12-12 13:00:52
S006397,O015616,In Transit,2024-04-04 15:03:13
S006398,O003750,In Transit,2024-11-02 19:37:05
S006399,O003175,Pickup,2024-12-18 22:47:40
S006400,O001405,Delivered,2025-05-09 03:36:40
S006401,O001644,Pickup,2025-02-11 09:33:38
S006402,O001346,Delivered,2024-06-30 06:04:06
S006403,O007467,In Transit,2025-01-18 16:08:10
S006404,O011368,In Transit,2025-11-10 06:25:25
S006405,O017977,Delivered,2025-03-19 12:02:15
S006406,O013367,In Transit,2024-04-26 20:28:44
S006407,O013207,Out for Delivery,2025-07-30 10:38:43
S006408,O008199,Delivered,2025-08-19 18:24:20
S006409,O002808,Delivered,2025-03-11 16:09:58
S006410,O014742,Delivered,2024-12-10 16:07:16
S006411,O006549,Delivered,2025-06-28 17:16:42
S006412,O006395,Delivered,2025-03-28 11:03:03
S006413,O008882,Out for Delivery,2024-02-25 20:05:23
S006414,O017423,Out for Delivery,2024-09-12 01:31:05
S006415,O000176,Out for Delivery,2024-07-23 01:20:39
S006416,O019757,Delivered,2024-06-23 09:25:33
S006417,O000420,Pickup,2024-02-24 17:09:58
S006418,O004678,Pickup,2025-03-28 08:20:24
S006419,O006252,Delivered,2025-07-16 01:27:05
S006420,O001485,Out for Delivery,2024-08-13 00:26:20
S006421,O013845,Delivered,2025-02-16 20:01:19
S006422,O013854,In Transit,2024-12-04 01:27:51
S006423,O007806,Pickup,2025-05-08 14:24:50
S006424,O012728,In Transit,2024-08-12 04:57:05
S006425,O001828,In Transit,2024-01-07 03:56:58
S006426,O009350,Out for Delivery,2025-12-16 22:31:45
S006427,O011059,Pickup,2024-03-10 23:38:24
S006428,O000197,Delivered,2024-10-14 18:13:03
S006429,O001809,Pickup,2025-10-24 02:25:36
S006430,O019919,Delivered,2024-08-31 14:05:11
S006431,O001680,In Transit,2025-12-13 20:54:47
S006432,O011682,In Transit,2025-03-21 00:28:54
S006433,O008240,Delivered,2024-11-30 21:03:13
S006434,O007006,Delivered,2025-12-03 22:38:14
S006435,O006629,In Transit,2024-11-08 00:54:34
S006436,O000796,Pickup,2024-04-15 01:53:39
S006437,O003661,In Transit,2024-10-31 20:20:48
S006438,O002693,Pickup,2025-04-02 20:02:45
S006439,O013256,Delivered,2025-09-16 06:57:31
S006440,O009520,Out for Delivery,2024-03-03 14:39:23
S006441,O001471,Out for Delivery,2025-01-29 06:48:38
S006442,O019931,Delivered,2024-09-16 20:31:48
S006443,O002476,In Transit,2024-09-15 05:34:46
S006444,O009192,Delivered,2024-11-02 08:00:31
S006445,O011121,In Transit,2025-10-29 07:37:29
S006446,O018040,Out for Delivery,2024-07-06 01:37:23
S006447,O018060,In Transit,2025-01-16 06:59:08
S006448,O012519,Delivered,2024-03-11 09:18:35
S006449,O004046,Out for Delivery,2024-12-29 02:17:40
S006450,O009385,Delivered,2024-03-01 13:32:59
S006451,O004814,Out for Delivery,2024-09-12 14:42:56
S006452,O014516,Out for Delivery,2025-04-23 17:08:31
S006453,O009787,Out for Delivery,2025-10-04 15:46:00
S006454,O011128,Delivered,2024-04-22 16:37:26
S006455,O003511,Pickup,2024-12-09 17:39:12
S006456,O009186,In Transit,2025-11-23 07:50:02
S006457,O018148,In Transit,2025-06-25 03:04:31
S006458,O009658,Delivered,2025-09-09 18:30:18
S006459,O014209,In Transit,2024-01-12 16:02:21
S006460,O000442,Pickup,2025-11-09 20:32:43
S006461,O004145,In Transit,2024-12-09 01:44:45
S006462,O001892,Delivered,2024-09-22 05:03:31
S006463,O005817,Delivered,2024-03-04 10:39:18
S006464,O004364,Pickup,2024-01-18 11:48:21
S006465,O009843,In Transit,2025-06-19 20:10:34
S006466,O003597,Pickup,2024-10-02 13:37:27
S006467,O004878,In Transit,2025-06-01 00:37:20
S006468,O001042,Out for Delivery,2025-05-08 11:05:35
S006469,O001762,Delivered,2025-02-24 11:12:18
S006470,O009153,Pickup,2024-07-14 20:28:57
S006471,O008441,Delivered,2025-10-23 21:58:40
S006472,O013704,Out for Delivery,2025-09-01 22:59:55
S006473,O009887,Out for Delivery,2024-07-15 19:39:51
S006474,O013824,Pickup,2025-08-02 01:52:12
S006475,O012001,In Transit,2024-08-06 20:28:33
S006476,O002613,Delivered,2025-04-07 07:27:20
S006477,O013451,In Transit,2025-12-24 19:15:35
S006478,O003317,Out for Delivery,2024-04-24 14:16:16
S006479,O006998,Delivered,2025-12-08 03:59:42
S006480,O018801,Delivered,2025-10-04 07:02:50
S006481,O015429,Out for Delivery,2025-08-08 17:39:10
S006482,O012379,In Transit,2024-11-14 12:28:59
S006483,O007632,In Transit,2024-03-14 17:48:43
S006484,O018095,Pickup,2025-11-08 13:23:48
S006485,O008059,In Transit,2025-03-28 18:14:07
S006486,O002326,Out for Delivery,2024-07-20 08:20:40
S006487,O016464,Out for Delivery,2024-07-21 05:03:31
S006488,O015969,In Transit,2024-12-31 06:15:09
S006489,O011891,Out for Delivery,2024-11-15 22:50:09
S006490,O009407,Pickup,2024-04-09 19:45:22
S006491,O012068,Pickup,2025-02-27 09:28:22
S006492,O005781,In Transit,2024-04-22 11:05:16
S006493,O000386,Delivered,2024-01-17 13:12:37
S006494,O003209,Delivered,2024-09-21 02:06:07
S006495,O019474,Delivered,2024-01-24 19:43:36
S006496,O015689,Out for Delivery,2024-11-13 18:37:54
S006497,O015619,Out for Delivery,2025-08-27 14:13:40
S006498,O004823,In Transit,2024-03-20 21:05:50
S006499,O007419,Pickup,2025-01-28 16:23:02
S006500,O002507,Delivered,2024-07-16 13:41:09
S006501,O000540,Out for Delivery,2025-10-28 18:29:01
S006502,O018506,In Transit,2024-04-18 18:12:45
S006503,O005199,Delivered,2024-07-10 02:36:06
S006504,O010149,Out for Delivery,2025-10-31 15:15:39
S006505,O004926,Delivered,2025-11-11 05:17:27
S006506,O008328,Out for Delivery,2024-01-12 08:06:34
S006507,O017925,In Transit,2024-12-29 22:19:37
S006508,O001141,Pickup,2024-11-04 10:11:57
S006509,O008018,In Transit,2025-03-27 07:34:47
S006510,O013574,Delivered,2025-04-03 20:35:00
S006511,O014794,Delivered,2025-07-12 04:22:27
S006512,O005550,In Transit,2024-04-06 02:29:07
S006513,O019469,Out for Delivery,2025-03-21 22:07:51
S006514,O009976,Out for Delivery,2024-11-01 15:21:15
S006515,O007128,Delivered,2025-08-21 15:24:12
S006516,O005913,Out for Delivery,2024-04-12 13:25:20
S006517,O008651,Out for Delivery,2025-11-10 10:21:34
S006518,O016923,Delivered,2024-06-18 15:14:50
S006519,O000836,Pickup,2024-03-30 21:55:18
S006520,O018056,Delivered,2025-11-09 18:49:34
S006521,O007635,Delivered,2024-06-12 22:50:58
S006522,O019038,In Transit,2024-06-06 23:05:12
S006523,O006530,Out for Delivery,2024-08-22 03:45:08
S006524,O016041,Pickup,2025-05-04 01:19:55
S006525,O003016,In Transit,2025-02-12 10:14:28
S006526,O002316,In Transit,2025-06-26 01:06:01
S006527,O015822,Delivered,2025-04-08 21:25:06
S006528,O013735,Pickup,2024-05-01 19:55:12
S006529,O015560,Delivered,2024-07-05 23:28:08
S006530,O014666,Out for Delivery,2025-11-19 17:05:36
S006531,O016927,Out for Delivery,2025-01-06 20:07:29
S006532,O005983,In Transit,2025-06-04 00:57:49
S006533,O010880,Out for Delivery,2025-04-26 15:48:57
S006534,O004921,Out for Delivery,2024-05-22 07:02:23
S006535,O006425,Delivered,2025-11-24 22:21:00
S006536,O006259,Pickup,2024-08-07 06:48:23
S006537,O001426,Delivered,2024-03-06 20:41:04
S006538,O008171,Out for Delivery,2024-09-03 07:59:43
S006539,O004614,Out for Delivery,2024-01-25 03:31:48
S006540,O015578,In Transit,2025-03-18 06:16:22
S006541,O016398,Pickup,2024-05-09 19:33:43
S006542,O016862,In Transit,2025-05-20 15:09:05
S006543,O016215,Pickup,2024-02-25 20:08:08
S006544,O009438,In Transit,2024-11-25 20:33:27
S006545,O007992,Delivered,2025-05-05 20:02:34
S006546,O012250,Delivered,2025-04-13 16:43:50
S006547,O013799,In Transit,2024-10-29 06:39:13
S006548,O016417,In Transit,2024-08-29 23:44:38
S006549,O017010,Delivered,2025-08-23 10:38:56
S006550,O013561,Out for Delivery,2025-05-04 22:41:55
S006551,O018810,Delivered,2024-05-07 18:39:51
S006552,O000952,In Transit,2024-08-04 16:52:39
S006553,O007531,Delivered,2025-06-07 15:43:47
S006554,O013379,Pickup,2025-11-13 07:35:51
S006555,O011724,Delivered,2025-05-27 17:09:57
S006556,O003077,Delivered,2025-06-09 17:21:26
S006557,O015969,Pickup,2025-09-15 02:46:10
S006558,O016566,Out for Delivery,2025-10-02 07:27:35
S006559,O009319,Pickup,2024-03-17 21:01:51
S006560,O014859,In Transit,2024-01-15 02:03:21
S006561,O007785,Pickup,2024-11-14 00:36:52
S006562,O000973,Delivered,2025-02-04 09:48:50
S006563,O013397,Out for Delivery,2025-03-14 10:29:51
S006564,O012049,In Transit,2024-11-22 01:24:33
S006565,O015029,In Transit,2024-11-10 12:54:17
S006566,O012746,In Transit,2025-09-02 05:19:18
S006567,O007377,In Transit,2024-09-13 15:38:59
S006568,O010847,Pickup,2025-06-08 21:49:28
S006569,O013202,Pickup,2024-11-02 04:15:14
S006570,O008900,Pickup,2024-01-21 16:24:08
S006571,O001994,Pickup,2025-03-17 18:09:41
S006572,O017589,In Transit,2025-07-27 12:13:21
S006573,O006589,Delivered,2024-02-06 04:37:21
S006574,O014769,In Transit,2024-04-16 07:44:45
S006575,O005973,In Transit,2025-06-14 14:59:15
S006576,O013359,Out for Delivery,2025-03-05 22:19:47
S006577,O001973,In Transit,2024-01-29 21:57:41
S006578,O017160,In Transit,2025-04-27 03:46:19
S006579,O017961,Out for Delivery,2024-01-19 05:34:44
S006580,O009420,Delivered,2024-06-12 02:36:44
S006581,O018425,In Transit,2024-09-06 07:57:38
S006582,O008537,Pickup,2025-09-22 03:32:05
S006583,O015189,Pickup,2025-03-16 03:07:20
S006584,O000298,Delivered,2024-04-27 13:03:04
S006585,O005090,In Transit,2024-08-06 15:17:22
S006586,O014446,Pickup,2025-10-14 12:01:27
S006587,O018223,Out for Delivery,2025-11-07 02:59:34
S006588,O012830,Out for Delivery,2025-06-15 21:12:09
S006589,O019230,Pickup,2024-04-03 21:42:24
S006590,O009025,Out for Delivery,2025-10-14 11:36:44
S006591,O015420,In Transit,2024-06-08 05:13:03
S006592,O012846,Pickup,2024-09-08 14:08:41
S006593,O013972,Out for Delivery,2025-08-13 00:20:10
S006594,O006931,In Transit,2025-12-16 01:59:44
S006595,O017566,In Transit,2024-06-23 03:23:13
S006596,O011878,Pickup,2025-03-06 06:04:06
S006597,O002997,In Transit,2025-10-31 10:47:41
S006598,O013413,In Transit,2024-03-11 15:16:57
S006599,O009280,Pickup,2024-11-14 06:06:35
S006600,O018107,Delivered,2025-10-12 01:05:45
S006601,O015100,Delivered,2024-05-24 11:17:20
S006602,O006229,Out for Delivery,2025-10-17 22:50:52
S006603,O001493,Delivered,2025-02-05 06:48:28
S006604,O016974,Delivered,2025-04-15 12:37:43
S006605,O007531,Pickup,2025-12-09 00:37:41
S006606,O015951,Pickup,2024-07-18 05:14:46
S006607,O001559,Pickup,2024-06-24 12:07:59
S006608,O018416,In Transit,2025-06-18 13:10:55
S006609,O000894,In Transit,2024-09-05 06:05:06
S006610,O007571,Pickup,2025-07-06 05:21:28
S006611,O004330,Out for Delivery,2024-04-01 03:14:53
S006612,O013435,Out for Delivery,2025-07-19 13:52:32
S006613,O011727,Delivered,2024-10-03 11:15:36
S006614,O014058,Delivered,2025-04-25 01:49:55
S006615,O007351,Delivered,2024-03-17 22:54:33
S006616,O005889,Pickup,2024-03-06 00:56:22
S006617,O015917,Delivered,2025-12-15 21:09:13
S006618,O009867,In Transit,2025-03-25 15:11:13
S006619,O019460,Pickup,2025-01-21 14:07:52
S006620,O000830,Out for Delivery,2024-05-07 21:01:03
S006621,O017633,In Transit,2025-03-30 17:21:38
S006622,O000729,Delivered,2024-09-27 16:38:09
S006623,O009665,Delivered,2024-02-03 15:28:19
S006624,O002911,Out for Delivery,2025-04-13 17:41:05
S006625,O003649,Pickup,2024-08-01 08:33:27
S006626,O019662,In Transit,2025-07-18 19:39:26
S006627,O006037,Out for Delivery,2024-01-06 07:39:41
S006628,O017998,Pickup,2025-03-27 21:42:36
S006629,O006852,Pickup,2024-04-16 02:16:45
S006630,O015369,Pickup,2025-11-20 08:20:41
S006631,O018679,In Transit,2025-02-17 20:55:49
S006632,O006096,Delivered,2025-12-13 07:20:57
S006633,O019409,Delivered,2025-05-11 13:40:31
S006634,O019183,In Transit,2024-04-02 14:17:50
S006635,O005022,Out for Delivery,2025-07-06 00:04:16
S006636,O010556,Out for Delivery,2024-11-10 21:54:41
S006637,O000898,Pickup,2025-12-18 02:42:30
S006638,O014036,Out for Delivery,2025-10-02 20:02:45
S006639,O005547,In Transit,2025-09-23 17:01:48
S006640,O002589,In Transit,2024-01-31 17:43:16
S006641,O009249,Pickup,2024-07-23 21:30:26
S006642,O008388,In Transit,2025-05-05 18:52:04
S006643,O000827,Out for Delivery,2025-07-03 03:58:00
S006644,O010318,In Transit,2025-05-14 17:54:09
S006645,O015550,Pickup,2025-06-19 07:16:04
S006646,O007376,In Transit,2024-11-06 15:14:43
S006647,O018976,Out for Delivery,2024-07-01 16:23:11
S006648,O000453,Delivered,2025-11-08 04:01:29
S006649,O009540,Pickup,2024-12-11 20:10:52
S006650,O019284,Pickup,2025-08-19 21:56:58
S006651,O012888,Pickup,2024-07-02 20:39:21
S006652,O018210,Delivered,2024-02-09 18:16:56
S006653,O005760,In Transit,2025-05-15 06:49:24
S006654,O000864,Pickup,2024-04-11 17:25:35
S006655,O005499,Pickup,2025-09-12 20:57:08
S006656,O001926,Delivered,2025-02-09 08:13:19
S006657,O009257,Pickup,2025-03-25 14:24:29
S006658,O006992,Out for Delivery,2024-05-03 21:34:09
S006659,O013041,Out for Delivery,2024-02-26 12:30:10
S006660,O009758,Out for Delivery,2024-04-23 22:07:56
S006661,O000107,Delivered,2025-03-08 14:25:30
S006662,O003100,Out for Delivery,2024-08-28 21:16:10
S006663,O003476,In Transit,2025-01-28 10:08:47
S006664,O009700,Pickup,2025-09-21 19:01:55
S006665,O003491,Pickup,2025-11-23 17:10:44
S006666,O003428,Pickup,2024-04-08 05:57:33
S006667,O011619,In Transit,2025-05-31 18:26:12
S006668,O009191,In Transit,2025-09-28 21:18:54
S006669,O002471,Delivered,2025-02-15 22:55:24
S006670,O014376,Pickup,2024-11-05 18:57:10
S006671,O008971,In Transit,2024-06-19 18:39:09
S006672,O008405,In Transit,2025-08-04 01:04:29
S006673,O005821,Delivered,2025-08-30 14:24:23
S006674,O003351,Out for Delivery,2025-08-24 14:16:16
S006675,O017221,Pickup,2025-09-01 05:49:48
S006676,O009441,Delivered,2025-07-04 08:28:26
S006677,O019665,Delivered,2025-01-08 11:27:58
S006678,O010552,In Transit,2025-09-18 21:48:47
S006679,O017618,In Transit,2024-02-25 14:54:50
S006680,O018085,Delivered,2025-05-02 08:52:21
S006681,O008763,Pickup,2025-12-26 03:35:23
S006682,O005143,Pickup,2024-07-06 17:29:59
S006683,O009414,Delivered,2024-07-30 06:30:59
S006684,O017607,Delivered,2025-07-04 16:20:35
S006685,O005091,In Transit,2024-08-15 00:04:40
S006686,O001710,Out for Delivery,2025-08-24 01:16:33
S006687,O003790,Out for Delivery,2025-08-08 09:00:10
S006688,O008339,In Transit,2025-09-25 03:22:56
S006689,O000668,Out for Delivery,2025-05-21 18:30:29
S006690,O011327,Pickup,2025-06-07 08:53:45
S006691,O016782,Delivered,2024-05-11 18:51:36
S006692,O007942,In Transit,2024-03-12 02:30:36
S006693,O015728,Out for Delivery,2025-01-08 21:11:46
S006694,O006373,Pickup,2025-06-26 03:29:41
S006695,O005901,Out for Delivery,2025-05-17 10:31:28
S006696,O001352,Pickup,2024-02-07 18:49:54
S006697,O011924,Delivered,2024-07-17 15:16:26
S006698,O014885,In Transit,2024-10-08 06:43:12
S006699,O002786,Pickup,2024-09-06 06:55:36
S006700,O019384,Pickup,2024-01-07 13:43:22
S006701,O018473,Pickup,2025-12-23 10:09:44
S006702,O009056,Out for Delivery,2024-01-23 22:32:55
S006703,O016608,In Transit,2025-01-21 22:53:51
S006704,O013623,Out for Delivery,2025-06-14 14:26:22
S006705,O017628,In Transit,2024-02-19 10:36:34
S006706,O018689,Pickup,2024-10-15 22:57:01
S006707,O015341,Out for Delivery,2024-10-29 07:27:26
S006708,O019229,In Transit,2024-07-20 03:44:16
S006709,O008531,Out for Delivery,2025-01-09 19:54:38
S006710,O013965,Delivered,2024-05-29 13:35:05
S006711,O016332,Pickup,2024-05-02 03:22:09
S006712,O017801,Out for Delivery,2024-04-21 05:18:57
S006713,O016768,In Transit,2024-11-11 03:17:02
S006714,O010736,Delivered,2025-04-19 22:50:58
S006715,O018689,Delivered,2024-07-10 23:15:53
S006716,O001374,Pickup,2024-07-19 15:13:34
S006717,O005045,Out for Delivery,2024-04-12 05:59:45
S006718,O011384,Delivered,2025-05-24 13:54:57
S006719,O007169,Delivered,2024-04-05 08:12:51
S006720,O019133,Pickup,2024-06-04 17:32:58
S006721,O016578,Out for Delivery,2025-05-30 16:46:47
S006722,O017283,Out for Delivery,2024-11-25 16:32:32
S006723,O007990,In Transit,2025-11-04 08:35:04
S006724,O015022,In Transit,2024-01-29 18:18:40
S006725,O012854,Pickup,2024-09-04 13:30:27
S006726,O013367,Out for Delivery,2025-01-31 06:13:43
S006727,O014116,Pickup,2025-08-31 04:15:15
S006728,O011592,Pickup,2024-01-20 23:50:25
S006729,O007951,Out for Delivery,2024-11-15 00:57:00
S006730,O017829,Pickup,2025-10-23 02:12:22
S006731,O002241,Delivered,2024-06-16 05:12:36
S006732,O015281,Delivered,2024-07-20 09:52:11
S006733,O018611,Delivered,2025-06-01 02:09:36
S006734,O015271,In Transit,2025-09-18 11:17:08
S006735,O012811,Delivered,2024-04-02 01:23:56
S006736,O000445,Out for Delivery,2024-10-01 07:40:00
S006737,O017873,Delivered,2024-06-18 20:20:34
S006738,O010227,Pickup,2024-06-22 11:01:48
S006739,O000975,Out for Delivery,2024-12-29 20:35:19
S006740,O011455,In Transit,2025-12-07 19:10:42
S006741,O003217,In Transit,2025-12-25 12:21:02
S006742,O007160,In Transit,2024-01-12 03:03:04
S006743,O000297,Delivered,2025-12-30 21:01:37
S006744,O015060,Delivered,2025-07-23 09:36:16
S006745,O001841,Out for Delivery,2024-07-20 11:14:14
S006746,O001448,Out for Delivery,2024-02-11 13:07:04
S006747,O016459,Out for Delivery,2025-07-06 17:58:00
S006748,O015997,Delivered,2025-03-29 21:22:17
S006749,O015347,Pickup,2025-04-28 00:09:21
S006750,O016793,Delivered,2025-06-19 04:22:45
S006751,O005799,Pickup,2024-07-24 13:03:50
S006752,O019070,Delivered,2024-03-29 18:08:28
S006753,O003531,Pickup,2024-12-15 11:55:24
S006754,O019657,Out for Delivery,2025-01-03 20:17:11
S006755,O008999,Out for Delivery,2025-01-29 11:28:21
S006756,O017392,Pickup,2025-04-03 22:34:21
S006757,O007369,Pickup,2024-08-05 07:56:47
S006758,O017891,Delivered,2024-09-30 18:47:41
S006759,O001526,In Transit,2024-10-08 23:01:25
S006760,O018387,Pickup,2025-12-01 11:32:11
S006761,O019186,Out for Delivery,2024-09-12 16:28:26
S006762,O008130,Pickup,2024-02-23 03:53:57
S006763,O004377,In Transit,2024-09-25 18:08:56
S006764,O019394,Delivered,2024-01-11 05:04:58
S006765,O017247,Pickup,2025-07-23 20:05:02
S006766,O014286,In Transit,2025-03-16 03:04:44
S006767,O014183,Pickup,2024-05-10 01:35:22
S006768,O002602,Delivered,2025-04-12 09:26:02
S006769,O014511,Pickup,2025-12-07 01:33:06
S006770,O000129,Delivered,2025-03-15 11:12:08
S006771,O013454,In Transit,2024-10-09 11:17:07
S006772,O017386,Out for Delivery,2024-01-27 07:54:44
S006773,O012312,In Transit,2025-03-28 04:03:08
S006774,O001507,Delivered,2024-02-24 03:05:47
S006775,O013103,Delivered,2025-09-18 08:12:09
S006776,O002902,Pickup,2025-09-14 18:14:22
S006777,O013269,Delivered,2024-07-17 16:53:23
S006778,O007390,Out for Delivery,2024-05-31 04:33:50
S006779,O005262,Out for Delivery,2025-01-29 14:27:00
S006780,O005268,Delivered,2024-04-30 03:30:22
S006781,O002923,Delivered,2024-07-21 19:33:31
S006782,O019191,In Transit,2025-06-02 02:29:15
S006783,O000660,Pickup,2025-02-11 15:43:47
S006784,O019563,Out for Delivery,2024-08-04 16:02:58
S006785,O006778,Out for Delivery,2025-07-28 00:51:16
S006786,O005308,In Transit,2025-06-04 21:49:49
S006787,O001366,Pickup,2025-03-08 01:13:15
S006788,O006885,In Transit,2025-06-10 08:44:19
S006789,O007983,Delivered,2025-05-27 16:58:55
S006790,O005161,In Transit,2025-07-01 10:38:40
S006791,O012978,Delivered,2024-06-22 07:01:39
S006792,O014648,In Transit,2024-07-03 16:41:55
S006793,O000424,Out for Delivery,2024-09-21 06:07:25
S006794,O017184,Out for Delivery,2024-02-04 03:42:56
S006795,O018698,Delivered,2025-07-05 04:06:15
S006796,O013746,Pickup,2024-07-03 23:54:41
S006797,O008515,Delivered,2025-07-07 16:38:48
S006798,O013449,Out for Delivery,2025-08-12 15:00:18
S006799,O003611,In Transit,2025-12-06 07:48:52
S006800,O011325,In Transit,2025-12-30 10:53:52
S006801,O015139,Pickup,2024-05-07 11:38:16
S006802,O016025,In Transit,2025-10-16 21:23:23
S006803,O009865,Out for Delivery,2025-06-24 02:19:00
S006804,O005754,In Transit,2025-03-29 12:14:34
S006805,O013904,Pickup,2025-02-23 08:16:33
S006806,O017794,Delivered,2024-11-22 17:45:34
S006807,O012513,In Transit,2024-04-18 00:50:10
S006808,O018793,Out for Delivery,2024-02-24 07:51:44
S006809,O014688,Pickup,2025-05-30 19:29:35
S006810,O013880,In Transit,2025-10-16 00:33:23
S006811,O013030,Delivered,2024-10-29 22:23:21
S006812,O007096,In Transit,2024-02-14 18:25:24
S006813,O006633,Out for Delivery,2025-12-09 23:55:06
S006814,O017555,Pickup,2024-06-16 08:45:58
S006815,O007284,Pickup,2025-01-11 02:30:01
S006816,O016286,In Transit,2024-04-07 12:20:22
S006817,O000603,Delivered,2025-08-26 21:16:13
S006818,O000234,Out for Delivery,2025-09-20 13:05:10
S006819,O009329,Out for Delivery,2025-11-26 10:13:55
S006820,O010777,Delivered,2025-01-16 03:03:48
S006821,O010121,Pickup,2025-07-15 22:27:07
S006822,O017257,Pickup,2025-05-06 05:14:35
S006823,O018371,Delivered,2025-01-15 07:54:12
S006824,O006361,In Transit,2024-09-17 17:32:30
S006825,O017560,In Transit,2024-12-30 19:13:06
S006826,O011934,Pickup,2025-07-27 19:37:49
S006827,O004740,Delivered,2025-04-27 08:34:40
S006828,O016556,Delivered,2024-10-12 12:05:14
S006829,O015843,Pickup,2025-09-20 07:27:37
S006830,O006814,Delivered,2025-09-18 18:46:45
S006831,O008199,Out for Delivery,2024-07-12 00:37:15
S006832,O010978,In Transit,2025-04-29 10:08:22
S006833,O002980,In Transit,2024-10-04 00:26:56
S006834,O013654,In Transit,2024-05-03 07:04:00
S006835,O001023,In Transit,2024-10-05 02:05:25
S006836,O013479,Pickup,2025-08-15 11:36:48
S006837,O001107,Out for Delivery,2024-01-25 16:00:25
S006838,O003288,Delivered,2025-11-10 16:12:33
S006839,O013339,In Transit,2025-01-28 21:29:42
S006840,O007544,Pickup,2025-09-30 13:34:00
S006841,O016078,Delivered,2025-03-17 08:59:55
S006842,O004693,Out for Delivery,2025-10-12 23:23:07
S006843,O001783,Delivered,2024-04-16 04:26:16
S006844,O019458,Delivered,2024-07-17 02:11:07
S006845,O000586,Pickup,2025-07-19 02:52:44
S006846,O000302,In Transit,2024-07-31 11:24:55
S006847,O019813,Out for Delivery,2024-12-03 12:10:10
S006848,O019424,In Transit,2025-02-17 14:46:29
S006849,O000859,Pickup,2024-07-22 21:53:21
S006850,O001160,In Transit,2025-10-03 09:27:06
S006851,O010390,Delivered,2025-10-12 14:23:40
S006852,O011112,Out for Delivery,2024-01-26 14:21:50
S006853,O004777,In Transit,2025-03-25 03:09:49
S006854,O019011,Delivered,2024-05-31 03:16:13
S006855,O014802,Pickup,2024-10-29 08:12:25
S006856,O015711,Delivered,2025-08-25 18:51:08
S006857,O011148,Pickup,2025-10-14 15:10:14
S006858,O013870,Delivered,2025-07-15 11:55:49
S006859,O009344,Pickup,2024-08-08 11:55:20
S006860,O003366,Pickup,2024-09-01 01:40:21
S006861,O000252,Delivered,2025-01-03 02:33:10
S006862,O015103,In Transit,2024-11-27 17:17:44
S006863,O010870,In Transit,2024-05-18 07:48:48
S006864,O015718,In Transit,2025-02-13 04:36:50
S006865,O007189,Pickup,2024-11-01 23:13:32
S006866,O019042,Out for Delivery,2025-12-24 01:44:35
S006867,O013448,In Transit,2024-05-25 05:46:19
S006868,O015135,Out for Delivery,2025-05-30 18:40:26
S006869,O004931,Out for Delivery,2024-12-06 06:56:18
S006870,O012278,Out for Delivery,2024-09-04 17:10:49
S006871,O012894,Delivered,2024-10-26 13:57:23
S006872,O004754,Delivered,2024-06-10 22:43:30
S006873,O007250,In Transit,2025-05-25 04:13:29
S006874,O000094,Pickup,2025-05-01 23:01:13
S006875,O018870,Out for Delivery,2025-07-04 17:15:08
S006876,O002304,Pickup,2024-03-15 21:25:31
S006877,O008281,Delivered,2024-01-14 11:04:14
S006878,O006981,Pickup,2024-11-30 10:37:43
S006879,O013621,Pickup,2024-06-20 12:38:02
S006880,O007464,Pickup,2024-07-30 10:03:10
S006881,O007685,Pickup,2025-02-13 20:03:01
S006882,O010619,In Transit,2024-01-15 10:00:50
S006883,O012258,Pickup,2025-01-15 23:26:09
S006884,O017129,In Transit,2025-10-17 22:38:00
S006885,O013959,In Transit,2024-10-01 07:04:59
S006886,O003882,Delivered,2025-11-01 12:08:33
S006887,O010491,Out for Delivery,2025-03-02 15:19:25
S006888,O007845,Pickup,2024-11-28 16:33:25
S006889,O003616,Pickup,2024-05-07 06:07:46
S006890,O015211,Delivered,2024-10-30 10:35:23
S006891,O018109,Out for Delivery,2025-02-02 18:39:31
S006892,O017530,Out for Delivery,2025-03-21 01:05:08
S006893,O017249,Pickup,2025-04-20 01:37:33
S006894,O006845,Out for Delivery,2025-04-12 23:12:36
S006895,O013653,In Transit,2024-08-31 09:20:59
S006896,O003420,Delivered,2025-07-03 07:14:59
S006897,O006717,In Transit,2025-11-24 19:41:00
S006898,O008367,Pickup,2024-12-12 21:54:54
S006899,O005032,Pickup,2024-09-14 11:29:16
S006900,O007032,Out for Delivery,2025-11-04 19:58:04
S006901,O016513,Delivered,2024-08-08 13:11:55
S006902,O009141,In Transit,2024-07-29 02:07:29
S006903,O010329,Out for Delivery,2025-12-31 12:07:18
S006904,O017444,Delivered,2025-11-09 13:33:40
S006905,O013314,In Transit,2024-01-01 06:13:12
S006906,O006914,Delivered,2024-05-19 15:03:30
S006907,O003899,In Transit,2025-09-30 16:16:17
S006908,O008084,Out for Delivery,2024-11-16 04:27:39
S006909,O015709,Pickup,2025-03-13 13:58:17
S006910,O019850,Delivered,2025-11-19 21:31:31
S006911,O008928,In Transit,2025-11-18 19:46:21
S006912,O019848,In Transit,2025-11-17 07:45:54
S006913,O010658,Pickup,2025-12-20 12:12:46
S006914,O007760,In Transit,2024-03-27 15:13:30
S006915,O017066,Pickup,2025-12-02 13:24:06
S006916,O012715,In Transit,2025-11-13 03:58:23
S006917,O009819,Out for Delivery,2025-06-15 11:52:54
S006918,O004078,Delivered,2025-01-19 03:06:00
S006919,O007702,Out for Delivery,2025-04-14 02:54:24
S006920,O015524,In Transit,2024-08-09 15:19:52
S006921,O000623,Out for Delivery,2024-08-31 06:15:40
S006922,O012966,Out for Delivery,2025-03-23 12:23:40
S006923,O008282,Pickup,2024-07-19 02:15:34
S006924,O006821,Out for Delivery,2025-02-25 13:39:22
S006925,O007142,Pickup,2024-11-27 21:08:47
S006926,O006222,Out for Delivery,2025-09-27 02:14:28
S006927,O009744,Out for Delivery,2025-01-22 22:12:54
S006928,O008837,Out for Delivery,2024-11-19 09:38:27
S006929,O007016,In Transit,2024-04-01 06:40:56
S006930,O004461,Out for Delivery,2024-06-10 14:39:15
S006931,O003071,In Transit,2025-02-10 18:06:50
S006932,O016927,In Transit,2025-08-23 22:11:30
S006933,O010609,Delivered,2024-10-06 07:13:32
S006934,O006169,In Transit,2025-02-09 09:48:45
S006935,O015887,Delivered,2024-10-31 21:04:32
S006936,O004157,Delivered,2024-06-03 20:58:24
S006937,O004631,Pickup,2024-06-23 19:59:54
S006938,O019839,Delivered,2024-10-12 10:57:55
S006939,O002031,Delivered,2024-08-08 11:00:22
S006940,O018444,Pickup,2024-08-27 06:20:13
S006941,O002017,In Transit,2025-05-30 18:19:59
S006942,O004480,Pickup,2025-03-22 11:31:47
S006943,O004807,Delivered,2024-02-07 16:38:03
S006944,O011349,Pickup,2025-04-16 16:21:43
S006945,O015894,Pickup,2024-08-10 05:01:37
S006946,O017588,Out for Delivery,2024-03-21 06:49:43
S006947,O007329,Pickup,2025-04-23 14:11:07
S006948,O011611,Out for Delivery,2024-10-17 00:15:50
S006949,O016278,Pickup,2025-08-26 10:39:16
S006950,O011909,Delivered,2024-07-24 14:36:50
S006951,O003271,Out for Delivery,2024-08-04 09:23:43
S006952,O011637,Delivered,2024-08-09 00:18:12
S006953,O015045,Pickup,2025-08-30 03:57:36
S006954,O007219,Pickup,2024-09-15 20:33:07
S006955,O008354,Delivered,2024-03-25 01:54:23
S006956,O001735,Delivered,2025-08-06 22:25:54
S006957,O011649,Pickup,2024-12-31 21:28:29
S006958,O003154,In Transit,2024-06-06 11:59:52
S006959,O006798,Out for Delivery,2024-10-06 12:16:40
S006960,O003831,In Transit,2024-06-18 23:12:44
S006961,O014206,In Transit,2025-10-05 12:06:51
S006962,O015145,Delivered,2024-04-18 17:38:58
S006963,O003068,Pickup,2024-06-12 07:39:56
S006964,O013864,Delivered,2025-09-12 19:20:15
S006965,O011855,Pickup,2024-03-04 02:51:18
S006966,O008753,Pickup,2025-09-24 21:57:27
S006967,O016649,Pickup,2025-03-01 03:19:37
S006968,O003159,Pickup,2025-01-19 06:55:17
S006969,O014841,Out for Delivery,2024-07-22 13:40:24
S006970,O007791,In Transit,2025-09-02 21:37:56
S006971,O006506,Out for Delivery,2025-07-21 01:07:02
S006972,O013200,Out for Delivery,2024-02-07 07:48:34
S006973,O006114,Delivered,2024-01-10 06:54:52
S006974,O001831,In Transit,2024-10-18 02:36:19
S006975,O015051,In Transit,2025-01-31 15:06:11
S006976,O010977,Delivered,2024-07-28 22:03:44
S006977,O018756,Pickup,2024-08-14 00:34:40
S006978,O019578,In Transit,2024-01-05 17:05:11
S006979,O005650,Pickup,2025-06-28 00:12:19
S006980,O005409,In Transit,2024-03-08 04:53:14
S006981,O004603,Out for Delivery,2024-07-14 22:59:32
S006982,O001413,Out for Delivery,2025-08-20 21:59:54
S006983,O009206,In Transit,2025-11-11 10:55:58
S006984,O011873,Out for Delivery,2024-11-13 04:49:20
S006985,O005488,Out for Delivery,2024-12-06 13:34:52
S006986,O003171,Pickup,2025-07-04 19:41:59
S006987,O000855,In Transit,2024-07-18 03:25:26
S006988,O000551,Out for Delivery,2025-05-23 03:02:45
S006989,O000048,In Transit,2024-11-13 19:40:19
S006990,O004274,Out for Delivery,2025-11-24 20:28:30
S006991,O003742,Pickup,2025-02-26 10:17:43
S006992,O012583,In Transit,2025-04-06 21:37:23
S006993,O018829,Delivered,2024-10-23 17:34:59
S006994,O006407,In Transit,2025-09-16 16:44:54
S006995,O003050,Pickup,2024-05-14 10:38:41
S006996,O001869,Pickup,2024-03-13 06:52:03
S006997,O001198,Delivered,2024-03-29 18:02:10
S006998,O019418,Pickup,2024-06-04 00:32:08
S006999,O007599,In Transit,2024-03-09 04:30:34
S007000,O007846,In Transit,2024-10-22 04:49:06
S007001,O015612,Out for Delivery,2025-03-13 06:59:45
S007002,O015228,Pickup,2024-09-02 05:52:15
S007003,O011793,Pickup,2024-08-19 02:09:10
S007004,O006064,Delivered,2025-11-18 04:38:54
S007005,O019030,In Transit,2025-06-16 23:10:29
S007006,O012619,Pickup,2024-06-02 00:19:27
S007007,O018141,Delivered,2024-06-02 03:16:49
S007008,O004115,Out for Delivery,2024-08-13 02:49:03
S007009,O000466,In Transit,2024-10-07 04:52:23
S007010,O019618,In Transit,2024-05-11 06:07:25
S007011,O016559,Delivered,2025-05-01 14:58:18
S007012,O017398,Delivered,2025-07-03 09:11:34
S007013,O010589,Delivered,2025-04-03 10:34:08
S007014,O008538,Delivered,2024-02-09 02:48:27
S007015,O014193,Out for Delivery,2025-10-21 09:39:40
S007016,O011523,Pickup,2025-06-08 07:18:09
S007017,O001551,Delivered,2024-10-09 16:10:30
S007018,O003339,Pickup,2024-10-24 05:48:13
S007019,O002308,Pickup,2025-09-24 09:27:52
S007020,O008270,Pickup,2025-02-01 11:12:34
S007021,O013555,Delivered,2025-04-19 12:18:26
S007022,O001330,Out for Delivery,2024-12-04 21:39:46
S007023,O002598,Delivered,2024-04-05 04:18:51
S007024,O006141,Out for Delivery,2025-12-19 19:32:22
S007025,O004734,Out for Delivery,2025-02-23 09:18:19
S007026,O008346,In Transit,2024-09-10 00:36:04
S007027,O014108,In Transit,2024-03-07 23:42:55
S007028,O013273,Pickup,2024-01-31 08:14:15
S007029,O005437,Out for Delivery,2025-06-16 23:58:58
S007030,O014869,In Transit,2024-06-19 21:28:04
S007031,O017290,Pickup,2025-11-25 23:54:20
S007032,O001771,Delivered,2025-10-30 21:00:16
S007033,O015782,Delivered,2025-03-07 09:33:43
S007034,O008001,Pickup,2024-06-20 03:44:46
S007035,O007514,In Transit,2025-04-13 01:09:04
S007036,O009614,In Transit,2024-09-23 22:32:33
S007037,O000238,Pickup,2024-02-08 06:18:07
S007038,O018473,Pickup,2025-07-20 21:39:26
S007039,O005835,Delivered,2025-12-28 02:43:08
S007040,O014234,In Transit,2024-09-01 19:19:53
S007041,O000650,Out for Delivery,2025-08-20 18:30:24
S007042,O014336,Delivered,2025-01-09 14:58:51
S007043,O005504,Out for Delivery,2025-05-12 10:18:25
S007044,O006947,In Transit,2024-05-30 23:03:14
S007045,O005617,Out for Delivery,2024-01-03 06:29:23
S007046,O012812,Delivered,2024-03-04 19:13:52
S007047,O017515,Out for Delivery,2025-07-26 19:00:30
S007048,O009210,In Transit,2025-01-02 20:52:13
S007049,O010179,Pickup,2025-12-29 22:35:27
S007050,O010872,In Transit,2024-06-08 13:29:47
S007051,O010083,Pickup,2025-06-06 20:25:12
S007052,O011948,Pickup,2024-07-10 08:05:16
S007053,O002952,Pickup,2025-06-23 20:03:32
S007054,O012096,Pickup,2024-01-28 14:46:07
S007055,O016822,In Transit,2024-04-24 20:56:24
S007056,O013480,Delivered,2024-08-07 00:45:32
S007057,O005576,In Transit,2024-09-26 09:45:15
S007058,O014394,Pickup,2025-08-06 19:01:09
S007059,O010355,Delivered,2025-12-12 22:01:38
S007060,O006206,In Transit,2024-03-27 02:32:58
S007061,O000350,Out for Delivery,2025-08-04 18:45:05
S007062,O008474,In Transit,2025-07-30 19:05:59
S007063,O012994,Pickup,2025-05-17 06:05:42
S007064,O004795,Delivered,2025-06-30 18:54:05
S007065,O005410,In Transit,2024-11-17 12:37:53
S007066,O017372,In Transit,2024-06-29 04:12:28
S007067,O018835,Out for Delivery,2024-01-03 09:25:55
S007068,O010282,Delivered,2025-08-20 02:30:58
S007069,O013768,In Transit,2024-02-01 03:10:12
S007070,O005407,Out for Delivery,2025-08-24 05:33:50
S007071,O003295,In Transit,2025-07-28 00:06:16
S007072,O012431,Delivered,2025-01-26 16:39:32
S007073,O003735,Delivered,2025-01-13 17:21:14
S007074,O012433,Out for Delivery,2025-05-14 03:39:14
S007075,O000282,Out for Delivery,2024-01-12 00:55:20
S007076,O005084,Pickup,2025-07-15 03:36:44
S007077,O007220,Pickup,2024-07-24 11:18:25
S007078,O019756,Out for Delivery,2024-02-12 17:15:41
S007079,O017856,In Transit,2025-05-11 01:58:30
S007080,O012871,Delivered,2025-07-15 15:36:11
S007081,O018381,Pickup,2025-03-16 07:25:44
S007082,O006464,In Transit,2025-11-26 03:45:06
S007083,O002913,In Transit,2024-08-18 16:46:14
S007084,O011888,In Transit,2024-12-21 11:04:46
S007085,O001256,Out for Delivery,2025-04-15 02:51:03
S007086,O016190,Pickup,2025-12-18 01:36:32
S007087,O014937,Delivered,2025-07-01 03:36:07
S007088,O016116,Pickup,2024-04-05 11:15:04
S007089,O009690,Delivered,2024-09-17 04:44:17
S007090,O011138,Pickup,2024-02-14 03:26:20
S007091,O010784,Delivered,2025-11-16 15:26:08
S007092,O007074,Out for Delivery,2024-11-10 10:15:57
S007093,O000240,Delivered,2025-10-17 18:36:46
S007094,O016691,Delivered,2024-10-16 19:50:30
S007095,O019716,In Transit,2024-01-04 06:13:46
S007096,O017171,In Transit,2025-04-17 09:55:45
S007097,O000061,Out for Delivery,2024-01-23 19:10:49
S007098,O011882,Delivered,2024-07-12 06:58:16
S007099,O009899,Pickup,2025-01-24 14:50:11
S007100,O019982,Pickup,2024-11-26 07:02:48
S007101,O002206,Delivered,2025-07-16 15:54:19
S007102,O011228,In Transit,2025-06-12 22:58:11
S007103,O008405,Pickup,2024-05-13 11:17:22
S007104,O006321,Delivered,2025-01-04 01:21:22
S007105,O004956,In Transit,2025-09-20 16:10:36
S007106,O003509,Pickup,2024-12-20 20:07:57
S007107,O012291,Pickup,2025-05-12 22:09:31
S007108,O007422,Delivered,2025-03-15 02:36:28
S007109,O009532,In Transit,2025-09-23 12:11:07
S007110,O011486,Out for Delivery,2024-09-18 22:57:55
S007111,O006704,Delivered,2025-01-11 01:48:48
S007112,O009401,In Transit,2024-06-10 11:44:04
S007113,O014110,In Transit,2024-05-22 21:26:21
S007114,O019258,Delivered,2025-12-29 07:15:22
S007115,O018162,Pickup,2024-05-24 23:00:30
S007116,O014668,Delivered,2024-05-20 11:13:00
S007117,O004158,Delivered,2024-05-05 08:42:09
S007118,O016115,Delivered,2024-06-29 19:25:21
S007119,O006989,Out for Delivery,2024-08-15 06:32:45
S007120,O006283,Out for Delivery,2025-08-04 10:53:55
S007121,O007965,Out for Delivery,2024-07-24 19:21:04
S007122,O000828,Delivered,2024-06-22 14:51:24
S007123,O006407,Pickup,2025-04-28 22:06:01
S007124,O019369,Pickup,2025-12-06 13:52:23
S007125,O005288,Delivered,2024-05-30 17:53:59
S007126,O009693,Delivered,2024-12-22 06:57:17
S007127,O004644,Out for Delivery,2024-02-03 10:25:36
S007128,O009605,Delivered,2024-05-08 21:13:49
S007129,O006365,Out for Delivery,2025-02-06 13:37:14
S007130,O009514,Delivered,2025-05-14 06:52:10
S007131,O000346,Delivered,2025-09-21 01:45:14
S007132,O017362,Out for Delivery,2024-07-14 09:15:41
S007133,O005358,In Transit,2024-10-22 04:46:47
S007134,O004623,Delivered,2025-05-19 12:36:23
S007135,O017385,Pickup,2024-01-03 03:13:10
S007136,O005359,Pickup,2025-02-18 16:12:02
S007137,O018847,Out for Delivery,2025-12-10 02:45:08
S007138,O014410,Pickup,2024-03-07 22:13:00
S007139,O008844,Out for Delivery,2025-10-22 08:50:35
S007140,O001698,Out for Delivery,2025-10-04 02:16:35
S007141,O016133,Pickup,2025-08-04 17:37:16
S007142,O014259,Delivered,2025-04-06 02:47:11
S007143,O013336,Delivered,2024-09-21 08:09:29
S007144,O018904,Pickup,2025-10-11 03:36:58
S007145,O012209,Delivered,2025-01-30 23:34:46
S007146,O008319,In Transit,2024-08-09 02:41:29
S007147,O016011,Out for Delivery,2025-03-02 12:47:37
S007148,O010762,In Transit,2025-01-28 19:25:50
S007149,O018376,Pickup,2025-05-18 11:26:47
S007150,O000859,Pickup,2025-10-01 23:09:48
S007151,O010577,Delivered,2024-02-24 19:35:11
S007152,O013273,Pickup,2024-07-12 17:00:09
S007153,O018816,Delivered,2024-09-15 07:37:19
S007154,O004288,In Transit,2025-02-13 04:27:56
S007155,O016527,Pickup,2025-11-06 01:48:15
S007156,O002641,In Transit,2025-07-31 07:55:34
S007157,O015244,Delivered,2024-02-24 20:05:14
S007158,O006924,Out for Delivery,2025-01-03 12:10:02
S007159,O014969,Delivered,2024-06-19 23:07:34
S007160,O014576,Delivered,2024-02-14 21:07:57
S007161,O016228,In Transit,2024-02-18 14:36:08
S007162,O001840,Delivered,2025-04-08 12:42:01
S007163,O016971,Pickup,2024-06-24 09:49:39
S007164,O010874,Delivered,2024-03-22 10:38:57
S007165,O016858,Out for Delivery,2024-04-13 17:52:10
S007166,O011481,Delivered,2024-01-23 18:50:42
S007167,O006531,Out for Delivery,2024-01-30 00:08:41
S007168,O001137,In Transit,2024-06-20 20:05:11
S007169,O017108,Delivered,2024-12-03 04:12:19
S007170,O012320,Delivered,2025-03-18 10:04:16
S007171,O009787,Pickup,2025-11-08 04:24:07
S007172,O002149,In Transit,2025-04-04 00:27:48
S007173,O006959,In Transit,2025-10-21 17:03:45
S007174,O017471,Pickup,2025-08-10 10:53:50
S007175,O011032,In Transit,2024-12-14 17:53:46
S007176,O018342,Delivered,2024-07-18 16:52:45
S007177,O004716,Pickup,2024-10-08 11:43:29
S007178,O008135,Delivered,2025-07-27 02:37:44
S007179,O005221,Delivered,2024-11-10 00:39:15
S007180,O013226,In Transit,2024-01-18 18:54:55
S007181,O006442,Delivered,2024-09-13 21:13:37
S007182,O002716,In Transit,2024-07-31 08:23:14
S007183,O012998,Delivered,2025-02-06 00:42:10
S007184,O018088,Pickup,2025-02-23 05:04:06
S007185,O012669,In Transit,2025-11-29 00:36:43
S007186,O019275,Delivered,2024-05-03 21:55:01
S007187,O007855,In Transit,2024-05-22 21:48:16
S007188,O003909,Pickup,2024-08-11 09:07:46
S007189,O014498,Out for Delivery,2024-01-08 15:17:30
S007190,O000194,Pickup,2024-01-21 21:14:57
S007191,O017751,Delivered,2024-08-10 03:05:05
S007192,O017482,Pickup,2025-06-18 18:03:17
S007193,O004057,Pickup,2024-05-22 11:25:08
S007194,O001672,Out for Delivery,2025-01-10 06:55:56
S007195,O019682,Delivered,2025-01-21 07:31:20
S007196,O007839,Out for Delivery,2024-06-01 12:20:36
S007197,O017936,Out for Delivery,2024-09-11 11:17:43
S007198,O018239,In Transit,2024-04-28 22:28:34
S007199,O010879,Out for Delivery,2025-09-19 07:31:17
S007200,O011771,In Transit,2025-11-22 11:13:17
S007201,O002947,In Transit,2024-09-16 09:18:30
S007202,O010259,In Transit,2024-10-24 03:40:30
S007203,O002784,Pickup,2025-08-05 22:11:56
S007204,O005698,Out for Delivery,2024-03-02 21:20:35
S007205,O017869,Out for Delivery,2024-01-27 16:12:54
S007206,O008389,Pickup,2024-06-04 22:00:05
S007207,O004106,Pickup,2024-12-21 23:54:30
S007208,O017432,Delivered,2024-05-19 14:46:27
S007209,O006895,In Transit,2024-03-09 21:40:13
S007210,O019131,In Transit,2025-08-02 23:18:52
S007211,O017901,In Transit,2025-10-03 20:41:35
S007212,O007556,Out for Delivery,2025-07-15 07:16:41
S007213,O005535,Out for Delivery,2025-10-01 01:48:13
S007214,O010455,In Transit,2024-12-04 16:26:07
S007215,O012552,In Transit,2024-06-17 06:28:05
S007216,O015822,Delivered,2024-07-06 00:15:39
S007217,O001463,Out for Delivery,2025-05-02 12:38:42
S007218,O010040,Out for Delivery,2024-05-23 04:15:20
S007219,O000017,Out for Delivery,2025-05-04 03:36:00
S007220,O014741,Pickup,2025-06-16 16:34:01
S007221,O011955,In Transit,2025-11-26 20:34:29
S007222,O018981,Pickup,2025-05-02 00:00:37
S007223,O015667,Delivered,2025-09-20 09:00:35
S007224,O004022,Delivered,2024-07-17 14:37:56
S007225,O010097,In Transit,2024-04-14 08:39:29
S007226,O016767,Pickup,2024-04-26 17:51:02
S007227,O017773,Delivered,2024-06-16 08:43:58
S007228,O003136,Delivered,2024-09-02 03:00:32
S007229,O015818,Out for Delivery,2024-02-17 10:21:17
S007230,O014430,Delivered,2025-05-12 08:05:36
S007231,O006847,Out for Delivery,2025-01-25 03:30:29
S007232,O005306,Pickup,2024-11-03 17:47:12
S007233,O015747,In Transit,2025-07-29 06:53:00
S007234,O005860,Delivered,2025-09-19 19:44:24
S007235,O007826,In Transit,2025-07-01 19:29:10
S007236,O013711,Pickup,2024-12-15 11:26:13
S007237,O014442,Out for Delivery,2025-12-19 21:37:05
S007238,O003020,Delivered,2024-09-13 11:47:26
S007239,O005883,In Transit,2024-01-05 12:05:10
S007240,O012032,Out for Delivery,2024-12-28 05:42:13
S007241,O005150,Out for Delivery,2024-08-14 12:50:23
S007242,O019696,Delivered,2025-12-22 03:43:10
S007243,O004044,Pickup,2025-11-23 00:04:38
S007244,O007558,Pickup,2024-03-14 14:41:13
S007245,O019137,In Transit,2025-05-14 14:55:27
S007246,O012909,Out for Delivery,2025-12-12 23:16:15
S007247,O008078,Pickup,2025-06-17 07:24:33
S007248,O012079,Delivered,2024-03-20 15:20:46
S007249,O015776,Delivered,2025-08-23 10:46:20
S007250,O011080,Out for Delivery,2024-08-10 16:26:27
S007251,O012747,Pickup,2024-09-27 08:22:40
S007252,O014270,In Transit,2025-05-20 06:22:34
S007253,O004980,In Transit,2025-09-28 15:15:26
S007254,O012475,Delivered,2025-07-20 01:16:02
S007255,O012426,Pickup,2024-05-30 17:08:00
S007256,O003749,Pickup,2024-06-26 01:23:05
S007257,O003014,Out for Delivery,2024-03-31 11:27:58
S007258,O005932,Out for Delivery,2024-02-24 19:53:03
S007259,O006384,In Transit,2024-06-25 00:29:32
S007260,O016659,Delivered,2025-09-26 21:55:25
S007261,O010717,Pickup,2024-05-23 04:59:47
S007262,O005633,Out for Delivery,2024-02-03 03:44:08
S007263,O012952,Out for Delivery,2025-07-23 18:55:47
S007264,O002332,Delivered,2025-01-16 06:37:29
S007265,O010027,Pickup,2024-05-16 20:45:05
S007266,O010709,Pickup,2025-06-25 03:51:56
S007267,O012386,Pickup,2024-10-28 09:46:20
S007268,O013966,Pickup,2024-12-25 00:35:21
S007269,O015369,In Transit,2024-06-16 11:12:32
S007270,O001409,In Transit,2025-04-27 15:36:21
S007271,O011713,Delivered,2025-11-20 11:04:51
S007272,O016411,Delivered,2025-01-23 16:59:31
S007273,O009060,In Transit,2024-05-24 21:16:27
S007274,O018235,Out for Delivery,2024-11-21 23:53:27
S007275,O007762,Pickup,2024-03-17 20:13:43
S007276,O009961,Out for Delivery,2025-01-19 22:20:46
S007277,O010487,Pickup,2025-12-31 20:40:01
S007278,O015581,Delivered,2025-01-04 01:15:20
S007279,O010939,Pickup,2025-05-26 03:50:02
S007280,O008138,Out for Delivery,2025-02-03 09:54:19
S007281,O007152,In Transit,2025-12-06 10:00:29
S007282,O008175,In Transit,2025-05-11 00:30:40
S007283,O016285,Pickup,2024-07-25 21:21:25
S007284,O002996,In Transit,2024-10-01 10:47:38
S007285,O010314,Out for Delivery,2024-11-30 06:46:26
S007286,O004335,In Transit,2025-10-16 02:18:12
S007287,O019560,In Transit,2024-07-27 20:44:17
S007288,O017373,In Transit,2024-03-10 12:13:36
S007289,O005623,Out for Delivery,2024-05-17 07:50:03
S007290,O004627,Out for Delivery,2024-10-25 22:52:37
S007291,O018735,In Transit,2024-10-24 13:49:06
S007292,O007306,In Transit,2025-12-14 10:33:01
S007293,O014328,Pickup,2025-01-10 15:48:58
S007294,O010163,Out for Delivery,2025-07-04 08:29:12
S007295,O006444,Pickup,2025-04-12 00:35:32
S007296,O000110,Pickup,2025-03-01 05:09:47
S007297,O004967,Out for Delivery,2025-11-16 13:43:09
S007298,O003041,Pickup,2025-06-12 23:13:08
S007299,O015745,Pickup,2024-03-04 08:38:41
S007300,O010061,In Transit,2024-08-22 12:57:36
S007301,O000469,Out for Delivery,2024-11-23 16:32:10
S007302,O002807,In Transit,2024-08-19 17:14:25
S007303,O012872,Out for Delivery,2024-05-08 08:35:39
S007304,O004723,Pickup,2024-03-09 20:24:37
S007305,O017482,Pickup,2025-06-10 09:19:44
S007306,O018686,In Transit,2024-08-03 13:06:45
S007307,O003847,Delivered,2025-03-13 15:23:35
S007308,O013361,In Transit,2024-06-21 17:03:09
S007309,O016565,Pickup,2025-11-11 17:10:18
S007310,O001619,In Transit,2024-09-02 02:58:46
S007311,O016543,Out for Delivery,2025-03-09 23:09:45
S007312,O015465,In Transit,2024-10-15 00:26:06
S007313,O010532,Pickup,2024-10-19 17:15:54
S007314,O002172,Out for Delivery,2024-09-23 18:17:31
S007315,O017893,Delivered,2025-04-26 07:15:21
S007316,O008994,In Transit,2025-12-13 06:55:06
S007317,O005214,Out for Delivery,2025-10-17 11:52:18
S007318,O005160,In Transit,2025-08-25 05:41:16
S007319,O008392,In Transit,2025-12-04 19:33:55
S007320,O012744,Out for Delivery,2025-11-27 03:38:43
S007321,O004058,Out for Delivery,2024-03-22 20:03:47
S007322,O005191,In Transit,2025-03-30 14:38:41
S007323,O011817,Out for Delivery,2024-07-30 17:45:48
S007324,O018337,In Transit,2025-06-03 02:02:11
S007325,O004474,Delivered,2025-09-07 18:38:42
S007326,O001155,Delivered,2024-04-10 02:10:08
S007327,O009973,Out for Delivery,2024-02-29 11:00:24
S007328,O018665,Pickup,2024-11-18 10:05:15
S007329,O010919,Out for Delivery,2024-03-20 17:10:23
S007330,O015824,Pickup,2024-04-13 01:45:09
S007331,O003448,Delivered,2025-02-28 02:55:08
S007332,O009782,Pickup,2025-07-11 16:47:05
S007333,O003733,Delivered,2025-08-26 00:46:02
S007334,O016683,In Transit,2025-04-11 19:45:40
S007335,O004639,Pickup,2025-06-21 16:44:33
S007336,O012789,Out for Delivery,2024-02-01 02:27:11
S007337,O016308,In Transit,2025-07-15 14:35:07
S007338,O003766,Pickup,2024-09-27 23:34:20
S007339,O018289,Out for Delivery,2024-09-29 04:49:55
S007340,O018288,In Transit,2025-07-13 19:48:46
S007341,O008332,Delivered,2025-12-16 19:50:51
S007342,O019154,In Transit,2024-01-02 10:27:00
S007343,O006267,In Transit,2024-08-27 05:13:45
S007344,O015236,In Transit,2025-11-19 02:21:08
S007345,O003753,Delivered,2025-07-22 23:22:18
S007346,O005451,In Transit,2025-03-06 16:07:28
S007347,O000616,In Transit,2025-01-09 07:24:22
S007348,O008884,Out for Delivery,2024-10-29 00:21:57
S007349,O001471,Delivered,2024-07-28 01:58:33
S007350,O002474,Delivered,2025-08-20 04:07:13
S007351,O014048,In Transit,2025-03-04 06:10:05
S007352,O011357,In Transit,2024-05-27 14:47:24
S007353,O019698,Pickup,2025-08-15 15:55:43
S007354,O009114,Out for Delivery,2025-11-12 13:08:53
S007355,O010309,Delivered,2024-06-05 03:23:57
S007356,O003405,Out for Delivery,2025-12-05 12:26:44
S007357,O012534,Out for Delivery,2025-08-06 22:26:48
S007358,O001838,Out for Delivery,2024-12-24 06:25:24
S007359,O018082,Pickup,2024-10-05 05:11:58
S007360,O005047,Pickup,2025-01-26 09:46:48
S007361,O005055,Pickup,2025-05-12 16:36:45
S007362,O003159,Out for Delivery,2025-10-19 17:06:05
S007363,O005722,Out for Delivery,2025-04-16 23:56:37
S007364,O013190,Delivered,2024-05-11 14:54:03
S007365,O007278,Delivered,2025-07-24 02:14:59
S007366,O007627,Delivered,2025-07-18 21:56:46
S007367,O004365,Delivered,2024-04-05 17:22:03
S007368,O016923,In Transit,2024-09-17 23:21:14
S007369,O009915,Delivered,2025-06-20 11:05:43
S007370,O000064,In Transit,2025-10-14 01:10:34
S007371,O017783,Pickup,2024-01-28 16:16:42
S007372,O016144,In Transit,2024-01-09 12:08:19
S007373,O019270,Out for Delivery,2025-09-29 15:18:40
S007374,O017174,Delivered,2025-02-12 20:31:41
S007375,O009853,Delivered,2024-09-18 14:13:34
S007376,O010022,Pickup,2025-03-30 08:54:05
S007377,O016422,Delivered,2024-01-13 21:02:19
S007378,O019429,In Transit,2024-04-11 21:51:25
S007379,O010644,Delivered,2024-08-12 00:22:37
S007380,O018100,Out for Delivery,2025-01-20 01:51:16
S007381,O000491,Delivered,2024-10-28 17:01:59
S007382,O009123,In Transit,2024-08-05 19:56:20
S007383,O019314,In Transit,2025-03-09 17:19:04
S007384,O001564,Delivered,2024-01-05 10:33:05
S007385,O000824,Delivered,2025-11-17 14:36:40
S007386,O003717,Pickup,2025-11-27 04:52:53
S007387,O016455,In Transit,2024-04-24 06:43:10
S007388,O019574,Out for Delivery,2024-04-09 14:36:02
S007389,O014077,Delivered,2025-12-03 18:56:13
S007390,O017576,Out for Delivery,2025-12-24 14:34:46
S007391,O007046,Delivered,2025-06-05 12:47:36
S007392,O006384,Out for Delivery,2024-01-16 04:02:14
S007393,O000289,Pickup,2024-01-20 09:41:53
S007394,O001171,Pickup,2024-01-17 06:55:27
S007395,O009771,In Transit,2024-08-23 00:02:03
S007396,O011831,Delivered,2025-04-08 20:59:51
S007397,O019804,In Transit,2024-10-20 04:28:41
S007398,O007979,In Transit,2025-10-02 09:54:08
S007399,O001900,Out for Delivery,2025-01-03 22:51:40
S007400,O007235,In Transit,2025-06-15 00:57:33
S007401,O010784,Out for Delivery,2024-01-25 10:57:36
S007402,O009506,Pickup,2024-07-14 12:42:15
S007403,O013150,Out for Delivery,2025-09-23 03:18:48
S007404,O002875,Delivered,2024-06-01 14:21:05
S007405,O015110,In Transit,2024-09-12 11:39:06
S007406,O002532,Out for Delivery,2024-05-22 01:51:47
S007407,O010862,Pickup,2025-12-17 21:12:06
S007408,O012519,Out for Delivery,2025-12-10 11:03:04
S007409,O014506,Out for Delivery,2024-06-08 07:38:49
S007410,O000199,Out for Delivery,2025-11-05 07:59:59
S007411,O012392,Delivered,2024-06-25 23:31:58
S007412,O008863,Delivered,2024-03-04 18:57:01
S007413,O012362,Delivered,2024-02-16 12:18:29
S007414,O012478,Out for Delivery,2025-08-19 02:45:45
S007415,O003420,In Transit,2024-07-02 12:16:27
S007416,O013757,In Transit,2024-02-14 21:13:11
S007417,O014766,Out for Delivery,2024-02-18 22:17:44
S007418,O007013,Pickup,2024-09-12 05:20:58
S007419,O009647,Pickup,2025-05-11 10:53:05
S007420,O011767,In Transit,2025-04-17 15:57:01
S007421,O010805,Pickup,2024-06-02 22:27:13
S007422,O018424,In Transit,2024-01-08 22:25:18
S007423,O018916,In Transit,2025-03-22 00:34:43
S007424,O016272,In Transit,2024-01-07 02:56:59
S007425,O002952,Out for Delivery,2025-07-19 03:47:17
S007426,O001666,Pickup,2024-01-16 20:01:26
S007427,O011336,In Transit,2025-10-25 01:41:34
S007428,O015708,Delivered,2025-09-25 08:13:57
S007429,O009799,In Transit,2024-01-01 18:03:15
S007430,O006469,In Transit,2025-06-29 19:57:22
S007431,O019015,In Transit,2025-11-15 15:51:06
S007432,O015950,In Transit,2024-08-12 01:47:41
S007433,O011313,In Transit,2025-06-17 09:10:35
S007434,O013003,Pickup,2025-05-29 02:10:55
S007435,O002629,Delivered,2025-03-14 20:17:25
S007436,O019365,Pickup,2024-04-10 17:09:47
S007437,O003964,Out for Delivery,2024-04-18 14:21:53
S007438,O015056,Out for Delivery,2025-10-28 11:45:21
S007439,O011736,Out for Delivery,2025-12-31 13:22:51
S007440,O003490,In Transit,2024-06-27 11:30:46
S007441,O003772,Delivered,2024-01-15 21:33:46
S007442,O017130,Pickup,2025-11-26 04:14:31
S007443,O012978,In Transit,2024-11-24 09:42:36
S007444,O016822,Pickup,2025-05-04 22:22:11
S007445,O012680,Delivered,2024-12-08 11:21:24
S007446,O006299,Pickup,2024-01-28 03:17:29
S007447,O018550,Pickup,2024-12-29 06:51:37
S007448,O007959,In Transit,2024-11-08 05:58:19
S007449,O014485,Pickup,2025-06-14 10:24:56
S007450,O006292,Pickup,2024-11-17 06:56:11
S007451,O005582,Out for Delivery,2024-03-13 12:08:59
S007452,O004386,Delivered,2024-12-11 17:41:39
S007453,O016561,Out for Delivery,2024-08-27 01:45:13
S007454,O001489,In Transit,2025-12-18 20:48:26
S007455,O019662,In Transit,2025-05-26 23:11:18
S007456,O019788,Pickup,2024-06-22 00:18:14
S007457,O006471,Out for Delivery,2025-06-29 02:30:27
S007458,O007352,Pickup,2025-02-09 22:05:55
S007459,O013362,In Transit,2025-08-05 03:51:12
S007460,O007708,Out for Delivery,2025-08-12 19:58:39
S007461,O009585,In Transit,2025-03-27 17:19:29
S007462,O011123,Out for Delivery,2024-05-23 09:51:33
S007463,O010294,Out for Delivery,2025-05-09 08:41:23
S007464,O011236,In Transit,2025-03-09 00:08:08
S007465,O011743,In Transit,2025-08-25 21:38:20
S007466,O005384,Pickup,2024-03-22 20:32:18
S007467,O004489,Out for Delivery,2024-05-25 15:37:48
S007468,O007242,Pickup,2025-06-05 00:54:04
S007469,O019034,Out for Delivery,2025-01-15 16:06:06
S007470,O007238,Out for Delivery,2024-05-05 08:45:17
S007471,O006624,Pickup,2024-04-15 01:45:44
S007472,O001562,Out for Delivery,2025-05-08 04:08:41
S007473,O018728,Out for Delivery,2025-05-19 13:09:05
S007474,O009699,Pickup,2024-02-04 06:35:46
S007475,O014597,In Transit,2024-12-19 00:19:02
S007476,O008595,Pickup,2025-06-05 11:06:22
S007477,O003838,In Transit,2024-03-10 05:58:39
S007478,O001294,Delivered,2024-06-29 11:11:25
S007479,O006434,Pickup,2025-12-10 10:51:51
S007480,O004602,Out for Delivery,2024-12-25 04:22:19
S007481,O001022,Out for Delivery,2024-01-28 06:26:53
S007482,O015663,In Transit,2024-03-29 13:04:51
S007483,O014495,Out for Delivery,2025-11-02 16:39:42
S007484,O018218,In Transit,2024-12-25 11:17:32
S007485,O009792,Delivered,2024-11-12 23:01:25
S007486,O010647,Pickup,2024-08-04 08:55:20
S007487,O011086,Delivered,2024-08-22 21:40:54
S007488,O017405,In Transit,2024-11-17 19:44:46
S007489,O017306,In Transit,2025-06-30 14:28:25
S007490,O014448,Pickup,2024-12-26 19:08:37
S007491,O000280,In Transit,2025-01-10 12:19:14
S007492,O007507,In Transit,2024-07-25 16:30:45
S007493,O015699,Delivered,2025-01-31 21:10:48
S007494,O018848,Delivered,2024-05-16 05:13:57
S007495,O004466,Delivered,2025-08-06 00:43:58
S007496,O010374,Pickup,2024-07-08 02:29:36
S007497,O003057,Pickup,2024-05-19 05:16:23
S007498,O007317,Pickup,2025-12-12 08:04:12
S007499,O012102,In Transit,2025-09-08 15:14:05
S007500,O015222,Pickup,2025-03-30 20:30:12
S007501,O015799,In Transit,2024-02-23 11:32:36
S007502,O014273,Out for Delivery,2024-01-26 06:11:50
S007503,O003826,Out for Delivery,2024-01-15 08:07:04
S007504,O013136,In Transit,2024-02-29 07:25:01
S007505,O016724,Delivered,2024-08-12 12:47:59
S007506,O000312,In Transit,2024-11-22 13:14:07
S007507,O018928,Delivered,2025-04-30 21:51:53
S007508,O018564,Pickup,2025-02-13 14:29:01
S007509,O018464,Delivered,2025-09-12 01:59:33
S007510,O010231,In Transit,2024-04-21 12:20:15
S007511,O017534,Pickup,2024-07-29 04:03:56
S007512,O010192,In Transit,2025-01-04 21:05:27
S007513,O014146,In Transit,2024-09-29 08:55:09
S007514,O014044,Out for Delivery,2025-03-23 01:49:33
S007515,O007117,Delivered,2025-09-08 11:54:18
S007516,O006085,Delivered,2025-06-30 01:00:32
S007517,O002651,Out for Delivery,2025-07-12 02:47:12
S007518,O006451,Out for Delivery,2024-08-19 19:59:58
S007519,O010396,Out for Delivery,2025-06-28 09:39:25
S007520,O017811,Out for Delivery,2024-12-02 18:30:08
S007521,O007125,Out for Delivery,2024-01-30 07:24:26
S007522,O013056,In Transit,2024-05-21 07:24:04
S007523,O010936,Delivered,2024-06-05 22:24:21
S007524,O019871,In Transit,2024-07-17 07:57:50
S007525,O001762,Delivered,2024-12-12 00:41:12
S007526,O002597,Delivered,2024-10-16 04:22:39
S007527,O011296,Pickup,2024-03-24 19:36:07
S007528,O003522,Delivered,2025-12-27 10:21:27
S007529,O000989,Out for Delivery,2025-01-29 00:47:39
S007530,O016841,Out for Delivery,2025-11-05 05:28:39
S007531,O004920,Delivered,2025-10-31 22:44:25
S007532,O010184,In Transit,2024-01-10 04:57:27
S007533,O007660,In Transit,2025-06-06 02:56:43
S007534,O007902,Out for Delivery,2025-04-02 00:20:32
S007535,O011021,Pickup,2024-09-25 15:08:55
S007536,O005322,Delivered,2024-08-16 06:40:37
S007537,O017672,Out for Delivery,2025-05-11 10:48:20
S007538,O015031,Out for Delivery,2024-08-21 15:40:11
S007539,O008215,Pickup,2024-08-26 08:15:31
S007540,O014206,Out for Delivery,2025-01-19 11:06:17
S007541,O015543,In Transit,2025-02-05 03:05:57
S007542,O016234,Out for Delivery,2025-07-13 01:48:19
S007543,O019201,In Transit,2024-07-29 03:28:11
S007544,O016680,In Transit,2024-05-22 04:25:37
S007545,O010198,Delivered,2024-08-29 07:58:54
S007546,O000930,Out for Delivery,2025-01-15 13:10:29
S007547,O016301,Pickup,2024-11-13 19:04:22
S007548,O017134,Delivered,2025-08-06 15:10:30
S007549,O018984,Pickup,2025-12-27 12:05:46
S007550,O006960,Out for Delivery,2025-11-22 09:01:11
S007551,O000047,Pickup,2024-04-08 16:12:37
S007552,O011452,Pickup,2025-06-21 01:45:24
S007553,O004661,Pickup,2024-03-07 20:13:38
S007554,O003709,Out for Delivery,2024-06-06 02:27:39
S007555,O016842,Out for Delivery,2025-09-08 22:22:36
S007556,O013191,Out for Delivery,2024-05-06 02:34:25
S007557,O005102,Out for Delivery,2025-10-23 15:17:24
S007558,O008190,In Transit,2025-12-23 13:58:45
S007559,O015567,Pickup,2024-03-18 00:25:09
S007560,O011535,In Transit,2024-10-03 09:55:14
S007561,O004773,Out for Delivery,2024-01-03 07:22:56
S007562,O006617,Pickup,2025-12-17 22:17:15
S007563,O012886,Delivered,2025-01-07 11:35:03
S007564,O006820,Out for Delivery,2024-08-21 08:55:35
S007565,O009887,In Transit,2024-09-09 11:55:27
S007566,O013957,Out for Delivery,2024-12-18 01:57:01
S007567,O003052,Delivered,2024-02-07 23:13:22
S007568,O012755,Pickup,2025-10-02 11:15:07
S007569,O019531,Pickup,2024-09-17 00:22:59
S007570,O008148,Out for Delivery,2024-01-16 00:56:48
S007571,O016678,Pickup,2025-01-22 12:56:54
S007572,O010074,In Transit,2024-02-10 09:31:06
S007573,O005293,Pickup,2025-03-17 04:04:59
S007574,O013574,Out for Delivery,2024-05-29 00:24:27
S007575,O000703,Delivered,2024-10-30 13:48:18
S007576,O007939,Out for Delivery,2025-06-06 22:46:11
S007577,O019428,Pickup,2024-09-12 17:07:52
S007578,O008297,Delivered,2025-12-25 13:05:11
S007579,O004262,Delivered,2025-10-25 19:57:43
S007580,O003352,Pickup,2024-08-17 01:20:30
S007581,O013734,Pickup,2024-06-26 01:46:11
S007582,O006425,Out for Delivery,2025-09-25 14:16:19
S007583,O006769,In Transit,2025-02-12 11:47:07
S007584,O012885,Out for Delivery,2025-05-21 00:59:13
S007585,O010151,Out for Delivery,2025-10-18 06:30:04
S007586,O013145,Pickup,2025-06-21 07:12:52
S007587,O001449,Delivered,2025-08-19 12:59:20
S007588,O005202,In Transit,2024-07-15 18:22:00
S007589,O002598,In Transit,2024-07-26 22:55:05
S007590,O006602,In Transit,2025-12-08 18:56:15
S007591,O007356,Delivered,2025-05-25 07:40:47
S007592,O005555,Delivered,2024-01-14 07:58:17
S007593,O016403,In Transit,2025-03-31 23:25:48
S007594,O018835,Out for Delivery,2024-10-03 09:29:38
S007595,O012824,In Transit,2025-01-06 08:42:27
S007596,O000810,Out for Delivery,2024-06-02 01:24:03
S007597,O016669,Pickup,2025-12-24 17:54:12
S007598,O009329,Pickup,2024-11-13 20:16:32
S007599,O015541,Out for Delivery,2024-10-24 20:50:02
S007600,O004205,Delivered,2025-03-21 01:05:04
S007601,O012398,Delivered,2025-10-04 01:40:39
S007602,O013121,Pickup,2025-04-11 13:04:58
S007603,O019861,Out for Delivery,2024-08-06 13:21:49
S007604,O015096,Pickup,2025-07-07 07:11:25
S007605,O002127,Out for Delivery,2024-06-26 01:29:48
S007606,O000772,Out for Delivery,2025-10-21 12:02:19
S007607,O008193,Out for Delivery,2024-03-01 04:31:27
S007608,O017142,Delivered,2024-08-09 15:15:31
S007609,O000759,In Transit,2024-03-05 19:35:44
S007610,O004502,In Transit,2025-02-02 05:37:18
S007611,O010186,Pickup,2025-09-29 05:51:18
S007612,O018819,Pickup,2025-04-16 16:44:59
S007613,O011433,Pickup,2025-01-25 06:12:12
S007614,O017813,Out for Delivery,2025-11-29 22:17:07
S007615,O003126,In Transit,2024-12-17 16:33:34
S007616,O005868,In Transit,2024-03-03 11:06:49
S007617,O016511,In Transit,2024-03-28 01:23:20
S007618,O019314,In Transit,2025-10-26 13:11:44
S007619,O011800,Out for Delivery,2024-07-08 12:00:28
S007620,O000055,In Transit,2024-07-23 21:59:57
S007621,O001043,Pickup,2025-12-05 19:59:52
S007622,O006436,In Transit,2024-06-03 23:53:55
S007623,O007417,In Transit,2024-07-21 03:05:48
S007624,O010223,Pickup,2024-03-08 15:09:17
S007625,O003323,Out for Delivery,2024-11-30 20:56:06
S007626,O017499,Out for Delivery,2024-10-31 02:50:59
S007627,O002450,Delivered,2024-05-31 17:04:50
S007628,O005934,In Transit,2024-11-17 14:39:35
S007629,O000957,In Transit,2024-10-13 17:44:28
S007630,O014201,Pickup,2025-11-15 01:39:23
S007631,O010625,Delivered,2024-12-22 13:02:01
S007632,O018126,In Transit,2025-02-08 09:40:24
S007633,O012061,In Transit,2024-07-20 03:26:44
S007634,O017896,Out for Delivery,2025-07-15 16:44:49
S007635,O017725,Delivered,2024-10-18 07:18:28
S007636,O018019,Delivered,2025-03-12 16:10:20
S007637,O015976,Delivered,2024-12-23 23:15:55
S007638,O018773,Pickup,2024-08-11 08:43:50
S007639,O006251,Out for Delivery,2024-10-25 19:59:34
S007640,O016276,Pickup,2025-12-01 22:12:34
S007641,O006821,In Transit,2025-06-15 04:57:35
S007642,O013150,Pickup,2024-08-17 09:16:16
S007643,O004979,In Transit,2024-04-12 06:30:40
S007644,O018154,Out for Delivery,2025-05-11 21:53:06
S007645,O009400,Pickup,2024-12-07 16:00:35
S007646,O013500,Out for Delivery,2025-04-27 10:30:04
S007647,O015511,Pickup,2025-07-20 11:01:52
S007648,O001346,In Transit,2024-09-10 21:51:06
S007649,O017054,Out for Delivery,2024-12-12 21:23:09
S007650,O014561,In Transit,2024-06-22 22:21:07
S007651,O005349,In Transit,2024-01-12 12:53:51
S007652,O003559,Delivered,2025-08-26 07:31:37
S007653,O004930,Out for Delivery,2024-05-01 04:55:03
S007654,O002604,Pickup,2025-02-12 09:02:55
S007655,O014886,Delivered,2025-07-25 11:37:11
S007656,O007124,Pickup,2024-12-03 10:41:57
S007657,O017113,Out for Delivery,2024-12-30 18:31:10
S007658,O017698,Out for Delivery,2024-10-03 18:52:20
S007659,O002505,In Transit,2024-10-14 03:42:13
S007660,O013457,Out for Delivery,2025-09-03 07:33:39
S007661,O004309,Pickup,2025-02-06 20:19:19
S007662,O016772,Pickup,2024-03-18 03:51:18
S007663,O000145,In Transit,2025-02-06 00:35:35
S007664,O012862,In Transit,2025-12-18 22:05:35
S007665,O003359,Delivered,2025-05-14 21:52:54
S007666,O012486,Out for Delivery,2024-05-22 06:20:10
S007667,O005147,In Transit,2024-03-29 06:46:06
S007668,O019491,Delivered,2025-05-30 10:54:09
S007669,O013405,Pickup,2025-04-19 05:49:15
S007670,O013605,Pickup,2025-09-11 13:07:15
S007671,O014665,Out for Delivery,2025-09-02 21:40:18
S007672,O004999,In Transit,2025-08-28 14:45:21
S007673,O015998,Delivered,2025-04-04 05:12:37
S007674,O018031,Out for Delivery,2025-10-20 23:28:37
S007675,O013650,Pickup,2025-11-08 22:30:21
S007676,O015455,Pickup,2025-02-25 11:01:01
S007677,O016972,Out for Delivery,2025-09-06 21:02:32
S007678,O013190,In Transit,2024-04-16 17:54:50
S007679,O010942,Delivered,2024-03-10 08:04:30
S007680,O007709,In Transit,2025-03-01 04:44:10
S007681,O002869,Delivered,2025-08-18 17:47:13
S007682,O016206,Pickup,2025-09-20 03:08:10
S007683,O008264,Pickup,2024-01-06 13:55:46
S007684,O012978,Out for Delivery,2025-09-07 22:03:12
S007685,O013090,In Transit,2024-06-20 03:53:23
S007686,O009667,Delivered,2025-03-13 02:24:41
S007687,O012417,Delivered,2025-05-26 08:49:59
S007688,O002185,Delivered,2025-11-20 13:25:10
S007689,O005870,Delivered,2024-02-22 15:50:07
S007690,O005764,Out for Delivery,2025-05-14 05:45:46
S007691,O015276,Pickup,2025-05-10 15:23:43
S007692,O011370,Pickup,2025-06-02 05:51:50
S007693,O003157,Out for Delivery,2025-03-09 12:55:19
S007694,O005650,In Transit,2024-01-07 11:12:43
S007695,O003299,Pickup,2024-02-14 10:14:30
S007696,O013659,In Transit,2024-01-27 13:24:42
S007697,O010817,In Transit,2024-11-03 04:34:33
S007698,O004840,Pickup,2025-07-06 14:30:31
S007699,O013911,Delivered,2025-11-30 19:05:21
S007700,O013460,Pickup,2025-06-05 10:58:10
S007701,O003164,In Transit,2024-01-07 17:56:33
S007702,O007891,Pickup,2025-08-11 15:26:58
S007703,O009006,Pickup,2024-12-31 02:42:09
S007704,O003235,In Transit,2025-05-12 06:26:35
S007705,O016665,In Transit,2025-05-16 11:39:35
S007706,O019943,Pickup,2025-10-29 17:16:54
S007707,O002972,In Transit,2025-03-06 23:13:58
S007708,O002427,Out for Delivery,2024-04-23 08:57:04
S007709,O003064,Out for Delivery,2024-05-09 07:47:23
S007710,O004662,In Transit,2025-11-15 15:57:59
S007711,O017317,Delivered,2025-04-26 05:41:56
S007712,O003209,Pickup,2025-03-24 05:20:02
S007713,O010446,Out for Delivery,2025-03-12 19:29:24
S007714,O014335,In Transit,2024-10-17 10:46:24
S007715,O018482,Delivered,2025-06-11 03:45:54
S007716,O012357,Out for Delivery,2024-07-07 18:33:47
S007717,O016127,Pickup,2024-02-29 20:33:49
S007718,O000025,Pickup,2025-08-19 02:05:54
S007719,O005606,Out for Delivery,2024-08-16 20:58:58
S007720,O000057,Pickup,2024-05-29 01:34:37
S007721,O004051,In Transit,2025-11-12 12:54:54
S007722,O015620,Out for Delivery,2024-07-29 07:08:12
S007723,O016278,Pickup,2025-08-28 21:58:59
S007724,O006715,In Transit,2024-07-05 02:32:59
S007725,O018592,Out for Delivery,2025-07-06 12:12:02
S007726,O019037,Out for Delivery,2025-06-14 04:10:54
S007727,O014155,Delivered,2025-12-25 16:25:46
S007728,O000136,Pickup,2024-05-06 13:03:34
S007729,O017620,Pickup,2025-12-09 17:03:19
S007730,O000230,Pickup,2024-01-12 20:32:43
S007731,O005769,Out for Delivery,2025-03-14 17:51:32
S007732,O007204,Pickup,2025-08-08 14:30:52
S007733,O011922,Pickup,2025-05-18 12:25:52
S007734,O001818,Out for Delivery,2024-09-15 01:24:52
S007735,O015973,Out for Delivery,2024-10-23 21:36:53
S007736,O005045,Pickup,2024-10-14 12:28:58
S007737,O009422,Pickup,2024-08-05 00:20:51
S007738,O001100,Out for Delivery,2025-07-29 20:31:34
S007739,O014606,In Transit,2024-01-20 21:16:29
S007740,O018550,Delivered,2024-03-16 16:18:04
S007741,O018643,Pickup,2025-11-22 09:50:38
S007742,O002289,Out for Delivery,2024-02-28 10:25:19
S007743,O018880,Out for Delivery,2025-07-30 19:07:23
S007744,O018783,Out for Delivery,2024-04-10 15:33:59
S007745,O017278,Delivered,2025-05-24 19:58:19
S007746,O018542,In Transit,2024-04-26 20:33:06
S007747,O018377,In Transit,2025-03-30 03:34:35
S007748,O003625,In Transit,2025-09-17 20:52:05
S007749,O009353,Pickup,2024-02-21 03:37:38
S007750,O012440,In Transit,2025-01-05 15:58:50
S007751,O002725,In Transit,2025-02-06 10:05:57
S007752,O009570,Delivered,2025-10-17 05:19:04
S007753,O001274,Out for Delivery,2024-10-13 04:43:26
S007754,O010682,Pickup,2025-05-28 02:54:44
S007755,O009550,Out for Delivery,2025-09-08 04:39:24
S007756,O017745,Out for Delivery,2024-12-03 08:27:25
S007757,O015962,In Transit,2025-10-02 20:00:37
S007758,O006925,In Transit,2024-03-28 07:11:03
S007759,O001598,In Transit,2025-03-12 15:30:37
S007760,O016301,Delivered,2025-10-31 03:17:49
S007761,O009755,Pickup,2025-11-18 17:13:31
S007762,O014155,Delivered,2024-02-12 00:19:50
S007763,O002416,In Transit,2024-08-07 17:06:03
S007764,O002044,Pickup,2025-12-25 14:44:31
S007765,O005137,Pickup,2024-05-22 04:51:46
S007766,O018268,Pickup,2025-03-03 02:43:50
S007767,O015958,Out for Delivery,2025-07-25 05:36:20
S007768,O006504,Pickup,2024-04-19 15:56:11
S007769,O013420,Delivered,2025-04-24 05:52:25
S007770,O008136,In Transit,2025-08-11 03:10:05
S007771,O011548,Delivered,2024-01-28 20:35:36
S007772,O003252,Out for Delivery,2024-12-05 01:55:33
S007773,O018385,In Transit,2025-06-28 12:05:10
S007774,O009714,Delivered,2024-09-28 22:50:01
S007775,O014154,In Transit,2024-09-13 03:29:20
S007776,O014099,Out for Delivery,2025-08-03 12:06:24
S007777,O017954,Delivered,2025-10-08 03:08:28
S007778,O005457,Delivered,2025-12-01 16:40:24
S007779,O018154,Delivered,2025-07-11 00:41:57
S007780,O012221,Out for Delivery,2025-09-16 18:10:07
S007781,O005004,Delivered,2024-11-07 12:04:46
S007782,O018852,Delivered,2025-05-30 00:46:17
S007783,O018727,Pickup,2024-08-24 09:24:10
S007784,O012570,Delivered,2024-02-08 08:46:03
S007785,O004853,Out for Delivery,2024-12-01 19:43:17
S007786,O002751,Out for Delivery,2025-06-24 01:04:04
S007787,O008640,Pickup,2024-01-19 02:16:47
S007788,O016609,In Transit,2025-12-20 23:32:19
S007789,O006350,Out for Delivery,2025-03-01 10:58:50
S007790,O012096,In Transit,2025-07-20 00:00:03
S007791,O019045,Delivered,2025-07-12 09:44:48
S007792,O019894,Pickup,2024-08-22 14:19:08
S007793,O015613,Out for Delivery,2024-08-17 14:59:48
S007794,O013602,Out for Delivery,2024-02-19 02:56:09
S007795,O001333,Out for Delivery,2024-08-01 14:14:36
S007796,O010918,Delivered,2025-06-27 23:38:30
S007797,O019700,Delivered,2025-01-17 19:17:54
S007798,O001326,Out for Delivery,2025-07-12 14:26:36
S007799,O017246,Pickup,2024-04-20 23:29:54
S007800,O013917,Out for Delivery,2024-09-14 21:46:09
S007801,O003754,In Transit,2025-10-06 15:26:14
S007802,O001961,Delivered,2025-10-14 15:50:45
S007803,O017056,Pickup,2024-07-16 13:58:17
S007804,O010681,Delivered,2024-09-07 14:34:39
S007805,O017554,Pickup,2024-05-22 02:20:50
S007806,O001336,Out for Delivery,2025-05-11 07:04:40
S007807,O002343,In Transit,2025-08-11 04:10:20
S007808,O000069,In Transit,2025-10-27 16:30:16
S007809,O005634,Delivered,2024-10-06 11:27:42
S007810,O008786,Out for Delivery,2024-07-05 23:30:37
S007811,O013736,In Transit,2025-02-26 03:05:28
S007812,O002411,Pickup,2025-01-02 14:47:19
S007813,O013375,Pickup,2025-10-24 11:31:11
S007814,O011623,Pickup,2025-06-13 08:37:48
S007815,O016655,In Transit,2024-05-04 13:37:37
S007816,O013928,Pickup,2025-03-05 21:05:04
S007817,O019071,Out for Delivery,2025-05-09 17:31:55
S007818,O003019,In Transit,2024-06-26 06:14:29
S007819,O016198,Delivered,2024-05-08 18:09:58
S007820,O001204,Out for Delivery,2024-04-07 05:45:23
S007821,O005572,In Transit,2025-05-16 12:01:33
S007822,O014568,Pickup,2025-11-08 02:03:54
S007823,O016631,Delivered,2024-01-14 07:04:09
S007824,O006226,Delivered,2024-08-24 04:15:43
S007825,O013149,Delivered,2025-07-04 03:55:30
S007826,O003991,Delivered,2025-09-04 09:25:24
S007827,O004707,In Transit,2024-04-29 20:25:58
S007828,O019801,Delivered,2025-06-04 13:24:35
S007829,O016244,Out for Delivery,2024-11-19 08:54:24
S007830,O003831,In Transit,2024-02-24 10:30:53
S007831,O007338,Delivered,2025-05-22 07:34:31
S007832,O015164,Delivered,2024-05-07 20:17:57
S007833,O012575,Out for Delivery,2025-07-04 02:23:02
S007834,O015684,In Transit,2024-05-13 03:36:44
S007835,O017849,In Transit,2024-10-16 20:24:27
S007836,O014252,In Transit,2024-04-02 10:58:12
S007837,O012439,Delivered,2025-11-29 07:03:42
S007838,O018533,Pickup,2025-02-11 19:54:25
S007839,O004790,In Transit,2024-08-31 14:22:35
S007840,O000646,In Transit,2024-01-30 22:28:22
S007841,O008780,Out for Delivery,2025-07-22 12:19:05
S007842,O006063,Delivered,2025-08-27 20:44:36
S007843,O011310,In Transit,2025-07-08 07:10:58
S007844,O016069,Delivered,2024-12-27 07:48:17
S007845,O009978,In Transit,2024-05-09 16:57:05
S007846,O018766,Pickup,2024-07-14 15:24:53
S007847,O018154,Out for Delivery,2025-01-02 12:58:30
S007848,O000727,Pickup,2025-07-03 00:01:45
S007849,O012109,Pickup,2024-02-25 11:35:56
S007850,O006488,Out for Delivery,2025-04-30 22:30:36
S007851,O008934,Pickup,2025-04-26 03:27:22
S007852,O006778,Pickup,2025-01-30 02:24:31
S007853,O000774,Pickup,2024-12-14 12:59:37
S007854,O010869,Pickup,2024-07-18 19:16:13
S007855,O008576,Delivered,2025-02-24 19:21:40
S007856,O017200,Pickup,2024-10-03 15:51:11
S007857,O016314,Delivered,2024-05-09 17:10:56
S007858,O007747,Pickup,2024-09-22 09:10:47
S007859,O015081,Out for Delivery,2024-12-25 02:46:36
S007860,O011782,Delivered,2024-09-27 21:31:38
S007861,O012988,In Transit,2024-04-18 07:43:12
S007862,O011109,Delivered,2025-10-02 04:21:09
S007863,O004966,Delivered,2024-11-13 17:51:21
S007864,O017685,Pickup,2024-01-15 13:29:58
S007865,O007743,Delivered,2024-08-24 03:58:45
S007866,O005592,In Transit,2025-11-01 12:16:35
S007867,O008688,Delivered,2025-09-01 18:24:55
S007868,O018248,In Transit,2024-06-17 15:06:15
S007869,O015295,Delivered,2024-08-22 14:03:05
S007870,O008207,In Transit,2024-10-11 01:51:52
S007871,O005603,Out for Delivery,2024-01-07 02:15:04
S007872,O011225,Out for Delivery,2024-05-28 04:36:57
S007873,O008172,Pickup,2025-03-28 21:28:50
S007874,O002109,Out for Delivery,2025-06-19 23:54:35
S007875,O003599,Delivered,2024-01-04 18:31:50
S007876,O001161,Pickup,2025-06-17 14:11:49
S007877,O005115,In Transit,2024-04-27 03:11:07
S007878,O016990,Delivered,2025-08-16 12:42:23
S007879,O013413,Out for Delivery,2025-06-29 08:24:43
S007880,O016966,Delivered,2025-06-12 11:08:11
S007881,O001522,Delivered,2025-08-03 03:46:46
S007882,O011426,In Transit,2024-01-05 19:25:03
S007883,O012513,Out for Delivery,2025-07-06 09:15:45
S007884,O015048,In Transit,2025-07-11 05:16:13
S007885,O008408,Out for Delivery,2024-01-06 23:43:38
S007886,O018703,Out for Delivery,2025-02-21 00:43:46
S007887,O018363,Delivered,2025-07-26 20:09:05
S007888,O017059,Pickup,2025-12-07 13:10:05
S007889,O019511,Out for Delivery,2024-10-04 13:06:47
S007890,O014129,In Transit,2025-07-07 02:33:31
S007891,O006493,Pickup,2024-08-10 07:09:29
S007892,O011123,Delivered,2024-05-01 02:43:00
S007893,O013733,In Transit,2024-07-23 08:56:16
S007894,O011445,Pickup,2024-05-31 22:56:26
S007895,O008875,Out for Delivery,2024-04-11 06:25:19
S007896,O009669,Delivered,2024-01-23 23:15:10
S007897,O014472,Pickup,2025-09-12 12:10:42
S007898,O015774,Delivered,2024-12-24 18:23:02
S007899,O001873,Delivered,2025-05-08 18:09:37
S007900,O000366,Out for Delivery,2025-09-21 13:44:23
S007901,O011330,Pickup,2025-09-16 23:10:12
S007902,O017313,Delivered,2025-02-04 18:38:37
S007903,O002042,Delivered,2024-11-19 12:00:19
S007904,O012084,Pickup,2024-05-18 19:39:15
S007905,O017235,Delivered,2024-11-16 02:08:15
S007906,O002459,Delivered,2024-01-10 04:00:35
S007907,O001777,In Transit,2024-02-03 19:19:14
S007908,O006322,In Transit,2025-08-06 22:31:42
S007909,O007091,Out for Delivery,2024-08-24 15:30:56
S007910,O009409,Out for Delivery,2024-04-07 23:40:48
S007911,O002694,Delivered,2025-03-20 11:28:33
S007912,O017681,In Transit,2025-04-18 15:19:46
S007913,O012643,Out for Delivery,2024-04-05 18:03:08
S007914,O011174,In Transit,2025-05-09 06:10:11
S007915,O005502,Delivered,2024-01-07 16:53:28
S007916,O016574,Pickup,2025-04-30 04:25:50
S007917,O013162,In Transit,2025-12-07 18:14:41
S007918,O013402,Pickup,2024-02-09 08:27:15
S007919,O005751,Out for Delivery,2025-06-15 20:53:53
S007920,O019779,In Transit,2024-06-14 10:06:57
S007921,O005138,In Transit,2025-11-08 20:42:20
S007922,O016083,Delivered,2025-11-24 19:04:32
S007923,O017998,Pickup,2024-10-21 18:51:46
S007924,O002951,Delivered,2024-01-22 01:45:53
S007925,O008188,Pickup,2025-10-30 19:49:01
S007926,O017085,Pickup,2025-03-28 21:16:17
S007927,O001400,Out for Delivery,2024-10-28 01:09:11
S007928,O011002,Delivered,2025-12-31 08:24:21
S007929,O012029,In Transit,2025-04-08 21:11:26
S007930,O004762,Pickup,2025-04-19 13:32:42
S007931,O008550,Pickup,2024-05-12 06:25:45
S007932,O018781,Delivered,2024-08-03 11:34:07
S007933,O006630,Delivered,2024-08-10 16:44:44
S007934,O007477,Pickup,2024-07-14 05:29:04
S007935,O005583,Delivered,2024-01-14 11:58:03
S007936,O018714,Delivered,2025-06-18 19:57:51
S007937,O003524,Delivered,2024-01-18 14:53:11
S007938,O002291,Out for Delivery,2024-11-23 13:25:19
S007939,O014379,Pickup,2025-03-02 20:42:39
S007940,O013251,In Transit,2024-07-03 21:40:05
S007941,O016454,In Transit,2025-12-28 20:00:46
S007942,O017823,In Transit,2024-01-29 21:22:45
S007943,O010101,Delivered,2024-10-02 01:14:58
S007944,O009544,Out for Delivery,2024-06-15 06:25:42
S007945,O018792,Pickup,2025-12-21 14:00:32
S007946,O010616,Delivered,2025-10-31 14:58:55
S007947,O002696,Delivered,2025-12-08 12:35:47
S007948,O010893,In Transit,2024-04-09 09:04:31
S007949,O003464,Pickup,2024-06-20 09:48:27
S007950,O011129,Delivered,2024-08-30 04:23:42
S007951,O012689,Pickup,2024-02-01 17:07:37
S007952,O013129,In Transit,2024-01-01 16:57:11
S007953,O008977,In Transit,2024-01-29 05:10:07
S007954,O009399,Out for Delivery,2024-07-23 06:04:08
S007955,O018971,In Transit,2024-04-25 00:33:21
S007956,O003884,Pickup,2025-06-20 02:48:38
S007957,O005059,Delivered,2024-01-26 13:38:05
S007958,O018342,In Transit,2025-01-30 20:12:35
S007959,O016821,Delivered,2025-08-22 08:04:51
S007960,O009988,Delivered,2025-07-21 06:46:39
S007961,O012638,Out for Delivery,2025-01-27 05:33:18
S007962,O003602,In Transit,2025-08-03 06:49:21
S007963,O002205,Delivered,2025-12-06 19:47:45
S007964,O005715,In Transit,2024-02-25 18:10:35
S007965,O008815,Delivered,2025-10-07 17:02:04
S007966,O005601,Out for Delivery,2025-01-28 12:58:26
S007967,O000546,Pickup,2024-09-28 18:02:59
S007968,O013671,Pickup,2024-06-21 00:58:57
S007969,O016809,In Transit,2024-07-02 06:12:08
S007970,O004274,In Transit,2025-01-28 13:01:31
S007971,O004290,Out for Delivery,2025-03-20 19:30:34
S007972,O006263,Delivered,2024-10-06 11:13:45
S007973,O018298,Delivered,2024-04-18 02:05:34
S007974,O017249,In Transit,2024-07-27 21:29:51
S007975,O001984,Pickup,2024-02-20 05:15:54
S007976,O015068,In Transit,2025-07-07 17:06:50
S007977,O006696,Pickup,2024-04-09 08:17:20
S007978,O019984,In Transit,2024-09-06 01:16:16
S007979,O016246,In Transit,2025-12-20 10:42:19
S007980,O007861,Pickup,2025-02-11 07:42:51
S007981,O010907,Out for Delivery,2024-10-04 05:56:48
S007982,O018242,Delivered,2025-03-16 08:00:59
S007983,O001757,In Transit,2024-10-10 03:26:18
S007984,O017974,Delivered,2024-12-22 12:02:53
S007985,O004287,In Transit,2025-06-29 12:56:33
S007986,O015306,Pickup,2024-06-19 23:57:40
S007987,O008011,Pickup,2024-07-26 23:42:33
S007988,O011521,Pickup,2024-06-25 12:37:42
S007989,O018690,In Transit,2025-11-30 04:33:36
S007990,O008810,In Transit,2024-07-18 00:31:22
S007991,O007737,Out for Delivery,2024-04-08 21:29:04
S007992,O000494,In Transit,2024-11-21 17:13:17
S007993,O010549,Pickup,2024-06-30 15:03:17
S007994,O016003,Out for Delivery,2024-02-28 04:31:42
S007995,O005131,Delivered,2024-09-26 02:40:22
S007996,O017569,In Transit,2024-04-02 19:59:23
S007997,O005995,Pickup,2025-06-02 20:42:40
S007998,O001285,Delivered,2025-05-22 13:33:12
S007999,O001410,Delivered,2025-08-04 13:24:53
S008000,O014943,In Transit,2025-10-25 05:00:44
S008001,O017253,In Transit,2025-01-25 23:51:13
S008002,O012965,Delivered,2024-07-14 20:39:27
S008003,O002873,Pickup,2024-07-10 22:48:43
S008004,O011850,In Transit,2025-01-01 18:28:40
S008005,O017140,Delivered,2024-09-12 19:14:52
S008006,O007530,Out for Delivery,2025-05-02 12:20:57
S008007,O004400,Pickup,2025-01-22 13:18:51
S008008,O000208,Delivered,2025-11-24 23:57:08
S008009,O002900,Out for Delivery,2025-02-07 12:59:12
S008010,O017017,Pickup,2024-08-21 03:33:44
S008011,O012313,Out for Delivery,2024-05-12 03:37:59
S008012,O010395,Pickup,2024-01-05 03:41:34
S008013,O016755,Out for Delivery,2025-07-28 23:10:32
S008014,O009734,Out for Delivery,2025-06-28 19:22:44
S008015,O018173,Out for Delivery,2024-08-19 09:42:05
S008016,O002893,In Transit,2025-02-28 00:27:07
S008017,O011541,Delivered,2025-07-02 23:02:15
S008018,O002063,Pickup,2024-05-19 10:40:30
S008019,O000417,Delivered,2025-01-29 09:50:27
S008020,O011084,Delivered,2025-03-17 21:14:27
S008021,O010035,Delivered,2025-07-27 07:14:33
S008022,O011703,Delivered,2024-11-20 14:00:11
S008023,O016493,Delivered,2024-10-04 08:15:48
S008024,O006932,In Transit,2024-03-06 16:24:25
S008025,O001361,In Transit,2025-09-15 05:25:09
S008026,O010074,In Transit,2025-07-09 07:43:06
S008027,O013774,Out for Delivery,2024-10-13 20:35:35
S008028,O011601,Pickup,2025-01-13 08:17:32
S008029,O012449,Delivered,2025-11-10 07:49:25
S008030,O011199,Delivered,2024-09-25 09:18:45
S008031,O007656,Delivered,2024-11-19 11:20:08
S008032,O000314,Out for Delivery,2024-09-07 01:43:24
S008033,O002982,Pickup,2025-03-28 23:46:13
S008034,O011352,In Transit,2024-11-24 01:33:29
S008035,O002571,Out for Delivery,2025-11-27 03:33:40
S008036,O002815,In Transit,2025-01-06 00:04:38
S008037,O006254,In Transit,2024-06-02 21:19:45
S008038,O013515,Delivered,2024-02-07 14:53:56
S008039,O019614,Delivered,2025-06-09 09:10:44
S008040,O007358,In Transit,2024-06-08 06:47:18
S008041,O002233,Pickup,2025-09-16 19:01:41
S008042,O014067,Out for Delivery,2024-03-26 22:53:20
S008043,O008560,Pickup,2024-12-04 22:34:54
S008044,O001012,In Transit,2024-09-08 19:55:22
S008045,O001427,Delivered,2025-06-06 12:44:59
S008046,O006870,Pickup,2024-11-10 01:12:55
S008047,O014401,Delivered,2024-01-30 20:46:28
S008048,O019675,Pickup,2024-04-21 04:23:46
S008049,O017182,Pickup,2025-04-18 10:27:54
S008050,O011483,Pickup,2024-11-15 17:10:05
S008051,O006886,Delivered,2024-02-09 12:42:48
S008052,O000230,Delivered,2024-10-02 03:20:36
S008053,O003320,Delivered,2025-03-24 03:54:33
S008054,O006458,Out for Delivery,2024-01-09 13:25:03
S008055,O003943,Out for Delivery,2025-04-02 12:10:20
S008056,O007430,Pickup,2025-09-11 19:33:39
S008057,O003710,In Transit,2024-01-09 02:30:26
S008058,O015076,In Transit,2024-10-08 02:04:20
S008059,O012090,Out for Delivery,2024-02-14 18:22:55
S008060,O005780,Pickup,2025-12-03 12:58:05
S008061,O000006,Pickup,2024-11-23 11:09:24
S008062,O003850,In Transit,2024-10-04 21:36:45
S008063,O017572,Delivered,2025-09-07 12:41:38
S008064,O000468,In Transit,2025-08-21 13:37:44
S008065,O008096,Delivered,2024-03-14 21:25:45
S008066,O012165,Pickup,2025-10-27 23:56:31
S008067,O000158,Delivered,2024-07-06 01:11:43
S008068,O003581,Pickup,2025-06-12 22:40:45
S008069,O000570,Delivered,2025-03-12 13:19:04
S008070,O011460,Out for Delivery,2025-01-14 15:21:09
S008071,O001783,In Transit,2024-12-30 01:49:48
S008072,O017148,Delivered,2025-08-17 10:53:13
S008073,O011846,Pickup,2024-05-16 16:41:47
S008074,O019506,Out for Delivery,2025-02-17 05:55:34
S008075,O018443,Delivered,2024-08-11 18:31:18
S008076,O019665,Pickup,2024-12-26 11:51:40
S008077,O012985,Pickup,2025-09-27 09:08:39
S008078,O015238,Delivered,2025-12-12 22:13:01
S008079,O010511,In Transit,2025-02-26 02:56:06
S008080,O013170,Delivered,2024-04-06 17:51:26
S008081,O007539,Pickup,2025-03-10 08:22:00
S008082,O015484,Pickup,2024-12-03 10:45:22
S008083,O019629,Out for Delivery,2024-06-10 02:16:02
S008084,O004139,Pickup,2025-06-01 18:06:15
S008085,O008068,Out for Delivery,2024-05-20 23:10:12
S008086,O015648,Delivered,2024-05-24 05:56:20
S008087,O019212,In Transit,2025-04-16 10:21:23
S008088,O001165,In Transit,2025-05-11 23:28:06
S008089,O001377,Pickup,2025-11-28 20:24:33
S008090,O014388,Delivered,2024-03-22 06:42:16
S008091,O005570,In Transit,2024-10-06 10:27:27
S008092,O018916,Out for Delivery,2025-10-19 07:37:44
S008093,O009948,Out for Delivery,2025-03-05 10:03:50
S008094,O018482,In Transit,2025-05-16 17:48:32
S008095,O003118,Delivered,2024-12-13 17:48:22
S008096,O015159,In Transit,2025-02-17 22:46:30
S008097,O018285,Delivered,2025-05-13 19:13:28
S008098,O005907,Pickup,2024-05-21 16:09:57
S008099,O017160,Pickup,2024-11-09 19:43:09
S008100,O001347,Out for Delivery,2025-02-19 04:57:47
S008101,O011717,In Transit,2025-11-11 09:01:57
S008102,O004021,Pickup,2024-08-18 13:16:39
S008103,O010555,Pickup,2025-02-27 09:52:33
S008104,O005661,Pickup,2025-01-17 16:23:29
S008105,O003434,In Transit,2025-06-28 15:21:51
S008106,O005533,Out for Delivery,2025-12-02 21:26:25
S008107,O017660,Out for Delivery,2024-11-04 03:45:30
S008108,O001519,In Transit,2025-01-27 21:50:42
S008109,O005545,In Transit,2024-06-10 14:04:31
S008110,O007809,In Transit,2025-04-20 21:32:08
S008111,O019362,Pickup,2025-02-25 18:00:26
S008112,O012640,Out for Delivery,2025-11-05 09:27:29
S008113,O014552,In Transit,2024-11-07 04:14:44
S008114,O015647,Delivered,2025-09-01 19:56:01
S008115,O005027,In Transit,2024-08-03 14:30:12
S008116,O015299,Delivered,2024-10-22 10:25:14
S008117,O005472,In Transit,2024-06-24 23:58:22
S008118,O002261,Delivered,2024-10-02 07:38:21
S008119,O002754,Out for Delivery,2024-09-06 00:02:32
S008120,O005529,In Transit,2024-06-03 14:09:05
S008121,O019759,In Transit,2024-01-17 23:02:05
S008122,O002741,Out for Delivery,2024-09-24 11:44:44
S008123,O014781,Out for Delivery,2024-04-06 05:49:08
S008124,O011803,Delivered,2024-10-29 18:03:09
S008125,O002863,In Transit,2025-06-19 18:52:05
S008126,O017756,Pickup,2024-07-21 10:14:35
S008127,O004889,In Transit,2024-09-19 09:00:27
S008128,O004754,Delivered,2025-04-10 10:12:40
S008129,O006728,Out for Delivery,2025-11-15 03:28:00
S008130,O007527,Delivered,2025-09-30 19:10:05
S008131,O011518,Out for Delivery,2024-08-25 05:29:48
S008132,O007154,Pickup,2025-06-01 22:53:09
S008133,O015607,In Transit,2024-02-12 07:56:17
S008134,O001198,Delivered,2025-03-17 12:42:15
S008135,O007411,Out for Delivery,2025-06-21 16:55:53
S008136,O014975,Out for Delivery,2024-06-16 08:04:37
S008137,O009631,Delivered,2024-10-06 02:02:26
S008138,O018245,Pickup,2024-04-25 08:49:26
S008139,O002977,In Transit,2024-01-26 21:31:36
S008140,O013516,Pickup,2025-07-30 16:07:23
S008141,O011299,Pickup,2025-09-28 19:35:52
S008142,O003699,Pickup,2024-07-10 04:17:27
S008143,O005185,Pickup,2024-01-12 13:54:57
S008144,O013138,In Transit,2025-07-21 12:39:42
S008145,O008458,Delivered,2024-03-15 14:01:23
S008146,O013548,Delivered,2024-12-05 16:26:13
S008147,O007347,Out for Delivery,2025-03-28 16:10:14
S008148,O011382,Delivered,2024-05-20 18:27:25
S008149,O002232,Delivered,2025-03-17 15:35:23
S008150,O002910,Pickup,2025-07-23 22:37:48
S008151,O004439,In Transit,2024-12-25 11:51:35
S008152,O006754,Out for Delivery,2024-07-27 15:03:05
S008153,O008059,Delivered,2025-08-17 20:34:30
S008154,O014149,Pickup,2025-09-21 06:33:12
S008155,O006500,In Transit,2024-04-13 01:28:43
S008156,O005703,Out for Delivery,2025-09-08 06:50:03
S008157,O016596,Out for Delivery,2025-02-12 16:33:03
S008158,O007265,Delivered,2025-06-04 01:19:09
S008159,O015337,Out for Delivery,2025-08-16 11:47:44
S008160,O017938,Delivered,2025-05-14 20:06:31
S008161,O016943,Out for Delivery,2024-08-04 01:56:18
S008162,O008090,Out for Delivery,2025-03-02 23:22:19
S008163,O008582,Delivered,2025-10-04 15:26:47
S008164,O019869,Pickup,2024-12-02 09:22:16
S008165,O011227,Out for Delivery,2025-03-17 11:12:40
S008166,O009941,Out for Delivery,2025-07-25 11:13:59
S008167,O017984,In Transit,2024-06-16 12:09:56
S008168,O019157,Out for Delivery,2025-02-13 16:42:42
S008169,O006138,Out for Delivery,2025-01-02 10:54:03
S008170,O002440,In Transit,2025-03-01 16:15:10
S008171,O007885,Pickup,2025-01-03 08:45:22
S008172,O008115,Delivered,2024-12-07 07:33:13
S008173,O000521,Out for Delivery,2024-06-18 03:31:20
S008174,O017107,Pickup,2025-02-24 09:03:38
S008175,O012079,Out for Delivery,2024-01-28 17:34:02
S008176,O001806,Out for Delivery,2025-05-29 21:25:18
S008177,O004051,In Transit,2024-07-13 19:54:48
S008178,O014884,Pickup,2025-04-22 00:46:15
S008179,O008850,Delivered,2024-08-23 08:16:11
S008180,O004839,Delivered,2024-07-30 22:42:12
S008181,O010830,Out for Delivery,2024-01-02 17:35:12
S008182,O008873,Delivered,2025-08-14 12:57:17
S008183,O005562,In Transit,2024-02-28 13:25:35
S008184,O002122,Pickup,2024-10-19 18:56:10
S008185,O016184,Delivered,2024-08-31 00:26:32
S008186,O014566,Delivered,2024-06-17 13:35:10
S008187,O005111,Pickup,2025-10-09 12:34:52
S008188,O000506,In Transit,2025-01-29 13:00:30
S008189,O012630,Delivered,2025-01-07 09:02:17
S008190,O001809,Delivered,2025-08-25 09:21:59
S008191,O019309,Pickup,2024-09-10 19:14:15
S008192,O000723,In Transit,2025-10-07 07:35:21
S008193,O003379,Pickup,2024-03-27 09:00:43
S008194,O013079,Pickup,2025-03-13 02:27:23
S008195,O016620,Delivered,2025-11-11 15:42:50
S008196,O018632,Delivered,2024-04-09 17:02:45
S008197,O002794,In Transit,2024-03-15 22:37:06
S008198,O008929,Pickup,2025-10-04 14:24:01
S008199,O000380,Out for Delivery,2024-04-11 01:25:15
S008200,O014274,Out for Delivery,2025-06-13 20:33:21
S008201,O006531,Pickup,2025-03-10 13:20:37
S008202,O000074,Delivered,2024-06-17 09:32:11
S008203,O018268,In Transit,2025-08-24 00:30:18
S008204,O013144,Delivered,2025-09-21 02:55:26
S008205,O009333,In Transit,2024-08-02 01:52:12
S008206,O004085,Out for Delivery,2025-01-27 21:38:30
S008207,O003268,Out for Delivery,2024-02-02 01:17:23
S008208,O017171,Out for Delivery,2025-06-13 13:53:07
S008209,O011300,Pickup,2024-12-15 12:11:41
S008210,O018686,In Transit,2025-03-06 01:37:45
S008211,O004739,Pickup,2025-11-20 19:11:08
S008212,O008280,In Transit,2025-08-16 20:45:04
S008213,O004020,Pickup,2025-10-16 18:24:29
S008214,O007843,Pickup,2024-06-23 16:27:32
S008215,O016503,In Transit,2024-08-13 11:19:27
S008216,O005250,In Transit,2024-11-14 14:13:31
S008217,O007706,Out for Delivery,2024-04-02 14:35:24
S008218,O000860,In Transit,2025-06-30 05:14:26
S008219,O009184,Pickup,2025-02-25 15:16:54
S008220,O009002,Pickup,2025-06-04 23:24:07
S008221,O017200,Pickup,2025-04-14 05:09:19
S008222,O006318,Pickup,2024-07-09 12:27:40
S008223,O006571,In Transit,2025-09-21 07:29:17
S008224,O003065,Pickup,2025-09-24 22:22:00
S008225,O010741,Pickup,2025-04-11 07:49:56
S008226,O016953,Pickup,2025-05-02 09:37:26
S008227,O017015,Delivered,2024-07-30 03:34:27
S008228,O002537,Out for Delivery,2024-06-07 00:11:59
S008229,O015930,In Transit,2024-01-25 22:42:30
S008230,O017543,Delivered,2024-10-25 06:43:28
S008231,O014935,Out for Delivery,2024-04-21 14:20:47
S008232,O004167,In Transit,2025-08-25 00:51:16
S008233,O003608,Out for Delivery,2024-08-08 17:10:19
S008234,O012514,Pickup,2025-08-02 00:53:00
S008235,O002774,Out for Delivery,2025-05-28 02:18:20
S008236,O013749,Out for Delivery,2024-01-04 16:25:22
S008237,O004636,In Transit,2024-04-14 17:30:24
S008238,O006840,Pickup,2025-06-26 06:59:53
S008239,O008778,Pickup,2024-10-29 21:21:07
S008240,O001226,Delivered,2025-03-08 11:20:36
S008241,O013393,In Transit,2025-05-19 16:04:42
S008242,O007084,Delivered,2025-12-14 00:37:10
S008243,O014825,In Transit,2025-11-16 05:43:41
S008244,O013817,Delivered,2024-04-14 19:05:39
S008245,O013798,Pickup,2025-07-25 18:27:17
S008246,O003366,In Transit,2024-04-20 22:29:36
S008247,O014035,Out for Delivery,2025-02-03 21:00:44
S008248,O006881,Pickup,2025-05-20 21:47:02
S008249,O003009,Out for Delivery,2025-02-13 00:52:06
S008250,O010088,Out for Delivery,2025-11-10 10:02:07
S008251,O006498,Delivered,2025-08-09 18:43:17
S008252,O017401,Delivered,2025-03-25 08:47:27
S008253,O001447,Out for Delivery,2024-10-20 18:01:05
S008254,O007434,Pickup,2024-08-09 11:01:31
S008255,O000932,In Transit,2024-08-25 13:24:13
S008256,O006798,Pickup,2025-03-14 03:16:26
S008257,O009683,In Transit,2024-03-29 18:26:32
S008258,O002787,Pickup,2024-08-31 18:51:40
S008259,O019698,Pickup,2024-08-27 16:15:39
S008260,O005915,Out for Delivery,2024-01-19 16:19:50
S008261,O013535,In Transit,2024-04-04 19:18:42
S008262,O015845,Pickup,2024-03-02 00:21:26
S008263,O016541,Pickup,2025-04-11 22:17:45
S008264,O011493,In Transit,2025-10-28 01:25:47
S008265,O001787,In Transit,2025-11-28 05:47:58
S008266,O015774,Out for Delivery,2024-03-07 15:27:08
S008267,O008291,Delivered,2025-12-14 21:43:12
S008268,O006811,In Transit,2024-03-08 08:41:41
S008269,O000355,Delivered,2025-06-21 20:12:46
S008270,O009383,Out for Delivery,2025-02-19 14:49:44
S008271,O019624,Out for Delivery,2024-04-07 01:16:22
S008272,O001657,In Transit,2024-07-22 01:34:48
S008273,O008599,Out for Delivery,2024-04-13 09:14:29
S008274,O008977,Pickup,2025-06-27 05:50:22
S008275,O002115,Out for Delivery,2025-04-09 02:02:12
S008276,O011948,Pickup,2025-03-24 03:40:04
S008277,O013133,In Transit,2025-05-16 21:28:08
S008278,O004017,Pickup,2025-11-26 01:17:09
S008279,O019556,In Transit,2025-05-15 00:01:21
S008280,O007000,Pickup,2024-01-15 11:05:06
S008281,O004404,Delivered,2024-03-05 23:15:13
S008282,O000302,Pickup,2024-07-04 00:25:03
S008283,O018923,Delivered,2025-06-09 13:20:22
S008284,O004571,Pickup,2024-02-28 15:16:11
S008285,O016566,Delivered,2025-04-26 02:09:57
S008286,O009534,In Transit,2025-08-11 12:06:14
S008287,O013808,Out for Delivery,2024-03-13 02:03:01
S008288,O001211,In Transit,2024-12-16 18:38:49
S008289,O002040,Delivered,2024-12-22 17:53:31
S008290,O008404,Out for Delivery,2025-07-15 23:38:02
S008291,O009980,In Transit,2025-05-30 16:55:30
S008292,O006018,Out for Delivery,2025-02-18 04:52:07
S008293,O012972,In Transit,2024-09-03 19:09:44
S008294,O011641,Pickup,2024-02-06 23:49:41
S008295,O013945,Pickup,2025-02-04 20:46:46
S008296,O003853,Out for Delivery,2025-04-28 11:48:24
S008297,O019912,Pickup,2025-09-08 01:10:54
S008298,O009884,Delivered,2024-06-28 11:20:43
S008299,O013762,Pickup,2025-04-24 03:26:13
S008300,O018217,Pickup,2025-01-24 19:55:56
S008301,O017141,In Transit,2025-03-28 17:33:46
S008302,O005439,Pickup,2024-01-14 02:17:03
S008303,O000882,In Transit,2024-11-23 10:29:22
S008304,O017712,Delivered,2024-08-30 04:11:09
S008305,O016516,Out for Delivery,2025-07-30 13:24:03
S008306,O014899,In Transit,2025-12-03 16:17:35
S008307,O019857,In Transit,2025-09-11 00:13:44
S008308,O017876,Pickup,2025-11-16 22:54:47
S008309,O010953,In Transit,2025-08-09 09:23:08
S008310,O016426,Delivered,2025-11-24 01:44:57
S008311,O019834,In Transit,2025-03-04 15:42:34
S008312,O016195,Pickup,2025-12-12 05:21:22
S008313,O013518,Pickup,2025-06-01 07:41:52
S008314,O013411,Pickup,2025-12-20 07:42:23
S008315,O016742,Delivered,2025-04-21 10:01:13
S008316,O013391,In Transit,2025-05-30 08:57:52
S008317,O019170,Pickup,2024-10-30 18:29:39
S008318,O006575,Out for Delivery,2025-07-04 08:51:35
S008319,O018610,In Transit,2025-02-19 00:12:57
S008320,O016984,Pickup,2024-05-23 11:24:07
S008321,O000451,In Transit,2024-10-05 19:10:59
S008322,O004801,In Transit,2025-05-29 04:19:35
S008323,O010680,In Transit,2025-03-31 12:51:58
S008324,O007255,Pickup,2024-01-09 08:01:12
S008325,O004075,In Transit,2025-02-21 05:11:15
S008326,O004500,In Transit,2025-11-19 19:03:00
S008327,O003506,In Transit,2024-04-13 23:47:11
S008328,O005981,Out for Delivery,2025-03-04 14:16:08
S008329,O006274,Pickup,2025-11-05 19:28:24
S008330,O008298,Delivered,2024-02-14 02:23:03
S008331,O015622,Out for Delivery,2025-10-31 07:42:02
S008332,O015575,In Transit,2024-06-11 19:11:11
S008333,O014347,Out for Delivery,2024-09-19 13:52:06
S008334,O019924,In Transit,2024-01-13 21:47:52
S008335,O017528,Pickup,2025-06-17 12:48:30
S008336,O007257,Pickup,2025-02-10 07:40:21
S008337,O011957,Delivered,2024-03-23 07:08:37
S008338,O017450,In Transit,2025-09-01 06:33:46
S008339,O007655,Out for Delivery,2024-01-15 18:21:38
S008340,O006451,Out for Delivery,2024-03-01 17:30:07
S008341,O002486,Pickup,2024-01-17 19:39:49
S008342,O001924,Out for Delivery,2025-11-23 01:32:54
S008343,O003656,Pickup,2024-09-11 23:49:13
S008344,O011385,Pickup,2025-11-15 18:42:49
S008345,O005679,Out for Delivery,2024-02-10 04:24:24
S008346,O013541,In Transit,2025-04-15 16:22:40
S008347,O009157,Delivered,2024-06-09 19:32:03
S008348,O019850,Pickup,2024-02-01 05:43:59
S008349,O008468,Out for Delivery,2024-02-23 23:43:53
S008350,O001778,In Transit,2025-12-10 18:43:13
S008351,O000307,Delivered,2025-12-30 00:14:39
S008352,O013946,Pickup,2024-05-24 00:13:03
S008353,O006020,Pickup,2025-07-16 09:15:09
S008354,O018154,Delivered,2025-05-28 12:02:40
S008355,O007679,Out for Delivery,2025-07-20 13:40:09
S008356,O009167,In Transit,2025-09-06 19:47:10
S008357,O003665,Out for Delivery,2024-03-07 04:11:19
S008358,O004515,In Transit,2024-08-05 14:35:18
S008359,O013257,Out for Delivery,2025-03-17 01:57:20
S008360,O006551,Delivered,2024-09-01 12:34:07
S008361,O010791,Delivered,2024-08-02 02:28:29
S008362,O002039,Out for Delivery,2025-10-22 11:05:04
S008363,O009878,Pickup,2024-04-15 13:51:25
S008364,O019007,Delivered,2025-07-05 22:52:08
S008365,O013534,Pickup,2024-10-04 13:42:00
S008366,O002105,In Transit,2025-04-07 22:17:33
S008367,O015677,In Transit,2025-10-28 03:43:21
S008368,O010445,In Transit,2024-10-09 11:16:38
S008369,O004649,Out for Delivery,2024-08-02 20:09:38
S008370,O012897,In Transit,2025-01-03 21:47:45
S008371,O003300,In Transit,2025-08-05 02:47:37
S008372,O011210,Delivered,2024-05-01 14:18:56
S008373,O017152,Out for Delivery,2025-10-13 21:05:11
S008374,O003326,Pickup,2024-02-06 07:18:10
S008375,O007771,Delivered,2024-09-30 18:24:56
S008376,O011436,Pickup,2024-08-30 01:10:43
S008377,O012312,Out for Delivery,2024-08-08 09:07:22
S008378,O012429,Out for Delivery,2025-10-09 06:23:46
S008379,O018700,Out for Delivery,2024-05-01 19:07:14
S008380,O013236,Delivered,2024-10-31 13:06:31
S008381,O001724,Delivered,2024-09-27 16:28:36
S008382,O017107,In Transit,2024-11-02 20:12:47
S008383,O002982,Out for Delivery,2025-12-25 10:02:18
S008384,O009919,In Transit,2025-10-06 04:55:24
S008385,O000626,Out for Delivery,2024-06-29 15:44:38
S008386,O000599,Delivered,2024-12-17 08:04:23
S008387,O012370,Out for Delivery,2025-07-02 08:49:10
S008388,O013607,Out for Delivery,2024-12-23 10:28:14
S008389,O004668,Out for Delivery,2024-05-10 18:24:27
S008390,O003260,Out for Delivery,2025-11-09 15:03:50
S008391,O004391,In Transit,2024-01-30 23:46:32
S008392,O016849,Delivered,2025-04-18 22:04:53
S008393,O015972,Pickup,2025-08-09 05:40:37
S008394,O014889,In Transit,2024-09-08 11:27:14
S008395,O007494,Delivered,2025-09-28 11:55:54
S008396,O004974,Pickup,2024-04-11 22:28:39
S008397,O018665,Pickup,2024-11-13 14:23:33
S008398,O011906,Delivered,2024-06-03 18:00:25
S008399,O003887,Pickup,2024-10-10 04:06:22
S008400,O011070,In Transit,2025-10-15 10:30:56
S008401,O001024,Out for Delivery,2025-03-30 17:51:47
S008402,O010317,Pickup,2025-05-10 12:49:43
S008403,O002364,In Transit,2024-07-08 22:35:59
S008404,O003605,In Transit,2025-05-05 14:05:36
S008405,O005580,Out for Delivery,2024-01-20 15:09:32
S008406,O013702,Delivered,2025-04-28 14:28:13
S008407,O016030,Pickup,2024-07-10 14:03:48
S008408,O011925,Pickup,2025-05-15 22:56:33
S008409,O004609,Pickup,2025-05-17 20:38:52
S008410,O013347,In Transit,2025-08-23 03:40:29
S008411,O012425,Delivered,2024-11-19 03:32:31
S008412,O002046,Pickup,2024-07-21 23:18:36
S008413,O004741,Delivered,2024-04-17 22:47:14
S008414,O015326,In Transit,2025-07-21 01:39:27
S008415,O012506,Delivered,2025-04-17 13:11:12
S008416,O016692,In Transit,2025-10-31 09:47:00
S008417,O007711,Delivered,2024-01-31 05:32:49
S008418,O003581,Delivered,2025-05-27 03:48:10
S008419,O014789,In Transit,2025-12-05 23:11:31
S008420,O013716,In Transit,2025-02-15 18:22:51
S008421,O011463,In Transit,2025-01-21 19:56:10
S008422,O001242,Out for Delivery,2025-12-15 23:14:02
S008423,O005693,Pickup,2025-09-05 03:57:41
S008424,O007279,In Transit,2025-03-10 10:07:50
S008425,O003731,Out for Delivery,2025-03-16 06:43:02
S008426,O011892,Delivered,2024-10-05 02:53:23
S008427,O003668,In Transit,2024-10-07 21:28:22
S008428,O019138,Pickup,2024-03-28 21:21:45
S008429,O000154,Pickup,2025-10-03 11:30:00
S008430,O012641,Pickup,2024-02-18 21:50:23
S008431,O012913,Out for Delivery,2025-10-12 04:41:19
S008432,O003284,Delivered,2025-11-11 23:33:11
S008433,O010559,Out for Delivery,2024-03-06 22:38:53
S008434,O008851,Pickup,2025-08-30 15:51:33
S008435,O015508,Out for Delivery,2025-02-12 15:22:17
S008436,O002470,Delivered,2024-01-02 00:47:34
S008437,O006967,In Transit,2025-02-20 16:38:39
S008438,O016479,In Transit,2025-02-13 17:15:59
S008439,O011326,In Transit,2025-04-09 20:06:48
S008440,O001973,Pickup,2025-10-08 23:23:36
S008441,O007559,Pickup,2024-06-20 00:21:29
S008442,O012610,Out for Delivery,2025-10-18 08:26:04
S008443,O004241,In Transit,2025-04-12 23:15:07
S008444,O009993,In Transit,2025-10-26 06:02:46
S008445,O017564,In Transit,2025-08-31 10:08:37
S008446,O017749,Pickup,2025-05-11 08:16:59
S008447,O007281,Out for Delivery,2024-02-08 17:40:04
S008448,O009491,Out for Delivery,2025-06-14 17:56:05
S008449,O009869,In Transit,2025-02-25 18:08:46
S008450,O014050,Delivered,2025-10-01 14:48:22
S008451,O005696,Pickup,2025-05-15 07:55:47
S008452,O006965,In Transit,2025-02-14 18:47:28
S008453,O003115,Out for Delivery,2024-03-15 23:19:25
S008454,O000792,Delivered,2024-10-22 22:20:46
S008455,O010104,Out for Delivery,2025-12-04 22:11:23
S008456,O006201,Out for Delivery,2024-12-02 12:21:06
S008457,O013019,In Transit,2024-06-14 16:51:38
S008458,O010825,Delivered,2024-01-04 00:03:04
S008459,O001652,Delivered,2024-01-31 01:10:28
S008460,O004454,Delivered,2025-04-01 12:07:31
S008461,O000243,Out for Delivery,2025-07-16 04:28:55
S008462,O019429,Delivered,2025-08-15 01:45:09
S008463,O016865,Delivered,2025-02-02 09:41:23
S008464,O016416,Delivered,2024-04-03 11:34:28
S008465,O000713,Pickup,2024-03-03 17:53:44
S008466,O008482,Out for Delivery,2025-08-03 19:10:36
S008467,O003200,Out for Delivery,2024-12-11 21:05:05
S008468,O007021,Out for Delivery,2025-06-14 14:21:11
S008469,O016247,Delivered,2025-05-19 22:14:54
S008470,O019154,In Transit,2025-05-30 05:19:36
S008471,O014477,Pickup,2025-06-24 21:55:59
S008472,O019715,Delivered,2024-12-19 23:18:50
S008473,O004606,Out for Delivery,2025-10-30 22:06:35
S008474,O013794,Pickup,2025-07-07 21:31:10
S008475,O010867,Out for Delivery,2025-02-01 19:00:52
S008476,O018906,Delivered,2024-01-28 22:06:29
S008477,O005472,Out for Delivery,2024-07-02 12:11:18
S008478,O013524,Out for Delivery,2025-07-26 02:17:21
S008479,O004888,In Transit,2025-01-25 03:05:28
S008480,O001687,In Transit,2025-02-25 14:23:44
S008481,O006977,Delivered,2025-09-25 04:21:08
S008482,O016124,Pickup,2025-11-01 23:42:03
S008483,O014854,Out for Delivery,2024-09-13 22:58:04
S008484,O010856,Out for Delivery,2025-04-12 20:53:30
S008485,O005613,Pickup,2025-11-08 02:25:26
S008486,O010154,Pickup,2025-06-05 01:41:28
S008487,O000588,Delivered,2024-03-31 14:17:50
S008488,O014294,Pickup,2024-11-09 11:25:51
S008489,O008110,Out for Delivery,2024-05-26 13:50:57
S008490,O017151,Out for Delivery,2025-09-18 03:53:02
S008491,O000062,In Transit,2024-07-28 08:55:10
S008492,O001003,Out for Delivery,2025-04-09 21:58:16
S008493,O013391,Pickup,2024-03-03 12:45:16
S008494,O016169,Pickup,2025-04-01 07:47:19
S008495,O003127,Pickup,2025-07-07 14:52:28
S008496,O019501,In Transit,2025-01-01 11:19:45
S008497,O018316,Out for Delivery,2025-01-14 17:21:54
S008498,O010821,Out for Delivery,2024-03-07 16:04:23
S008499,O017318,Out for Delivery,2025-09-26 09:15:44
S008500,O002935,Out for Delivery,2024-08-26 07:02:25
S008501,O009957,Out for Delivery,2025-04-01 04:13:29
S008502,O010894,Out for Delivery,2025-07-06 16:09:11
S008503,O013984,Out for Delivery,2025-02-12 12:00:51
S008504,O019243,Out for Delivery,2024-09-18 14:46:19
S008505,O010558,Out for Delivery,2025-05-12 03:57:52
S008506,O013039,Delivered,2025-05-13 21:01:21
S008507,O011780,Pickup,2025-01-09 05:31:08
S008508,O014732,Pickup,2024-04-10 10:23:21
S008509,O013381,In Transit,2024-04-17 22:55:59
S008510,O019386,Out for Delivery,2025-03-11 20:22:09
S008511,O010749,Out for Delivery,2025-08-05 03:13:41
S008512,O016024,In Transit,2024-06-04 07:12:18
S008513,O019424,Out for Delivery,2025-09-26 18:32:12
S008514,O019789,Pickup,2024-10-06 20:22:34
S008515,O001209,In Transit,2024-11-26 05:52:22
S008516,O008139,Out for Delivery,2024-01-30 17:51:49
S008517,O004355,In Transit,2024-09-22 19:53:39
S008518,O009212,Delivered,2025-11-08 16:24:52
S008519,O000290,Pickup,2025-01-16 10:18:43
S008520,O001264,Pickup,2024-05-17 20:32:23
S008521,O015981,Pickup,2025-04-24 09:20:25
S008522,O009740,Delivered,2024-11-11 00:46:01
S008523,O006414,Delivered,2025-03-12 02:33:15
S008524,O001704,Pickup,2025-01-24 01:37:15
S008525,O008333,Out for Delivery,2025-07-06 18:12:10
S008526,O007703,Out for Delivery,2025-03-21 14:26:34
S008527,O018709,Out for Delivery,2025-02-11 22:38:32
S008528,O012914,Pickup,2024-06-21 09:27:37
S008529,O015920,In Transit,2025-06-26 08:49:29
S008530,O002232,Out for Delivery,2025-12-19 21:46:24
S008531,O016893,Delivered,2024-08-20 13:02:25
S008532,O019694,Delivered,2024-05-24 11:05:18
S008533,O004106,Delivered,2024-12-25 21:22:24
S008534,O012736,Out for Delivery,2025-04-10 21:06:50
S008535,O013795,Pickup,2024-11-05 15:49:20
S008536,O002623,Delivered,2024-03-18 04:41:51
S008537,O011384,Delivered,2025-04-15 23:13:05
S008538,O011920,Delivered,2025-07-19 16:02:26
S008539,O008123,Delivered,2024-05-05 23:06:07
S008540,O007659,In Transit,2024-04-23 04:43:30
S008541,O010607,In Transit,2025-10-21 05:53:35
S008542,O003879,Pickup,2025-08-25 22:23:42
S008543,O007951,In Transit,2025-10-18 10:28:05
S008544,O010044,Pickup,2024-07-18 13:11:54
S008545,O012935,In Transit,2025-04-26 12:24:02
S008546,O011791,In Transit,2025-02-04 14:16:35
S008547,O003581,Out for Delivery,2025-08-14 00:04:55
S008548,O007710,Delivered,2024-02-12 01:25:14
S008549,O000032,Delivered,2024-08-24 19:49:06
S008550,O018948,Delivered,2024-04-07 21:37:51
S008551,O006979,Pickup,2024-05-25 14:54:19
S008552,O010407,Delivered,2025-08-24 11:46:59
S008553,O005245,Delivered,2024-11-03 07:57:00
S008554,O015092,In Transit,2024-01-23 22:47:15
S008555,O017643,In Transit,2024-03-15 08:45:43
S008556,O008346,Pickup,2024-06-18 14:06:44
S008557,O008859,Delivered,2025-10-09 12:46:22
S008558,O004547,Pickup,2025-09-30 13:18:29
S008559,O014610,Out for Delivery,2024-01-17 18:21:20
S008560,O000392,Pickup,2025-11-24 16:07:28
S008561,O010466,Delivered,2024-11-03 22:59:35
S008562,O006465,In Transit,2024-12-02 03:43:36
S008563,O009749,Pickup,2024-05-22 21:39:52
S008564,O009367,Out for Delivery,2024-02-22 04:37:02
S008565,O017374,Delivered,2024-02-20 12:08:11
S008566,O004236,Out for Delivery,2025-04-07 15:59:07
S008567,O019743,Out for Delivery,2024-05-19 08:54:39
S008568,O003977,Delivered,2024-01-17 15:33:12
S008569,O011385,Out for Delivery,2025-07-02 07:29:20
S008570,O007517,In Transit,2025-09-23 18:36:38
S008571,O001831,Delivered,2024-08-27 11:09:56
S008572,O019150,Pickup,2025-08-14 13:27:20
S008573,O015042,Pickup,2025-11-30 17:07:54
S008574,O004751,In Transit,2025-12-18 14:54:50
S008575,O006828,Delivered,2025-06-27 14:17:33
S008576,O014173,Delivered,2024-02-04 00:30:52
S008577,O000470,Pickup,2025-07-09 10:56:00
S008578,O008357,Out for Delivery,2024-10-18 08:53:10
S008579,O002018,Delivered,2024-02-17 10:26:26
S008580,O015853,In Transit,2025-11-23 09:55:49
S008581,O009480,Delivered,2025-02-28 06:33:42
S008582,O004557,Out for Delivery,2024-01-15 10:56:11
S008583,O008445,Out for Delivery,2024-10-18 08:46:14
S008584,O004318,Out for Delivery,2025-04-29 18:19:14
S008585,O013769,Delivered,2024-09-01 15:34:05
S008586,O000660,Pickup,2024-09-23 10:13:46
S008587,O018280,Pickup,2025-05-04 12:09:17
S008588,O017868,Delivered,2024-03-17 23:49:30
S008589,O016970,Out for Delivery,2025-04-21 08:07:47
S008590,O019952,Out for Delivery,2025-04-30 05:26:55
S008591,O000137,Pickup,2025-01-03 14:06:34
S008592,O002650,Pickup,2024-07-28 02:03:12
S008593,O014876,In Transit,2024-06-01 22:41:49
S008594,O001117,In Transit,2025-11-19 05:25:19
S008595,O011102,Pickup,2024-10-27 07:05:29
S008596,O000034,Delivered,2024-05-22 22:19:02
S008597,O013099,Pickup,2025-12-07 03:57:34
S008598,O001486,Pickup,2024-07-01 13:33:19
S008599,O001356,Pickup,2025-06-05 17:01:37
S008600,O000579,Out for Delivery,2025-11-24 17:31:38
S008601,O000455,Delivered,2025-09-21 07:49:32
S008602,O008145,Pickup,2025-12-30 20:45:58
S008603,O017342,Out for Delivery,2025-08-14 08:29:52
S008604,O006739,Delivered,2025-10-25 11:19:39
S008605,O018108,Pickup,2024-04-22 21:34:45
S008606,O015652,Out for Delivery,2024-06-23 10:43:21
S008607,O019379,Pickup,2024-04-14 19:07:42
S008608,O000118,Delivered,2025-07-02 07:08:11
S008609,O007637,In Transit,2025-04-02 14:30:05
S008610,O015693,In Transit,2024-05-28 22:39:33
S008611,O000626,Out for Delivery,2025-12-19 09:56:19
S008612,O017867,Pickup,2025-11-14 11:59:36
S008613,O002296,Delivered,2025-03-03 15:34:11
S008614,O007267,Pickup,2025-11-13 11:01:12
S008615,O002108,In Transit,2024-01-05 15:59:04
S008616,O000614,In Transit,2025-10-21 10:21:18
S008617,O012428,In Transit,2024-12-15 08:37:00
S008618,O009907,Delivered,2024-09-22 02:20:22
S008619,O012900,In Transit,2025-05-28 14:15:57
S008620,O016987,Pickup,2024-10-04 13:44:11
S008621,O006958,Delivered,2024-12-06 07:24:33
S008622,O008823,Pickup,2025-07-10 07:21:32
S008623,O018260,Out for Delivery,2025-04-05 21:58:06
S008624,O019750,Pickup,2024-06-01 12:28:37
S008625,O000197,Pickup,2025-01-10 22:49:42
S008626,O011011,Out for Delivery,2025-11-07 10:36:32
S008627,O013319,Pickup,2024-05-02 01:31:25
S008628,O007478,Out for Delivery,2025-04-16 03:59:09
S008629,O003776,Pickup,2025-01-13 02:08:39
S008630,O013777,Delivered,2025-02-06 04:34:13
S008631,O006245,Out for Delivery,2024-04-22 16:01:22
S008632,O018189,Out for Delivery,2025-11-13 17:03:57
S008633,O005732,Pickup,2025-12-30 10:37:57
S008634,O007551,Delivered,2025-04-15 12:36:05
S008635,O016874,Delivered,2024-04-23 14:32:57
S008636,O011149,Delivered,2025-03-26 10:50:41
S008637,O005625,Out for Delivery,2024-12-25 19:49:59
S008638,O014489,Out for Delivery,2024-12-27 10:08:53
S008639,O018554,Pickup,2025-09-28 18:41:07
S008640,O016649,Out for Delivery,2025-04-15 13:02:25
S008641,O000371,Delivered,2024-02-15 20:25:55
S008642,O014610,Out for Delivery,2024-06-13 01:16:47
S008643,O010499,Out for Delivery,2024-08-09 01:35:00
S008644,O019625,Out for Delivery,2025-12-05 11:00:40
S008645,O007017,In Transit,2024-11-24 12:33:45
S008646,O011311,Delivered,2025-06-10 21:56:14
S008647,O009253,In Transit,2025-05-31 15:42:04
S008648,O013402,Out for Delivery,2024-04-08 05:18:31
S008649,O011799,Out for Delivery,2025-09-13 12:23:10
S008650,O009501,Delivered,2024-08-17 01:07:53
S008651,O010987,Delivered,2024-06-27 03:25:36
S008652,O000721,Delivered,2024-07-28 03:32:58
S008653,O003164,Out for Delivery,2024-10-13 04:03:22
S008654,O018345,In Transit,2025-04-10 00:38:13
S008655,O004091,In Transit,2025-07-16 23:05:44
S008656,O015055,Out for Delivery,2024-07-05 03:04:15
S008657,O009420,In Transit,2025-12-27 04:41:51
S008658,O003520,Pickup,2024-10-31 18:34:55
S008659,O014900,In Transit,2024-03-01 22:58:41
S008660,O000849,Out for Delivery,2024-07-08 11:31:28
S008661,O007076,Delivered,2024-11-11 14:18:54
S008662,O009339,Pickup,2024-05-24 00:21:16
S008663,O014688,Pickup,2024-01-15 15:33:20
S008664,O013019,Delivered,2025-05-09 09:22:16
S008665,O005381,Out for Delivery,2025-08-10 06:02:09
S008666,O011731,Pickup,2025-08-03 03:10:17
S008667,O017694,Out for Delivery,2024-12-21 14:21:28
S008668,O007337,Out for Delivery,2025-03-04 18:53:54
S008669,O016212,Delivered,2024-01-05 19:45:57
S008670,O005463,In Transit,2024-08-17 07:12:21
S008671,O001718,Delivered,2024-04-28 23:28:58
S008672,O011479,Pickup,2025-04-20 12:53:52
S008673,O009725,Pickup,2024-02-23 12:59:20
S008674,O012784,Pickup,2025-05-02 05:21:54
S008675,O003112,In Transit,2025-10-09 00:27:45
S008676,O008130,Pickup,2025-01-19 11:37:10
S008677,O019281,Pickup,2025-11-05 01:52:59
S008678,O014908,In Transit,2024-05-02 01:23:24
S008679,O014103,In Transit,2025-03-20 23:23:12
S008680,O019569,In Transit,2025-11-22 03:15:50
S008681,O003027,Pickup,2025-08-04 17:02:20
S008682,O006459,Pickup,2024-09-06 06:06:51
S008683,O007752,Pickup,2025-07-23 12:41:14
S008684,O006672,Delivered,2025-02-22 22:08:42
S008685,O015544,Pickup,2025-12-05 05:17:16
S008686,O018918,Out for Delivery,2025-07-07 18:29:17
S008687,O010569,In Transit,2024-09-05 13:18:17
S008688,O003038,Pickup,2025-10-17 11:46:16
S008689,O011135,Out for Delivery,2024-07-08 16:50:17
S008690,O007577,In Transit,2024-07-24 10:24:04
S008691,O008609,In Transit,2025-06-01 11:44:15
S008692,O012598,In Transit,2024-04-24 22:09:21
S008693,O010218,Delivered,2024-07-29 21:18:35
S008694,O008229,Pickup,2024-12-05 07:18:57
S008695,O009381,In Transit,2024-09-10 11:02:42
S008696,O003426,Pickup,2024-07-01 02:23:50
S008697,O005540,In Transit,2024-05-26 07:12:57
S008698,O007256,Delivered,2025-04-11 01:10:11
S008699,O018376,Out for Delivery,2025-03-01 04:48:06
S008700,O003547,Out for Delivery,2025-04-05 18:07:21
S008701,O005086,Pickup,2025-12-19 15:45:12
S008702,O018188,In Transit,2024-08-11 23:55:16
S008703,O012735,Out for Delivery,2025-03-25 20:57:32
S008704,O018015,Pickup,2024-03-21 22:46:01
S008705,O006460,Out for Delivery,2025-10-13 23:51:01
S008706,O005105,Pickup,2025-08-05 22:36:22
S008707,O018306,Pickup,2025-08-08 13:16:12
S008708,O010652,Delivered,2025-12-25 07:31:52
S008709,O009862,Delivered,2024-12-13 20:00:59
S008710,O005126,Out for Delivery,2025-08-21 08:08:26
S008711,O015043,Out for Delivery,2024-02-02 01:38:59
S008712,O000604,Out for Delivery,2025-06-29 11:32:06
S008713,O002636,Delivered,2025-11-06 18:22:28
S008714,O000351,Pickup,2024-11-06 00:54:42
S008715,O005018,Delivered,2024-12-20 10:55:39
S008716,O003497,Pickup,2025-12-19 18:17:26
S008717,O009223,Out for Delivery,2024-08-20 20:25:41
S008718,O008732,Pickup,2025-08-23 10:06:28
S008719,O016696,Pickup,2024-07-01 04:08:46
S008720,O012220,Delivered,2025-08-04 02:59:07
S008721,O017594,Pickup,2025-10-18 10:09:28
S008722,O013832,Out for Delivery,2025-05-24 00:13:39
S008723,O011906,In Transit,2025-10-30 21:31:42
S008724,O018014,Out for Delivery,2025-04-26 15:26:52
S008725,O006909,Pickup,2025-01-05 06:09:14
S008726,O004067,Pickup,2024-06-19 12:16:48
S008727,O016301,In Transit,2024-03-10 07:21:18
S008728,O008843,In Transit,2024-03-24 04:55:47
S008729,O019932,Pickup,2024-10-05 02:56:34
S008730,O011673,Out for Delivery,2025-02-03 16:06:28
S008731,O002328,Out for Delivery,2024-11-26 00:31:57
S008732,O013364,Delivered,2025-02-22 17:30:48
S008733,O010112,Out for Delivery,2024-05-19 06:57:42
S008734,O016597,Pickup,2024-03-20 05:59:28
S008735,O015329,Pickup,2025-11-17 08:48:34
S008736,O004598,Delivered,2025-07-13 14:44:47
S008737,O008114,Delivered,2024-09-18 06:49:17
S008738,O015376,Delivered,2025-07-09 18:09:00
S008739,O013905,Delivered,2024-09-26 18:00:34
S008740,O009061,Out for Delivery,2025-02-01 16:42:02
S008741,O017984,Delivered,2024-07-11 15:26:14
S008742,O018038,Out for Delivery,2025-06-04 10:12:14
S008743,O017788,Pickup,2025-07-22 22:33:40
S008744,O000401,Pickup,2024-08-22 00:18:49
S008745,O013442,Pickup,2025-05-04 10:46:47
S008746,O001942,Out for Delivery,2024-02-23 06:59:10
S008747,O013823,Pickup,2025-02-15 21:13:58
S008748,O007543,Delivered,2024-11-08 14:49:32
S008749,O017292,In Transit,2024-09-16 16:24:37
S008750,O016691,Delivered,2025-07-15 10:55:24
S008751,O002134,Pickup,2024-02-17 00:33:42
S008752,O014411,In Transit,2024-05-19 22:33:23
S008753,O006838,Pickup,2024-04-25 21:54:26
S008754,O014457,Delivered,2024-11-20 07:56:11
S008755,O000346,Out for Delivery,2024-04-20 04:30:49
S008756,O014636,In Transit,2024-04-01 05:15:04
S008757,O003823,Out for Delivery,2024-06-01 05:13:28
S008758,O010146,Out for Delivery,2024-11-03 13:21:04
S008759,O010030,In Transit,2024-09-19 13:00:40
S008760,O019774,In Transit,2024-11-19 18:57:28
S008761,O013714,Delivered,2024-06-08 02:52:28
S008762,O010160,In Transit,2024-01-18 07:44:24
S008763,O003471,Delivered,2025-05-12 21:58:37
S008764,O005562,Delivered,2024-01-02 17:13:10
S008765,O009496,Delivered,2024-10-12 08:42:01
S008766,O019416,Delivered,2025-09-22 05:59:11
S008767,O019278,Delivered,2025-04-28 23:21:20
S008768,O008494,Delivered,2025-08-02 02:53:33
S008769,O006115,Delivered,2025-04-26 12:48:22
S008770,O002837,Out for Delivery,2024-09-04 16:11:45
S008771,O005473,Pickup,2025-03-05 18:22:15
S008772,O009334,Out for Delivery,2025-10-24 06:52:35
S008773,O003994,Out for Delivery,2025-05-15 13:31:56
S008774,O013391,In Transit,2024-10-22 07:05:02
S008775,O011175,Pickup,2025-05-07 14:29:18
S008776,O003838,Pickup,2025-05-05 22:31:09
S008777,O002540,Delivered,2024-02-03 08:56:34
S008778,O009489,Pickup,2025-08-10 11:13:06
S008779,O008551,In Transit,2025-01-17 16:04:21
S008780,O003761,Out for Delivery,2024-11-21 09:03:15
S008781,O005852,Out for Delivery,2024-07-11 10:52:07
S008782,O011140,Delivered,2025-02-06 09:00:54
S008783,O017868,In Transit,2025-01-18 05:50:23
S008784,O004454,Out for Delivery,2025-01-14 19:44:40
S008785,O010375,Delivered,2024-03-25 00:36:52
S008786,O004372,Out for Delivery,2024-05-14 22:38:03
S008787,O012459,Out for Delivery,2025-05-08 13:28:54
S008788,O001392,Delivered,2024-06-04 23:20:40
S008789,O009101,In Transit,2025-08-29 03:28:33
S008790,O011744,In Transit,2024-09-19 00:03:27
S008791,O004310,In Transit,2025-06-17 13:19:35
S008792,O011193,Pickup,2025-06-15 06:11:19
S008793,O014238,Out for Delivery,2024-05-20 06:32:19
S008794,O005290,Out for Delivery,2024-04-11 22:12:40
S008795,O009328,In Transit,2025-08-08 20:17:17
S008796,O018952,In Transit,2025-01-01 02:41:48
S008797,O016063,Out for Delivery,2024-08-23 01:21:24
S008798,O010570,In Transit,2025-07-27 01:05:34
S008799,O001019,Delivered,2025-09-28 15:13:13
S008800,O016422,Delivered,2024-04-14 04:42:18
S008801,O009455,Pickup,2024-11-23 16:34:00
S008802,O008523,In Transit,2024-01-15 18:32:47
S008803,O013881,Pickup,2024-12-21 17:37:56
S008804,O007007,Out for Delivery,2025-11-06 15:22:12
S008805,O003414,In Transit,2025-04-11 13:15:01
S008806,O008681,Out for Delivery,2025-09-28 03:20:03
S008807,O013500,Out for Delivery,2024-07-22 06:33:02
S008808,O015910,Pickup,2025-05-14 02:19:55
S008809,O015991,Out for Delivery,2025-04-19 21:50:54
S008810,O019620,Delivered,2024-04-20 09:10:57
S008811,O002329,In Transit,2024-10-15 23:20:23
S008812,O002680,Pickup,2024-06-18 17:46:14
S008813,O003592,Out for Delivery,2024-03-17 12:55:58
S008814,O012116,In Transit,2025-09-22 05:42:17
S008815,O002357,In Transit,2024-08-20 07:06:33
S008816,O010234,Pickup,2025-12-13 22:04:29
S008817,O011358,Out for Delivery,2024-10-25 15:32:53
S008818,O003191,Out for Delivery,2025-04-21 14:04:23
S008819,O018198,In Transit,2024-05-25 14:46:44
S008820,O000930,Out for Delivery,2025-09-23 15:07:25
S008821,O001601,Pickup,2025-09-27 20:42:54
S008822,O016502,Out for Delivery,2025-08-05 03:46:06
S008823,O001226,Out for Delivery,2024-10-21 20:24:52
S008824,O008667,In Transit,2024-01-02 02:39:58
S008825,O001103,In Transit,2024-05-27 12:53:37
S008826,O018680,Delivered,2024-10-01 02:31:56
S008827,O019416,Out for Delivery,2024-10-07 06:32:19
S008828,O016881,Pickup,2025-02-15 23:23:44
S008829,O015394,Delivered,2024-04-24 10:19:13
S008830,O000782,Pickup,2024-12-22 16:31:24
S008831,O001534,Pickup,2024-02-24 11:52:44
S008832,O019489,Out for Delivery,2024-05-31 18:44:46
S008833,O010498,In Transit,2024-03-17 17:15:18
S008834,O014464,Pickup,2025-05-02 20:34:09
S008835,O004321,Pickup,2025-06-04 11:08:52
S008836,O007591,Pickup,2025-06-17 13:04:16
S008837,O003957,Pickup,2025-01-16 14:28:25
S008838,O013445,In Transit,2024-09-20 02:40:14
S008839,O012923,Out for Delivery,2025-08-09 18:21:10
S008840,O009690,Pickup,2025-10-17 03:32:33
S008841,O017622,Pickup,2025-05-12 12:47:34
S008842,O010573,Out for Delivery,2024-10-22 14:19:22
S008843,O019091,Pickup,2024-06-07 17:58:54
S008844,O002311,In Transit,2024-09-17 13:51:01
S008845,O014486,Pickup,2024-09-11 04:23:21
S008846,O010044,Delivered,2024-06-08 17:02:34
S008847,O014585,In Transit,2025-04-02 04:14:46
S008848,O011052,Pickup,2025-05-20 13:28:25
S008849,O001717,Pickup,2025-01-31 09:50:15
S008850,O019150,Pickup,2024-11-12 11:09:19
S008851,O002463,In Transit,2024-08-24 12:27:11
S008852,O002089,Delivered,2024-10-04 22:02:48
S008853,O013838,Delivered,2025-10-29 07:35:45
S008854,O000769,Delivered,2024-01-01 23:31:58
S008855,O005029,Delivered,2025-07-15 23:28:55
S008856,O004852,Delivered,2024-01-30 03:11:29
S008857,O017697,Pickup,2024-03-03 10:40:03
S008858,O003348,Delivered,2024-09-28 17:50:48
S008859,O016292,Delivered,2024-09-11 16:11:23
S008860,O018463,In Transit,2024-03-21 12:43:30
S008861,O006901,Delivered,2025-06-03 09:50:05
S008862,O005434,Delivered,2025-04-05 17:21:42
S008863,O017821,Pickup,2024-06-18 14:32:24
S008864,O017288,Delivered,2025-06-29 15:48:17
S008865,O019742,Delivered,2024-12-15 12:16:25
S008866,O003559,Pickup,2024-08-01 23:35:17
S008867,O007800,Out for Delivery,2024-04-29 01:06:02
S008868,O006001,Pickup,2024-12-06 05:37:04
S008869,O008765,Pickup,2024-05-10 22:04:40
S008870,O007399,Delivered,2025-11-20 22:07:04
S008871,O005612,Pickup,2025-06-11 15:49:18
S008872,O004538,In Transit,2024-04-19 04:58:36
S008873,O011683,In Transit,2024-02-26 13:14:46
S008874,O016937,Delivered,2025-01-09 13:35:46
S008875,O017431,Delivered,2025-06-03 11:23:38
S008876,O004546,Pickup,2024-06-24 06:59:47
S008877,O018355,Delivered,2025-12-22 06:45:26
S008878,O015012,Out for Delivery,2024-11-22 13:50:43
S008879,O008143,In Transit,2024-05-09 15:06:16
S008880,O013055,Delivered,2024-06-14 12:15:02
S008881,O000962,Pickup,2024-05-01 08:03:39
S008882,O001591,Out for Delivery,2024-07-03 22:37:09
S008883,O012004,Delivered,2025-05-14 05:27:32
S008884,O003017,Pickup,2024-11-10 03:27:37
S008885,O010050,Delivered,2025-09-27 22:47:54
S008886,O014022,In Transit,2025-02-08 21:46:16
S008887,O017493,Out for Delivery,2025-08-13 06:08:35
S008888,O006409,Pickup,2025-04-16 16:21:14
S008889,O000746,Delivered,2024-11-21 12:17:18
S008890,O002951,In Transit,2025-07-23 19:19:30
S008891,O005787,In Transit,2024-10-11 15:45:09
S008892,O017904,Out for Delivery,2025-09-08 17:06:51
S008893,O000912,In Transit,2024-05-12 00:21:37
S008894,O001731,Out for Delivery,2024-06-09 12:58:48
S008895,O010750,In Transit,2025-01-22 22:57:00
S008896,O014738,Pickup,2025-06-08 17:40:21
S008897,O000190,Pickup,2025-03-13 22:28:51
S008898,O011980,Out for Delivery,2024-03-07 02:52:27
S008899,O004409,Out for Delivery,2025-06-13 11:35:20
S008900,O002688,Pickup,2024-10-18 15:55:49
S008901,O001413,Out for Delivery,2025-08-29 10:35:26
S008902,O002122,Out for Delivery,2024-01-13 00:47:40
S008903,O008077,In Transit,2025-01-05 12:02:32
S008904,O004990,Delivered,2024-07-04 04:02:29
S008905,O012492,In Transit,2024-07-02 22:48:32
S008906,O004429,In Transit,2025-11-29 20:32:59
S008907,O002609,Delivered,2025-10-05 17:11:21
S008908,O005014,Pickup,2024-04-22 19:22:58
S008909,O011762,Pickup,2025-05-26 16:29:36
S008910,O011048,Delivered,2025-06-07 12:45:06
S008911,O016194,Out for Delivery,2024-09-26 15:54:51
S008912,O018300,Delivered,2024-12-04 15:13:14
S008913,O016283,Out for Delivery,2025-08-11 15:50:20
S008914,O009208,Out for Delivery,2024-02-07 22:57:57
S008915,O007546,Delivered,2025-12-19 10:00:08
S008916,O005042,Out for Delivery,2025-06-28 00:42:04
S008917,O010010,Pickup,2025-03-30 07:48:03
S008918,O011336,Out for Delivery,2025-08-24 14:14:05
S008919,O019870,Delivered,2024-09-08 23:16:43
S008920,O018572,Pickup,2024-11-23 14:08:18
S008921,O004925,Pickup,2024-02-29 00:56:58
S008922,O014879,Pickup,2024-02-19 12:45:18
S008923,O018751,Pickup,2024-03-01 21:09:48
S008924,O016632,In Transit,2024-11-13 15:09:39
S008925,O003535,Pickup,2024-01-23 05:56:20
S008926,O007183,Pickup,2025-11-26 06:05:39
S008927,O002530,Out for Delivery,2024-04-13 13:00:55
S008928,O010850,Delivered,2025-12-30 23:49:13
S008929,O012862,Out for Delivery,2024-09-11 13:41:29
S008930,O006081,Delivered,2024-02-03 23:51:13
S008931,O011413,In Transit,2024-09-30 13:19:48
S008932,O017707,In Transit,2025-05-05 06:54:46
S008933,O004269,Pickup,2024-07-12 20:35:28
S008934,O001608,In Transit,2024-06-10 01:57:38
S008935,O015592,Pickup,2025-02-04 13:45:45
S008936,O008609,Out for Delivery,2024-10-30 21:00:11
S008937,O018454,Pickup,2025-05-06 15:41:54
S008938,O000570,Delivered,2024-04-05 14:44:44
S008939,O004308,Out for Delivery,2025-12-24 06:27:49
S008940,O016534,Pickup,2025-03-28 20:31:47
S008941,O019034,Delivered,2025-08-08 01:44:55
S008942,O014023,Delivered,2025-06-24 02:49:43
S008943,O010979,In Transit,2025-10-29 07:04:11
S008944,O019641,In Transit,2024-05-27 12:00:31
S008945,O015510,In Transit,2025-01-23 16:45:22
S008946,O003646,Pickup,2024-12-27 01:41:20
S008947,O018182,Out for Delivery,2024-06-18 08:08:02
S008948,O014703,Out for Delivery,2025-10-30 20:10:17
S008949,O018305,Delivered,2024-06-11 14:44:41
S008950,O010927,Out for Delivery,2024-11-30 22:36:46
S008951,O001779,Delivered,2024-10-17 09:43:42
S008952,O005996,Pickup,2024-10-08 19:03:20
S008953,O001217,In Transit,2024-07-03 17:34:02
S008954,O015494,Delivered,2024-01-21 20:32:20
S008955,O012200,Pickup,2025-02-10 13:49:24
S008956,O005845,Out for Delivery,2024-10-16 19:14:59
S008957,O010184,In Transit,2025-12-11 00:48:26
S008958,O013955,Delivered,2024-02-05 14:21:05
S008959,O017296,In Transit,2024-03-04 11:50:33
S008960,O005349,Out for Delivery,2025-10-03 06:32:02
S008961,O016320,In Transit,2025-05-25 04:26:57
S008962,O002779,Pickup,2024-10-20 06:10:20
S008963,O009952,Delivered,2025-04-14 20:16:47
S008964,O015769,Pickup,2025-12-31 21:42:03
S008965,O007425,In Transit,2025-11-14 08:35:31
S008966,O019840,Delivered,2025-09-05 14:46:01
S008967,O005838,Delivered,2024-02-26 11:14:13
S008968,O019172,In Transit,2024-09-27 14:32:42
S008969,O017829,Pickup,2024-12-23 00:07:09
S008970,O004721,Delivered,2024-06-30 05:33:11
S008971,O018941,Pickup,2024-05-26 04:57:49
S008972,O019274,In Transit,2025-04-04 11:52:36
S008973,O000541,In Transit,2025-11-17 10:00:54
S008974,O006678,Out for Delivery,2024-08-24 04:14:51
S008975,O005480,Out for Delivery,2025-05-21 16:38:50
S008976,O007077,In Transit,2025-04-30 15:47:14
S008977,O003131,In Transit,2025-08-31 05:03:42
S008978,O002377,In Transit,2025-06-10 22:38:12
S008979,O002010,Pickup,2024-12-16 08:19:50
S008980,O000891,Pickup,2025-07-15 18:07:02
S008981,O007466,Delivered,2024-10-28 02:25:25
S008982,O018896,In Transit,2024-08-25 07:29:42
S008983,O002503,Out for Delivery,2025-10-26 12:57:38
S008984,O016747,In Transit,2025-02-27 15:37:06
S008985,O016959,In Transit,2024-11-23 18:32:58
S008986,O019537,In Transit,2024-10-08 08:23:59
S008987,O013170,Delivered,2025-06-13 19:04:31
S008988,O011752,Delivered,2024-07-17 08:57:16
S008989,O012200,Out for Delivery,2025-12-28 13:31:19
S008990,O012324,In Transit,2024-05-22 19:21:39
S008991,O018352,Out for Delivery,2025-06-20 00:23:23
S008992,O009524,Delivered,2024-03-16 14:34:58
S008993,O000217,Out for Delivery,2024-10-27 15:24:08
S008994,O018152,Delivered,2024-11-28 04:09:22
S008995,O015147,Out for Delivery,2024-08-19 09:25:04
S008996,O009856,Pickup,2025-08-10 14:23:33
S008997,O015656,In Transit,2024-09-11 04:50:54
S008998,O011988,Pickup,2024-11-07 17:45:07
S008999,O009056,Delivered,2025-08-24 14:57:48
S009000,O013788,In Transit,2024-06-10 00:43:54
S009001,O003504,Out for Delivery,2025-10-20 09:41:28
S009002,O006241,Delivered,2024-02-19 00:09:06
S009003,O000198,Delivered,2025-02-15 05:47:21
S009004,O004393,Out for Delivery,2025-07-21 07:41:23
S009005,O002354,Pickup,2025-09-04 17:44:20
S009006,O005790,Delivered,2025-02-14 11:29:46
S009007,O012288,In Transit,2025-03-08 07:19:25
S009008,O001470,In Transit,2024-02-10 03:25:54
S009009,O018848,Out for Delivery,2024-08-18 00:09:03
S009010,O019890,In Transit,2024-03-08 00:39:17
S009011,O002243,In Transit,2025-12-24 00:36:15
S009012,O019453,Pickup,2025-11-05 20:06:25
S009013,O009185,Delivered,2024-02-01 02:44:07
S009014,O017139,Delivered,2025-11-18 02:40:48
S009015,O019860,Delivered,2025-07-05 10:06:15
S009016,O005032,Pickup,2024-11-01 12:19:58
S009017,O011053,In Transit,2024-12-26 12:05:10
S009018,O013918,Out for Delivery,2024-04-15 05:47:13
S009019,O010989,Out for Delivery,2024-06-27 07:48:30
S009020,O016792,Pickup,2025-08-21 07:19:07
S009021,O013104,Out for Delivery,2025-05-16 13:41:35
S009022,O006833,Pickup,2024-05-27 18:23:29
S009023,O002372,In Transit,2025-11-23 09:03:28
S009024,O000721,Delivered,2024-03-21 15:24:29
S009025,O012168,In Transit,2024-07-07 23:49:43
S009026,O008875,Out for Delivery,2025-02-15 13:02:34
S009027,O013217,In Transit,2024-10-11 12:31:43
S009028,O003750,Delivered,2024-04-14 21:53:18
S009029,O009743,In Transit,2024-11-30 18:36:18
S009030,O016864,Delivered,2025-04-25 06:34:09
S009031,O011576,Out for Delivery,2024-02-04 13:18:13
S009032,O000622,In Transit,2025-06-24 01:47:50
S009033,O013457,Delivered,2024-11-24 13:46:05
S009034,O007075,In Transit,2025-10-31 04:36:20
S009035,O012248,Delivered,2024-07-07 23:33:57
S009036,O000111,Delivered,2024-09-24 09:22:29
S009037,O008278,In Transit,2024-09-05 14:13:41
S009038,O001409,In Transit,2024-12-20 06:49:00
S009039,O014799,Delivered,2024-01-30 09:55:15
S009040,O003814,Delivered,2024-11-03 08:31:03
S009041,O009630,In Transit,2025-06-06 02:54:33
S009042,O009096,In Transit,2025-02-11 08:59:13
S009043,O012025,In Transit,2024-10-13 03:51:43
S009044,O018010,Out for Delivery,2025-08-30 16:17:27
S009045,O016253,Delivered,2025-11-13 16:23:30
S009046,O001593,Delivered,2024-01-03 20:25:04
S009047,O018086,In Transit,2024-01-11 14:08:15
S009048,O013038,In Transit,2025-08-18 22:20:00
S009049,O016853,Out for Delivery,2025-12-10 20:47:15
S009050,O009241,Delivered,2024-02-23 20:35:21
S009051,O018137,Pickup,2025-03-18 04:57:27
S009052,O014632,Out for Delivery,2024-03-26 23:48:28
S009053,O004303,Pickup,2025-01-11 07:34:38
S009054,O003443,In Transit,2024-06-07 23:24:59
S009055,O018508,Pickup,2024-10-28 11:11:13
S009056,O010282,Delivered,2024-03-19 04:30:50
S009057,O001377,In Transit,2025-01-19 15:18:51
S009058,O018925,Out for Delivery,2025-08-18 15:58:20
S009059,O010150,Pickup,2024-01-26 22:42:35
S009060,O018518,Pickup,2025-09-26 16:15:34
S009061,O004669,Delivered,2024-12-02 14:12:55
S009062,O001908,In Transit,2024-02-01 17:20:53
S009063,O010005,Out for Delivery,2025-04-13 11:59:24
S009064,O015469,In Transit,2025-05-01 00:31:21
S009065,O018204,Pickup,2024-03-19 08:36:56
S009066,O003129,In Transit,2024-06-05 23:04:16
S009067,O002294,Out for Delivery,2025-06-25 23:27:20
S009068,O007500,Out for Delivery,2025-04-23 12:28:28
S009069,O008427,Delivered,2025-06-13 13:05:28
S009070,O002107,Pickup,2025-05-31 07:15:14
S009071,O019330,Delivered,2025-01-09 01:54:59
S009072,O005431,Pickup,2024-09-10 16:53:10
S009073,O000930,Out for Delivery,2024-04-03 09:05:44
S009074,O009725,Out for Delivery,2025-12-26 14:49:31
S009075,O013878,In Transit,2024-02-06 15:26:25
S009076,O017576,Delivered,2025-05-06 01:39:20
S009077,O017331,Out for Delivery,2025-06-28 18:24:42
S009078,O001746,Delivered,2024-03-31 15:30:36
S009079,O007674,Pickup,2024-11-13 15:19:49
S009080,O004099,Delivered,2025-12-03 12:28:30
S009081,O017099,In Transit,2024-03-08 21:18:13
S009082,O007621,In Transit,2024-07-07 10:32:42
S009083,O003973,In Transit,2024-05-21 13:27:05
S009084,O008987,Delivered,2024-12-29 13:51:50
S009085,O018421,Out for Delivery,2024-12-23 06:52:08
S009086,O006200,In Transit,2025-01-26 15:48:51
S009087,O012366,Delivered,2025-08-01 11:45:21
S009088,O010642,Pickup,2024-11-29 06:57:50
S009089,O015632,In Transit,2024-07-16 09:44:45
S009090,O013837,In Transit,2025-06-23 14:39:50
S009091,O000614,Delivered,2025-11-03 01:05:00
S009092,O017980,Pickup,2025-05-10 02:11:52
S009093,O004054,Pickup,2025-03-08 17:47:33
S009094,O011549,Delivered,2024-01-15 19:18:53
S009095,O007548,In Transit,2024-11-11 11:02:37
S009096,O006243,Out for Delivery,2024-08-19 05:20:20
S009097,O005163,Pickup,2024-03-15 07:54:41
S009098,O010367,Pickup,2024-01-12 09:58:45
S009099,O000475,In Transit,2024-02-04 15:23:01
S009100,O016906,Delivered,2025-05-14 05:20:25
S009101,O000425,In Transit,2025-10-15 01:35:18
S009102,O016836,Out for Delivery,2025-10-26 08:03:29
S009103,O017378,Delivered,2024-01-27 22:22:52
S009104,O005099,Out for Delivery,2025-01-13 03:26:28
S009105,O011487,In Transit,2025-08-25 00:52:43
S009106,O011752,Delivered,2024-01-10 04:26:22
S009107,O014569,In Transit,2024-10-04 21:23:56
S009108,O011693,Out for Delivery,2024-11-06 18:49:57
S009109,O013503,Delivered,2024-10-16 21:04:04
S009110,O014877,Pickup,2024-09-27 12:51:28
S009111,O003643,Delivered,2024-09-15 01:12:25
S009112,O007484,Pickup,2024-03-23 03:17:19
S009113,O008659,Delivered,2024-11-22 16:04:34
S009114,O012694,Out for Delivery,2024-06-08 05:18:08
S009115,O010355,Delivered,2024-03-27 20:20:24
S009116,O006134,Pickup,2024-02-29 20:49:56
S009117,O016541,Delivered,2024-12-17 20:57:44
S009118,O004824,Delivered,2025-04-30 18:11:24
S009119,O000047,Pickup,2024-10-01 07:45:43
S009120,O007464,In Transit,2024-01-10 01:08:34
S009121,O013643,Out for Delivery,2025-10-25 08:27:42
S009122,O001713,Pickup,2025-12-24 17:12:32
S009123,O002823,Delivered,2025-01-14 19:55:44
S009124,O001839,Pickup,2024-10-14 10:30:56
S009125,O005208,Pickup,2025-06-08 15:58:24
S009126,O001131,In Transit,2025-08-07 15:43:33
S009127,O006561,In Transit,2024-03-06 12:07:43
S009128,O004700,Pickup,2025-09-18 10:08:37
S009129,O001285,In Transit,2024-11-24 15:11:14
S009130,O014179,Pickup,2025-12-02 05:31:41
S009131,O007294,Delivered,2024-04-12 11:31:47
S009132,O001163,Out for Delivery,2025-09-03 02:38:19
S009133,O017578,Pickup,2024-05-02 10:59:27
S009134,O001391,In Transit,2025-11-29 01:54:07
S009135,O001871,In Transit,2025-12-16 22:20:20
S009136,O013824,Out for Delivery,2024-09-07 04:50:30
S009137,O008675,Pickup,2024-05-17 02:12:04
S009138,O004461,In Transit,2024-07-19 19:02:39
S009139,O003249,Delivered,2025-06-10 11:27:05
S009140,O011511,Delivered,2025-11-05 14:24:33
S009141,O014750,In Transit,2024-10-23 00:45:56
S009142,O019205,Out for Delivery,2024-06-22 23:59:53
S009143,O000848,In Transit,2025-12-05 16:47:19
S009144,O002436,In Transit,2024-02-02 22:46:59
S009145,O015304,Pickup,2024-02-07 12:56:57
S009146,O015648,Out for Delivery,2024-06-19 00:49:09
S009147,O016525,Delivered,2025-02-25 10:48:20
S009148,O010016,Delivered,2024-06-23 04:57:46
S009149,O002491,Out for Delivery,2025-09-01 21:48:19
S009150,O017795,Delivered,2024-04-18 09:56:20
S009151,O018895,Delivered,2025-11-29 09:27:21
S009152,O007359,In Transit,2025-09-25 01:53:03
S009153,O010109,Out for Delivery,2024-02-21 23:00:13
S009154,O007071,Pickup,2024-03-01 20:45:51
S009155,O008176,In Transit,2024-05-30 19:14:36
S009156,O012297,Out for Delivery,2024-09-23 09:33:44
S009157,O010066,Pickup,2025-04-13 06:08:18
S009158,O006505,In Transit,2025-10-01 15:20:35
S009159,O006388,Out for Delivery,2024-01-29 01:34:03
S009160,O014911,Out for Delivery,2024-06-17 10:12:35
S009161,O007851,In Transit,2024-10-24 09:18:04
S009162,O018610,In Transit,2024-09-03 22:54:48
S009163,O018378,In Transit,2025-07-23 21:31:29
S009164,O017181,Delivered,2025-03-10 00:23:25
S009165,O003214,Pickup,2024-08-06 00:07:31
S009166,O012130,In Transit,2025-06-08 05:45:27
S009167,O005632,Delivered,2025-03-26 08:09:19
S009168,O010252,Pickup,2025-11-03 03:44:19
S009169,O008181,Delivered,2025-06-14 06:50:50
S009170,O005041,Delivered,2025-06-17 05:41:58
S009171,O008465,Delivered,2025-09-05 05:54:37
S009172,O017472,Out for Delivery,2024-01-23 05:17:51
S009173,O011999,Out for Delivery,2024-11-03 11:02:14
S009174,O015703,Out for Delivery,2024-06-19 17:24:04
S009175,O007959,Out for Delivery,2025-12-02 19:49:45
S009176,O014062,Delivered,2024-11-18 07:53:37
S009177,O002651,Delivered,2024-08-06 08:33:15
S009178,O013879,Out for Delivery,2024-11-10 08:52:46
S009179,O010666,Pickup,2024-06-11 23:25:58
S009180,O014921,Delivered,2025-02-09 13:01:09
S009181,O006957,Out for Delivery,2025-03-01 14:05:46
S009182,O013377,Pickup,2025-02-17 12:51:46
S009183,O008436,Out for Delivery,2025-08-19 20:35:22
S009184,O009348,Pickup,2025-03-19 01:17:51
S009185,O017807,Out for Delivery,2025-11-07 16:24:20
S009186,O005336,Delivered,2024-08-23 00:39:22
S009187,O015676,Out for Delivery,2025-05-08 02:03:23
S009188,O015717,Delivered,2024-12-30 10:13:15
S009189,O012140,Out for Delivery,2025-12-02 21:05:14
S009190,O019511,In Transit,2024-10-07 14:45:44
S009191,O019338,Pickup,2024-06-27 03:40:46
S009192,O004235,Pickup,2025-05-06 17:16:05
S009193,O019293,Out for Delivery,2024-08-31 21:50:27
S009194,O015891,In Transit,2024-01-10 16:35:17
S009195,O013023,Out for Delivery,2025-05-16 06:55:34
S009196,O004716,In Transit,2024-08-22 15:18:12
S009197,O019312,Out for Delivery,2024-07-28 00:45:09
S009198,O001064,Delivered,2024-04-30 11:25:47
S009199,O014575,In Transit,2024-09-23 23:35:14
S009200,O016153,Pickup,2024-09-06 15:41:28
S009201,O005995,Pickup,2025-07-01 22:20:36
S009202,O012023,Delivered,2025-01-28 12:39:36
S009203,O014314,Delivered,2025-04-15 06:09:39
S009204,O013059,Delivered,2025-06-28 06:43:34
S009205,O014931,Delivered,2024-04-30 00:47:44
S009206,O006242,In Transit,2025-05-21 19:15:17
S009207,O014280,In Transit,2024-02-19 09:28:02
S009208,O004148,In Transit,2024-07-05 18:02:57
S009209,O019659,In Transit,2024-02-01 11:16:23
S009210,O019169,Out for Delivery,2025-02-21 10:55:40
S009211,O000242,Delivered,2024-12-18 15:48:53
S009212,O001190,Out for Delivery,2024-10-18 16:39:09
S009213,O019791,Out for Delivery,2024-04-17 21:04:07
S009214,O019696,In Transit,2025-06-10 04:59:01
S009215,O007913,Delivered,2024-10-08 23:46:25
S009216,O005997,Delivered,2024-04-29 05:36:18
S009217,O011761,In Transit,2024-12-26 08:45:26
S009218,O003894,Out for Delivery,2024-01-21 00:43:27
S009219,O001230,Delivered,2024-05-19 19:03:47
S009220,O009284,Out for Delivery,2024-12-02 20:46:21
S009221,O002057,Pickup,2025-03-04 11:40:42
S009222,O014441,Pickup,2025-03-30 18:17:39
S009223,O015987,Delivered,2025-07-11 05:56:59
S009224,O000936,Pickup,2025-05-19 23:45:09
S009225,O018962,In Transit,2024-05-23 00:24:15
S009226,O010283,Out for Delivery,2025-01-23 22:47:52
S009227,O010697,Pickup,2025-04-03 13:50:03
S009228,O012236,Out for Delivery,2025-07-15 20:58:37
S009229,O001902,Pickup,2025-08-13 14:19:19
S009230,O017433,Delivered,2025-01-13 23:10:22
S009231,O011781,Pickup,2025-01-22 20:38:49
S009232,O006997,In Transit,2024-02-06 20:12:36
S009233,O012948,In Transit,2025-02-13 05:19:55
S009234,O005587,In Transit,2024-02-18 23:39:57
S009235,O010334,Out for Delivery,2024-04-18 23:31:05
S009236,O003338,Out for Delivery,2025-12-31 05:27:44
S009237,O004930,Out for Delivery,2025-08-06 21:55:33
S009238,O009512,Pickup,2025-01-07 09:02:17
S009239,O005784,Pickup,2024-04-03 22:32:38
S009240,O003659,In Transit,2025-09-17 21:08:56
S009241,O019660,Out for Delivery,2024-07-09 07:29:28
S009242,O014799,Delivered,2025-12-14 04:15:06
S009243,O017668,Pickup,2025-08-12 06:00:20
S009244,O017229,Delivered,2025-11-22 18:27:04
S009245,O017999,In Transit,2024-11-18 06:57:31
S009246,O019221,Delivered,2025-01-11 01:33:24
S009247,O003978,Out for Delivery,2025-01-13 10:55:40
S009248,O011803,Pickup,2025-09-23 18:22:20
S009249,O009950,In Transit,2025-03-21 07:44:02
S009250,O005705,Pickup,2025-10-04 02:43:43
S009251,O014077,Pickup,2024-08-05 22:52:52
S009252,O002857,In Transit,2024-11-12 09:44:11
S009253,O010647,Pickup,2025-08-20 18:41:53
S009254,O002999,Pickup,2024-08-09 12:25:52
S009255,O006537,Out for Delivery,2024-12-07 14:29:17
S009256,O016689,In Transit,2024-04-11 21:30:54
S009257,O013094,In Transit,2025-07-17 14:43:31
S009258,O005453,In Transit,2025-02-14 01:00:48
S009259,O008014,Out for Delivery,2024-08-29 04:26:38
S009260,O007167,Out for Delivery,2025-01-08 07:23:27
S009261,O017517,In Transit,2024-08-25 06:28:19
S009262,O014200,Pickup,2025-07-26 05:02:52
S009263,O006172,Delivered,2024-09-16 01:20:53
S009264,O002210,Delivered,2024-11-02 23:12:46
S009265,O018339,Out for Delivery,2025-10-13 14:32:01
S009266,O013385,In Transit,2025-01-21 03:58:10
S009267,O008739,In Transit,2025-02-13 01:30:01
S009268,O014228,Pickup,2024-05-14 23:26:33
S009269,O018606,In Transit,2025-08-10 16:09:32
S009270,O004190,In Transit,2024-08-31 20:09:31
S009271,O000804,Delivered,2024-05-11 14:10:34
S009272,O001575,Out for Delivery,2025-10-06 23:44:29
S009273,O019311,Out for Delivery,2025-05-31 23:04:41
S009274,O003042,Pickup,2025-04-21 05:23:30
S009275,O011766,Pickup,2025-04-16 08:13:23
S009276,O018278,In Transit,2025-09-26 00:45:32
S009277,O017397,Pickup,2025-04-13 10:39:27
S009278,O014138,Pickup,2025-10-22 14:32:16
S009279,O014222,In Transit,2025-01-20 15:36:16
S009280,O004857,Pickup,2025-10-04 03:57:38
S009281,O008717,Delivered,2024-05-28 18:38:04
S009282,O014252,Delivered,2024-05-22 21:34:25
S009283,O011923,In Transit,2024-06-12 11:56:33
S009284,O005948,Out for Delivery,2024-11-28 20:21:24
S009285,O014941,Delivered,2025-03-02 18:48:09
S009286,O002246,Pickup,2024-11-28 07:08:11
S009287,O005491,Delivered,2024-08-16 14:03:01
S009288,O003948,Out for Delivery,2024-12-23 07:44:23
S009289,O001401,Out for Delivery,2025-08-27 04:57:42
S009290,O016359,Out for Delivery,2025-03-19 02:23:02
S009291,O015761,Pickup,2025-12-17 14:21:21
S009292,O014371,Pickup,2024-01-05 02:23:45
S009293,O012644,In Transit,2024-01-17 23:30:28
S009294,O015896,Delivered,2025-10-28 09:16:34
S009295,O007758,In Transit,2024-04-19 22:58:18
S009296,O010808,Pickup,2024-06-06 22:13:28
S009297,O011149,Pickup,2025-03-07 17:32:54
S009298,O000270,Delivered,2024-10-05 00:04:32
S009299,O015741,In Transit,2025-08-13 09:08:55
S009300,O004819,In Transit,2025-03-31 04:50:41
S009301,O006328,In Transit,2024-12-10 19:11:20
S009302,O000922,In Transit,2025-09-25 15:21:12
S009303,O009691,Out for Delivery,2024-08-28 12:56:08
S009304,O000446,Delivered,2024-12-27 06:32:48
S009305,O019952,Out for Delivery,2025-10-20 16:41:53
S009306,O000775,Pickup,2024-11-21 20:45:34
S009307,O009383,In Transit,2024-04-23 17:44:02
S009308,O000156,In Transit,2024-10-21 05:09:01
S009309,O007059,Out for Delivery,2024-03-17 01:17:56
S009310,O013422,Pickup,2025-09-09 06:08:44
S009311,O011691,Delivered,2024-09-22 12:48:27
S009312,O014634,Delivered,2024-01-30 02:15:58
S009313,O009531,Pickup,2025-05-09 21:51:06
S009314,O003800,Out for Delivery,2024-04-24 15:20:26
S009315,O015366,Out for Delivery,2024-08-25 17:46:00
S009316,O010531,Out for Delivery,2024-05-22 10:38:11
S009317,O005500,Out for Delivery,2025-09-08 17:28:33
S009318,O009295,Pickup,2024-04-06 23:12:20
S009319,O003931,Delivered,2025-06-14 12:51:52
S009320,O005305,Pickup,2024-02-25 02:43:11
S009321,O007713,In Transit,2025-10-31 23:26:53
S009322,O009901,Out for Delivery,2025-06-17 17:27:42
S009323,O011352,In Transit,2024-08-02 12:59:18
S009324,O016984,Delivered,2025-04-02 12:56:23
S009325,O001442,Pickup,2024-11-30 08:47:53
S009326,O006534,Out for Delivery,2024-06-13 04:55:06
S009327,O002424,Pickup,2024-09-10 02:46:40
S009328,O018602,Delivered,2025-09-26 10:39:40
S009329,O005529,In Transit,2025-12-15 14:04:21
S009330,O016101,Pickup,2025-08-09 10:28:17
S009331,O009324,Delivered,2024-03-02 03:34:12
S009332,O011924,Pickup,2025-01-07 19:44:36
S009333,O018620,In Transit,2025-12-27 18:16:46
S009334,O004422,In Transit,2024-05-10 08:00:32
S009335,O010960,In Transit,2025-03-31 15:06:41
S009336,O014111,In Transit,2025-03-23 18:29:20
S009337,O010952,In Transit,2025-02-14 07:00:19
S009338,O016282,Pickup,2025-03-14 06:05:29
S009339,O007860,Out for Delivery,2025-02-01 16:15:56
S009340,O014276,Delivered,2025-11-11 19:33:50
S009341,O019298,Delivered,2024-08-09 09:22:32
S009342,O004650,Pickup,2025-09-23 15:44:53
S009343,O017082,Delivered,2025-01-01 15:26:30
S009344,O007732,Out for Delivery,2025-01-25 21:44:28
S009345,O011172,Pickup,2024-07-11 03:50:54
S009346,O006031,Out for Delivery,2025-09-18 21:22:19
S009347,O001674,Delivered,2024-02-24 07:52:14
S009348,O009947,Out for Delivery,2025-02-24 00:31:03
S009349,O007068,Pickup,2025-07-23 19:18:51
S009350,O017876,Delivered,2025-08-25 03:12:22
S009351,O011149,Out for Delivery,2025-12-07 18:22:54
S009352,O011938,Delivered,2024-08-20 18:39:04
S009353,O001345,Pickup,2025-04-23 19:28:25
S009354,O002935,Pickup,2024-02-13 20:41:51
S009355,O015660,Pickup,2024-04-03 04:02:57
S009356,O010430,In Transit,2025-11-19 12:07:23
S009357,O018470,Delivered,2025-01-14 11:52:52
S009358,O011876,Delivered,2025-07-01 04:00:32
S009359,O001556,Out for Delivery,2024-04-29 06:24:33
S009360,O003699,In Transit,2024-03-21 12:18:55
S009361,O002366,Delivered,2025-04-02 21:12:32
S009362,O000351,In Transit,2025-02-03 04:11:12
S009363,O009202,In Transit,2024-08-15 01:14:28
S009364,O012675,Pickup,2024-04-08 09:25:09
S009365,O017666,Delivered,2024-07-16 16:12:24
S009366,O000060,In Transit,2025-01-11 11:52:53
S009367,O008831,Out for Delivery,2025-05-16 19:18:37
S009368,O009621,Delivered,2024-05-25 11:00:44
S009369,O002580,Out for Delivery,2024-08-10 05:31:08
S009370,O008073,In Transit,2024-08-06 09:02:42
S009371,O015069,In Transit,2024-03-10 00:42:27
S009372,O016859,Out for Delivery,2025-05-16 02:02:42
S009373,O013202,Delivered,2024-12-07 08:30:29
S009374,O004044,In Transit,2024-05-05 21:04:05
S009375,O008176,Delivered,2025-03-31 22:00:07
S009376,O001752,Pickup,2024-04-17 11:53:10
S009377,O012679,Out for Delivery,2025-03-16 16:49:48
S009378,O000401,Delivered,2024-05-05 15:12:34
S009379,O011602,In Transit,2025-06-09 10:06:41
S009380,O000575,In Transit,2024-01-24 04:44:16
S009381,O002294,Delivered,2024-10-13 19:49:13
S009382,O013367,In Transit,2025-08-27 10:15:10
S009383,O012104,In Transit,2025-03-13 06:36:11
S009384,O005602,Out for Delivery,2024-09-05 02:22:55
S009385,O001272,In Transit,2025-01-01 07:19:43
S009386,O011812,Pickup,2024-06-12 16:03:45
S009387,O011961,Delivered,2024-06-25 17:45:15
S009388,O016014,Delivered,2025-03-04 21:12:48
S009389,O010359,Pickup,2025-08-21 04:41:47
S009390,O007234,Delivered,2024-06-11 13:59:05
S009391,O000881,Out for Delivery,2025-01-30 11:19:12
S009392,O009724,In Transit,2025-03-16 18:26:26
S009393,O016671,Delivered,2025-07-31 04:28:53
S009394,O015327,Delivered,2024-03-22 10:00:49
S009395,O004785,Delivered,2025-08-17 00:11:27
S009396,O000117,In Transit,2025-08-25 10:57:12
S009397,O019793,Pickup,2025-11-10 01:01:20
S009398,O012000,In Transit,2025-05-22 04:35:20
S009399,O006881,Out for Delivery,2024-12-26 14:05:04
S009400,O012838,Pickup,2024-08-08 21:41:10
S009401,O011197,Pickup,2025-08-25 08:38:02
S009402,O004412,Delivered,2024-03-08 08:54:59
S009403,O012685,Pickup,2024-03-11 23:22:22
S009404,O000174,Out for Delivery,2024-02-05 09:44:45
S009405,O009270,Out for Delivery,2025-03-13 16:36:25
S009406,O000370,Out for Delivery,2024-12-05 15:53:37
S009407,O019140,Pickup,2025-02-02 12:52:30
S009408,O016706,Delivered,2024-05-31 13:43:07
S009409,O003372,In Transit,2025-08-21 19:39:29
S009410,O015602,In Transit,2024-10-11 12:10:15
S009411,O008833,In Transit,2024-05-16 13:22:59
S009412,O019331,Pickup,2025-01-12 18:16:56
S009413,O005146,Out for Delivery,2025-09-12 15:29:43
S009414,O018289,Out for Delivery,2025-10-21 23:50:56
S009415,O009472,In Transit,2024-11-26 14:37:41
S009416,O017918,Out for Delivery,2025-04-13 17:28:45
S009417,O013063,Delivered,2024-06-26 21:47:58
S009418,O016148,Delivered,2024-07-03 08:51:10
S009419,O019308,In Transit,2024-07-13 21:08:56
S009420,O015868,Pickup,2025-10-19 22:02:12
S009421,O010712,Delivered,2025-04-01 11:30:04
S009422,O017251,Delivered,2024-03-04 08:56:03
S009423,O003900,Delivered,2025-02-28 14:20:38
S009424,O007488,Out for Delivery,2024-06-02 17:47:45
S009425,O007032,Pickup,2025-07-24 05:13:36
S009426,O007617,Pickup,2024-09-18 10:39:42
S009427,O014751,Delivered,2024-12-14 05:39:07
S009428,O019394,Out for Delivery,2024-02-23 12:01:41
S009429,O019782,Pickup,2024-11-24 15:24:17
S009430,O015858,In Transit,2024-12-11 21:56:32
S009431,O016100,Delivered,2024-05-04 11:41:45
S009432,O006372,In Transit,2025-10-14 19:10:52
S009433,O016389,Out for Delivery,2025-10-26 18:13:06
S009434,O007125,Delivered,2025-05-31 04:49:06
S009435,O008946,Delivered,2025-02-11 19:16:13
S009436,O006069,Delivered,2025-01-16 21:56:03
S009437,O012228,Out for Delivery,2025-07-18 06:11:20
S009438,O008738,Delivered,2024-11-15 07:34:48
S009439,O012977,Pickup,2024-08-09 02:35:19
S009440,O016426,Pickup,2024-02-29 04:43:30
S009441,O014907,In Transit,2024-10-04 16:19:48
S009442,O000451,Pickup,2025-11-26 09:42:34
S009443,O018443,Pickup,2024-09-01 05:23:33
S009444,O011781,In Transit,2025-06-28 04:39:40
S009445,O007314,Delivered,2024-03-08 04:47:18
S009446,O000509,Delivered,2024-11-27 20:26:19
S009447,O008123,Out for Delivery,2025-06-14 18:15:42
S009448,O004868,Out for Delivery,2024-11-16 10:08:42
S009449,O016033,In Transit,2024-10-14 01:03:44
S009450,O001372,Pickup,2025-09-05 21:57:49
S009451,O001087,In Transit,2025-03-06 13:38:35
S009452,O005739,Pickup,2025-04-16 01:32:09
S009453,O007342,Delivered,2024-06-12 07:45:01
S009454,O016939,Delivered,2025-09-18 06:22:56
S009455,O010943,Out for Delivery,2024-12-31 01:36:38
S009456,O009622,Out for Delivery,2025-02-22 19:59:53
S009457,O009857,Pickup,2025-11-18 20:42:13
S009458,O005740,Pickup,2024-07-07 09:36:30
S009459,O016326,In Transit,2024-02-24 16:14:00
S009460,O017079,Delivered,2025-10-11 19:10:38
S009461,O013885,Pickup,2025-06-05 19:59:40
S009462,O017578,Delivered,2024-12-24 08:44:52
S009463,O015963,Delivered,2024-09-30 16:54:27
S009464,O008343,Delivered,2024-08-15 15:17:31
S009465,O000007,Out for Delivery,2024-06-27 17:52:56
S009466,O003578,In Transit,2025-10-12 07:21:43
S009467,O010339,In Transit,2025-09-21 08:29:46
S009468,O005889,Out for Delivery,2024-05-01 04:48:46
S009469,O012617,Delivered,2024-08-02 04:03:10
S009470,O012166,In Transit,2024-02-13 03:41:16
S009471,O006203,Delivered,2025-12-19 13:31:01
S009472,O013521,Out for Delivery,2024-06-05 21:56:28
S009473,O012681,Delivered,2025-09-06 15:35:51
S009474,O007262,Pickup,2024-09-02 18:34:19
S009475,O005412,Pickup,2024-09-15 00:17:52
S009476,O000303,Delivered,2025-10-07 02:30:30
S009477,O004516,Pickup,2024-03-25 05:22:01
S009478,O009081,Pickup,2025-01-11 21:13:27
S009479,O006980,Delivered,2024-08-22 05:23:29
S009480,O019697,In Transit,2024-01-10 22:35:44
S009481,O012576,In Transit,2025-11-05 09:46:15
S009482,O012185,In Transit,2024-02-19 16:58:22
S009483,O002805,Pickup,2025-09-07 20:23:10
S009484,O011124,In Transit,2025-08-10 20:58:03
S009485,O009886,Delivered,2024-03-14 03:21:59
S009486,O007899,Delivered,2025-09-06 19:33:13
S009487,O000024,Out for Delivery,2025-03-02 07:41:56
S009488,O009923,Pickup,2024-12-07 12:36:28
S009489,O004128,Delivered,2024-09-01 02:04:44
S009490,O009260,Pickup,2024-01-16 16:01:41
S009491,O012331,In Transit,2024-02-05 00:10:30
S009492,O007011,In Transit,2024-12-20 14:50:04
S009493,O012965,Delivered,2025-09-30 00:40:32
S009494,O009554,Pickup,2024-07-14 04:22:03
S009495,O006723,Pickup,2024-09-16 15:55:13
S009496,O003324,Pickup,2025-06-08 02:35:03
S009497,O011615,Out for Delivery,2025-06-16 23:13:27
S009498,O013708,Delivered,2024-03-12 08:31:46
S009499,O016943,Pickup,2025-05-18 04:53:35
S009500,O009570,In Transit,2024-12-22 15:03:33
S009501,O005397,Pickup,2025-11-15 15:29:40
S009502,O008284,Delivered,2024-02-10 01:12:09
S009503,O000123,Pickup,2024-11-09 10:36:16
S009504,O002097,Delivered,2024-04-03 07:39:32
S009505,O009872,Pickup,2025-05-15 03:52:29
S009506,O018459,Pickup,2024-04-10 13:15:23
S009507,O008255,In Transit,2024-05-02 16:12:36
S009508,O007692,In Transit,2025-12-08 18:45:54
S009509,O009936,Out for Delivery,2024-07-10 18:50:37
S009510,O004652,Out for Delivery,2025-04-04 06:31:41
S009511,O012960,In Transit,2025-08-09 14:41:06
S009512,O002766,In Transit,2025-04-24 00:59:18
S009513,O006498,Pickup,2025-10-12 04:42:39
S009514,O014644,In Transit,2025-03-01 13:23:13
S009515,O015813,In Transit,2024-05-18 11:20:49
S009516,O010191,In Transit,2025-10-07 07:33:20
S009517,O000239,Out for Delivery,2024-07-20 08:44:36
S009518,O018944,In Transit,2025-07-06 22:57:26
S009519,O006725,Out for Delivery,2024-07-30 17:19:52
S009520,O010196,Pickup,2025-03-27 06:08:08
S009521,O006017,Out for Delivery,2024-12-16 23:35:01
S009522,O006348,In Transit,2024-05-05 18:09:13
S009523,O013008,Delivered,2025-06-14 21:30:06
S009524,O008243,Delivered,2025-06-10 06:50:01
S009525,O000493,Out for Delivery,2024-07-09 20:25:51
S009526,O007115,Delivered,2025-01-07 20:27:26
S009527,O000234,Delivered,2024-03-30 01:40:23
S009528,O019988,In Transit,2024-04-28 07:27:19
S009529,O015035,Pickup,2024-01-28 20:03:35
S009530,O001759,In Transit,2025-08-12 00:35:19
S009531,O017593,Delivered,2024-01-18 10:48:38
S009532,O015587,Out for Delivery,2025-01-23 00:07:18
S009533,O012199,Delivered,2025-07-10 02:00:24
S009534,O009651,Pickup,2024-09-02 20:20:36
S009535,O012261,In Transit,2024-04-15 00:35:22
S009536,O013030,Delivered,2024-02-14 02:02:17
S009537,O011022,Pickup,2024-12-05 04:12:15
S009538,O009229,Out for Delivery,2025-12-21 19:54:48
S009539,O000859,Pickup,2024-05-09 04:34:06
S009540,O014808,Out for Delivery,2025-11-14 12:22:46
S009541,O014672,Delivered,2024-07-01 14:07:43
S009542,O018384,Out for Delivery,2025-09-15 03:26:09
S009543,O012102,Delivered,2025-02-25 17:46:04
S009544,O004440,Pickup,2024-07-10 01:03:12
S009545,O005545,Delivered,2025-09-06 11:29:14
S009546,O010360,Out for Delivery,2024-11-03 02:51:37
S009547,O003393,Pickup,2025-02-11 02:17:53
S009548,O006764,Pickup,2025-10-05 23:47:53
S009549,O016284,Pickup,2024-04-15 21:50:44
S009550,O009610,Pickup,2024-01-29 13:34:22
S009551,O014015,Pickup,2025-02-22 21:37:09
S009552,O006743,Out for Delivery,2024-12-14 02:23:08
S009553,O008550,In Transit,2024-01-26 23:26:50
S009554,O005790,In Transit,2024-09-28 04:38:38
S009555,O018599,Out for Delivery,2025-01-13 05:14:05
S009556,O011081,Delivered,2025-10-24 08:00:32
S009557,O012663,Out for Delivery,2025-02-28 09:03:01
S009558,O011522,Delivered,2025-06-26 01:39:06
S009559,O002390,Pickup,2025-02-02 00:46:24
S009560,O016230,In Transit,2024-08-11 03:50:07
S009561,O005150,Pickup,2024-09-10 06:52:49
S009562,O008294,Out for Delivery,2024-12-23 18:43:33
S009563,O001913,Out for Delivery,2025-08-17 08:38:56
S009564,O001003,Pickup,2025-06-21 23:04:27
S009565,O018009,Pickup,2025-09-25 08:55:06
S009566,O005493,In Transit,2025-01-10 08:30:36
S009567,O017894,Delivered,2025-09-07 22:13:52
S009568,O010213,In Transit,2025-07-17 03:00:21
S009569,O013805,Out for Delivery,2025-04-05 06:01:58
S009570,O016231,In Transit,2025-09-06 03:02:08
S009571,O012249,Delivered,2024-02-26 02:22:51
S009572,O019161,Delivered,2024-08-24 18:29:55
S009573,O001388,Out for Delivery,2024-06-13 11:48:57
S009574,O000113,Pickup,2024-12-12 06:18:01
S009575,O014500,Delivered,2025-03-14 03:12:01
S009576,O010162,Delivered,2024-12-28 00:59:55
S009577,O017932,Pickup,2024-09-28 12:03:08
S009578,O014763,Pickup,2024-02-26 07:19:29
S009579,O000426,Delivered,2025-10-03 03:49:28
S009580,O012750,Out for Delivery,2024-02-25 23:11:34
S009581,O010807,Delivered,2024-01-18 22:57:46
S009582,O007086,Pickup,2025-11-10 20:51:21
S009583,O002947,Delivered,2024-01-11 07:40:45
S009584,O008559,In Transit,2024-10-13 01:10:53
S009585,O005876,Out for Delivery,2025-08-18 23:16:36
S009586,O010591,Pickup,2025-07-10 18:20:03
S009587,O004247,Pickup,2024-04-04 07:33:32
S009588,O003684,Pickup,2025-08-16 00:20:26
S009589,O003895,Out for Delivery,2025-07-27 15:39:17
S009590,O014099,Out for Delivery,2024-03-29 01:07:10
S009591,O004125,In Transit,2024-12-07 16:00:14
S009592,O009817,Delivered,2024-04-24 01:02:53
S009593,O012945,Pickup,2024-07-03 17:03:42
S009594,O013635,Delivered,2025-10-26 14:33:02
S009595,O019832,In Transit,2024-07-24 18:13:09
S009596,O005009,Out for Delivery,2024-06-19 13:22:40
S009597,O005928,Pickup,2024-06-27 03:10:40
S009598,O002953,Out for Delivery,2024-03-18 00:27:08
S009599,O004605,Out for Delivery,2024-08-04 16:53:55
S009600,O015169,In Transit,2024-10-18 03:48:32
S009601,O014138,Delivered,2025-09-21 22:14:07
S009602,O013112,In Transit,2024-10-12 14:37:42
S009603,O005741,In Transit,2024-07-16 11:49:24
S009604,O013874,Pickup,2025-10-11 02:26:26
S009605,O009063,Out for Delivery,2024-03-31 03:38:42
S009606,O010944,In Transit,2025-10-20 02:53:38
S009607,O005440,In Transit,2024-12-31 10:04:29
S009608,O016084,Out for Delivery,2025-11-09 11:56:49
S009609,O000610,Pickup,2024-11-24 14:17:30
S009610,O003274,In Transit,2024-02-25 19:39:51
S009611,O006291,Pickup,2025-12-13 14:30:18
S009612,O012082,In Transit,2024-02-15 07:50:17
S009613,O008842,In Transit,2025-02-22 05:55:38
S009614,O001387,Out for Delivery,2025-10-15 07:08:21
S009615,O014599,Pickup,2025-08-24 11:34:49
S009616,O001126,Out for Delivery,2024-12-01 10:20:23
S009617,O017749,Pickup,2024-06-14 00:24:26
S009618,O019933,Delivered,2025-11-15 12:10:26
S009619,O013533,Delivered,2024-03-21 14:39:25
S009620,O005685,Delivered,2024-08-28 01:24:01
S009621,O001055,Out for Delivery,2025-11-30 00:06:53
S009622,O010269,Pickup,2025-04-10 05:19:07
S009623,O010536,Pickup,2024-05-20 11:10:57
S009624,O003847,In Transit,2025-10-08 01:13:17
S009625,O016728,In Transit,2025-03-17 19:47:34
S009626,O012007,Out for Delivery,2024-02-06 07:44:33
S009627,O015938,In Transit,2025-09-22 10:11:47
S009628,O007566,In Transit,2025-01-12 14:51:13
S009629,O009972,Delivered,2025-02-20 15:08:09
S009630,O007351,Out for Delivery,2025-11-22 08:17:44
S009631,O012191,Delivered,2025-06-08 02:31:04
S009632,O004954,Out for Delivery,2025-06-01 05:11:49
S009633,O013710,Out for Delivery,2024-06-05 11:30:36
S009634,O008251,In Transit,2024-03-06 00:42:15
S009635,O009365,In Transit,2025-10-27 13:25:32
S009636,O005651,In Transit,2024-02-12 19:15:23
S009637,O007296,In Transit,2025-06-05 11:12:32
S009638,O015750,Out for Delivery,2025-03-03 03:22:34
S009639,O005429,Delivered,2024-09-22 15:19:15
S009640,O019572,Out for Delivery,2024-02-08 16:59:24
S009641,O014062,Out for Delivery,2024-11-09 15:22:18
S009642,O001603,Out for Delivery,2025-06-17 20:55:37
S009643,O004205,Pickup,2025-08-30 21:43:19
S009644,O004795,Delivered,2025-11-06 23:26:22
S009645,O005662,Delivered,2025-01-02 06:17:11
S009646,O015662,Out for Delivery,2025-06-26 11:47:23
S009647,O000294,Out for Delivery,2024-12-31 02:23:47
S009648,O016664,Out for Delivery,2025-12-04 20:28:59
S009649,O000719,Out for Delivery,2025-04-05 19:14:30
S009650,O010624,Out for Delivery,2024-01-01 08:23:51
S009651,O004356,Pickup,2025-06-17 01:23:41
S009652,O004420,Delivered,2025-08-21 13:18:40
S009653,O017197,Delivered,2024-09-20 16:44:10
S009654,O013064,Out for Delivery,2025-02-22 12:55:58
S009655,O005343,Delivered,2024-05-22 08:34:52
S009656,O013374,Pickup,2025-03-20 16:35:05
S009657,O005615,In Transit,2024-05-15 15:01:40
S009658,O008259,Out for Delivery,2025-05-04 13:23:36
S009659,O000457,In Transit,2025-01-23 18:45:37
S009660,O001052,Delivered,2024-01-06 15:54:13
S009661,O017357,Pickup,2024-08-19 20:20:06
S009662,O006068,Out for Delivery,2025-01-13 00:36:25
S009663,O018879,Out for Delivery,2024-04-23 04:09:40
S009664,O000148,Delivered,2025-06-02 11:02:58
S009665,O016465,Delivered,2024-01-02 08:23:32
S009666,O004173,In Transit,2024-11-18 22:45:28
S009667,O019416,Out for Delivery,2025-11-07 20:33:56
S009668,O011798,Out for Delivery,2025-02-01 08:15:32
S009669,O014312,In Transit,2024-08-25 15:18:23
S009670,O002160,In Transit,2024-07-21 09:02:55
S009671,O004250,Out for Delivery,2024-05-09 10:00:13
S009672,O000154,In Transit,2024-10-31 11:01:02
S009673,O019485,Out for Delivery,2025-02-13 18:02:24
S009674,O003952,In Transit,2024-10-05 01:24:05
S009675,O010230,Out for Delivery,2024-01-04 03:24:39
S009676,O002363,Delivered,2025-05-22 19:23:52
S009677,O010178,In Transit,2024-06-06 23:25:50
S009678,O008220,In Transit,2025-11-04 23:02:34
S009679,O002193,Delivered,2025-05-01 03:33:45
S009680,O001474,Pickup,2025-06-26 23:29:20
S009681,O004466,In Transit,2025-06-05 02:15:06
S009682,O008489,Delivered,2025-02-06 10:06:25
S009683,O000763,In Transit,2024-03-15 11:02:37
S009684,O009292,Delivered,2025-05-21 06:50:33
S009685,O016417,Pickup,2025-06-22 04:56:53
S009686,O010045,In Transit,2025-06-12 10:16:33
S009687,O005201,Delivered,2024-06-19 20:03:44
S009688,O010815,Out for Delivery,2025-03-25 21:44:52
S009689,O008509,Delivered,2025-02-06 04:38:26
S009690,O014577,Out for Delivery,2024-09-26 19:23:00
S009691,O015883,Out for Delivery,2024-09-24 02:47:59
S009692,O006532,Pickup,2025-01-25 08:11:37
S009693,O002874,In Transit,2024-01-11 18:46:28
S009694,O018446,Out for Delivery,2024-08-03 15:39:11
S009695,O000623,Delivered,2024-02-18 20:59:30
S009696,O009342,Delivered,2025-02-22 19:40:54
S009697,O017532,Pickup,2025-01-30 12:06:19
S009698,O006667,Delivered,2024-12-07 13:32:06
S009699,O001315,Delivered,2024-05-20 15:26:33
S009700,O014006,In Transit,2025-04-22 13:36:26
S009701,O014763,Pickup,2024-06-02 12:35:11
S009702,O006184,Out for Delivery,2024-03-05 05:40:35
S009703,O014517,In Transit,2025-11-13 08:32:14
S009704,O011350,Out for Delivery,2025-10-26 04:42:47
S009705,O008209,Out for Delivery,2025-12-09 20:12:15
S009706,O009595,Delivered,2025-10-10 18:19:42
S009707,O003266,Delivered,2024-07-12 12:34:09
S009708,O005219,Pickup,2025-05-02 09:04:02
S009709,O013273,Pickup,2025-02-04 13:09:15
S009710,O003187,Out for Delivery,2024-04-26 21:18:23
S009711,O019960,In Transit,2024-09-17 15:18:52
S009712,O003351,Out for Delivery,2024-04-26 15:52:38
S009713,O012086,In Transit,2024-07-14 03:18:32
S009714,O006416,Delivered,2024-09-07 08:27:00
S009715,O016668,In Transit,2024-10-29 21:15:00
S009716,O010773,In Transit,2025-09-09 14:18:38
S009717,O011723,In Transit,2025-08-13 23:22:27
S009718,O008524,Delivered,2025-04-03 10:05:10
S009719,O013299,In Transit,2025-06-17 20:17:36
S009720,O006720,Pickup,2025-03-19 02:47:17
S009721,O016659,Delivered,2024-08-23 18:54:12
S009722,O006915,Pickup,2025-04-12 19:03:11
S009723,O011327,In Transit,2024-01-21 15:43:52
S009724,O003684,Out for Delivery,2024-11-12 23:53:20
S009725,O015573,In Transit,2025-02-15 02:36:15
S009726,O014565,In Transit,2025-09-15 13:40:24
S009727,O009337,In Transit,2024-05-21 09:46:36
S009728,O004748,Delivered,2024-12-20 10:51:45
S009729,O012435,Pickup,2024-11-27 18:50:21
S009730,O005013,Out for Delivery,2024-05-13 00:20:27
S009731,O010640,Delivered,2024-01-19 05:31:19
S009732,O012656,Pickup,2024-06-02 16:26:24
S009733,O016256,In Transit,2025-11-26 13:13:25
S009734,O013745,In Transit,2024-04-11 08:18:50
S009735,O017413,Delivered,2024-02-26 13:05:29
S009736,O008237,Out for Delivery,2024-01-25 14:17:01
S009737,O007656,Delivered,2025-04-18 06:45:06
S009738,O016502,In Transit,2024-05-21 03:31:04
S009739,O017813,Delivered,2025-02-17 11:30:13
S009740,O004290,Out for Delivery,2024-05-17 16:11:29
S009741,O016700,Out for Delivery,2025-12-28 13:59:13
S009742,O005597,Out for Delivery,2024-07-04 06:24:32
S009743,O009168,Pickup,2024-02-22 05:06:15
S009744,O018346,Delivered,2024-10-17 20:15:03
S009745,O013254,In Transit,2025-02-21 04:59:48
S009746,O015582,Delivered,2025-12-08 17:01:09
S009747,O012359,In Transit,2025-02-16 11:34:29
S009748,O012144,In Transit,2025-06-02 02:13:45
S009749,O019578,Pickup,2024-11-20 05:28:10
S009750,O015793,Delivered,2024-06-24 22:14:28
S009751,O000957,In Transit,2024-09-27 06:51:16
S009752,O002540,Pickup,2025-03-04 09:20:50
S009753,O012100,Out for Delivery,2025-07-29 02:45:28
S009754,O018136,Delivered,2025-11-19 12:13:11
S009755,O012299,In Transit,2025-06-27 07:49:31
S009756,O006547,Out for Delivery,2025-04-15 08:14:44
S009757,O000252,Pickup,2025-06-01 16:51:56
S009758,O016655,Delivered,2025-09-18 10:34:35
S009759,O019620,Pickup,2024-07-31 06:30:07
S009760,O000242,In Transit,2024-03-25 00:56:22
S009761,O002312,In Transit,2024-03-27 02:34:53
S009762,O003101,Pickup,2025-03-24 07:23:25
S009763,O012710,In Transit,2024-06-01 23:42:51
S009764,O015312,Delivered,2025-08-05 06:42:48
S009765,O014409,In Transit,2025-11-11 20:26:54
S009766,O005751,Pickup,2024-04-03 20:54:51
S009767,O000853,Delivered,2025-05-22 04:36:17
S009768,O009909,In Transit,2024-08-27 14:49:29
S009769,O006724,In Transit,2025-06-14 09:13:21
S009770,O013080,In Transit,2024-11-27 16:25:06
S009771,O010495,In Transit,2025-12-25 10:22:04
S009772,O006087,Pickup,2024-12-28 01:13:26
S009773,O005186,Pickup,2025-01-20 23:46:53
S009774,O019778,Out for Delivery,2024-07-30 21:37:01
S009775,O019016,Pickup,2024-04-02 05:45:46
S009776,O003846,In Transit,2024-05-06 06:10:37
S009777,O008347,Pickup,2024-10-13 22:35:40
S009778,O018984,Out for Delivery,2025-09-25 16:31:25
S009779,O016668,In Transit,2025-01-06 00:49:58
S009780,O012294,Pickup,2025-09-03 11:50:54
S009781,O013120,Delivered,2024-05-14 23:12:14
S009782,O012472,In Transit,2025-04-25 09:56:42
S009783,O013357,Out for Delivery,2025-02-05 17:36:29
S009784,O009469,Out for Delivery,2024-04-13 15:28:42
S009785,O015278,Pickup,2025-08-01 05:47:22
S009786,O000993,Pickup,2025-03-10 15:09:25
S009787,O007393,In Transit,2024-08-29 05:57:20
S009788,O014612,In Transit,2024-06-22 21:37:30
S009789,O000218,In Transit,2025-06-09 11:03:58
S009790,O000128,Out for Delivery,2024-11-08 03:47:47
S009791,O010491,Out for Delivery,2024-09-16 20:42:25
S009792,O017403,In Transit,2024-02-27 15:04:53
S009793,O013963,In Transit,2025-06-18 18:59:04
S009794,O014355,In Transit,2025-09-28 23:16:55
S009795,O003059,Out for Delivery,2024-06-20 07:52:29
S009796,O001417,In Transit,2025-01-04 20:58:01
S009797,O003911,Out for Delivery,2024-11-08 07:19:19
S009798,O017451,Out for Delivery,2025-03-29 02:43:18
S009799,O005447,Out for Delivery,2025-02-07 14:27:08
S009800,O010084,Delivered,2024-07-22 01:29:38
S009801,O012675,Out for Delivery,2025-10-09 08:41:38
S009802,O018362,Delivered,2025-08-29 03:25:33
S009803,O010847,In Transit,2024-01-08 08:49:02
S009804,O008669,Pickup,2024-07-22 18:20:53
S009805,O013797,Pickup,2025-10-25 00:33:01
S009806,O016797,Pickup,2024-08-01 19:02:01
S009807,O017055,Delivered,2024-08-10 04:29:07
S009808,O001275,Pickup,2024-12-06 12:38:55
S009809,O007289,Out for Delivery,2024-10-29 19:34:45
S009810,O002248,Out for Delivery,2025-12-15 02:54:40
S009811,O018398,Pickup,2024-01-12 05:32:57
S009812,O003316,Pickup,2025-07-09 14:10:27
S009813,O007799,Pickup,2024-05-31 15:19:24
S009814,O014914,Delivered,2025-10-24 01:56:06
S009815,O011034,Pickup,2025-04-19 05:59:37
S009816,O019218,In Transit,2024-07-29 22:16:23
S009817,O018720,Out for Delivery,2025-10-22 17:53:16
S009818,O008008,Delivered,2024-07-25 02:34:53
S009819,O011987,Pickup,2025-01-17 14:56:53
S009820,O004455,In Transit,2025-05-13 18:02:55
S009821,O014503,Out for Delivery,2024-12-18 03:34:53
S009822,O014027,In Transit,2025-11-05 06:29:09
S009823,O008642,Out for Delivery,2024-03-27 03:07:18
S009824,O005693,Pickup,2025-10-11 07:37:37
S009825,O012345,Pickup,2024-05-24 20:56:30
S009826,O019432,In Transit,2024-09-04 13:42:06
S009827,O015497,Pickup,2025-01-23 21:51:36
S009828,O009629,Delivered,2024-11-12 21:44:59
S009829,O011465,In Transit,2025-09-27 21:26:16
S009830,O004336,Delivered,2024-07-29 16:54:54
S009831,O014940,In Transit,2024-03-26 13:39:04
S009832,O008782,In Transit,2024-10-09 08:03:12
S009833,O005444,Out for Delivery,2024-09-29 19:26:49
S009834,O004602,In Transit,2024-04-29 08:16:08
S009835,O004146,Delivered,2024-08-06 19:21:14
S009836,O011739,In Transit,2025-05-14 05:54:26
S009837,O007050,Delivered,2025-06-09 15:03:45
S009838,O018250,In Transit,2025-01-10 13:52:28
S009839,O008318,In Transit,2024-02-03 11:05:44
S009840,O015859,Delivered,2024-07-05 02:50:40
S009841,O019369,Delivered,2024-02-05 23:23:00
S009842,O005283,Pickup,2024-02-03 12:54:24
S009843,O018854,Pickup,2024-10-11 01:09:01
S009844,O011906,In Transit,2025-12-29 21:53:51
S009845,O018190,Pickup,2024-02-01 13:10:06
S009846,O017738,In Transit,2024-05-19 03:00:32
S009847,O013434,Pickup,2024-09-14 23:05:59
S009848,O016280,Out for Delivery,2024-09-30 05:16:52
S009849,O017568,In Transit,2025-03-16 05:41:17
S009850,O013630,Out for Delivery,2024-03-31 00:21:49
S009851,O007993,In Transit,2024-09-03 16:50:03
S009852,O019332,In Transit,2025-06-24 09:09:07
S009853,O017752,Pickup,2025-08-17 05:46:01
S009854,O018404,Pickup,2025-09-18 20:26:10
S009855,O011480,Out for Delivery,2025-12-22 06:01:56
S009856,O006143,In Transit,2025-03-30 08:24:07
S009857,O017045,Pickup,2025-09-16 05:02:16
S009858,O014656,Pickup,2025-04-12 22:07:40
S009859,O012244,Pickup,2024-02-02 05:31:26
S009860,O009803,Delivered,2024-12-31 16:12:45
S009861,O013403,Pickup,2025-05-24 00:52:25
S009862,O004279,In Transit,2024-08-23 04:16:29
S009863,O005467,Out for Delivery,2024-09-05 10:11:00
S009864,O005873,Delivered,2024-08-24 08:58:43
S009865,O011880,Pickup,2025-04-15 16:19:12
S009866,O019730,Out for Delivery,2025-03-05 20:41:01
S009867,O003920,In Transit,2024-01-26 10:50:24
S009868,O008567,Pickup,2024-02-22 07:50:28
S009869,O000857,In Transit,2024-12-12 10:41:15
S009870,O004644,Delivered,2025-03-23 14:51:04
S009871,O017165,In Transit,2025-06-09 18:56:55
S009872,O018368,Delivered,2024-11-28 01:53:47
S009873,O000493,Pickup,2024-06-25 13:40:59
S009874,O004097,Delivered,2024-10-18 21:37:17
S009875,O010474,Out for Delivery,2025-02-25 10:26:48
S009876,O009066,Out for Delivery,2025-10-08 14:08:01
S009877,O013890,Delivered,2025-05-01 06:55:50
S009878,O001123,Out for Delivery,2025-08-13 10:09:54
S009879,O007136,Pickup,2024-07-24 21:32:57
S009880,O013441,Pickup,2024-03-16 09:25:48
S009881,O000186,Pickup,2024-06-27 12:55:46
S009882,O002597,Pickup,2025-05-04 10:06:59
S009883,O019925,Out for Delivery,2025-10-09 00:27:45
S009884,O010731,In Transit,2025-12-01 07:26:04
S009885,O003367,In Transit,2025-07-26 22:45:48
S009886,O005195,Pickup,2024-12-03 09:31:25
S009887,O008558,Out for Delivery,2024-10-23 14:06:03
S009888,O007931,Delivered,2025-05-17 20:15:44
S009889,O011891,Pickup,2024-11-23 10:03:03
S009890,O006536,Out for Delivery,2024-06-09 11:46:45
S009891,O000833,Pickup,2024-04-14 12:27:30
S009892,O014307,Delivered,2025-01-02 06:28:51
S009893,O006340,In Transit,2025-12-10 05:05:27
S009894,O016747,In Transit,2025-10-20 13:13:44
S009895,O014287,Out for Delivery,2025-11-14 19:12:28
S009896,O018898,Out for Delivery,2024-02-08 02:47:36
S009897,O008999,Delivered,2024-10-27 13:56:24
S009898,O014582,In Transit,2025-01-01 04:17:01
S009899,O003088,In Transit,2025-07-13 18:12:10
S009900,O004986,In Transit,2024-02-17 09:29:26
S009901,O019326,Delivered,2025-06-22 11:24:03
S009902,O007443,Pickup,2025-08-18 14:28:28
S009903,O007858,Delivered,2024-04-28 06:55:01
S009904,O002075,Pickup,2024-01-30 23:35:07
S009905,O001332,Out for Delivery,2025-04-01 20:03:20
S009906,O006069,Pickup,2024-05-25 11:12:16
S009907,O006241,Delivered,2024-12-27 11:28:01
S009908,O002583,Delivered,2024-02-24 05:50:41
S009909,O015741,In Transit,2024-07-16 18:12:43
S009910,O018160,Pickup,2024-12-04 08:18:13
S009911,O005686,Delivered,2024-06-10 03:55:07
S009912,O000323,Delivered,2025-06-01 01:22:21
S009913,O018235,In Transit,2024-05-30 06:09:58
S009914,O007404,Delivered,2024-11-18 15:21:45
S009915,O003729,In Transit,2024-10-12 02:00:30
S009916,O004904,Pickup,2024-05-11 01:37:00
S009917,O007014,Pickup,2025-06-28 21:55:36
S009918,O007805,Out for Delivery,2025-09-27 08:45:05
S009919,O015462,In Transit,2025-03-12 02:39:22
S009920,O019317,Pickup,2025-10-11 20:47:03
S009921,O009801,Pickup,2025-05-30 02:15:26
S009922,O014141,Out for Delivery,2024-01-20 12:06:47
S009923,O002393,Pickup,2024-03-08 03:58:20
S009924,O017469,Delivered,2024-08-25 08:30:10
S009925,O019240,In Transit,2024-02-21 07:38:41
S009926,O009088,In Transit,2024-02-05 13:21:27
S009927,O014088,Delivered,2024-05-20 16:30:37
S009928,O011825,Out for Delivery,2024-04-10 02:18:50
S009929,O019701,Out for Delivery,2025-05-29 06:44:44
S009930,O008295,Out for Delivery,2025-05-31 05:16:58
S009931,O000908,In Transit,2025-09-21 04:43:10
S009932,O001793,In Transit,2024-09-28 16:22:47
S009933,O000195,In Transit,2025-04-07 04:32:20
S009934,O007343,Out for Delivery,2025-04-07 22:49:37
S009935,O005135,In Transit,2024-07-03 17:28:43
S009936,O002941,Delivered,2024-11-07 09:47:02
S009937,O002032,In Transit,2024-08-20 10:32:20
S009938,O000752,Delivered,2025-11-27 18:08:50
S009939,O002934,Pickup,2025-03-13 09:21:16
S009940,O010450,In Transit,2025-03-01 05:47:52
S009941,O002217,Out for Delivery,2025-07-07 11:33:27
S009942,O004626,Out for Delivery,2024-02-01 23:10:38
S009943,O016994,Delivered,2025-11-20 17:05:30
S009944,O016070,Pickup,2025-12-16 23:52:12
S009945,O017721,Pickup,2024-03-22 16:40:46
S009946,O000329,In Transit,2025-03-20 11:41:50
S009947,O013668,In Transit,2025-01-26 11:45:27
S009948,O004247,In Transit,2024-01-02 03:03:26
S009949,O008421,Pickup,2025-03-17 09:46:20
S009950,O009161,Delivered,2024-05-13 14:02:37
S009951,O009737,In Transit,2025-10-30 23:40:34
S009952,O005799,Delivered,2025-03-12 10:38:05
S009953,O017833,In Transit,2025-07-01 19:12:06
S009954,O009342,Out for Delivery,2025-06-08 07:31:21
S009955,O005445,In Transit,2024-08-26 18:47:49
S009956,O015652,Out for Delivery,2025-03-08 14:06:14
S009957,O017644,Out for Delivery,2025-10-10 18:07:51
S009958,O012135,Pickup,2024-10-03 18:28:21
S009959,O001011,Out for Delivery,2025-09-25 12:57:12
S009960,O000854,Pickup,2025-08-03 05:18:26
S009961,O004389,Out for Delivery,2024-03-11 13:27:27
S009962,O008121,Pickup,2024-10-14 12:19:06
S009963,O015127,Pickup,2024-09-15 09:39:45
S009964,O004106,Out for Delivery,2024-09-06 15:53:07
S009965,O008634,Pickup,2025-01-23 19:41:47
S009966,O012618,Delivered,2024-01-14 00:15:35
S009967,O016330,Delivered,2024-02-23 00:40:00
S009968,O018827,Pickup,2024-10-19 14:23:00
S009969,O014374,Out for Delivery,2025-02-25 15:29:46
S009970,O018643,Pickup,2025-06-19 13:36:24
S009971,O012251,Out for Delivery,2024-06-09 02:38:46
S009972,O011316,In Transit,2025-09-01 22:35:41
S009973,O010856,In Transit,2024-09-07 07:08:45
S009974,O006298,Out for Delivery,2025-02-23 03:35:51
S009975,O001051,Pickup,2025-06-26 02:08:34
S009976,O017398,Out for Delivery,2025-05-31 01:49:48
S009977,O000147,Out for Delivery,2025-07-05 16:04:46
S009978,O003605,Delivered,2025-09-05 12:11:59
S009979,O013622,Delivered,2025-04-16 13:17:21
S009980,O012769,Out for Delivery,2024-02-03 22:10:33
S009981,O014248,Delivered,2024-10-25 13:35:01
S009982,O009214,Delivered,2025-07-02 16:33:15
S009983,O007795,In Transit,2024-11-18 09:33:19
S009984,O015543,Out for Delivery,2024-09-06 11:01:37
S009985,O002792,Out for Delivery,2025-02-03 17:06:35
S009986,O010161,Pickup,2024-07-26 04:25:27
S009987,O007383,In Transit,2024-01-12 19:44:03
S009988,O013617,Pickup,2024-05-27 08:26:00
S009989,O004676,Pickup,2024-05-31 00:32:42
S009990,O012221,Pickup,2024-07-06 20:01:58
S009991,O003585,In Transit,2025-06-07 15:16:17
S009992,O010649,Delivered,2025-11-15 05:22:10
S009993,O006584,In Transit,2024-05-06 05:30:04
S009994,O001133,Out for Delivery,2025-04-22 09:42:24
S009995,O016761,Out for Delivery,2024-10-03 14:05:03
S009996,O007390,Delivered,2025-08-22 21:31:29
S009997,O015629,Out for Delivery,2025-08-12 07:04:41
S009998,O018778,Delivered,2024-12-13 01:37:02
S009999,O017812,Out for Delivery,2024-02-16 14:00:17
S010000,O004517,Pickup,2025-05-03 02:55:43
S010001,O008049,Out for Delivery,2024-04-27 00:36:01
S010002,O013101,Delivered,2025-09-12 07:44:58
S010003,O011382,Out for Delivery,2024-07-30 11:06:54
S010004,O006356,Out for Delivery,2024-11-09 02:39:51
S010005,O000246,Out for Delivery,2024-10-06 17:57:29
S010006,O001779,In Transit,2025-04-23 11:10:23
S010007,O006954,In Transit,2024-11-01 13:16:35
S010008,O013157,Out for Delivery,2024-03-10 09:31:10
S010009,O012703,Delivered,2025-11-20 08:58:17
S010010,O000750,In Transit,2024-10-19 03:13:57
S010011,O009896,Pickup,2025-03-24 19:01:33
S010012,O013562,In Transit,2025-10-30 20:53:47
S010013,O006423,Pickup,2024-02-08 11:38:08
S010014,O015012,Pickup,2025-10-07 23:48:36
S010015,O013402,Pickup,2025-12-28 16:13:16
S010016,O006488,Out for Delivery,2025-03-28 04:03:16
S010017,O018495,In Transit,2025-07-18 14:28:22
S010018,O008047,Out for Delivery,2024-04-20 18:28:16
S010019,O010572,Out for Delivery,2024-11-07 08:06:39
S010020,O008280,Pickup,2024-08-07 17:43:22
S010021,O016849,Pickup,2025-11-15 00:43:35
S010022,O002791,Pickup,2025-03-04 15:46:12
S010023,O013583,Pickup,2025-01-18 03:57:27
S010024,O008438,In Transit,2025-11-04 11:39:29
S010025,O010407,Out for Delivery,2025-12-14 10:22:16
S010026,O013296,Pickup,2025-09-08 02:03:31
S010027,O016074,Delivered,2025-07-05 18:07:27
S010028,O002469,Delivered,2024-01-29 12:45:13
S010029,O000480,Out for Delivery,2025-08-07 08:37:56
S010030,O012709,In Transit,2025-01-25 18:36:22
S010031,O004803,Delivered,2024-02-29 01:48:02
S010032,O007658,Delivered,2025-08-09 06:10:21
S010033,O018181,Delivered,2024-02-09 09:30:07
S010034,O006533,In Transit,2025-08-23 00:06:05
S010035,O009578,In Transit,2024-09-05 23:01:32
S010036,O012748,Out for Delivery,2025-12-15 15:16:31
S010037,O008514,In Transit,2024-01-27 12:51:02
S010038,O019280,In Transit,2024-08-23 20:16:09
S010039,O008952,Delivered,2024-11-06 03:21:44
S010040,O019212,Pickup,2025-07-24 17:50:16
S010041,O004386,Delivered,2025-08-17 00:21:58
S010042,O006143,Pickup,2024-12-01 18:14:57
S010043,O017685,Pickup,2024-09-12 16:06:19
S010044,O016767,Pickup,2025-11-16 22:47:06
S010045,O014030,In Transit,2024-10-15 15:22:06
S010046,O012380,In Transit,2024-11-09 12:31:31
S010047,O009695,Delivered,2025-07-25 05:29:52
S010048,O003965,In Transit,2025-04-01 02:56:10
S010049,O003958,Delivered,2024-07-19 08:21:31
S010050,O019332,Pickup,2024-05-14 20:01:58
S010051,O004604,Pickup,2025-10-07 18:17:56
S010052,O006170,Out for Delivery,2024-09-16 14:23:22
S010053,O004440,Pickup,2024-06-09 06:58:14
S010054,O005617,Delivered,2024-08-15 01:24:56
S010055,O011954,Pickup,2024-11-19 10:27:55
S010056,O005388,In Transit,2025-05-31 05:50:34
S010057,O015270,Delivered,2025-05-20 17:01:27
S010058,O016964,Delivered,2024-12-23 02:32:46
S010059,O005584,Out for Delivery,2025-12-25 19:06:46
S010060,O010400,Pickup,2025-11-15 15:19:33
S010061,O007483,In Transit,2024-04-08 22:07:21
S010062,O017059,Pickup,2025-08-05 15:27:27
S010063,O013088,Pickup,2024-11-26 09:05:18
S010064,O018736,In Transit,2024-04-26 16:35:55
S010065,O014562,Out for Delivery,2024-07-22 16:08:18
S010066,O013985,Out for Delivery,2025-08-08 02:18:02
S010067,O017491,Delivered,2025-05-11 23:15:46
S010068,O000876,In Transit,2024-10-08 01:02:37
S010069,O000827,Delivered,2024-07-20 04:14:07
S010070,O010798,Pickup,2024-08-25 13:53:38
S010071,O006827,Out for Delivery,2025-05-06 04:25:47
S010072,O011144,In Transit,2025-03-02 18:17:55
S010073,O011979,Out for Delivery,2025-05-06 02:52:01
S010074,O009295,Delivered,2025-04-28 22:07:02
S010075,O007717,Delivered,2024-07-20 06:34:34
S010076,O016102,Delivered,2024-04-27 07:24:21
S010077,O018063,Delivered,2025-04-06 15:07:12
S010078,O007186,Pickup,2024-02-15 23:41:34
S010079,O009551,Pickup,2025-01-17 17:52:19
S010080,O004801,Pickup,2024-08-19 10:39:20
S010081,O017364,Out for Delivery,2024-12-14 03:35:31
S010082,O001612,Out for Delivery,2024-10-12 17:51:52
S010083,O009157,Out for Delivery,2025-04-19 20:37:28
S010084,O003519,Pickup,2025-12-05 00:04:03
S010085,O018301,Out for Delivery,2025-08-14 11:01:36
S010086,O019202,Delivered,2024-12-29 11:17:09
S010087,O019426,Pickup,2024-10-27 20:16:43
S010088,O003627,Out for Delivery,2024-05-03 04:29:28
S010089,O018893,Delivered,2024-03-08 07:38:59
S010090,O015532,Out for Delivery,2024-12-23 01:23:21
S010091,O003148,In Transit,2024-06-14 22:19:45
S010092,O014340,Delivered,2024-08-10 04:00:43
S010093,O003879,Delivered,2025-06-29 05:36:48
S010094,O013212,Delivered,2024-04-29 06:05:34
S010095,O009065,Pickup,2024-01-20 18:04:08
S010096,O000298,Out for Delivery,2024-10-27 04:21:19
S010097,O004692,Pickup,2024-05-06 20:23:14
S010098,O018996,In Transit,2024-10-31 15:45:41
S010099,O011810,In Transit,2024-07-18 19:03:05
S010100,O010564,Delivered,2024-09-09 21:27:18
S010101,O002552,Out for Delivery,2025-08-13 20:05:38
S010102,O018794,Delivered,2024-04-08 18:37:02
S010103,O017265,In Transit,2025-05-04 15:38:29
S010104,O015548,In Transit,2025-11-15 22:06:59
S010105,O019898,Out for Delivery,2025-01-18 02:03:12
S010106,O000917,Out for Delivery,2025-10-26 06:39:53
S010107,O000353,In Transit,2025-09-12 20:16:59
S010108,O013896,Pickup,2024-12-15 16:06:55
S010109,O001578,Out for Delivery,2025-08-28 21:32:58
S010110,O017325,Pickup,2024-05-06 02:41:26
S010111,O014852,In Transit,2025-05-21 05:52:21
S010112,O006349,In Transit,2025-04-16 14:07:02
S010113,O009802,Pickup,2025-02-18 01:28:33
S010114,O006868,Pickup,2025-02-13 00:05:09
S010115,O006412,Out for Delivery,2024-12-12 08:34:46
S010116,O017967,In Transit,2025-06-23 10:05:01
S010117,O004775,Out for Delivery,2025-06-07 17:04:15
S010118,O018399,In Transit,2024-09-24 04:35:17
S010119,O015576,In Transit,2024-06-10 04:23:03
S010120,O000442,In Transit,2024-04-18 17:14:24
S010121,O002444,Delivered,2025-09-20 14:03:34
S010122,O001937,Out for Delivery,2025-04-26 06:22:36
S010123,O001362,In Transit,2024-11-06 07:28:12
S010124,O006988,In Transit,2024-08-15 09:38:10
S010125,O015502,Out for Delivery,2025-02-14 16:52:37
S010126,O015909,In Transit,2024-11-01 21:12:57
S010127,O018007,Pickup,2024-03-09 19:00:18
S010128,O018207,In Transit,2024-10-03 06:07:54
S010129,O011790,Pickup,2025-05-02 04:08:04
S010130,O003295,Delivered,2025-09-24 20:17:26
S010131,O017896,Out for Delivery,2025-02-02 21:09:48
S010132,O009842,Delivered,2025-03-03 09:04:41
S010133,O016596,In Transit,2024-12-19 14:13:56
S010134,O004250,Out for Delivery,2024-06-29 18:36:16
S010135,O002979,Delivered,2025-09-11 23:56:20
S010136,O003756,Out for Delivery,2025-02-04 12:26:54
S010137,O005281,Delivered,2024-08-07 12:28:08
S010138,O010238,Delivered,2025-11-07 19:11:28
S010139,O006338,Out for Delivery,2025-12-11 01:14:25
S010140,O018501,In Transit,2025-10-13 06:13:06
S010141,O002346,Pickup,2024-08-19 12:21:01
S010142,O018427,Delivered,2024-10-09 01:58:10
S010143,O005004,In Transit,2024-12-17 17:27:33
S010144,O016840,In Transit,2025-04-25 16:06:44
S010145,O005963,Delivered,2025-07-12 23:36:27
S010146,O014187,In Transit,2024-04-08 16:33:10
S010147,O012038,Out for Delivery,2025-04-10 21:09:58
S010148,O013009,Pickup,2025-03-12 11:20:08
S010149,O008257,Out for Delivery,2025-04-04 03:25:16
S010150,O017931,In Transit,2025-08-24 01:50:26
S010151,O005239,Pickup,2024-06-29 09:33:32
S010152,O002801,Pickup,2025-03-13 20:48:37
S010153,O011347,Pickup,2024-05-05 19:17:01
S010154,O013415,Delivered,2024-10-04 17:08:34
S010155,O007269,Out for Delivery,2024-10-13 03:08:57
S010156,O016181,Out for Delivery,2024-03-21 07:57:42
S010157,O000426,Pickup,2025-05-19 17:12:03
S010158,O001159,In Transit,2024-08-10 04:16:12
S010159,O013892,Pickup,2024-08-16 02:20:56
S010160,O013613,Pickup,2025-11-27 16:30:00
S010161,O011117,Delivered,2024-03-18 01:54:42
S010162,O012030,Pickup,2024-03-01 11:26:41
S010163,O012317,Out for Delivery,2024-07-06 05:50:49
S010164,O009074,Delivered,2025-07-15 12:20:37
S010165,O012624,Delivered,2024-01-16 06:55:56
S010166,O008698,Out for Delivery,2024-01-01 10:13:07
S010167,O008927,Pickup,2025-02-09 20:34:58
S010168,O000260,In Transit,2024-11-08 19:38:43
S010169,O006244,Pickup,2024-06-19 08:22:58
S010170,O012973,Out for Delivery,2025-11-03 16:37:22
S010171,O016161,Delivered,2025-05-24 01:26:05
S010172,O013676,In Transit,2024-03-09 05:23:59
S010173,O008563,Delivered,2024-06-02 06:08:21
S010174,O013375,Delivered,2024-08-19 18:26:08
S010175,O005553,Pickup,2025-12-20 14:35:19
S010176,O019825,Delivered,2025-02-14 09:53:05
S010177,O018663,Pickup,2025-02-18 19:25:49
S010178,O000586,Out for Delivery,2025-03-02 00:49:28
S010179,O015710,Pickup,2024-01-04 11:30:58
S010180,O007278,Delivered,2024-06-25 11:11:39
S010181,O002304,In Transit,2025-06-26 09:34:12
S010182,O003709,Pickup,2025-05-11 14:00:35
S010183,O005797,In Transit,2024-03-29 02:47:12
S010184,O017551,Delivered,2025-07-27 11:21:37
S010185,O000441,In Transit,2025-05-03 21:14:26
S010186,O013391,Pickup,2025-12-06 02:08:08
S010187,O009287,Pickup,2025-10-27 14:08:00
S010188,O017494,Out for Delivery,2025-12-01 19:09:05
S010189,O005682,Delivered,2025-01-02 01:56:06
S010190,O005381,In Transit,2025-11-11 08:04:02
S010191,O018828,Pickup,2024-10-11 18:49:23
S010192,O002738,Pickup,2024-08-14 00:20:19
S010193,O004617,Delivered,2025-04-04 04:14:53
S010194,O003677,Pickup,2024-04-16 07:18:59
S010195,O007654,Pickup,2024-11-27 14:47:10
S010196,O018495,In Transit,2025-07-01 00:35:55
S010197,O002662,Pickup,2025-12-05 10:20:56
S010198,O000605,In Transit,2025-01-26 09:51:35
S010199,O002550,Out for Delivery,2024-12-26 10:37:51
S010200,O013338,Delivered,2025-05-29 18:47:03
S010201,O006598,Out for Delivery,2024-05-23 10:14:09
S010202,O003070,Out for Delivery,2025-10-17 14:10:43
S010203,O017141,In Transit,2025-12-07 14:41:18
S010204,O010998,In Transit,2024-12-25 01:56:38
S010205,O004119,In Transit,2024-09-28 21:10:04
S010206,O006605,Out for Delivery,2024-02-02 13:11:20
S010207,O008861,Delivered,2024-04-13 15:23:16
S010208,O006466,In Transit,2025-05-02 22:31:43
S010209,O019338,Pickup,2025-06-12 23:46:11
S010210,O007183,Out for Delivery,2024-01-15 11:30:11
S010211,O007362,Delivered,2025-12-18 00:42:16
S010212,O002335,Out for Delivery,2024-07-07 18:47:25
S010213,O003499,Delivered,2025-11-24 05:51:16
S010214,O000083,Delivered,2024-11-17 07:32:21
S010215,O005645,Out for Delivery,2025-07-29 21:54:36
S010216,O011681,Pickup,2024-09-03 07:26:39
S010217,O006204,In Transit,2024-02-03 01:55:10
S010218,O001890,Pickup,2025-05-17 11:46:54
S010219,O008321,Out for Delivery,2025-07-16 08:25:21
S010220,O017145,Delivered,2025-08-04 10:58:44
S010221,O005460,Delivered,2025-04-07 12:10:55
S010222,O016931,Pickup,2024-07-14 22:39:17
S010223,O003097,Out for Delivery,2024-03-03 20:39:14
S010224,O001158,In Transit,2025-12-31 20:34:14
S010225,O007557,In Transit,2025-09-11 00:21:48
S010226,O008228,Pickup,2024-04-01 16:45:51
S010227,O018948,In Transit,2024-01-03 01:45:29
S010228,O012485,Out for Delivery,2024-01-24 18:05:21
S010229,O008413,In Transit,2025-05-13 12:23:19
S010230,O000526,Pickup,2024-12-20 00:26:09
S010231,O014102,Pickup,2025-08-17 07:02:34
S010232,O018529,In Transit,2025-01-06 00:06:34
S010233,O012438,Delivered,2024-09-24 03:44:31
S010234,O001426,Pickup,2025-04-24 11:27:16
S010235,O004073,Out for Delivery,2025-01-01 17:53:03
S010236,O011760,In Transit,2025-03-27 17:22:29
S010237,O016621,In Transit,2025-04-20 13:11:11
S010238,O006061,Delivered,2024-01-13 04:55:11
S010239,O012919,Out for Delivery,2024-02-06 12:31:12
S010240,O011982,Pickup,2024-07-23 00:37:00
S010241,O007842,Delivered,2025-08-23 01:53:31
S010242,O001366,Pickup,2024-06-23 05:18:51
S010243,O002975,Delivered,2025-09-15 21:53:40
S010244,O013785,In Transit,2024-10-30 08:13:22
S010245,O002342,Delivered,2025-12-15 18:03:02
S010246,O007133,In Transit,2024-10-31 20:10:25
S010247,O001410,In Transit,2025-07-07 20:14:16
S010248,O003155,Delivered,2025-08-08 06:19:57
S010249,O001747,Pickup,2025-01-30 18:50:38
S010250,O019382,In Transit,2025-03-24 02:10:30
S010251,O016181,Pickup,2025-05-31 13:51:44
S010252,O010652,Pickup,2024-09-09 12:27:59
S010253,O017064,Pickup,2025-08-01 02:22:09
S010254,O000047,Delivered,2025-12-13 22:39:16
S010255,O019292,Out for Delivery,2024-10-26 00:28:23
S010256,O009559,In Transit,2025-11-25 15:12:04
S010257,O003458,Pickup,2024-11-03 05:19:02
S010258,O008692,In Transit,2024-10-01 17:01:35
S010259,O012804,Out for Delivery,2025-07-06 10:07:08
S010260,O008457,Pickup,2024-06-10 21:10:39
S010261,O004980,Pickup,2025-09-05 07:14:52
S010262,O014121,Out for Delivery,2024-02-20 11:42:51
S010263,O008065,Delivered,2025-05-21 02:05:02
S010264,O019765,Pickup,2025-06-13 10:38:22
S010265,O017385,Pickup,2025-03-24 05:30:06
S010266,O016508,Pickup,2024-12-03 02:53:33
S010267,O007326,In Transit,2025-03-28 14:48:30
S010268,O010408,Out for Delivery,2024-05-21 06:08:56
S010269,O002017,Pickup,2025-10-07 18:07:42
S010270,O016006,In Transit,2025-01-07 15:25:12
S010271,O002976,Delivered,2024-11-11 13:43:04
S010272,O000926,Out for Delivery,2025-08-07 17:07:52
S010273,O016952,Delivered,2025-05-26 00:45:36
S010274,O010294,Pickup,2025-02-17 17:18:57
S010275,O005981,Delivered,2025-08-31 13:11:44
S010276,O005993,Delivered,2025-01-29 16:26:59
S010277,O009034,In Transit,2025-08-02 14:25:35
S010278,O009022,Out for Delivery,2024-07-04 07:41:33
S010279,O009622,Out for Delivery,2025-07-03 16:40:22
S010280,O016558,Out for Delivery,2025-05-23 05:09:01
S010281,O011429,Pickup,2025-01-10 20:20:46
S010282,O008552,Delivered,2024-02-03 22:36:47
S010283,O013124,Pickup,2024-02-26 14:30:00
S010284,O003490,Delivered,2024-05-16 13:28:02
S010285,O004703,Pickup,2024-01-19 13:29:34
S010286,O008186,Delivered,2024-05-23 01:51:32
S010287,O004852,Delivered,2025-02-07 00:06:32
S010288,O004102,Delivered,2025-08-26 09:16:41
S010289,O004888,In Transit,2025-12-18 06:26:31
S010290,O017953,Pickup,2025-08-09 05:38:36
S010291,O007056,Out for Delivery,2024-12-25 22:28:01
S010292,O008367,Delivered,2025-06-11 16:47:45
S010293,O004509,Delivered,2025-08-25 01:37:39
S010294,O012414,Pickup,2025-06-05 22:45:29
S010295,O009226,Out for Delivery,2025-02-23 18:25:13
S010296,O004585,Pickup,2025-09-22 09:16:05
S010297,O000260,Out for Delivery,2024-06-05 18:20:31
S010298,O016603,Delivered,2024-06-30 18:27:49
S010299,O014195,Pickup,2024-08-23 22:55:33
S010300,O009882,Out for Delivery,2025-03-13 14:44:49
S010301,O006912,Delivered,2025-07-10 09:22:51
S010302,O007192,Delivered,2024-08-17 23:19:14
S010303,O005504,In Transit,2024-06-07 04:18:37
S010304,O016301,In Transit,2025-01-28 12:05:57
S010305,O014324,Delivered,2024-09-02 01:23:45
S010306,O014884,Delivered,2024-02-15 15:45:59
S010307,O004625,Delivered,2024-09-19 01:34:52
S010308,O010937,In Transit,2025-05-27 22:06:12
S010309,O019894,Delivered,2024-05-30 18:37:35
S010310,O011719,Out for Delivery,2025-03-04 15:26:29
S010311,O018333,Out for Delivery,2025-03-22 06:01:12
S010312,O006595,Pickup,2024-05-19 00:47:21
S010313,O016493,Out for Delivery,2024-01-23 10:43:24
S010314,O014357,Delivered,2024-11-09 16:59:46
S010315,O010416,Pickup,2024-02-05 18:18:24
S010316,O004568,Out for Delivery,2024-03-29 15:40:55
S010317,O012026,Delivered,2024-08-17 06:34:04
S010318,O004096,Delivered,2024-11-09 22:21:24
S010319,O011818,Out for Delivery,2025-01-22 07:34:53
S010320,O010977,Delivered,2025-03-28 15:51:59
S010321,O014524,In Transit,2024-04-18 22:09:06
S010322,O015809,Out for Delivery,2025-12-13 20:50:27
S010323,O007622,Pickup,2024-07-31 01:02:20
S010324,O000526,Pickup,2024-12-24 06:38:29
S010325,O003941,Delivered,2024-08-29 12:10:32
S010326,O014072,Delivered,2025-07-15 11:56:57
S010327,O005677,Pickup,2025-01-02 06:34:52
S010328,O004709,Delivered,2025-09-19 05:40:22
S010329,O010280,Delivered,2025-12-01 06:38:31
S010330,O002960,Pickup,2025-12-17 13:35:35
S010331,O007693,Pickup,2024-11-10 23:25:29
S010332,O007408,Delivered,2024-11-04 22:47:27
S010333,O010915,In Transit,2025-01-13 22:33:03
S010334,O013914,Delivered,2025-11-10 07:09:52
S010335,O006273,Pickup,2025-06-13 18:22:08
S010336,O000003,Out for Delivery,2025-01-12 09:25:14
S010337,O004126,Delivered,2025-10-22 07:24:12
S010338,O007265,Out for Delivery,2024-04-10 02:34:32
S010339,O013816,In Transit,2024-11-03 20:54:05
S010340,O015039,Out for Delivery,2024-08-10 05:32:58
S010341,O010338,Out for Delivery,2025-12-15 18:48:23
S010342,O013221,In Transit,2024-05-09 15:48:45
S010343,O005703,Pickup,2024-06-22 03:16:02
S010344,O015127,Pickup,2025-08-21 18:55:55
S010345,O014754,Out for Delivery,2025-12-22 06:11:00
S010346,O012653,Delivered,2025-02-09 01:01:35
S010347,O006415,In Transit,2024-01-14 20:00:32
S010348,O016160,In Transit,2024-09-14 18:40:14
S010349,O019368,In Transit,2024-02-13 00:26:30
S010350,O001094,In Transit,2024-06-21 20:22:00
S010351,O010937,Pickup,2025-11-29 06:55:05
S010352,O009810,In Transit,2024-02-05 07:04:42
S010353,O015351,Delivered,2024-11-02 23:12:18
S010354,O019358,Pickup,2025-09-20 13:29:38
S010355,O014910,In Transit,2024-09-13 23:21:01
S010356,O006985,In Transit,2025-03-10 07:56:05
S010357,O004936,In Transit,2024-08-24 09:32:55
S010358,O014769,Delivered,2025-04-24 17:35:33
S010359,O015323,Out for Delivery,2025-02-18 05:06:02
S010360,O007773,Delivered,2024-05-30 23:41:23
S010361,O007428,Out for Delivery,2024-08-30 07:09:45
S010362,O004085,In Transit,2025-06-03 18:08:08
S010363,O005686,Pickup,2024-11-05 00:58:06
S010364,O006288,Delivered,2024-07-03 12:59:53
S010365,O012192,In Transit,2024-11-27 12:39:41
S010366,O005952,Delivered,2024-11-11 22:59:08
S010367,O011236,Delivered,2025-09-13 07:40:16
S010368,O006558,Delivered,2024-01-05 15:16:05
S010369,O015002,In Transit,2024-02-04 18:41:17
S010370,O016488,In Transit,2024-05-27 01:44:14
S010371,O006378,In Transit,2025-08-26 20:38:18
S010372,O011630,Out for Delivery,2025-01-29 18:19:39
S010373,O004320,In Transit,2024-08-04 06:47:45
S010374,O013064,In Transit,2025-07-20 15:24:03
S010375,O013533,In Transit,2025-12-18 13:13:55
S010376,O017608,In Transit,2024-08-07 20:52:21
S010377,O009041,In Transit,2024-07-04 19:28:22
S010378,O003008,Out for Delivery,2024-02-04 09:36:29
S010379,O003154,Delivered,2024-11-10 22:27:47
S010380,O015363,In Transit,2024-05-03 17:00:23
S010381,O000706,Delivered,2025-08-25 22:49:14
S010382,O010698,Delivered,2025-06-22 13:22:38
S010383,O016452,Out for Delivery,2025-10-15 08:07:49
S010384,O013221,Delivered,2025-04-09 04:00:13
S010385,O010999,Pickup,2025-10-16 11:12:18
S010386,O005185,Delivered,2025-07-13 08:02:46
S010387,O009068,Out for Delivery,2025-09-25 07:23:51
S010388,O003952,Out for Delivery,2024-07-05 12:14:20
S010389,O003095,Pickup,2024-02-21 06:01:34
S010390,O008146,Delivered,2025-06-10 14:12:32
S010391,O000279,Delivered,2024-03-16 03:38:20
S010392,O008192,In Transit,2025-08-07 03:17:26
S010393,O003372,Out for Delivery,2024-08-01 10:00:57
S010394,O005895,Delivered,2025-11-21 23:33:31
S010395,O012321,Pickup,2025-06-03 10:13:41
S010396,O011394,Pickup,2024-07-13 17:03:25
S010397,O005258,Out for Delivery,2025-01-25 19:09:45
S010398,O001596,In Transit,2025-01-04 18:19:36
S010399,O002406,Pickup,2025-01-23 15:05:22
S010400,O015042,Out for Delivery,2024-09-27 05:43:13
S010401,O010032,Delivered,2025-03-30 18:50:45
S010402,O008222,In Transit,2024-09-17 06:40:44
S010403,O006640,Pickup,2025-02-04 00:50:14
S010404,O000644,In Transit,2024-08-20 03:23:40
S010405,O015365,In Transit,2025-11-11 16:01:43
S010406,O018180,In Transit,2024-04-01 16:26:08
S010407,O006835,Out for Delivery,2025-01-17 01:44:55
S010408,O014977,Out for Delivery,2025-09-14 21:39:44
S010409,O011137,Pickup,2025-10-18 15:30:54
S010410,O014899,Pickup,2024-09-17 12:19:00
S010411,O009443,Delivered,2025-07-22 21:59:45
S010412,O014900,Out for Delivery,2024-08-22 17:09:05
S010413,O016989,Pickup,2024-05-28 14:54:32
S010414,O001847,Pickup,2025-05-31 22:24:26
S010415,O018316,Out for Delivery,2024-11-08 14:32:33
S010416,O008706,Pickup,2024-12-27 04:43:52
S010417,O011137,Delivered,2025-02-02 13:21:18
S010418,O002554,Out for Delivery,2025-05-03 07:24:24
S010419,O012627,Out for Delivery,2024-05-27 00:05:19
S010420,O000582,In Transit,2024-10-01 14:25:10
S010421,O019926,Out for Delivery,2024-10-19 22:52:46
S010422,O012284,In Transit,2025-01-09 15:05:45
S010423,O005679,Pickup,2025-02-02 15:53:31
S010424,O017684,Out for Delivery,2024-02-24 14:30:25
S010425,O008230,Delivered,2025-05-13 12:25:53
S010426,O004526,Delivered,2024-12-24 08:06:14
S010427,O019267,Delivered,2025-01-05 07:02:22
S010428,O019545,Pickup,2025-01-01 17:00:32
S010429,O010566,Pickup,2024-07-08 19:17:30
S010430,O019087,Pickup,2024-02-01 08:27:03
S010431,O001647,Out for Delivery,2025-07-19 13:44:00
S010432,O010081,Pickup,2024-03-26 18:59:23
S010433,O008797,Out for Delivery,2025-06-20 10:19:45
S010434,O012179,Out for Delivery,2025-11-29 14:36:07
S010435,O008483,In Transit,2025-06-17 07:26:58
S010436,O011012,Out for Delivery,2024-12-02 20:55:27
S010437,O006984,Delivered,2024-05-19 01:18:00
S010438,O018119,Pickup,2024-10-19 03:00:51
S010439,O019135,Delivered,2024-08-09 20:18:44
S010440,O008597,In Transit,2025-10-21 00:48:47
S010441,O004406,In Transit,2024-09-28 09:59:38
S010442,O016695,In Transit,2025-03-19 09:20:05
S010443,O015648,Pickup,2025-03-18 05:17:15
S010444,O019887,Pickup,2025-01-02 10:08:13
S010445,O007774,Delivered,2024-07-19 15:38:30
S010446,O018189,Delivered,2024-09-11 19:44:37
S010447,O003278,Pickup,2025-08-29 04:23:34
S010448,O000648,Out for Delivery,2024-11-17 12:02:21
S010449,O013236,Delivered,2024-08-13 04:38:20
S010450,O018986,Out for Delivery,2024-09-04 07:48:15
S010451,O010398,In Transit,2024-01-08 23:29:46
S010452,O013986,In Transit,2024-08-08 12:24:01
S010453,O014981,Delivered,2025-07-09 13:40:05
S010454,O001859,Out for Delivery,2024-12-11 19:38:05
S010455,O015085,Pickup,2025-02-16 23:27:22
S010456,O017534,Out for Delivery,2025-02-20 08:26:04
S010457,O009275,Out for Delivery,2025-03-20 18:56:12
S010458,O016321,Pickup,2024-09-07 04:33:59
S010459,O014701,Delivered,2024-03-10 06:29:07
S010460,O001605,Out for Delivery,2024-01-11 05:01:22
S010461,O007951,Delivered,2024-09-24 13:59:14
S010462,O000514,Out for Delivery,2025-01-02 19:17:24
S010463,O010929,Out for Delivery,2024-12-29 23:57:34
S010464,O019909,Out for Delivery,2025-04-18 09:58:10
S010465,O013523,Out for Delivery,2024-12-20 10:28:47
S010466,O018024,Out for Delivery,2025-11-07 22:41:41
S010467,O016455,Out for Delivery,2025-07-09 11:21:29
S010468,O015761,In Transit,2024-12-04 04:39:43
S010469,O010953,Pickup,2025-02-12 10:59:18
S010470,O006889,Out for Delivery,2025-01-10 14:28:10
S010471,O003000,Delivered,2025-09-19 10:24:37
S010472,O014921,Out for Delivery,2025-05-13 01:59:21
S010473,O016304,Pickup,2024-01-11 22:12:29
S010474,O009047,In Transit,2024-07-18 07:27:18
S010475,O013154,Out for Delivery,2024-08-20 10:17:15
S010476,O019595,Out for Delivery,2025-04-14 06:46:52
S010477,O017113,In Transit,2025-06-11 05:24:56
S010478,O003219,In Transit,2024-03-30 20:47:17
S010479,O015127,Delivered,2025-09-28 01:22:48
S010480,O017286,Delivered,2024-03-02 15:57:27
S010481,O014238,Out for Delivery,2024-07-06 18:44:16
S010482,O013911,Delivered,2025-10-29 15:09:12
S010483,O012994,In Transit,2025-08-02 17:31:41
S010484,O001749,In Transit,2024-01-14 14:40:53
S010485,O011095,Pickup,2024-01-09 19:51:13
S010486,O004856,Delivered,2025-08-08 16:31:59
S010487,O013350,In Transit,2024-01-07 02:21:17
S010488,O010398,Delivered,2025-04-21 05:38:52
S010489,O018699,In Transit,2025-04-04 07:07:10
S010490,O003887,In Transit,2025-09-03 23:10:25
S010491,O009626,Delivered,2024-08-18 00:36:28
S010492,O016778,Delivered,2025-12-10 09:53:48
S010493,O018299,Pickup,2025-11-08 03:18:43
S010494,O003513,Delivered,2024-05-15 18:55:12
S010495,O014261,Delivered,2025-09-09 23:09:28
S010496,O013123,Out for Delivery,2025-09-06 20:23:32
S010497,O001781,Pickup,2025-12-24 05:07:11
S010498,O016763,Out for Delivery,2025-05-03 18:07:29
S010499,O000104,Delivered,2024-11-26 18:21:48
S010500,O005914,Pickup,2024-12-05 03:04:47
S010501,O016128,Pickup,2024-04-22 05:24:16
S010502,O015493,Delivered,2024-10-08 18:01:58
S010503,O007496,In Transit,2024-06-05 05:22:31
S010504,O012958,Out for Delivery,2024-07-18 06:27:55
S010505,O006518,In Transit,2025-08-12 20:49:03
S010506,O011184,Delivered,2024-05-13 01:15:49
S010507,O005021,Out for Delivery,2024-03-02 15:31:20
S010508,O018116,In Transit,2025-02-18 02:07:17
S010509,O004927,Out for Delivery,2025-05-09 15:03:09
S010510,O013783,Pickup,2025-05-20 12:31:27
S010511,O003661,In Transit,2024-10-22 23:04:25
S010512,O007682,Out for Delivery,2025-02-27 15:32:55
S010513,O004492,Out for Delivery,2025-05-06 13:31:34
S010514,O008707,Pickup,2025-03-16 12:00:29
S010515,O014506,Out for Delivery,2025-02-01 23:41:52
S010516,O008807,Delivered,2024-09-08 14:08:26
S010517,O013124,Pickup,2024-08-14 00:27:49
S010518,O007608,In Transit,2025-10-21 14:13:41
S010519,O014823,Delivered,2025-05-13 00:28:44
S010520,O007547,In Transit,2025-05-22 03:08:17
S010521,O008651,In Transit,2025-09-05 01:23:00
S010522,O016860,In Transit,2025-08-23 21:59:53
S010523,O019832,Out for Delivery,2024-02-16 01:55:18
S010524,O001824,Delivered,2024-04-03 09:45:13
S010525,O014432,In Transit,2025-04-19 14:15:32
S010526,O015401,Out for Delivery,2025-07-30 17:47:42
S010527,O015974,Delivered,2025-05-06 10:17:24
S010528,O019496,Delivered,2025-09-14 18:58:26
S010529,O002239,Pickup,2024-06-06 03:43:05
S010530,O010793,Delivered,2024-10-09 09:53:27
S010531,O018979,Out for Delivery,2025-08-09 01:58:47
S010532,O019904,Delivered,2025-07-26 03:40:30
S010533,O001054,Pickup,2025-05-02 03:47:11
S010534,O010997,In Transit,2024-08-23 20:11:02
S010535,O013028,Pickup,2025-01-22 15:08:59
S010536,O002224,Delivered,2024-08-08 00:34:42
S010537,O005118,Out for Delivery,2025-04-26 23:13:49
S010538,O011464,In Transit,2025-11-22 06:57:47
S010539,O019224,Pickup,2024-04-17 02:08:36
S010540,O009375,Pickup,2025-09-06 12:38:08
S010541,O006911,Delivered,2025-06-27 18:10:05
S010542,O016207,Pickup,2024-10-11 23:27:24
S010543,O010272,Out for Delivery,2024-04-02 23:49:49
S010544,O014748,Delivered,2025-11-18 03:42:41
S010545,O005181,In Transit,2024-04-17 17:55:15
S010546,O008388,Delivered,2024-01-18 22:54:47
S010547,O002505,Out for Delivery,2024-10-02 11:04:00
S010548,O003713,Out for Delivery,2024-10-08 18:29:37
S010549,O016618,Delivered,2025-07-27 05:13:58
S010550,O003133,Out for Delivery,2025-04-26 06:18:42
S010551,O002947,Pickup,2025-12-17 15:23:52
S010552,O011681,Delivered,2024-09-10 04:49:45
S010553,O019895,Pickup,2024-06-20 06:41:27
S010554,O015223,Out for Delivery,2025-09-03 21:59:58
S010555,O000977,Delivered,2024-02-11 23:29:37
S010556,O018367,Out for Delivery,2025-08-24 19:32:48
S010557,O018733,Pickup,2025-12-07 12:10:30
S010558,O015582,Delivered,2025-09-28 12:50:23
S010559,O011022,Pickup,2024-07-14 21:17:38
S010560,O014346,Out for Delivery,2024-01-01 13:52:47
S010561,O013099,Pickup,2024-04-29 14:19:15
S010562,O019878,In Transit,2025-05-31 10:01:50
S010563,O017753,In Transit,2025-02-15 19:45:26
S010564,O003735,Out for Delivery,2025-07-15 01:02:01
S010565,O018144,In Transit,2025-05-06 16:52:10
S010566,O000390,Pickup,2025-01-14 22:33:51
S010567,O010327,In Transit,2024-01-15 03:19:58
S010568,O006427,In Transit,2025-06-29 00:01:18
S010569,O017456,In Transit,2025-12-09 22:15:38
S010570,O010762,In Transit,2024-12-11 06:54:25
S010571,O001275,Out for Delivery,2024-05-10 14:04:02
S010572,O012356,In Transit,2024-04-01 21:05:51
S010573,O011522,Out for Delivery,2025-12-01 06:02:43
S010574,O018558,Out for Delivery,2025-09-26 16:34:38
S010575,O016306,Out for Delivery,2025-01-03 00:20:28
S010576,O001838,Delivered,2025-06-24 18:18:04
S010577,O018854,In Transit,2025-08-22 09:40:57
S010578,O009357,Pickup,2025-08-29 16:41:17
S010579,O013864,Pickup,2025-01-12 08:10:30
S010580,O007344,Delivered,2024-09-12 00:18:21
S010581,O017574,Out for Delivery,2025-07-30 16:58:40
S010582,O018683,Out for Delivery,2025-01-01 23:50:55
S010583,O018996,Delivered,2025-01-27 16:22:59
S010584,O013324,In Transit,2025-06-10 23:42:00
S010585,O007046,Out for Delivery,2025-06-22 13:03:16
S010586,O003602,Pickup,2025-09-28 19:43:37
S010587,O012972,Pickup,2025-12-13 03:00:54
S010588,O015147,Out for Delivery,2025-10-04 21:39:59
S010589,O014485,In Transit,2024-08-31 00:37:22
S010590,O007307,In Transit,2024-01-07 10:48:38
S010591,O009468,Delivered,2024-09-19 22:13:16
S010592,O006735,Delivered,2025-03-30 14:21:53
S010593,O012928,Delivered,2025-06-28 23:54:49
S010594,O005241,Out for Delivery,2025-12-06 10:50:41
S010595,O006538,In Transit,2024-02-21 05:26:39
S010596,O001474,Pickup,2024-12-13 21:53:44
S010597,O003294,Delivered,2025-05-24 00:47:15
S010598,O016585,Pickup,2024-02-15 05:18:07
S010599,O018127,Delivered,2025-09-02 10:09:11
S010600,O018937,Pickup,2025-05-11 12:08:41
S010601,O013823,Delivered,2025-02-06 16:53:52
S010602,O018479,Pickup,2024-03-03 09:56:42
S010603,O016712,In Transit,2025-02-06 06:43:05
S010604,O004375,Pickup,2025-11-04 08:31:15
S010605,O007874,Pickup,2024-10-07 18:42:38
S010606,O016635,Delivered,2024-07-16 00:53:25
S010607,O003197,Delivered,2025-01-10 03:20:28
S010608,O011356,Pickup,2025-11-19 15:31:36
S010609,O013984,Delivered,2025-08-04 15:55:52
S010610,O014977,Out for Delivery,2024-12-21 05:38:58
S010611,O007693,Out for Delivery,2024-04-15 10:17:33
S010612,O006928,Pickup,2024-05-05 20:36:48
S010613,O003952,Pickup,2024-10-18 01:08:30
S010614,O001124,Out for Delivery,2024-12-24 20:38:36
S010615,O008591,Out for Delivery,2024-12-20 13:10:59
S010616,O013925,Out for Delivery,2024-06-13 01:17:14
S010617,O017098,Pickup,2025-03-23 04:53:30
S010618,O009601,Out for Delivery,2025-11-20 01:42:15
S010619,O017945,Pickup,2025-12-04 01:17:01
S010620,O008020,In Transit,2024-03-16 15:55:56
S010621,O003478,Pickup,2024-04-08 14:18:38
S010622,O014059,Delivered,2024-01-25 07:50:45
S010623,O013021,In Transit,2025-06-26 09:01:42
S010624,O013683,In Transit,2025-01-14 23:03:25
S010625,O000062,Pickup,2025-11-06 22:52:40
S010626,O005225,Delivered,2024-04-28 14:44:29
S010627,O012958,Delivered,2025-04-19 15:29:43
S010628,O001731,Out for Delivery,2024-04-27 14:11:13
S010629,O010081,Pickup,2024-08-30 03:17:08
S010630,O003305,Delivered,2024-06-22 03:17:29
S010631,O006844,Out for Delivery,2025-11-17 22:44:34
S010632,O015655,Delivered,2024-12-04 05:35:16
S010633,O015674,Out for Delivery,2025-01-28 07:52:21
S010634,O003807,In Transit,2025-11-01 04:21:20
S010635,O001370,Pickup,2025-09-26 06:39:06
S010636,O004257,Delivered,2025-09-15 14:13:10
S010637,O015152,Pickup,2025-11-23 20:35:39
S010638,O004084,In Transit,2025-04-08 22:18:40
S010639,O001149,Delivered,2024-04-15 14:30:44
S010640,O000104,Delivered,2024-02-08 12:31:53
S010641,O017886,Delivered,2024-02-03 09:19:01
S010642,O008212,Delivered,2025-06-07 16:43:39
S010643,O000579,Delivered,2024-10-06 09:04:29
S010644,O007519,Out for Delivery,2024-11-05 20:34:38
S010645,O002121,Delivered,2024-11-13 10:21:22
S010646,O011278,In Transit,2024-07-07 21:39:01
S010647,O010779,Out for Delivery,2025-03-05 11:07:54
S010648,O001997,Pickup,2024-12-27 10:52:35
S010649,O003636,Delivered,2025-04-24 07:22:59
S010650,O015452,In Transit,2024-01-15 16:53:18
S010651,O014586,Delivered,2024-08-27 11:36:23
S010652,O009234,Out for Delivery,2025-09-30 11:16:05
S010653,O009956,In Transit,2024-10-07 03:51:58
S010654,O003412,Delivered,2025-12-17 18:03:15
S010655,O001656,Delivered,2025-05-02 03:20:53
S010656,O019381,Delivered,2024-09-14 02:50:16
S010657,O014624,Pickup,2025-11-11 13:33:16
S010658,O001099,Delivered,2025-04-29 21:15:06
S010659,O016646,Out for Delivery,2024-09-13 03:05:13
S010660,O006446,Pickup,2024-12-05 03:24:11
S010661,O013395,In Transit,2025-09-13 02:18:56
S010662,O015094,Delivered,2025-07-16 18:58:06
S010663,O004835,In Transit,2025-04-17 06:05:38
S010664,O008818,Pickup,2024-08-17 02:58:55
S010665,O001268,Delivered,2024-09-30 21:30:06
S010666,O011487,Pickup,2024-01-26 22:05:57
S010667,O011511,Pickup,2024-02-02 06:39:07
S010668,O011339,In Transit,2025-03-23 17:10:16
S010669,O008604,Delivered,2024-10-05 02:40:57
S010670,O009415,In Transit,2025-09-18 15:09:20
S010671,O001270,Pickup,2024-06-21 22:00:03
S010672,O012527,Pickup,2025-10-23 08:07:34
S010673,O019189,Delivered,2024-11-21 05:21:37
S010674,O018630,Out for Delivery,2025-04-12 13:39:20
S010675,O013679,Out for Delivery,2025-07-20 16:18:05
S010676,O006241,Pickup,2025-12-30 14:41:29
S010677,O012952,Out for Delivery,2024-11-09 02:47:37
S010678,O015721,In Transit,2024-06-25 08:43:45
S010679,O004303,Pickup,2024-01-12 00:53:03
S010680,O019198,Out for Delivery,2025-08-30 21:33:25
S010681,O008244,Delivered,2024-07-13 19:04:10
S010682,O019699,Pickup,2025-12-15 06:44:12
S010683,O013430,Pickup,2024-02-06 14:29:05
S010684,O009076,In Transit,2024-07-17 15:33:11
S010685,O011429,In Transit,2024-11-07 12:09:27
S010686,O017874,Out for Delivery,2024-12-13 13:41:53
S010687,O001723,Pickup,2024-08-04 04:04:15
S010688,O016002,Pickup,2024-02-21 00:52:35
S010689,O009849,In Transit,2025-09-26 04:08:35
S010690,O005516,Out for Delivery,2025-06-07 07:02:26
S010691,O006650,Out for Delivery,2025-07-25 07:46:34
S010692,O004141,Delivered,2024-10-12 13:52:53
S010693,O016989,Pickup,2024-02-10 07:43:39
S010694,O015976,Pickup,2025-02-22 11:02:11
S010695,O018792,Pickup,2024-11-10 01:47:30
S010696,O019766,In Transit,2025-06-24 07:25:34
S010697,O003540,Pickup,2024-06-18 23:06:32
S010698,O006923,In Transit,2024-02-28 09:42:07
S010699,O017731,In Transit,2025-08-30 14:40:15
S010700,O009576,Out for Delivery,2024-03-12 13:51:51
S010701,O008500,Pickup,2025-12-14 04:54:30
S010702,O001802,Pickup,2025-05-14 21:07:42
S010703,O015431,In Transit,2025-05-28 03:44:43
S010704,O003803,In Transit,2024-05-29 11:05:34
S010705,O009535,In Transit,2024-04-11 01:21:53
S010706,O019872,Pickup,2025-11-22 05:21:40
S010707,O004216,Out for Delivery,2025-02-21 07:32:03
S010708,O017965,Delivered,2024-03-30 06:06:52
S010709,O002864,Pickup,2024-08-30 06:22:00
S010710,O007871,Out for Delivery,2025-06-01 12:27:06
S010711,O018425,In Transit,2025-08-24 07:04:51
S010712,O018992,Delivered,2025-05-21 15:10:52
S010713,O018597,In Transit,2025-09-08 14:28:40
S010714,O006741,Out for Delivery,2025-06-14 07:56:34
S010715,O012270,Delivered,2025-12-30 19:41:23
S010716,O000091,In Transit,2024-01-28 08:05:45
S010717,O016627,Delivered,2024-08-22 11:16:11
S010718,O013565,Out for Delivery,2024-08-05 15:05:55
S010719,O003278,Out for Delivery,2024-10-22 22:05:27
S010720,O017105,Delivered,2024-03-06 23:54:06
S010721,O018281,Out for Delivery,2025-09-10 10:08:29
S010722,O008045,Pickup,2025-06-05 04:55:34
S010723,O015395,Delivered,2025-02-01 22:05:12
S010724,O016279,Out for Delivery,2025-04-05 07:21:29
S010725,O017813,Pickup,2024-12-01 00:46:15
S010726,O001046,Delivered,2024-12-23 13:53:04
S010727,O015376,Out for Delivery,2024-02-29 22:44:24
S010728,O014670,In Transit,2025-03-01 08:13:34
S010729,O012571,In Transit,2024-06-30 04:37:52
S010730,O011851,In Transit,2025-12-09 16:32:12
S010731,O010449,Out for Delivery,2025-11-19 00:52:37
S010732,O011334,Out for Delivery,2025-02-25 09:29:34
S010733,O001831,Delivered,2025-03-18 00:28:50
S010734,O014086,In Transit,2025-04-04 08:12:13
S010735,O019443,Delivered,2024-09-01 19:42:10
S010736,O006725,Delivered,2024-09-13 09:44:20
S010737,O010562,Pickup,2025-08-28 03:35:35
S010738,O011038,Out for Delivery,2024-07-10 08:17:25
S010739,O002825,Pickup,2024-11-18 05:34:42
S010740,O017325,Pickup,2024-04-25 18:14:56
S010741,O003130,Out for Delivery,2024-11-12 16:45:11
S010742,O009957,Pickup,2025-10-10 22:37:03
S010743,O010902,In Transit,2024-01-16 06:50:22
S010744,O016031,Pickup,2025-02-22 15:28:49
S010745,O002339,Pickup,2024-03-12 14:38:45
S010746,O016362,Out for Delivery,2025-12-23 16:50:39
S010747,O006631,In Transit,2024-03-20 17:02:18
S010748,O010175,Delivered,2024-09-01 22:45:15
S010749,O004856,Pickup,2024-10-27 01:20:43
S010750,O009878,In Transit,2025-11-01 10:39:40
S010751,O018267,Out for Delivery,2025-09-08 12:34:39
S010752,O013808,Delivered,2024-04-27 05:52:04
S010753,O006265,Out for Delivery,2025-03-15 01:55:53
S010754,O007633,Delivered,2025-09-26 06:51:41
S010755,O004602,Pickup,2025-10-14 05:42:00
S010756,O001083,Out for Delivery,2024-12-28 05:51:59
S010757,O005012,Delivered,2024-01-20 15:10:32
S010758,O014015,Delivered,2024-12-13 10:50:33
S010759,O011587,Pickup,2024-05-09 04:44:02
S010760,O009584,In Transit,2025-01-18 14:09:50
S010761,O006148,In Transit,2024-12-01 06:09:41
S010762,O013637,Delivered,2025-01-31 07:53:54
S010763,O013592,In Transit,2024-11-18 18:24:36
S010764,O010372,Pickup,2024-07-19 16:37:35
S010765,O007569,Pickup,2025-10-23 21:24:46
S010766,O007366,Out for Delivery,2025-08-26 13:20:09
S010767,O003547,Delivered,2024-11-20 15:51:06
S010768,O007389,Pickup,2025-04-15 16:19:14
S010769,O003109,In Transit,2024-04-04 11:26:21
S010770,O009515,Out for Delivery,2025-02-19 14:45:50
S010771,O017768,Pickup,2024-08-20 17:19:33
S010772,O011356,Pickup,2025-05-05 17:39:50
S010773,O010897,Pickup,2025-11-22 13:44:59
S010774,O007315,Pickup,2025-04-24 00:22:46
S010775,O011719,Pickup,2025-03-22 16:53:53
S010776,O016948,In Transit,2025-08-10 10:04:16
S010777,O017547,Out for Delivery,2024-09-15 18:36:52
S010778,O016475,Pickup,2025-10-08 06:02:59
S010779,O004954,In Transit,2025-09-29 20:35:26
S010780,O005732,Out for Delivery,2024-05-15 16:28:51
S010781,O013703,Pickup,2025-06-16 06:49:30
S010782,O005072,In Transit,2024-04-10 06:19:42
S010783,O006086,Out for Delivery,2025-04-24 02:33:10
S010784,O002067,Out for Delivery,2024-05-07 22:38:38
S010785,O007600,Delivered,2024-04-02 05:49:47
S010786,O002003,Out for Delivery,2024-07-19 11:14:48
S010787,O010199,Out for Delivery,2024-12-08 12:02:29
S010788,O002131,Delivered,2025-04-24 23:06:41
S010789,O014360,Out for Delivery,2024-10-28 05:40:28
S010790,O018422,In Transit,2025-09-05 08:05:06
S010791,O000577,Pickup,2025-01-17 07:01:06
S010792,O011691,Pickup,2024-04-25 02:53:52
S010793,O013636,Out for Delivery,2024-04-23 08:53:01
S010794,O004652,Pickup,2024-06-20 18:04:41
S010795,O010005,Pickup,2025-06-28 03:25:57
S010796,O016707,Pickup,2024-01-05 15:58:22
S010797,O019125,In Transit,2024-10-30 16:07:18
S010798,O003235,Out for Delivery,2024-09-12 07:43:14
S010799,O016480,Out for Delivery,2024-05-22 22:44:17
S010800,O001660,Out for Delivery,2025-12-19 08:41:23
S010801,O018436,Delivered,2024-09-10 04:18:37
S010802,O007499,Delivered,2024-08-04 19:04:27
S010803,O010513,In Transit,2024-01-01 15:04:25
S010804,O008290,Out for Delivery,2024-05-13 05:13:50
S010805,O015545,Delivered,2025-04-04 09:47:36
S010806,O014491,Out for Delivery,2025-04-28 04:46:57
S010807,O016579,Pickup,2025-03-03 10:18:46
S010808,O013396,In Transit,2025-03-29 07:18:01
S010809,O012981,Delivered,2025-07-01 22:00:28
S010810,O012034,Pickup,2025-05-31 11:47:29
S010811,O003746,In Transit,2025-09-02 09:59:24
S010812,O017110,Pickup,2024-11-26 03:03:52
S010813,O004111,Out for Delivery,2025-04-12 10:02:30
S010814,O001443,Out for Delivery,2024-11-11 20:00:04
S010815,O013392,Pickup,2024-04-13 01:55:49
S010816,O018195,Delivered,2025-01-20 21:16:12
S010817,O011572,Pickup,2025-03-30 21:26:34
S010818,O009106,Delivered,2024-11-05 04:23:53
S010819,O005460,Delivered,2024-06-11 15:05:36
S010820,O006148,In Transit,2025-03-23 01:09:26
S010821,O012986,In Transit,2024-04-01 00:49:15
S010822,O006042,In Transit,2025-04-07 14:51:47
S010823,O002755,Pickup,2025-04-13 16:43:49
S010824,O007479,Delivered,2025-07-02 07:49:51
S010825,O007931,Pickup,2024-07-04 03:51:45
S010826,O009513,Delivered,2024-03-11 08:22:39
S010827,O017900,Delivered,2025-11-01 11:57:39
S010828,O018751,Out for Delivery,2025-06-19 20:02:38
S010829,O001641,Pickup,2024-11-20 19:46:05
S010830,O012828,Out for Delivery,2025-07-12 18:15:29
S010831,O007921,Pickup,2024-10-13 21:43:29
S010832,O000657,Delivered,2025-08-16 19:12:58
S010833,O005287,Out for Delivery,2024-02-15 14:53:20
S010834,O007786,Delivered,2024-07-29 09:53:03
S010835,O013389,Pickup,2025-07-10 17:39:00
S010836,O013968,In Transit,2024-10-11 00:02:07
S010837,O012692,Out for Delivery,2024-06-07 15:09:31
S010838,O016499,Pickup,2025-04-26 13:58:42
S010839,O001401,Delivered,2024-07-02 13:32:24
S010840,O002766,Out for Delivery,2024-09-16 06:19:24
S010841,O000205,Out for Delivery,2024-06-15 01:54:49
S010842,O009761,Out for Delivery,2024-11-26 08:07:38
S010843,O010087,Pickup,2025-09-01 00:42:26
S010844,O004756,Out for Delivery,2025-07-05 00:48:39
S010845,O010153,In Transit,2025-10-18 06:52:11
S010846,O017635,Delivered,2024-01-07 07:31:12
S010847,O016084,Delivered,2025-07-07 13:41:00
S010848,O016442,In Transit,2024-01-04 04:10:54
S010849,O018543,In Transit,2024-11-11 04:08:40
S010850,O014594,In Transit,2025-01-19 07:30:39
S010851,O010477,Delivered,2025-10-08 09:23:09
S010852,O018905,In Transit,2024-04-08 22:48:02
S010853,O013466,In Transit,2025-03-07 18:06:01
S010854,O019943,Delivered,2025-03-05 01:42:52
S010855,O006592,Pickup,2025-05-29 11:54:14
S010856,O013278,Pickup,2024-07-01 04:51:04
S010857,O011901,Out for Delivery,2025-05-30 12:20:06
S010858,O011003,Delivered,2025-07-23 15:33:26
S010859,O010334,Delivered,2025-10-12 18:05:49
S010860,O012599,In Transit,2024-04-16 11:27:48
S010861,O015003,Delivered,2024-12-03 01:57:17
S010862,O008304,Delivered,2024-03-17 11:43:41
S010863,O003546,Pickup,2025-01-29 20:01:34
S010864,O002879,Out for Delivery,2025-05-14 20:52:11
S010865,O002452,Pickup,2025-02-12 06:43:10
S010866,O010342,Pickup,2025-01-10 17:20:27
S010867,O007268,Pickup,2024-09-28 02:24:01
S010868,O008840,In Transit,2024-08-05 04:10:06
S010869,O015717,In Transit,2025-05-16 02:50:48
S010870,O002283,In Transit,2025-09-24 05:09:49
S010871,O008047,In Transit,2024-12-17 20:11:20
S010872,O005214,Delivered,2025-06-17 00:49:04
S010873,O017484,Pickup,2024-01-11 18:28:53
S010874,O012759,In Transit,2024-08-20 04:25:52
S010875,O018748,Delivered,2024-11-10 07:33:44
S010876,O012331,In Transit,2025-07-24 06:45:35
S010877,O001338,Delivered,2025-11-28 11:43:27
S010878,O008144,Delivered,2024-04-22 20:39:52
S010879,O010301,Delivered,2024-01-20 03:01:17
S010880,O014178,Pickup,2025-03-26 17:52:10
S010881,O016545,In Transit,2025-07-20 16:00:00
S010882,O016275,Pickup,2025-12-11 12:21:01
S010883,O000777,Pickup,2025-01-11 14:49:50
S010884,O018489,Pickup,2025-04-15 04:08:25
S010885,O012352,Out for Delivery,2025-10-27 20:50:59
S010886,O017514,Delivered,2025-07-12 06:24:36
S010887,O017103,Delivered,2024-04-11 11:04:29
S010888,O019931,In Transit,2025-05-03 00:50:07
S010889,O014613,Delivered,2025-11-27 20:34:18
S010890,O006788,Delivered,2025-07-11 11:56:45
S010891,O007331,Delivered,2024-09-08 08:06:09
S010892,O011564,Pickup,2024-09-29 11:50:07
S010893,O015571,Out for Delivery,2025-09-17 21:33:39
S010894,O008106,Pickup,2024-11-20 14:32:36
S010895,O010265,Pickup,2025-05-15 11:19:57
S010896,O017748,In Transit,2025-01-02 06:20:12
S010897,O003639,In Transit,2025-11-23 15:05:16
S010898,O000919,In Transit,2025-09-05 17:46:01
S010899,O018252,Delivered,2025-10-31 01:05:45
S010900,O009815,In Transit,2025-04-29 12:51:33
S010901,O006334,Pickup,2025-03-21 23:55:50
S010902,O015642,Pickup,2025-01-31 15:22:35
S010903,O014040,Pickup,2024-11-27 09:55:08
S010904,O006829,Delivered,2024-05-25 01:06:40
S010905,O006736,Delivered,2025-04-12 06:41:44
S010906,O014526,Pickup,2024-04-17 14:14:26
S010907,O001142,In Transit,2024-05-13 17:08:25
S010908,O013124,Pickup,2025-04-04 07:37:08
S010909,O004670,Delivered,2025-10-26 12:28:21
S010910,O004119,Delivered,2024-05-04 03:14:59
S010911,O004235,Out for Delivery,2024-10-29 23:14:01
S010912,O012061,Out for Delivery,2024-02-18 22:30:34
S010913,O006320,In Transit,2025-01-02 18:41:52
S010914,O014233,Out for Delivery,2025-10-18 00:39:23
S010915,O019589,In Transit,2025-01-31 11:56:11
S010916,O015640,Pickup,2025-05-08 06:39:18
S010917,O006038,In Transit,2025-07-25 00:06:17
S010918,O012103,Delivered,2024-06-04 03:07:11
S010919,O013823,Out for Delivery,2024-12-30 04:25:20
S010920,O016319,In Transit,2025-05-30 02:09:49
S010921,O015285,Pickup,2024-09-08 08:43:02
S010922,O012696,In Transit,2025-06-20 09:03:37
S010923,O011746,In Transit,2025-04-01 07:09:00
S010924,O001642,Pickup,2025-05-21 07:37:46
S010925,O016631,Pickup,2025-10-30 03:29:49
S010926,O002242,Pickup,2025-08-18 05:25:56
S010927,O000768,Pickup,2024-02-28 11:44:02
S010928,O008555,Out for Delivery,2025-10-24 18:34:58
S010929,O005146,Out for Delivery,2024-04-28 03:50:38
S010930,O004385,In Transit,2025-10-09 22:26:05
S010931,O011360,Out for Delivery,2025-03-11 16:36:38
S010932,O009899,Out for Delivery,2025-01-07 12:18:33
S010933,O003670,Pickup,2024-12-30 05:43:25
S010934,O006457,Pickup,2024-11-20 18:13:00
S010935,O019707,In Transit,2024-07-19 09:46:35
S010936,O014649,Pickup,2025-07-22 10:26:35
S010937,O009710,Pickup,2025-08-02 10:37:36
S010938,O018510,Pickup,2025-07-22 18:17:52
S010939,O008153,Delivered,2025-08-25 14:16:51
S010940,O011619,Pickup,2025-01-06 02:26:48
S010941,O016454,Out for Delivery,2024-05-01 14:18:51
S010942,O006912,Delivered,2024-11-03 12:58:13
S010943,O005415,Delivered,2024-03-11 03:03:33
S010944,O000278,Out for Delivery,2025-10-02 14:20:46
S010945,O006595,Out for Delivery,2024-05-30 04:57:49
S010946,O002063,Delivered,2025-12-21 21:38:18
S010947,O007812,In Transit,2024-11-14 04:09:09
S010948,O005788,In Transit,2025-06-14 15:58:04
S010949,O008255,Pickup,2024-05-05 16:49:24
S010950,O014306,Out for Delivery,2025-03-09 12:37:43
S010951,O017733,Delivered,2025-09-28 11:52:19
S010952,O013543,Out for Delivery,2025-09-22 17:10:03
S010953,O007537,In Transit,2024-07-27 23:03:15
S010954,O010741,Delivered,2024-12-14 22:24:32
S010955,O012842,Pickup,2024-07-07 06:21:31
S010956,O011822,Out for Delivery,2024-12-27 05:09:21
S010957,O009978,In Transit,2025-05-24 23:59:18
S010958,O012183,Out for Delivery,2024-08-07 04:26:07
S010959,O004751,In Transit,2024-09-14 18:24:58
S010960,O018242,In Transit,2025-11-09 03:01:55
S010961,O002362,Pickup,2024-12-02 11:48:05
S010962,O001082,Out for Delivery,2024-11-29 21:17:45
S010963,O011656,Delivered,2024-10-14 05:08:29
S010964,O001698,In Transit,2024-08-09 01:59:33
S010965,O018468,Pickup,2025-10-04 09:22:19
S010966,O013300,In Transit,2024-02-11 16:50:48
S010967,O000275,Delivered,2025-09-05 14:47:00
S010968,O010585,Delivered,2024-07-02 10:26:59
S010969,O006259,Pickup,2024-01-19 14:29:15
S010970,O000857,Delivered,2025-05-17 02:18:18
S010971,O002416,Pickup,2024-04-02 05:50:56
S010972,O011108,Delivered,2025-10-23 22:06:50
S010973,O008489,In Transit,2025-08-04 11:20:33
S010974,O009957,In Transit,2025-07-12 22:11:29
S010975,O012717,Pickup,2025-11-09 07:26:39
S010976,O009296,In Transit,2025-06-29 03:03:56
S010977,O000957,Out for Delivery,2024-02-10 07:33:04
S010978,O004545,Pickup,2024-11-26 01:17:58
S010979,O011829,Out for Delivery,2024-10-23 03:21:36
S010980,O019803,In Transit,2025-06-29 09:30:41
S010981,O006528,In Transit,2024-06-22 09:40:13
S010982,O009374,In Transit,2024-09-30 02:05:20
S010983,O016553,In Transit,2024-08-11 09:09:00
S010984,O011731,Pickup,2024-04-01 11:42:38
S010985,O018785,Out for Delivery,2024-06-19 18:30:19
S010986,O018708,Delivered,2025-09-14 11:29:53
S010987,O016357,Pickup,2024-11-27 09:35:25
S010988,O018038,Pickup,2024-02-15 00:50:58
S010989,O014246,Pickup,2024-08-18 18:35:40
S010990,O001301,In Transit,2024-10-22 03:34:21
S010991,O000523,In Transit,2025-04-09 20:52:56
S010992,O013207,In Transit,2025-08-23 05:18:49
S010993,O002888,Pickup,2025-09-18 19:04:14
S010994,O015914,Out for Delivery,2024-08-19 18:55:55
S010995,O000303,Delivered,2024-09-28 12:38:31
S010996,O012723,Delivered,2024-11-14 15:09:30
S010997,O009452,Out for Delivery,2024-01-30 17:14:32
S010998,O008768,In Transit,2025-02-15 03:03:24
S010999,O001069,Delivered,2025-05-11 21:07:31
S011000,O018843,Pickup,2025-08-29 23:22:38
S011001,O000796,In Transit,2025-09-24 22:05:32
S011002,O009044,Out for Delivery,2025-05-16 10:58:32
S011003,O014024,Out for Delivery,2025-09-26 07:37:02
S011004,O009508,Pickup,2025-04-18 11:28:43
S011005,O001502,Pickup,2025-06-21 10:33:13
S011006,O016356,Delivered,2024-04-03 14:21:44
S011007,O009845,Pickup,2024-06-01 08:46:40
S011008,O014633,Delivered,2025-04-19 16:21:50
S011009,O016402,In Transit,2025-06-02 21:39:57
S011010,O012511,In Transit,2025-12-07 05:11:08
S011011,O015884,Delivered,2024-04-02 20:23:53
S011012,O012522,In Transit,2025-08-21 05:11:49
S011013,O019018,In Transit,2025-03-19 11:02:17
S011014,O001335,Pickup,2024-10-27 16:04:26
S011015,O013885,Delivered,2025-11-13 00:53:59
S011016,O004592,Out for Delivery,2025-06-08 09:24:36
S011017,O004959,Delivered,2024-07-11 08:07:30
S011018,O006146,Out for Delivery,2024-04-26 12:40:16
S011019,O004980,Out for Delivery,2025-09-05 21:50:03
S011020,O010979,Delivered,2024-09-08 09:16:37
S011021,O008674,Out for Delivery,2024-02-19 17:16:48
S011022,O001415,Delivered,2024-07-21 10:59:36
S011023,O007115,Out for Delivery,2025-01-04 17:16:14
S011024,O003070,Out for Delivery,2024-12-23 23:58:48
S011025,O007421,In Transit,2024-09-19 23:31:15
S011026,O015758,Delivered,2025-01-12 22:58:46
S011027,O013401,In Transit,2025-12-23 04:12:21
S011028,O014291,In Transit,2024-03-04 02:06:03
S011029,O018660,In Transit,2024-04-22 12:13:40
S011030,O009263,Pickup,2024-07-18 00:42:04
S011031,O003758,Pickup,2025-04-15 04:23:38
S011032,O010398,Out for Delivery,2025-06-23 20:44:59
S011033,O002167,Out for Delivery,2025-11-16 22:02:29
S011034,O007732,In Transit,2024-05-07 18:44:02
S011035,O006048,Pickup,2025-05-16 13:47:22
S011036,O009033,Delivered,2025-07-01 17:09:32
S011037,O019438,Delivered,2025-05-28 06:31:13
S011038,O016372,Out for Delivery,2024-07-05 17:17:04
S011039,O017046,In Transit,2025-03-02 18:09:35
S011040,O018256,Pickup,2024-11-08 11:38:34
S011041,O014929,Out for Delivery,2024-08-02 18:58:31
S011042,O000027,Pickup,2024-04-10 00:41:38
S011043,O017467,In Transit,2024-08-20 20:07:31
S011044,O008583,Delivered,2025-08-04 10:57:48
S011045,O016252,Out for Delivery,2025-12-31 15:20:13
S011046,O016015,Pickup,2024-12-17 08:23:12
S011047,O011644,Pickup,2025-06-21 05:52:38
S011048,O009969,In Transit,2024-07-17 12:27:26
S011049,O000504,Delivered,2024-03-14 09:30:38
S011050,O012480,Out for Delivery,2025-04-17 15:06:58
S011051,O015466,Pickup,2025-03-07 00:18:28
S011052,O014007,Delivered,2025-07-18 18:51:17
S011053,O009718,In Transit,2024-01-29 22:56:34
S011054,O008912,Pickup,2024-04-06 03:33:20
S011055,O004464,Pickup,2025-03-26 03:59:18
S011056,O004869,Pickup,2025-11-03 09:36:08
S011057,O006246,Delivered,2025-01-05 11:17:18
S011058,O007037,Out for Delivery,2025-11-20 09:59:34
S011059,O012110,Pickup,2024-11-30 13:28:07
S011060,O009342,In Transit,2024-11-09 16:25:19
S011061,O004070,Out for Delivery,2025-06-20 07:22:38
S011062,O015699,Out for Delivery,2024-09-17 13:09:51
S011063,O003407,Delivered,2024-07-11 15:09:17
S011064,O009474,Delivered,2024-02-02 00:58:32
S011065,O010962,Delivered,2024-03-02 22:17:36
S011066,O006718,Pickup,2024-04-27 16:40:04
S011067,O010908,In Transit,2024-05-03 10:41:32
S011068,O007974,Pickup,2025-05-19 11:23:57
S011069,O011915,Pickup,2025-08-26 14:08:00
S011070,O016195,Delivered,2025-05-10 00:32:54
S011071,O014534,Out for Delivery,2024-01-05 03:26:44
S011072,O008223,Pickup,2024-10-14 02:31:07
S011073,O016003,Pickup,2025-09-22 19:49:43
S011074,O016822,In Transit,2025-03-02 04:42:30
S011075,O003326,Out for Delivery,2025-11-27 05:16:07
S011076,O009109,Pickup,2025-10-22 13:11:49
S011077,O009588,Pickup,2025-03-09 09:42:52
S011078,O008043,Delivered,2024-09-20 08:17:45
S011079,O004005,Pickup,2024-08-06 03:12:36
S011080,O009996,In Transit,2024-09-16 18:54:11
S011081,O003234,Out for Delivery,2025-02-19 06:54:13
S011082,O009099,In Transit,2025-08-26 15:10:58
S011083,O001483,Out for Delivery,2024-03-07 12:46:02
S011084,O012368,In Transit,2024-05-16 16:01:08
S011085,O016614,Pickup,2024-08-13 13:22:54
S011086,O006835,Delivered,2025-03-19 10:46:40
S011087,O006900,Out for Delivery,2025-03-17 04:05:58
S011088,O002538,Delivered,2025-01-11 15:08:32
S011089,O000875,Out for Delivery,2025-05-26 02:01:56
S011090,O016573,In Transit,2025-11-02 01:13:04
S011091,O000194,Pickup,2024-09-13 11:32:07
S011092,O011706,In Transit,2024-02-28 16:43:20
S011093,O001108,In Transit,2025-04-22 16:53:29
S011094,O005231,Out for Delivery,2024-03-12 08:11:48
S011095,O014573,In Transit,2024-07-27 18:37:18
S011096,O006142,Delivered,2025-07-05 22:10:18
S011097,O010309,Delivered,2024-11-20 18:51:24
S011098,O016353,Out for Delivery,2024-12-10 23:26:15
S011099,O002432,Out for Delivery,2025-10-17 07:51:06
S011100,O007618,In Transit,2024-12-16 10:48:34
S011101,O011527,Out for Delivery,2025-10-26 09:05:38
S011102,O014701,Delivered,2024-01-22 15:22:26
S011103,O005152,Delivered,2025-03-22 06:22:01
S011104,O010190,Delivered,2025-06-02 21:32:33
S011105,O005074,Out for Delivery,2024-04-06 00:45:25
S011106,O010882,Pickup,2025-05-29 17:18:47
S011107,O007389,In Transit,2025-11-03 04:51:35
S011108,O018586,Delivered,2025-11-21 21:02:46
S011109,O007577,Delivered,2025-05-16 14:46:09
S011110,O017887,In Transit,2024-12-03 12:45:55
S011111,O012912,In Transit,2024-11-04 08:06:29
S011112,O008537,Pickup,2025-02-14 04:58:09
S011113,O018534,Pickup,2024-03-27 14:06:44
S011114,O004139,Delivered,2025-07-17 10:18:54
S011115,O003987,Delivered,2024-07-06 20:46:41
S011116,O002510,Delivered,2025-08-30 18:09:54
S011117,O016750,Pickup,2025-01-28 04:24:08
S011118,O001559,Pickup,2025-07-06 23:01:22
S011119,O011465,Out for Delivery,2024-02-20 13:44:44
S011120,O001527,In Transit,2024-05-20 10:43:10
S011121,O018727,In Transit,2025-09-29 17:51:12
S011122,O001066,Out for Delivery,2025-06-18 21:22:48
S011123,O010433,Pickup,2024-12-23 06:40:06
S011124,O017914,Out for Delivery,2024-10-11 22:09:35
S011125,O006790,Pickup,2025-11-17 06:39:01
S011126,O012245,In Transit,2025-12-08 21:19:07
S011127,O005513,Out for Delivery,2025-11-30 14:05:34
S011128,O005565,In Transit,2024-04-10 17:46:46
S011129,O001223,Delivered,2025-03-18 08:32:32
S011130,O017475,Pickup,2025-01-26 00:45:55
S011131,O002800,Pickup,2024-04-27 20:25:03
S011132,O014331,In Transit,2025-01-11 21:55:43
S011133,O011044,Pickup,2024-12-17 11:59:52
S011134,O006438,Delivered,2025-09-22 04:13:44
S011135,O007652,Out for Delivery,2025-12-31 02:08:51
S011136,O011930,In Transit,2025-07-22 08:28:54
S011137,O014674,Delivered,2025-04-03 14:52:08
S011138,O006386,Pickup,2025-01-16 14:19:24
S011139,O014340,Out for Delivery,2025-07-23 23:14:52
S011140,O009337,Out for Delivery,2025-03-20 17:10:31
S011141,O015695,Pickup,2025-09-24 17:48:32
S011142,O003850,In Transit,2024-01-22 16:22:09
S011143,O019902,Delivered,2024-09-19 06:04:48
S011144,O001858,Delivered,2024-06-17 17:46:49
S011145,O016775,Out for Delivery,2024-11-14 22:12:48
S011146,O010545,Out for Delivery,2024-11-30 18:12:05
S011147,O016378,Out for Delivery,2025-07-27 16:40:43
S011148,O007449,Pickup,2025-07-03 11:54:34
S011149,O014832,Delivered,2025-10-16 23:09:56
S011150,O013616,Out for Delivery,2024-01-04 10:54:36
S011151,O008822,In Transit,2025-02-11 09:56:56
S011152,O007748,Pickup,2024-09-26 13:02:52
S011153,O014326,Pickup,2024-10-09 20:43:04
S011154,O015795,Out for Delivery,2025-04-01 06:14:45
S011155,O019369,Pickup,2024-10-30 22:08:21
S011156,O004429,Out for Delivery,2025-03-21 14:11:32
S011157,O012284,In Transit,2025-11-17 19:54:03
S011158,O002588,Delivered,2024-02-22 17:36:18
S011159,O010669,Out for Delivery,2025-02-13 18:16:56
S011160,O014655,Delivered,2025-09-06 12:16:03
S011161,O001969,In Transit,2025-02-16 22:18:33
S011162,O013398,Out for Delivery,2025-06-16 16:07:16
S011163,O019263,Pickup,2024-10-20 17:37:25
S011164,O008305,Pickup,2025-09-12 04:37:22
S011165,O002984,In Transit,2024-10-20 13:43:46
S011166,O007708,Delivered,2025-01-21 16:35:51
S011167,O012381,Pickup,2025-10-28 18:47:31
S011168,O003073,In Transit,2024-05-17 09:54:46
S011169,O012552,Delivered,2024-03-04 23:50:14
S011170,O008717,In Transit,2025-04-07 05:56:45
S011171,O016750,Out for Delivery,2025-02-17 16:27:57
S011172,O017491,Pickup,2024-10-14 01:03:58
S011173,O014256,Pickup,2025-04-19 09:59:27
S011174,O002080,Delivered,2025-07-27 11:48:18
S011175,O011034,Pickup,2024-07-07 12:18:09
S011176,O012220,Pickup,2024-06-20 12:03:51
S011177,O009902,Out for Delivery,2025-04-26 07:44:25
S011178,O008431,In Transit,2025-05-06 05:54:20
S011179,O011343,Pickup,2025-04-06 16:37:44
S011180,O017060,Pickup,2024-04-20 10:16:22
S011181,O016202,Pickup,2024-08-21 19:10:16
S011182,O010296,Delivered,2024-10-27 13:16:11
S011183,O011855,Pickup,2024-12-29 02:14:51
S011184,O010405,Out for Delivery,2025-06-26 17:28:05
S011185,O014957,In Transit,2025-03-27 03:00:57
S011186,O005023,In Transit,2024-11-16 03:16:51
S011187,O014243,Delivered,2025-05-21 18:17:06
S011188,O011568,Pickup,2025-02-21 01:32:08
S011189,O009866,Delivered,2024-07-23 09:17:57
S011190,O019347,Out for Delivery,2025-03-04 23:36:59
S011191,O009792,Pickup,2024-07-24 06:43:47
S011192,O013619,Out for Delivery,2024-01-07 18:11:30
S011193,O001155,Delivered,2025-09-07 08:47:44
S011194,O013820,Delivered,2025-05-23 23:44:10
S011195,O012460,Out for Delivery,2025-03-31 11:57:13
S011196,O018646,Out for Delivery,2025-10-13 17:19:58
S011197,O016940,In Transit,2025-05-17 06:26:25
S011198,O002151,In Transit,2025-10-08 07:23:07
S011199,O016091,Pickup,2025-04-10 08:06:51
S011200,O014767,Out for Delivery,2024-04-19 23:02:08
S011201,O014016,Out for Delivery,2024-10-09 04:13:49
S011202,O018680,In Transit,2025-10-15 13:00:11
S011203,O018335,In Transit,2025-12-29 16:01:01
S011204,O012881,Delivered,2024-01-30 06:30:11
S011205,O017936,Pickup,2025-06-18 01:02:38
S011206,O001996,Delivered,2024-06-28 03:22:37
S011207,O015177,Pickup,2025-08-11 14:50:15
S011208,O010523,Delivered,2024-11-21 10:03:07
S011209,O005392,Pickup,2024-01-28 18:56:33
S011210,O005357,In Transit,2024-07-21 04:38:35
S011211,O002572,Pickup,2024-11-01 07:57:11
S011212,O010665,Delivered,2024-09-24 17:23:28
S011213,O019224,Pickup,2024-06-03 06:00:20
S011214,O011339,In Transit,2024-10-20 02:49:49
S011215,O006776,Out for Delivery,2024-10-01 11:51:24
S011216,O002477,Delivered,2025-07-28 18:30:03
S011217,O001618,In Transit,2024-03-22 01:18:42
S011218,O001601,Pickup,2025-08-30 06:19:13
S011219,O017098,In Transit,2025-04-11 23:10:38
S011220,O005974,Pickup,2024-05-14 11:56:58
S011221,O018028,Pickup,2024-05-02 12:26:08
S011222,O007227,Pickup,2025-10-20 02:26:12
S011223,O004863,Delivered,2025-09-20 14:03:31
S011224,O001896,Out for Delivery,2025-01-13 21:12:05
S011225,O004553,Pickup,2025-02-18 13:21:16
S011226,O016504,Delivered,2025-12-30 01:37:12
S011227,O004401,Out for Delivery,2025-04-01 20:09:40
S011228,O007722,Out for Delivery,2024-10-03 05:40:17
S011229,O016981,Delivered,2025-08-02 01:11:58
S011230,O007942,In Transit,2024-04-17 15:43:08
S011231,O003243,In Transit,2024-03-22 10:53:16
S011232,O007240,Out for Delivery,2024-12-19 08:05:25
S011233,O013987,Pickup,2024-02-19 07:06:15
S011234,O009657,Out for Delivery,2024-04-04 19:10:49
S011235,O011041,Delivered,2025-05-09 07:14:25
S011236,O002272,Delivered,2024-01-20 08:59:39
S011237,O010782,Delivered,2024-11-25 22:18:57
S011238,O018049,In Transit,2025-12-07 17:01:06
S011239,O009916,Out for Delivery,2024-03-12 09:48:56
S011240,O014012,Pickup,2024-08-22 01:17:45
S011241,O011347,Delivered,2025-02-24 11:50:55
S011242,O013451,Pickup,2024-05-20 10:04:38
S011243,O001450,Out for Delivery,2024-02-25 16:10:01
S011244,O016004,In Transit,2024-05-26 09:15:01
S011245,O005418,In Transit,2024-02-14 15:31:33
S011246,O015056,Pickup,2024-01-27 12:05:18
S011247,O019271,Out for Delivery,2025-02-11 11:07:28
S011248,O008441,Pickup,2025-02-14 13:41:43
S011249,O011939,Out for Delivery,2025-07-24 11:03:54
S011250,O011821,In Transit,2025-11-12 15:52:51
S011251,O010407,Delivered,2024-07-15 22:44:07
S011252,O013478,Out for Delivery,2025-03-21 01:32:29
S011253,O012368,Out for Delivery,2025-03-19 11:51:03
S011254,O016756,Delivered,2024-04-04 15:00:49
S011255,O001043,Pickup,2024-12-17 07:31:14
S011256,O014065,In Transit,2025-08-12 08:49:20
S011257,O012532,Pickup,2024-10-04 05:53:14
S011258,O007446,Delivered,2025-08-28 17:41:55
S011259,O014962,Delivered,2025-06-16 23:14:53
S011260,O005826,Out for Delivery,2024-09-26 05:59:54
S011261,O006330,Pickup,2024-12-04 14:10:28
S011262,O004938,Delivered,2024-08-27 17:12:47
S011263,O012168,In Transit,2025-09-29 13:00:32
S011264,O003888,Pickup,2025-04-10 07:02:17
S011265,O011754,In Transit,2025-08-29 05:22:10
S011266,O009893,Pickup,2025-08-28 17:05:10
S011267,O018302,Pickup,2025-10-29 18:22:36
S011268,O004446,Pickup,2025-03-28 01:34:59
S011269,O012326,Pickup,2025-09-17 02:38:16
S011270,O011342,In Transit,2025-03-14 22:27:29
S011271,O013269,Delivered,2024-11-11 04:29:19
S011272,O008419,Pickup,2024-01-08 19:36:28
S011273,O000242,Out for Delivery,2025-11-05 01:39:02
S011274,O018685,Pickup,2025-01-13 05:46:32
S011275,O015172,Delivered,2025-10-12 01:52:24
S011276,O016750,Pickup,2024-12-15 02:13:42
S011277,O004643,Pickup,2025-03-13 17:27:23
S011278,O017168,Delivered,2024-11-03 23:37:49
S011279,O004359,Pickup,2025-09-23 16:06:26
S011280,O019820,Out for Delivery,2024-04-02 18:02:13
S011281,O003125,In Transit,2025-11-02 07:33:48
S011282,O008954,Delivered,2025-03-21 05:28:15
S011283,O000414,Pickup,2025-03-06 13:14:48
S011284,O015845,Pickup,2025-09-25 08:01:02
S011285,O017208,Delivered,2024-05-13 16:20:07
S011286,O006682,Pickup,2024-12-12 00:51:45
S011287,O003106,Delivered,2025-02-25 03:53:19
S011288,O000734,In Transit,2025-07-04 10:22:13
S011289,O019984,Delivered,2024-11-24 13:12:52
S011290,O015341,Delivered,2024-05-23 13:29:02
S011291,O014159,Pickup,2024-08-29 20:34:10
S011292,O019809,Pickup,2025-11-19 10:09:06
S011293,O005140,Out for Delivery,2024-09-01 08:55:28
S011294,O012870,In Transit,2024-10-26 01:18:39
S011295,O003607,Out for Delivery,2025-03-19 00:11:38
S011296,O009925,In Transit,2025-11-18 06:13:18
S011297,O004630,Delivered,2024-04-12 22:51:32
S011298,O017458,In Transit,2024-12-07 16:25:35
S011299,O005431,Pickup,2024-06-27 17:26:42
S011300,O013056,Out for Delivery,2025-12-02 02:19:48
S011301,O001841,Out for Delivery,2024-07-15 03:02:06
S011302,O019229,Out for Delivery,2024-04-23 20:40:39
S011303,O008577,In Transit,2025-11-16 14:34:49
S011304,O007988,Pickup,2025-01-13 20:59:00
S011305,O018825,Pickup,2025-04-04 20:53:04
S011306,O012948,Pickup,2024-07-18 23:19:35
S011307,O010472,Delivered,2025-10-18 22:11:11
S011308,O004997,Out for Delivery,2025-05-19 16:11:15
S011309,O018636,Out for Delivery,2025-10-14 22:47:49
S011310,O012134,Out for Delivery,2024-05-07 11:44:44
S011311,O005427,Out for Delivery,2025-08-20 16:40:11
S011312,O003981,Out for Delivery,2025-07-13 11:56:06
S011313,O010499,Out for Delivery,2025-01-07 16:02:08
S011314,O012563,Out for Delivery,2025-09-05 00:38:14
S011315,O010764,In Transit,2025-07-24 04:13:50
S011316,O018756,Out for Delivery,2025-08-19 23:34:45
S011317,O005021,In Transit,2025-06-21 23:54:17
S011318,O003726,Out for Delivery,2024-06-07 20:39:12
S011319,O002312,Pickup,2025-09-21 07:55:33
S011320,O001367,Out for Delivery,2025-08-11 00:28:41
S011321,O004783,Delivered,2024-09-05 06:56:18
S011322,O017579,Delivered,2025-05-21 20:50:40
S011323,O018986,Out for Delivery,2024-04-21 06:21:24
S011324,O014734,Out for Delivery,2024-04-11 11:51:49
S011325,O009627,In Transit,2024-02-09 11:01:40
S011326,O007747,Out for Delivery,2024-10-10 06:30:21
S011327,O016007,Out for Delivery,2025-09-01 08:40:55
S011328,O012252,In Transit,2024-10-14 01:10:05
S011329,O002023,Delivered,2024-10-11 09:36:24
S011330,O012119,Pickup,2025-07-19 15:12:49
S011331,O005364,Delivered,2025-07-23 04:10:11
S011332,O019978,Out for Delivery,2024-07-05 17:55:12
S011333,O010593,Pickup,2024-11-05 06:36:05
S011334,O000796,Out for Delivery,2025-10-09 15:54:41
S011335,O012081,Delivered,2024-07-04 04:23:49
S011336,O009458,Delivered,2025-10-02 16:44:10
S011337,O017377,Delivered,2025-05-20 17:10:55
S011338,O016245,Out for Delivery,2024-12-18 00:48:55
S011339,O019534,In Transit,2024-12-24 04:29:24
S011340,O007029,Out for Delivery,2025-04-21 06:28:39
S011341,O003825,Pickup,2024-04-10 03:07:14
S011342,O008893,In Transit,2024-10-21 10:31:54
S011343,O015825,In Transit,2024-04-29 07:07:05
S011344,O004460,In Transit,2024-12-13 13:43:48
S011345,O016304,Out for Delivery,2024-01-11 02:03:05
S011346,O006877,In Transit,2025-08-25 22:42:31
S011347,O018391,In Transit,2025-01-15 09:59:14
S011348,O013919,Pickup,2024-04-23 18:45:21
S011349,O009990,In Transit,2024-12-25 20:17:48
S011350,O008905,Pickup,2024-02-06 10:51:46
S011351,O000368,Pickup,2025-07-13 04:11:21
S011352,O004062,Delivered,2025-08-26 08:30:10
S011353,O000139,Out for Delivery,2024-08-19 10:52:37
S011354,O004363,Delivered,2025-04-25 21:07:37
S011355,O010095,In Transit,2025-10-17 04:17:28
S011356,O019733,Out for Delivery,2025-03-27 06:37:12
S011357,O018119,Out for Delivery,2024-04-21 15:57:10
S011358,O004081,Delivered,2024-03-02 05:13:20
S011359,O007930,Delivered,2024-10-29 06:12:13
S011360,O006004,Delivered,2025-08-01 12:07:41
S011361,O017459,Out for Delivery,2024-06-19 15:23:09
S011362,O018973,Out for Delivery,2024-09-18 22:31:13
S011363,O015713,In Transit,2025-02-26 20:31:16
S011364,O008540,Delivered,2025-02-01 17:28:33
S011365,O005907,Out for Delivery,2025-07-06 03:44:06
S011366,O018164,In Transit,2025-01-25 02:31:13
S011367,O008961,Out for Delivery,2025-03-15 04:08:59
S011368,O002932,Out for Delivery,2024-08-30 21:53:54
S011369,O009750,In Transit,2025-06-06 20:52:53
S011370,O001231,In Transit,2024-08-03 23:12:03
S011371,O006921,Out for Delivery,2024-01-01 17:31:20
S011372,O004116,Out for Delivery,2024-11-21 11:24:18
S011373,O012770,In Transit,2025-10-26 13:47:47
S011374,O019150,Pickup,2024-03-03 03:06:48
S011375,O008408,In Transit,2024-09-26 01:55:15
S011376,O014465,Pickup,2025-07-25 19:58:36
S011377,O014669,Delivered,2025-09-28 00:10:08
S011378,O000158,Delivered,2025-09-05 13:08:29
S011379,O000043,Pickup,2025-11-29 04:32:09
S011380,O018885,Out for Delivery,2024-09-15 05:41:56
S011381,O011912,Delivered,2025-04-23 02:23:48
S011382,O012019,Out for Delivery,2025-04-20 00:15:25
S011383,O009670,In Transit,2024-08-21 00:04:29
S011384,O000728,Pickup,2024-02-14 12:25:04
S011385,O005856,Pickup,2024-12-13 12:42:08
S011386,O015425,Delivered,2025-05-14 13:29:02
S011387,O006533,Pickup,2024-05-08 19:48:28
S011388,O009944,Pickup,2024-07-11 03:39:57
S011389,O012608,Pickup,2024-04-23 01:52:42
S011390,O016195,Delivered,2025-07-25 14:57:41
S011391,O017773,Pickup,2025-08-13 19:54:59
S011392,O003886,Out for Delivery,2025-07-29 22:06:07
S011393,O009282,Pickup,2025-11-21 17:41:25
S011394,O006633,Delivered,2025-04-08 19:15:03
S011395,O012260,In Transit,2025-04-28 13:46:01
S011396,O004801,Delivered,2025-04-25 01:11:22
S011397,O017754,In Transit,2024-11-02 23:51:25
S011398,O015830,Pickup,2024-04-10 19:43:56
S011399,O018753,Out for Delivery,2024-03-28 09:00:59
S011400,O019691,Out for Delivery,2025-12-24 05:36:25
S011401,O018396,Delivered,2024-02-23 03:34:57
S011402,O016607,Pickup,2025-07-20 02:51:49
S011403,O019484,Out for Delivery,2024-08-30 19:16:04
S011404,O008733,Delivered,2025-09-24 00:59:21
S011405,O003437,In Transit,2025-11-21 05:07:55
S011406,O018792,Delivered,2025-06-30 10:20:05
S011407,O014344,In Transit,2024-05-04 10:14:37
S011408,O005616,Delivered,2025-10-21 01:51:40
S011409,O008348,Delivered,2024-01-14 02:01:30
S011410,O001484,In Transit,2025-02-28 20:44:33
S011411,O015448,In Transit,2024-09-25 11:55:24
S011412,O008266,Out for Delivery,2025-03-23 02:08:15
S011413,O019453,Out for Delivery,2025-10-28 15:34:39
S011414,O013827,Delivered,2024-11-11 14:56:00
S011415,O005671,Delivered,2024-11-30 09:08:24
S011416,O008420,In Transit,2024-04-01 17:41:33
S011417,O002653,In Transit,2024-07-19 19:40:06
S011418,O019457,Delivered,2025-05-30 11:23:43
S011419,O013590,In Transit,2025-08-29 12:29:30
S011420,O004264,Out for Delivery,2024-06-24 08:06:08
S011421,O017975,Delivered,2025-08-26 14:28:27
S011422,O016804,Pickup,2025-09-30 09:39:32
S011423,O015822,In Transit,2024-05-15 03:22:46
S011424,O014058,Pickup,2025-11-22 06:31:29
S011425,O007957,Pickup,2025-12-09 08:24:40
S011426,O017226,Pickup,2024-12-17 20:07:38
S011427,O002149,Out for Delivery,2025-09-02 10:06:48
S011428,O014320,Delivered,2025-01-04 13:56:58
S011429,O010970,In Transit,2024-09-21 20:36:45
S011430,O001994,In Transit,2024-07-20 17:17:43
S011431,O017190,In Transit,2024-04-02 10:20:11
S011432,O002376,Delivered,2025-05-01 07:55:06
S011433,O004578,Pickup,2024-07-27 20:12:04
S011434,O002195,Delivered,2024-04-21 08:44:47
S011435,O007360,Delivered,2025-02-09 03:56:06
S011436,O015613,Pickup,2024-05-04 13:25:42
S011437,O011019,In Transit,2025-02-28 09:46:22
S011438,O003682,In Transit,2025-03-29 15:35:33
S011439,O000840,Out for Delivery,2024-12-23 10:01:18
S011440,O010630,In Transit,2024-03-28 04:47:28
S011441,O002444,In Transit,2025-08-19 03:44:25
S011442,O012811,Out for Delivery,2024-08-26 14:59:45
S011443,O004876,Delivered,2024-08-05 12:45:37
S011444,O007476,Delivered,2024-07-11 19:58:08
S011445,O004330,Pickup,2024-02-29 17:49:12
S011446,O017070,Out for Delivery,2025-12-11 12:36:26
S011447,O008711,Delivered,2024-07-13 03:33:46
S011448,O015025,Pickup,2025-03-13 03:39:25
S011449,O017895,Pickup,2024-08-07 14:52:08
S011450,O002675,Delivered,2025-07-03 16:59:23
S011451,O013555,In Transit,2025-03-02 15:24:25
S011452,O011387,In Transit,2025-07-07 03:17:36
S011453,O002512,Out for Delivery,2025-07-17 18:17:12
S011454,O014074,Delivered,2024-03-30 06:53:27
S011455,O011372,Delivered,2024-12-10 04:03:09
S011456,O002702,Delivered,2025-12-09 05:33:26
S011457,O018836,Delivered,2024-12-03 15:46:40
S011458,O010070,Delivered,2025-12-02 03:20:40
S011459,O017396,Out for Delivery,2025-01-27 18:38:45
S011460,O017487,Delivered,2024-10-05 15:19:43
S011461,O008313,Out for Delivery,2025-04-05 19:27:39
S011462,O001484,Delivered,2025-12-08 02:34:10
S011463,O012668,Out for Delivery,2024-12-24 03:36:02
S011464,O015705,Pickup,2025-04-21 19:08:32
S011465,O011714,Delivered,2025-02-14 16:27:07
S011466,O019368,Out for Delivery,2024-12-25 01:17:28
S011467,O010343,Delivered,2025-05-03 22:35:28
S011468,O012975,Delivered,2024-02-16 22:32:01
S011469,O003183,Out for Delivery,2024-09-05 19:42:59
S011470,O003822,Delivered,2025-01-30 19:07:24
S011471,O009778,Out for Delivery,2025-02-17 16:31:38
S011472,O012517,Delivered,2024-02-17 10:14:26
S011473,O000328,Delivered,2025-05-30 17:44:12
S011474,O019527,Delivered,2025-10-03 03:45:32
S011475,O001306,In Transit,2024-10-24 09:43:28
S011476,O005280,Delivered,2025-03-08 20:35:43
S011477,O016044,Out for Delivery,2024-07-24 03:01:08
S011478,O016957,Delivered,2024-11-02 06:34:16
S011479,O014245,Delivered,2024-10-28 06:13:52
S011480,O015235,Pickup,2024-02-13 01:47:52
S011481,O004909,Pickup,2024-06-13 08:57:36
S011482,O006811,Out for Delivery,2025-11-21 21:05:03
S011483,O009445,Pickup,2025-07-20 14:31:43
S011484,O011203,Delivered,2025-01-11 23:27:19
S011485,O015487,Out for Delivery,2025-07-24 18:49:13
S011486,O012224,Delivered,2025-06-25 11:33:16
S011487,O001089,In Transit,2024-02-08 20:57:06
S011488,O013195,Pickup,2024-01-16 12:37:15
S011489,O009875,Pickup,2024-09-17 08:02:43
S011490,O013969,In Transit,2024-07-04 02:14:47
S011491,O010037,Out for Delivery,2024-09-05 19:22:20
S011492,O015928,In Transit,2025-10-10 03:54:01
S011493,O001310,Delivered,2025-12-11 12:52:07
S011494,O006001,Out for Delivery,2024-03-05 04:58:38
S011495,O016751,Pickup,2025-03-16 08:03:38
S011496,O016076,Delivered,2024-08-14 16:17:20
S011497,O003503,Pickup,2024-11-19 17:37:55
S011498,O010274,Delivered,2025-12-24 12:05:42
S011499,O012203,Out for Delivery,2025-05-01 11:04:16
S011500,O004736,Out for Delivery,2025-12-01 01:38:40
S011501,O006322,In Transit,2025-05-10 01:53:53
S011502,O012573,Delivered,2024-08-04 17:38:22
S011503,O013896,Delivered,2025-01-10 17:55:00
S011504,O010548,In Transit,2024-03-16 08:34:31
S011505,O008599,Delivered,2025-11-05 00:37:50
S011506,O010027,In Transit,2024-11-09 09:28:35
S011507,O005506,Pickup,2024-01-11 20:31:34
S011508,O000814,Out for Delivery,2024-11-16 10:27:07
S011509,O005713,Out for Delivery,2025-03-04 11:24:42
S011510,O004792,Pickup,2024-04-14 22:12:23
S011511,O015739,In Transit,2025-04-18 22:13:24
S011512,O016312,Delivered,2025-01-11 20:59:57
S011513,O001247,Out for Delivery,2025-11-06 20:33:18
S011514,O005185,Delivered,2025-02-26 06:23:21
S011515,O019119,Out for Delivery,2024-05-11 07:11:13
S011516,O017859,Delivered,2024-01-25 10:41:43
S011517,O017943,In Transit,2024-12-04 18:40:02
S011518,O002738,Out for Delivery,2025-12-24 22:40:36
S011519,O016242,Pickup,2025-12-20 19:08:29
S011520,O017113,Out for Delivery,2024-03-07 22:40:49
S011521,O005408,In Transit,2024-11-02 15:47:26
S011522,O004909,Pickup,2024-05-08 12:23:31
S011523,O011142,Delivered,2025-08-26 01:31:50
S011524,O015511,In Transit,2025-11-11 01:25:18
S011525,O017187,In Transit,2024-12-15 20:40:38
S011526,O010169,Out for Delivery,2025-04-07 00:24:39
S011527,O017690,Pickup,2024-02-10 23:24:32
S011528,O002989,In Transit,2025-09-11 22:48:13
S011529,O015066,Pickup,2025-12-02 20:58:13
S011530,O003402,In Transit,2025-03-26 21:41:42
S011531,O002326,Delivered,2025-12-02 16:47:18
S011532,O008868,Out for Delivery,2025-08-14 14:18:48
S011533,O016812,Delivered,2024-12-08 18:40:00
S011534,O016222,Pickup,2024-10-26 01:53:30
S011535,O004063,Delivered,2024-03-04 20:03:34
S011536,O006294,Delivered,2024-01-10 08:41:25
S011537,O006493,Out for Delivery,2025-05-03 11:16:23
S011538,O002682,Delivered,2024-10-22 06:24:50
S011539,O016994,Delivered,2025-07-03 22:42:43
S011540,O016434,Out for Delivery,2024-03-30 20:58:31
S011541,O019523,Pickup,2025-04-12 05:07:34
S011542,O017632,Out for Delivery,2024-09-26 17:03:12
S011543,O010126,Delivered,2025-09-28 21:11:39
S011544,O003266,In Transit,2024-09-05 08:16:14
S011545,O001789,Out for Delivery,2025-07-25 03:51:43
S011546,O015305,In Transit,2024-11-12 04:01:19
S011547,O008366,Delivered,2025-07-18 11:50:05
S011548,O004896,Delivered,2024-01-13 08:32:50
S011549,O007439,In Transit,2024-09-09 06:58:33
S011550,O005218,In Transit,2024-07-13 00:30:43
S011551,O018467,Delivered,2024-11-04 19:57:53
S011552,O000524,In Transit,2025-09-20 12:12:51
S011553,O016854,Out for Delivery,2024-10-10 17:39:03
S011554,O001937,Delivered,2024-08-07 01:16:37
S011555,O006993,Delivered,2025-02-18 09:20:20
S011556,O018382,Pickup,2024-03-06 18:49:38
S011557,O010382,Pickup,2024-07-04 11:31:01
S011558,O005093,Out for Delivery,2024-06-08 03:11:19
S011559,O003036,Out for Delivery,2024-11-02 11:41:17
S011560,O017149,In Transit,2024-08-12 20:18:06
S011561,O015707,Delivered,2025-01-24 22:07:12
S011562,O007431,Out for Delivery,2024-05-08 11:46:49
S011563,O003949,In Transit,2025-04-24 03:55:36
S011564,O008402,Pickup,2025-05-25 19:44:24
S011565,O016550,Delivered,2024-10-28 16:18:35
S011566,O014237,Out for Delivery,2024-03-11 01:07:55
S011567,O010236,Pickup,2025-04-09 02:01:16
S011568,O000480,In Transit,2024-04-09 07:33:37
S011569,O018190,Out for Delivery,2025-04-02 01:22:30
S011570,O017047,Delivered,2025-03-24 13:06:33
S011571,O007168,Out for Delivery,2025-02-22 03:32:40
S011572,O011104,Delivered,2024-03-13 01:19:01
S011573,O008370,Out for Delivery,2024-10-10 03:41:58
S011574,O007208,In Transit,2025-07-14 20:29:54
S011575,O015828,Out for Delivery,2025-08-23 01:46:24
S011576,O003495,Pickup,2025-05-28 18:06:32
S011577,O001888,In Transit,2025-11-06 17:18:20
S011578,O005970,Pickup,2024-06-16 11:11:10
S011579,O002257,Pickup,2025-10-25 09:59:24
S011580,O009843,Delivered,2024-08-18 22:14:56
S011581,O002680,Delivered,2024-12-24 04:33:22
S011582,O012704,Delivered,2025-02-23 00:11:00
S011583,O018657,Pickup,2024-08-22 06:25:42
S011584,O003842,In Transit,2025-12-24 02:06:36
S011585,O010614,In Transit,2024-04-18 19:24:34
S011586,O003483,Out for Delivery,2024-07-07 21:24:16
S011587,O001204,Out for Delivery,2025-10-05 00:18:57
S011588,O012395,Out for Delivery,2025-12-23 11:09:39
S011589,O016629,Pickup,2024-04-24 11:48:45
S011590,O002485,Pickup,2024-10-30 18:47:19
S011591,O007551,Delivered,2024-06-25 00:15:21
S011592,O015378,In Transit,2024-03-16 17:09:14
S011593,O016475,Delivered,2025-03-02 12:31:10
S011594,O001259,Delivered,2024-05-07 00:01:32
S011595,O011310,Pickup,2024-09-20 12:59:20
S011596,O000489,Out for Delivery,2025-06-16 14:56:56
S011597,O010249,Delivered,2024-09-17 05:15:08
S011598,O016244,Delivered,2025-06-09 21:11:52
S011599,O019025,In Transit,2025-11-20 05:41:10
S011600,O007052,Delivered,2024-09-14 02:03:44
S011601,O001556,Out for Delivery,2024-10-19 21:46:29
S011602,O013637,Delivered,2024-05-31 00:16:01
S011603,O003040,Out for Delivery,2024-09-05 08:27:35
S011604,O005858,Delivered,2024-01-05 05:17:03
S011605,O019698,Delivered,2024-07-26 05:15:44
S011606,O010695,Out for Delivery,2025-04-05 01:05:04
S011607,O001031,Delivered,2024-01-14 21:42:14
S011608,O006203,Delivered,2024-10-13 14:19:02
S011609,O011086,Out for Delivery,2025-08-11 11:53:12
S011610,O011441,Out for Delivery,2025-03-29 11:58:40
S011611,O000258,Pickup,2024-12-30 18:54:22
S011612,O013735,Pickup,2025-06-13 19:16:19
S011613,O005485,Out for Delivery,2025-09-19 00:47:42
S011614,O017155,Pickup,2024-06-19 17:36:52
S011615,O005711,Pickup,2024-09-08 14:02:18
S011616,O014344,Pickup,2025-12-18 20:39:20
S011617,O011379,Delivered,2024-06-06 19:29:56
S011618,O003873,Delivered,2024-03-16 00:21:32
S011619,O018469,Delivered,2024-03-16 08:06:04
S011620,O016555,Out for Delivery,2024-03-31 02:28:52
S011621,O004309,Delivered,2025-02-24 08:43:27
S011622,O003489,Out for Delivery,2024-03-29 22:55:05
S011623,O019686,In Transit,2024-06-28 15:19:30
S011624,O013046,Out for Delivery,2024-01-10 00:44:06
S011625,O000723,Delivered,2025-06-19 21:16:41
S011626,O012910,Delivered,2024-07-14 01:45:17
S011627,O002203,Pickup,2024-01-13 12:21:50
S011628,O011692,Delivered,2024-08-21 15:32:02
S011629,O010878,Pickup,2024-09-22 18:51:04
S011630,O012597,Delivered,2025-03-25 03:35:10
S011631,O010957,Out for Delivery,2024-08-24 21:13:09
S011632,O017376,Out for Delivery,2024-08-01 17:32:25
S011633,O014283,Out for Delivery,2024-03-24 10:32:14
S011634,O000915,Delivered,2024-05-31 14:52:58
S011635,O007569,Delivered,2024-02-17 10:08:20
S011636,O012422,Pickup,2025-09-03 20:49:52
S011637,O001134,In Transit,2025-01-14 16:24:01
S011638,O000647,Pickup,2024-07-05 12:22:56
S011639,O005201,Out for Delivery,2025-03-03 17:23:26
S011640,O006664,Out for Delivery,2025-02-28 08:32:07
S011641,O012957,Pickup,2025-06-26 09:00:16
S011642,O010826,Pickup,2025-09-23 12:12:10
S011643,O004280,Pickup,2024-12-17 10:50:18
S011644,O004258,Pickup,2024-07-15 04:23:54
S011645,O014098,Pickup,2025-01-28 21:45:01
S011646,O019835,Pickup,2025-05-17 13:00:02
S011647,O008018,Pickup,2024-01-23 02:35:31
S011648,O006238,Delivered,2024-12-23 15:15:56
S011649,O011942,Out for Delivery,2024-01-27 03:52:16
S011650,O014013,Pickup,2024-11-16 22:39:02
S011651,O003595,Delivered,2024-07-10 06:40:27
S011652,O017659,Pickup,2024-11-24 02:14:30
S011653,O019789,Pickup,2025-06-01 17:22:23
S011654,O013136,Pickup,2024-04-01 15:57:29
S011655,O017090,Pickup,2025-04-07 04:11:51
S011656,O013905,Pickup,2025-12-19 00:34:12
S011657,O009862,In Transit,2024-01-25 07:06:53
S011658,O007535,Out for Delivery,2024-01-20 10:34:56
S011659,O007719,Delivered,2024-07-28 05:23:50
S011660,O002698,Pickup,2025-02-19 01:40:48
S011661,O015134,Out for Delivery,2024-07-24 16:57:35
S011662,O002724,Delivered,2025-04-04 03:43:44
S011663,O012325,Pickup,2025-10-24 10:25:29
S011664,O015002,Out for Delivery,2025-10-26 01:10:13
S011665,O015733,Delivered,2025-06-15 00:19:58
S011666,O006706,Delivered,2025-04-26 07:03:46
S011667,O002502,Out for Delivery,2024-01-19 14:16:35
S011668,O013215,Delivered,2025-10-23 14:18:46
S011669,O002397,Pickup,2024-04-30 00:37:08
S011670,O013153,In Transit,2024-02-28 23:25:20
S011671,O017035,In Transit,2024-04-06 04:43:57
S011672,O013762,Pickup,2025-07-14 04:01:46
S011673,O014734,Pickup,2025-07-26 13:57:15
S011674,O010754,In Transit,2024-03-01 14:48:21
S011675,O013463,Out for Delivery,2025-12-27 21:57:26
S011676,O001038,Out for Delivery,2024-01-17 10:42:17
S011677,O004188,Pickup,2025-06-05 16:51:13
S011678,O000690,Pickup,2024-07-29 16:22:47
S011679,O006656,Pickup,2024-06-19 11:42:36
S011680,O011859,Out for Delivery,2025-03-01 02:31:01
S011681,O006831,Delivered,2024-03-14 11:29:42
S011682,O000809,Delivered,2024-09-16 14:23:46
S011683,O014298,In Transit,2024-05-02 14:44:42
S011684,O013068,Out for Delivery,2025-01-07 07:24:58
S011685,O017414,Delivered,2024-03-16 09:01:11
S011686,O010856,Delivered,2025-11-29 00:03:19
S011687,O004285,Pickup,2025-06-08 05:31:02
S011688,O013734,Delivered,2024-01-31 22:38:18
S011689,O005902,Pickup,2024-07-21 03:51:43
S011690,O013516,In Transit,2025-11-23 04:01:28
S011691,O018078,In Transit,2025-06-07 05:01:24
S011692,O005694,Pickup,2024-10-13 22:51:16
S011693,O002638,Delivered,2024-07-12 20:03:27
S011694,O012346,Pickup,2025-06-12 11:01:55
S011695,O013692,In Transit,2024-03-27 12:06:41
S011696,O018452,Out for Delivery,2024-02-19 04:14:06
S011697,O013776,Delivered,2025-11-10 19:05:30
S011698,O014172,Out for Delivery,2025-03-29 17:34:33
S011699,O003495,Out for Delivery,2025-10-10 12:07:43
S011700,O012687,In Transit,2024-03-28 00:13:22
S011701,O017295,Delivered,2025-08-19 23:52:11
S011702,O010641,Pickup,2024-10-23 16:08:16
S011703,O011874,In Transit,2025-02-28 22:59:17
S011704,O006600,Out for Delivery,2024-09-24 04:10:09
S011705,O015136,Out for Delivery,2025-10-18 13:53:15
S011706,O015706,In Transit,2024-05-28 09:13:24
S011707,O014369,Pickup,2025-09-08 06:38:21
S011708,O004218,Pickup,2025-09-17 19:44:28
S011709,O001111,Pickup,2025-10-24 20:21:01
S011710,O015584,Pickup,2024-05-20 04:30:10
S011711,O017091,In Transit,2025-04-08 13:08:56
S011712,O008159,In Transit,2025-03-30 02:34:27
S011713,O017040,In Transit,2024-08-18 11:32:51
S011714,O011950,Pickup,2024-12-19 22:59:29
S011715,O005502,Delivered,2024-04-12 22:36:37
S011716,O008251,Pickup,2024-01-25 08:16:43
S011717,O010831,Out for Delivery,2024-12-30 02:46:28
S011718,O009012,Delivered,2025-06-13 23:17:45
S011719,O000114,Delivered,2025-09-03 09:11:53
S011720,O007292,Delivered,2025-03-09 14:14:07
S011721,O013006,Delivered,2025-01-25 05:37:41
S011722,O019568,Delivered,2024-10-31 19:03:01
S011723,O011989,In Transit,2024-03-24 13:24:45
S011724,O008352,Out for Delivery,2025-10-23 21:06:38
S011725,O009913,In Transit,2024-12-04 06:49:48
S011726,O007176,Delivered,2024-05-06 15:07:43
S011727,O002271,Delivered,2025-02-19 17:47:36
S011728,O006700,Out for Delivery,2024-06-25 23:59:24
S011729,O005151,Pickup,2025-07-30 20:40:27
S011730,O009542,Delivered,2025-09-03 19:01:04
S011731,O003289,Out for Delivery,2025-08-24 16:23:59
S011732,O016534,Pickup,2024-02-28 01:17:47
S011733,O014257,Pickup,2024-05-22 01:55:23
S011734,O011300,In Transit,2025-03-15 19:32:44
S011735,O006662,Pickup,2024-11-30 04:38:53
S011736,O013686,In Transit,2025-07-25 18:20:10
S011737,O000190,Pickup,2024-11-15 02:35:13
S011738,O019297,Delivered,2024-10-16 14:06:54
S011739,O014732,Out for Delivery,2024-12-02 10:27:54
S011740,O014324,In Transit,2024-06-05 20:52:51
S011741,O018244,Pickup,2025-05-03 01:39:03
S011742,O013551,In Transit,2025-08-15 00:17:02
S011743,O019975,Delivered,2025-06-10 00:21:30
S011744,O011405,In Transit,2025-01-07 07:22:14
S011745,O013569,Delivered,2024-08-19 07:47:09
S011746,O002015,Out for Delivery,2024-08-17 17:58:10
S011747,O000211,Out for Delivery,2024-10-03 22:58:53
S011748,O003319,Delivered,2024-12-11 19:23:44
S011749,O013938,Out for Delivery,2024-04-08 05:59:24
S011750,O015372,Out for Delivery,2024-10-09 21:32:14
S011751,O015095,Out for Delivery,2025-08-17 02:48:40
S011752,O003205,Delivered,2025-08-28 23:05:45
S011753,O007648,In Transit,2025-10-13 21:43:00
S011754,O006646,In Transit,2025-02-10 13:17:10
S011755,O006129,Pickup,2025-12-05 10:29:47
S011756,O015502,Delivered,2024-07-04 12:40:24
S011757,O006976,Pickup,2024-10-02 08:04:25
S011758,O007782,Delivered,2024-07-09 09:47:01
S011759,O015320,Pickup,2024-05-16 07:02:45
S011760,O013154,Out for Delivery,2025-09-23 01:29:56
S011761,O007389,Delivered,2024-02-27 09:56:53
S011762,O008573,Pickup,2025-02-19 23:05:45
S011763,O003279,In Transit,2025-04-12 01:03:00
S011764,O006791,Out for Delivery,2024-08-15 12:07:23
S011765,O015086,Pickup,2025-05-04 15:15:54
S011766,O016927,In Transit,2025-11-25 06:10:30
S011767,O015730,Pickup,2025-03-19 10:48:28
S011768,O006883,Pickup,2024-07-18 08:16:47
S011769,O009415,Out for Delivery,2025-11-18 14:55:35
S011770,O002222,Delivered,2024-01-16 22:53:26
S011771,O014015,Delivered,2025-01-03 14:19:07
S011772,O013029,Delivered,2024-11-17 17:46:01
S011773,O015314,In Transit,2024-11-18 14:55:15
S011774,O001941,Delivered,2024-01-18 19:09:47
S011775,O017250,Pickup,2024-10-22 12:49:32
S011776,O017586,In Transit,2025-07-02 07:29:30
S011777,O007386,Pickup,2024-01-26 12:11:01
S011778,O017794,In Transit,2024-09-30 13:21:02
S011779,O002136,In Transit,2024-09-29 19:50:46
S011780,O004080,Pickup,2024-06-09 01:35:19
S011781,O001376,Out for Delivery,2024-07-15 01:18:35
S011782,O017561,Delivered,2024-12-21 14:12:20
S011783,O016209,Delivered,2024-07-26 22:10:43
S011784,O011981,In Transit,2025-10-25 17:03:36
S011785,O001597,Out for Delivery,2024-07-16 12:06:13
S011786,O010916,In Transit,2024-08-10 23:47:01
S011787,O018653,Out for Delivery,2024-01-24 09:08:06
S011788,O002461,In Transit,2024-04-15 06:39:02
S011789,O018333,Out for Delivery,2025-03-06 12:00:17
S011790,O004025,Delivered,2024-10-28 14:45:57
S011791,O012465,Out for Delivery,2025-12-01 03:46:04
S011792,O012974,Delivered,2025-11-04 05:13:22
S011793,O006886,Pickup,2025-07-18 23:03:18
S011794,O010904,In Transit,2025-01-23 15:15:02
S011795,O013802,Pickup,2024-02-23 09:23:51
S011796,O005280,In Transit,2024-04-04 11:21:11
S011797,O012299,Pickup,2024-09-01 19:56:51
S011798,O010596,In Transit,2024-01-03 00:41:28
S011799,O014685,Delivered,2025-04-23 04:23:56
S011800,O006480,In Transit,2025-02-21 05:05:15
S011801,O018798,Delivered,2024-11-22 17:14:55
S011802,O003007,Delivered,2024-05-13 09:38:17
S011803,O011343,Pickup,2024-03-21 12:39:42
S011804,O018023,In Transit,2025-02-10 12:23:23
S011805,O015710,Out for Delivery,2024-02-04 04:15:55
S011806,O003010,Delivered,2025-05-03 06:18:05
S011807,O010535,In Transit,2025-12-26 22:01:18
S011808,O014603,Out for Delivery,2024-12-23 14:20:43
S011809,O016483,In Transit,2024-02-05 21:53:22
S011810,O016964,Out for Delivery,2025-09-03 18:44:17
S011811,O007220,Out for Delivery,2025-08-28 03:21:59
S011812,O016491,In Transit,2024-01-06 17:01:19
S011813,O019095,Delivered,2025-10-11 23:12:18
S011814,O004970,Delivered,2024-01-29 00:33:02
S011815,O013987,In Transit,2025-07-16 02:38:23
S011816,O012901,Pickup,2024-05-23 22:48:33
S011817,O011359,Pickup,2025-02-18 19:14:46
S011818,O012257,In Transit,2025-06-11 11:06:30
S011819,O007360,Delivered,2024-07-16 07:03:05
S011820,O001271,Pickup,2024-03-19 12:35:59
S011821,O005890,Out for Delivery,2024-06-05 10:46:31
S011822,O003997,Delivered,2024-05-01 05:39:14
S011823,O005534,In Transit,2024-08-11 04:37:29
S011824,O019917,Pickup,2025-09-24 01:41:25
S011825,O002637,Delivered,2024-12-02 20:42:12
S011826,O008147,Out for Delivery,2025-05-22 06:03:32
S011827,O011164,In Transit,2025-10-03 19:01:13
S011828,O014917,Out for Delivery,2025-10-19 23:33:47
S011829,O006432,Delivered,2025-10-22 21:34:50
S011830,O012495,Delivered,2025-03-12 23:07:14
S011831,O005501,Out for Delivery,2025-04-15 16:53:18
S011832,O018210,Pickup,2024-10-12 01:46:02
S011833,O005212,Delivered,2024-07-05 17:48:14
S011834,O019998,In Transit,2024-11-13 15:31:22
S011835,O015372,Pickup,2025-01-17 15:29:27
S011836,O017667,In Transit,2025-05-19 07:46:01
S011837,O014905,Delivered,2024-09-12 08:11:13
S011838,O007247,Delivered,2024-12-02 15:16:08
S011839,O003487,Delivered,2025-01-04 10:07:58
S011840,O012420,Out for Delivery,2024-01-21 19:28:28
S011841,O010945,Delivered,2024-10-25 02:20:25
S011842,O007706,Out for Delivery,2024-05-15 11:51:15
S011843,O010988,Delivered,2025-04-12 09:49:30
S011844,O018206,Delivered,2025-02-24 20:32:15
S011845,O016518,Pickup,2024-08-14 15:39:11
S011846,O006171,In Transit,2025-05-07 19:53:41
S011847,O018615,Delivered,2025-01-30 12:29:53
S011848,O015173,Out for Delivery,2024-12-09 23:22:41
S011849,O010698,In Transit,2024-07-16 02:59:57
S011850,O003050,In Transit,2025-08-27 07:57:54
S011851,O012849,Delivered,2024-01-24 08:15:45
S011852,O010967,Pickup,2025-03-20 19:44:18
S011853,O019392,Out for Delivery,2024-02-05 12:54:13
S011854,O004055,Pickup,2024-08-21 10:02:00
S011855,O019470,Pickup,2025-04-07 04:06:07
S011856,O004411,Delivered,2024-09-26 15:13:07
S011857,O009047,Out for Delivery,2024-03-14 19:49:29
S011858,O013373,Delivered,2024-09-30 06:31:26
S011859,O011162,In Transit,2024-10-22 17:10:11
S011860,O000110,In Transit,2025-06-17 13:44:55
S011861,O011057,Delivered,2024-05-03 09:30:59
S011862,O014599,Out for Delivery,2025-11-05 20:14:21
S011863,O011130,Out for Delivery,2024-09-20 23:00:31
S011864,O003555,In Transit,2025-03-12 05:44:45
S011865,O012688,Pickup,2024-06-22 05:47:00
S011866,O006059,In Transit,2025-04-26 00:26:11
S011867,O005392,Pickup,2024-05-08 18:12:20
S011868,O009979,Delivered,2025-03-18 09:45:13
S011869,O016893,Pickup,2025-12-24 04:16:54
S011870,O013057,In Transit,2025-08-28 18:50:29
S011871,O008408,In Transit,2024-11-11 08:13:37
S011872,O005398,Pickup,2025-05-04 10:12:42
S011873,O010571,In Transit,2025-05-08 21:50:55
S011874,O014665,In Transit,2025-07-13 00:24:37
S011875,O018834,Pickup,2024-07-12 12:21:31
S011876,O009387,In Transit,2024-07-18 02:01:36
S011877,O014390,In Transit,2025-06-06 09:41:58
S011878,O015498,In Transit,2025-06-01 03:20:00
S011879,O003215,Pickup,2025-12-12 17:04:19
S011880,O004107,In Transit,2024-04-05 04:53:59
S011881,O000871,Pickup,2025-06-17 11:47:23
S011882,O008836,In Transit,2024-06-17 17:09:12
S011883,O002858,In Transit,2025-09-11 18:41:59
S011884,O001881,Out for Delivery,2024-09-11 22:05:41
S011885,O002419,In Transit,2025-11-27 02:08:54
S011886,O001530,Delivered,2024-11-30 21:55:23
S011887,O008008,Out for Delivery,2024-06-08 01:43:14
S011888,O000726,Pickup,2025-05-11 05:17:51
S011889,O004539,Pickup,2024-10-31 01:19:44
S011890,O006675,In Transit,2024-05-30 10:13:34
S011891,O017722,Delivered,2024-05-14 15:41:39
S011892,O008237,Out for Delivery,2024-12-15 19:18:51
S011893,O003163,Pickup,2025-08-13 14:42:25
S011894,O015601,In Transit,2025-11-23 19:02:41
S011895,O003776,Out for Delivery,2025-03-25 11:28:15
S011896,O011814,Pickup,2024-02-14 01:35:13
S011897,O005083,Delivered,2025-03-09 01:13:54
S011898,O008391,Delivered,2024-06-13 18:58:55
S011899,O009509,Pickup,2024-03-30 19:51:39
S011900,O014382,Out for Delivery,2024-02-26 01:48:11
S011901,O002955,Delivered,2025-09-02 14:55:03
S011902,O002194,In Transit,2024-04-25 04:29:01
S011903,O004912,Delivered,2024-02-16 12:47:20
S011904,O010554,Pickup,2025-04-30 07:51:36
S011905,O005687,Delivered,2025-03-08 23:19:50
S011906,O014351,Delivered,2024-11-20 23:55:34
S011907,O009781,Pickup,2025-06-09 03:24:08
S011908,O013658,Out for Delivery,2025-10-22 14:47:52
S011909,O019301,Delivered,2024-11-17 11:59:57
S011910,O007336,In Transit,2024-03-01 15:50:07
S011911,O012583,In Transit,2025-11-14 13:39:31
S011912,O005733,Out for Delivery,2025-07-27 22:52:50
S011913,O017745,Out for Delivery,2025-06-21 12:11:02
S011914,O012501,Pickup,2025-11-12 09:43:25
S011915,O010014,Out for Delivery,2025-10-23 13:25:38
S011916,O010413,In Transit,2025-09-17 17:25:02
S011917,O019041,Delivered,2024-05-01 12:47:43
S011918,O009954,Delivered,2025-10-09 01:33:21
S011919,O003398,In Transit,2025-06-22 07:21:41
S011920,O019283,Pickup,2025-03-25 04:23:01
S011921,O000092,Out for Delivery,2024-11-26 09:40:38
S011922,O002113,In Transit,2025-03-26 07:23:44
S011923,O002583,Out for Delivery,2025-05-25 14:41:01
S011924,O010262,In Transit,2025-03-18 10:26:23
S011925,O019041,Out for Delivery,2025-02-06 05:51:38
S011926,O000222,Pickup,2024-12-10 03:09:38
S011927,O015366,Delivered,2024-04-25 23:00:52
S011928,O002262,Out for Delivery,2024-02-26 01:58:04
S011929,O001911,Out for Delivery,2024-09-13 12:07:45
S011930,O000998,Pickup,2025-07-30 06:14:03
S011931,O009927,In Transit,2024-07-04 03:33:29
S011932,O005269,Delivered,2025-03-10 09:18:06
S011933,O014182,In Transit,2025-03-20 04:20:38
S011934,O019682,Pickup,2025-09-30 09:11:43
S011935,O004544,Pickup,2024-08-03 13:21:16
S011936,O002466,Delivered,2025-01-12 23:46:05
S011937,O018234,In Transit,2025-10-14 04:59:28
S011938,O003552,Delivered,2024-11-02 10:10:20
S011939,O007433,In Transit,2024-10-08 10:55:48
S011940,O005751,Pickup,2025-01-09 00:30:08
S011941,O011909,In Transit,2025-02-22 09:00:01
S011942,O001090,Out for Delivery,2025-09-02 07:04:49
S011943,O007472,Pickup,2024-03-01 22:31:57
S011944,O018788,Pickup,2025-02-12 23:29:18
S011945,O016404,Delivered,2025-01-31 02:38:54
S011946,O010009,Out for Delivery,2025-09-15 01:24:30
S011947,O007738,In Transit,2024-11-07 14:45:24
S011948,O010102,Pickup,2025-05-17 03:32:36
S011949,O015893,In Transit,2025-09-04 07:09:51
S011950,O004460,Pickup,2025-04-17 12:08:20
S011951,O001812,Pickup,2024-07-29 14:14:48
S011952,O006152,Out for Delivery,2024-09-08 06:39:44
S011953,O000955,Out for Delivery,2024-02-25 17:21:18
S011954,O016882,In Transit,2024-08-04 00:15:48
S011955,O013112,Delivered,2024-04-28 08:47:35
S011956,O016243,Delivered,2024-03-13 05:07:57
S011957,O015063,In Transit,2025-10-28 16:56:44
S011958,O007880,Pickup,2024-03-25 13:50:54
S011959,O017063,In Transit,2024-12-30 03:30:59
S011960,O011845,Out for Delivery,2024-11-18 10:11:40
S011961,O014952,Out for Delivery,2024-04-04 04:40:46
S011962,O011131,Delivered,2025-05-09 19:08:41
S011963,O000959,Delivered,2024-10-14 23:07:43
S011964,O018003,Delivered,2025-04-11 02:18:21
S011965,O010648,In Transit,2024-10-10 23:14:09
S011966,O007982,Out for Delivery,2025-11-07 06:46:44
S011967,O014183,Pickup,2025-06-26 23:47:08
S011968,O007218,Out for Delivery,2025-03-10 04:58:44
S011969,O002706,Pickup,2025-12-18 16:59:40
S011970,O012314,Pickup,2025-04-16 14:14:30
S011971,O007690,Delivered,2025-01-12 09:25:34
S011972,O013305,Delivered,2025-03-16 17:31:22
S011973,O018638,In Transit,2025-01-30 11:55:05
S011974,O019419,Pickup,2025-12-12 06:09:04
S011975,O015822,Delivered,2024-03-23 11:34:19
S011976,O005835,Out for Delivery,2024-12-19 22:57:54
S011977,O009382,In Transit,2024-01-23 06:51:33
S011978,O018606,Pickup,2024-11-16 09:16:03
S011979,O000283,In Transit,2024-10-04 01:17:23
S011980,O009181,Delivered,2025-07-23 09:52:45
S011981,O008252,In Transit,2025-03-23 22:27:08
S011982,O008074,Out for Delivery,2025-10-19 03:49:29
S011983,O018187,Out for Delivery,2025-04-21 14:08:33
S011984,O011263,Delivered,2025-06-13 23:20:56
S011985,O019088,In Transit,2025-04-06 11:28:09
S011986,O008595,Out for Delivery,2024-06-17 22:12:16
S011987,O005572,Out for Delivery,2024-01-25 09:18:57
S011988,O003609,In Transit,2025-06-21 10:43:57
S011989,O011764,In Transit,2025-05-17 18:42:06
S011990,O011971,In Transit,2024-04-23 12:21:04
S011991,O018651,In Transit,2024-07-30 06:59:09
S011992,O016866,In Transit,2024-08-08 07:52:49
S011993,O008702,In Transit,2024-11-26 01:52:06
S011994,O004491,Delivered,2024-07-11 05:07:12
S011995,O011446,In Transit,2024-12-22 06:51:35
S011996,O015925,In Transit,2024-01-24 09:20:24
S011997,O003185,In Transit,2024-02-07 04:33:36
S011998,O008848,Pickup,2024-06-10 09:34:18
S011999,O016238,Out for Delivery,2025-11-23 07:01:03
S012000,O009118,Out for Delivery,2024-09-24 11:47:29
S012001,O003538,Pickup,2025-01-03 21:44:43
S012002,O013927,In Transit,2024-06-17 17:19:01
S012003,O019381,Delivered,2024-02-09 06:09:05
S012004,O009143,Out for Delivery,2025-09-14 20:40:33
S012005,O003966,Out for Delivery,2025-05-19 00:37:43
S012006,O001334,Out for Delivery,2024-06-23 10:17:22
S012007,O014656,Delivered,2024-05-23 09:23:34
S012008,O011175,Delivered,2024-06-05 19:44:48
S012009,O011432,In Transit,2025-09-30 16:30:51
S012010,O011155,In Transit,2025-12-03 04:17:10
S012011,O003752,Pickup,2025-01-21 11:58:56
S012012,O014699,Out for Delivery,2025-09-14 22:25:13
S012013,O010679,Pickup,2024-07-17 15:42:44
S012014,O016343,In Transit,2024-01-11 02:28:27
S012015,O019907,Out for Delivery,2025-04-21 04:37:41
S012016,O000523,Delivered,2024-07-23 21:32:49
S012017,O001977,In Transit,2024-02-07 11:46:15
S012018,O010782,Pickup,2025-08-13 17:06:17
S012019,O010743,Delivered,2024-11-06 14:50:58
S012020,O005971,Delivered,2024-07-09 21:47:29
S012021,O018404,Pickup,2024-08-23 09:26:55
S012022,O010581,Pickup,2024-07-29 00:40:02
S012023,O011980,Out for Delivery,2025-05-31 04:02:57
S012024,O009660,Delivered,2024-12-17 14:49:15
S012025,O009037,Out for Delivery,2024-01-25 10:47:19
S012026,O017060,Delivered,2024-03-21 18:25:19
S012027,O006550,Pickup,2025-04-08 07:06:56
S012028,O012718,In Transit,2024-11-28 13:06:56
S012029,O019563,Pickup,2025-03-10 06:28:39
S012030,O006647,Delivered,2024-06-23 20:14:30
S012031,O011503,Out for Delivery,2024-04-18 06:11:06
S012032,O004758,In Transit,2025-02-19 18:38:52
S012033,O018384,In Transit,2025-08-05 11:41:55
S012034,O015492,In Transit,2025-04-24 06:40:28
S012035,O002351,Delivered,2024-07-12 01:19:01
S012036,O004181,Delivered,2025-02-12 12:36:34
S012037,O016916,Pickup,2025-04-18 11:53:05
S012038,O001351,Pickup,2025-09-23 06:22:05
S012039,O017832,Out for Delivery,2024-09-11 20:08:57
S012040,O013538,Out for Delivery,2025-02-06 08:23:56
S012041,O012419,Pickup,2024-02-18 22:03:43
S012042,O004861,Out for Delivery,2024-09-02 11:35:19
S012043,O003751,Out for Delivery,2024-07-10 06:20:07
S012044,O008135,Pickup,2024-11-06 00:36:09
S012045,O001527,Delivered,2025-02-28 15:35:16
S012046,O011272,Out for Delivery,2024-05-15 02:39:04
S012047,O003779,Out for Delivery,2024-02-01 11:32:32
S012048,O014315,Out for Delivery,2024-04-13 09:01:10
S012049,O015000,Delivered,2025-05-08 11:46:45
S012050,O018067,Out for Delivery,2024-09-11 05:38:26
S012051,O003946,Pickup,2024-04-03 00:10:57
S012052,O016366,Delivered,2025-07-04 12:47:49
S012053,O017471,Out for Delivery,2024-10-01 13:03:51
S012054,O011339,Delivered,2024-01-02 03:55:23
S012055,O017826,Delivered,2024-01-07 13:47:07
S012056,O015379,In Transit,2025-11-12 10:53:23
S012057,O000163,In Transit,2025-09-04 21:09:20
S012058,O016427,Out for Delivery,2025-03-17 20:55:29
S012059,O006000,In Transit,2025-08-21 04:14:19
S012060,O007069,Delivered,2024-03-25 17:05:22
S012061,O002969,Out for Delivery,2024-07-27 03:42:21
S012062,O010311,Out for Delivery,2024-03-06 19:44:22
S012063,O017318,Out for Delivery,2024-02-12 16:35:39
S012064,O011519,Pickup,2024-05-01 10:28:30
S012065,O019354,Pickup,2025-08-02 21:27:56
S012066,O015553,In Transit,2025-01-07 10:29:36
S012067,O015409,In Transit,2025-07-10 20:00:09
S012068,O006170,Pickup,2024-06-22 11:31:24
S012069,O019110,Delivered,2025-10-21 15:38:57
S012070,O008894,Out for Delivery,2025-03-02 03:12:40
S012071,O003160,In Transit,2024-02-05 13:43:44
S012072,O007198,Delivered,2024-09-20 20:42:20
S012073,O005847,Pickup,2024-04-12 23:19:30
S012074,O004643,Delivered,2024-04-28 12:57:53
S012075,O000376,Delivered,2025-09-10 06:25:10
S012076,O000109,Delivered,2024-12-13 11:02:51
S012077,O001350,Out for Delivery,2025-07-11 04:56:28
S012078,O006421,Delivered,2025-08-20 22:54:48
S012079,O017533,Pickup,2025-01-26 14:14:32
S012080,O006158,Pickup,2025-06-26 09:03:39
S012081,O014533,In Transit,2025-09-01 20:57:04
S012082,O005891,Pickup,2025-11-30 22:23:34
S012083,O001963,Delivered,2024-01-19 01:41:46
S012084,O018040,Out for Delivery,2024-09-05 20:47:11
S012085,O006985,Delivered,2024-12-26 04:53:31
S012086,O001082,Delivered,2024-09-17 21:33:57
S012087,O009805,In Transit,2025-02-13 08:06:23
S012088,O008280,Out for Delivery,2024-06-27 03:11:55
S012089,O013866,In Transit,2025-04-17 02:05:00
S012090,O019053,Pickup,2025-03-17 08:14:45
S012091,O005210,Delivered,2024-07-26 06:49:16
S012092,O011350,Out for Delivery,2025-03-18 17:49:36
S012093,O019447,Delivered,2024-09-13 05:05:36
S012094,O011409,Out for Delivery,2024-09-07 23:04:11
S012095,O003351,Pickup,2024-07-28 17:29:47
S012096,O017574,Out for Delivery,2024-01-07 12:57:17
S012097,O004161,In Transit,2024-10-12 11:40:39
S012098,O000780,Pickup,2025-04-17 14:00:09
S012099,O019436,Delivered,2024-01-09 19:28:23
S012100,O006897,Out for Delivery,2025-02-01 03:43:28
S012101,O015315,Out for Delivery,2024-01-01 03:23:44
S012102,O015967,Pickup,2024-05-21 18:03:16
S012103,O019007,Out for Delivery,2024-04-14 14:47:07
S012104,O001949,In Transit,2025-02-19 05:37:34
S012105,O016645,Delivered,2025-08-28 22:52:17
S012106,O007006,In Transit,2025-10-07 14:31:40
S012107,O011189,In Transit,2025-02-07 00:28:39
S012108,O017389,Out for Delivery,2025-07-30 11:47:36
S012109,O010974,In Transit,2025-09-14 04:46:05
S012110,O004189,Pickup,2024-03-14 10:36:54
S012111,O000654,Out for Delivery,2024-09-23 05:39:59
S012112,O005837,Delivered,2024-04-16 16:06:55
S012113,O006873,Delivered,2025-05-12 20:01:13
S012114,O012908,Pickup,2024-12-09 16:56:42
S012115,O006326,Out for Delivery,2025-09-27 14:17:32
S012116,O004220,Delivered,2025-11-03 04:29:00
S012117,O003543,In Transit,2025-11-15 11:00:17
S012118,O010129,Delivered,2024-06-17 08:38:42
S012119,O002224,Out for Delivery,2025-11-23 00:59:53
S012120,O005830,Delivered,2025-07-09 03:47:24
S012121,O009889,Delivered,2025-08-09 04:15:57
S012122,O012720,Delivered,2025-01-06 17:34:27
S012123,O005042,Pickup,2025-04-30 20:54:50
S012124,O001473,Out for Delivery,2025-05-17 08:19:28
S012125,O010622,Out for Delivery,2024-10-17 14:15:52
S012126,O011079,Delivered,2024-10-08 01:28:14
S012127,O019823,Out for Delivery,2024-04-27 18:47:37
S012128,O011113,Delivered,2024-01-29 15:25:46
S012129,O019019,Pickup,2024-12-22 17:49:23
S012130,O007827,Out for Delivery,2024-10-24 07:43:37
S012131,O018001,Out for Delivery,2025-07-25 19:11:26
S012132,O000367,Delivered,2025-12-21 16:54:30
S012133,O009811,Out for Delivery,2025-03-30 22:01:03
S012134,O011067,In Transit,2025-11-10 01:08:36
S012135,O019004,In Transit,2025-03-08 19:12:35
S012136,O006395,Delivered,2025-03-23 01:07:04
S012137,O012862,Out for Delivery,2025-12-19 21:04:24
S012138,O001637,Pickup,2024-06-06 01:24:05
S012139,O012778,Delivered,2025-12-17 18:38:22
S012140,O018165,Out for Delivery,2024-08-15 12:55:36
S012141,O001279,In Transit,2024-06-06 00:14:36
S012142,O019658,Pickup,2024-06-07 19:49:48
S012143,O004071,Out for Delivery,2025-09-20 16:36:54
S012144,O008096,Out for Delivery,2024-06-16 02:58:00
S012145,O009077,Out for Delivery,2024-05-18 07:30:21
S012146,O007847,Delivered,2025-09-11 04:20:51
S012147,O019277,Out for Delivery,2025-05-17 00:12:02
S012148,O009308,In Transit,2025-03-11 06:11:48
S012149,O011227,Out for Delivery,2024-04-15 14:05:53
S012150,O004192,Pickup,2025-06-23 06:28:14
S012151,O008191,In Transit,2024-08-08 11:08:22
S012152,O015387,Delivered,2024-02-15 09:47:16
S012153,O008858,In Transit,2025-03-28 14:45:49
S012154,O015522,Out for Delivery,2024-08-19 02:00:21
S012155,O019628,Delivered,2024-01-31 08:57:25
S012156,O000938,In Transit,2025-06-26 12:24:42
S012157,O018074,Pickup,2024-09-19 19:29:51
S012158,O011952,Pickup,2025-08-29 07:48:30
S012159,O004747,In Transit,2025-10-09 22:58:53
S012160,O004357,Delivered,2025-06-08 17:59:54
S012161,O014558,Out for Delivery,2024-01-04 23:06:57
S012162,O014025,Delivered,2025-02-13 10:54:48
S012163,O018498,Delivered,2024-02-28 16:21:42
S012164,O019958,In Transit,2024-07-13 02:59:19
S012165,O017548,Delivered,2025-03-28 03:31:21
S012166,O014010,Out for Delivery,2024-06-19 02:56:27
S012167,O010077,Delivered,2024-03-01 18:12:27
S012168,O013943,Out for Delivery,2024-03-09 02:47:20
S012169,O014682,Pickup,2024-04-02 00:52:35
S012170,O017850,Delivered,2025-06-04 15:24:05
S012171,O006583,In Transit,2025-01-29 12:01:43
S012172,O013120,Pickup,2024-07-20 08:53:09
S012173,O012996,Pickup,2025-08-11 16:20:20
S012174,O007449,Out for Delivery,2025-06-20 14:01:30
S012175,O013265,Out for Delivery,2025-06-24 15:34:48
S012176,O015995,Delivered,2025-06-28 00:07:02
S012177,O011988,Out for Delivery,2024-11-07 11:48:22
S012178,O010549,Out for Delivery,2024-08-15 17:30:30
S012179,O002718,In Transit,2025-10-29 10:14:35
S012180,O019695,Out for Delivery,2024-12-28 01:54:45
S012181,O006796,Out for Delivery,2025-02-25 19:07:57
S012182,O016683,Delivered,2025-02-24 00:56:10
S012183,O014206,Pickup,2024-12-13 15:44:43
S012184,O017495,In Transit,2024-06-07 13:58:48
S012185,O013777,Pickup,2025-05-06 20:24:07
S012186,O013819,In Transit,2024-08-12 22:06:00
S012187,O017271,Delivered,2024-06-18 11:58:45
S012188,O017554,Out for Delivery,2024-01-31 15:16:32
S012189,O005094,Pickup,2024-03-13 01:05:08
S012190,O000453,In Transit,2024-06-25 05:31:55
S012191,O009221,Out for Delivery,2025-07-18 13:14:39
S012192,O015449,Delivered,2024-09-10 16:11:17
S012193,O018446,Delivered,2024-09-07 09:49:06
S012194,O001286,In Transit,2024-04-30 01:17:51
S012195,O010835,Pickup,2025-08-16 18:47:53
S012196,O005620,Delivered,2024-07-01 07:51:35
S012197,O006192,Delivered,2024-11-08 23:47:01
S012198,O011893,In Transit,2025-03-07 02:05:43
S012199,O002540,Pickup,2024-03-08 23:10:01
S012200,O013245,Out for Delivery,2025-01-18 19:24:55
S012201,O006907,In Transit,2024-07-15 11:30:25
S012202,O008422,Out for Delivery,2024-09-03 02:10:23
S012203,O001490,Delivered,2025-01-10 13:46:46
S012204,O007466,Pickup,2025-04-10 17:21:08
S012205,O019930,In Transit,2025-05-08 22:11:32
S012206,O019739,Delivered,2025-07-24 06:52:29
S012207,O017627,Out for Delivery,2024-10-28 21:18:43
S012208,O005089,Delivered,2025-07-13 12:44:19
S012209,O003225,In Transit,2025-11-09 04:03:30
S012210,O011461,Pickup,2024-04-01 15:07:13
S012211,O007019,In Transit,2024-12-19 01:43:17
S012212,O007070,Delivered,2024-08-04 21:07:20
S012213,O002113,Pickup,2025-09-23 07:39:35
S012214,O004736,In Transit,2024-04-22 08:11:11
S012215,O016793,Out for Delivery,2025-10-25 02:25:58
S012216,O012471,Out for Delivery,2024-10-05 07:09:23
S012217,O009069,Pickup,2025-01-31 11:03:09
S012218,O017787,In Transit,2024-05-03 00:07:02
S012219,O011749,In Transit,2024-12-18 11:00:29
S012220,O001725,Delivered,2025-05-24 07:22:33
S012221,O002495,Delivered,2025-02-06 03:43:49
S012222,O018600,Out for Delivery,2024-01-19 01:08:41
S012223,O019504,Delivered,2025-05-22 09:30:09
S012224,O013231,In Transit,2025-11-23 10:38:31
S012225,O000349,Out for Delivery,2025-05-09 10:04:47
S012226,O010646,Out for Delivery,2024-03-22 05:58:45
S012227,O010856,In Transit,2024-09-22 14:44:29
S012228,O011406,In Transit,2025-12-09 07:27:32
S012229,O015757,Out for Delivery,2024-09-03 03:49:16
S012230,O003356,Pickup,2025-11-12 00:24:25
S012231,O002902,In Transit,2024-12-18 07:17:05
S012232,O013545,Delivered,2024-05-03 09:00:07
S012233,O016487,In Transit,2025-12-10 15:22:03
S012234,O019696,In Transit,2025-06-30 16:12:41
S012235,O018614,Pickup,2025-09-30 21:51:33
S012236,O001255,Out for Delivery,2025-05-27 00:59:18
S012237,O005427,Delivered,2024-11-01 17:44:37
S012238,O015154,Delivered,2025-06-27 00:46:35
S012239,O006922,Out for Delivery,2024-03-12 19:17:14
S012240,O008181,Out for Delivery,2024-11-14 19:51:30
S012241,O007074,Delivered,2024-10-04 10:22:43
S012242,O009945,In Transit,2025-12-10 14:07:21
S012243,O016490,In Transit,2024-07-28 08:47:49
S012244,O010293,Delivered,2025-07-09 02:54:22
S012245,O006446,Pickup,2025-08-23 22:20:32
S012246,O003508,Pickup,2024-10-28 23:22:57
S012247,O002986,Delivered,2024-09-27 11:23:02
S012248,O007070,Out for Delivery,2025-06-16 22:17:21
S012249,O001101,In Transit,2025-03-27 04:08:48
S012250,O011870,Pickup,2025-08-20 06:03:07
S012251,O002761,Pickup,2024-09-20 02:51:58
S012252,O014006,Pickup,2025-01-03 11:48:06
S012253,O018424,Delivered,2025-09-11 21:53:39
S012254,O007314,Out for Delivery,2024-02-16 11:11:58
S012255,O006418,Out for Delivery,2024-08-26 09:03:26
S012256,O010024,Out for Delivery,2024-09-04 23:40:08
S012257,O012640,Pickup,2025-03-21 03:00:50
S012258,O010117,Delivered,2025-05-24 20:09:45
S012259,O006702,Delivered,2025-12-06 21:21:31
S012260,O013007,Delivered,2024-01-23 18:41:27
S012261,O005342,Out for Delivery,2024-06-08 01:17:04
S012262,O017280,Delivered,2025-11-10 10:19:31
S012263,O006483,Delivered,2024-11-05 20:19:37
S012264,O019195,In Transit,2025-06-03 14:03:38
S012265,O015375,In Transit,2025-10-28 02:05:08
S012266,O006455,Pickup,2025-10-07 21:06:08
S012267,O005987,Delivered,2025-11-04 20:46:14
S012268,O001350,Delivered,2025-06-16 22:01:23
S012269,O001703,In Transit,2025-12-06 09:44:09
S012270,O012831,Out for Delivery,2025-06-21 17:16:58
S012271,O003997,Delivered,2025-05-28 04:36:43
S012272,O010098,Delivered,2024-07-14 07:33:55
S012273,O001381,Out for Delivery,2024-10-20 13:48:24
S012274,O006836,In Transit,2025-03-17 22:04:37
S012275,O007252,Out for Delivery,2024-11-04 13:29:01
S012276,O008635,Pickup,2025-10-21 00:21:00
S012277,O015758,Delivered,2025-09-12 02:08:25
S012278,O015034,Delivered,2024-09-23 18:51:07
S012279,O013357,Delivered,2025-11-04 21:55:44
S012280,O001986,Delivered,2025-05-06 00:32:25
S012281,O011106,In Transit,2024-08-09 19:32:25
S012282,O008891,In Transit,2025-06-08 02:10:28
S012283,O002162,Delivered,2024-03-15 02:29:47
S012284,O010783,In Transit,2025-04-11 21:50:01
S012285,O006946,Out for Delivery,2025-09-20 17:23:28
S012286,O006120,Pickup,2025-05-19 10:21:05
S012287,O011568,Pickup,2025-04-14 21:46:37
S012288,O012389,Out for Delivery,2024-10-29 08:15:22
S012289,O003502,Pickup,2025-02-19 02:00:40
S012290,O015478,In Transit,2024-09-03 05:35:45
S012291,O019385,In Transit,2024-04-15 06:47:20
S012292,O019007,Delivered,2025-07-07 04:15:12
S012293,O014801,In Transit,2024-06-27 17:25:31
S012294,O001333,Pickup,2025-11-06 17:13:52
S012295,O017435,Out for Delivery,2024-09-08 17:32:39
S012296,O015141,Delivered,2025-12-24 06:43:48
S012297,O000024,In Transit,2024-12-04 19:58:46
S012298,O018899,In Transit,2025-11-13 16:24:21
S012299,O017601,Out for Delivery,2025-07-01 11:04:43
S012300,O018226,Out for Delivery,2024-05-10 04:43:21
S012301,O014725,In Transit,2024-09-27 15:18:39
S012302,O018997,Out for Delivery,2025-01-06 17:06:35
S012303,O005946,Pickup,2025-06-10 01:58:16
S012304,O008386,Pickup,2025-12-14 06:23:39
S012305,O018409,Delivered,2024-03-15 10:10:26
S012306,O006971,Pickup,2024-02-05 04:37:48
S012307,O013500,Delivered,2025-12-09 17:58:14
S012308,O002250,Pickup,2025-02-04 13:31:15
S012309,O000742,Out for Delivery,2024-11-03 22:04:40
S012310,O000322,Out for Delivery,2025-03-20 00:35:39
S012311,O019528,Out for Delivery,2024-05-14 09:10:25
S012312,O003828,In Transit,2025-09-07 15:33:21
S012313,O010295,In Transit,2024-06-29 10:40:19
S012314,O005363,In Transit,2024-06-23 04:19:47
S012315,O013079,Out for Delivery,2025-01-31 18:41:20
S012316,O010313,Out for Delivery,2025-04-28 05:38:41
S012317,O016360,In Transit,2024-03-14 23:25:07
S012318,O010821,In Transit,2025-06-10 13:56:38
S012319,O013914,Out for Delivery,2024-07-07 01:27:55
S012320,O013300,Pickup,2025-01-22 08:44:37
S012321,O010628,Pickup,2025-11-20 08:36:34
S012322,O018142,In Transit,2024-01-06 23:09:32
S012323,O016546,Delivered,2024-09-01 18:04:00
S012324,O011487,Pickup,2025-02-03 20:04:05
S012325,O009169,In Transit,2024-06-19 20:30:45
S012326,O018739,Out for Delivery,2025-10-06 07:05:58
S012327,O011440,Out for Delivery,2025-10-30 05:25:51
S012328,O011468,Delivered,2025-10-20 07:24:31
S012329,O010057,Out for Delivery,2025-08-19 13:38:50
S012330,O010579,Out for Delivery,2024-01-15 06:09:51
S012331,O017309,In Transit,2025-04-05 16:09:43
S012332,O015147,In Transit,2025-05-09 20:06:44
S012333,O004849,In Transit,2024-01-15 02:55:10
S012334,O011022,Out for Delivery,2025-08-17 05:00:02
S012335,O000440,Pickup,2025-01-17 07:42:14
S012336,O013219,Delivered,2024-10-29 03:42:11
S012337,O016674,Delivered,2025-04-13 22:13:44
S012338,O003799,In Transit,2025-09-23 08:45:35
S012339,O009498,In Transit,2025-11-12 21:33:14
S012340,O015039,In Transit,2024-03-29 10:36:04
S012341,O003820,In Transit,2025-09-20 07:37:19
S012342,O003316,Pickup,2024-11-28 03:19:14
S012343,O004395,Delivered,2024-09-05 08:08:47
S012344,O017766,Pickup,2024-02-24 08:53:38
S012345,O010856,Delivered,2024-07-28 14:13:47
S012346,O015530,Delivered,2024-07-17 15:12:32
S012347,O001163,Delivered,2025-07-10 12:30:53
S012348,O009737,Pickup,2025-01-24 01:43:37
S012349,O014296,Out for Delivery,2025-11-06 18:14:05
S012350,O005796,In Transit,2024-03-05 10:53:55
S012351,O013685,In Transit,2025-12-18 17:06:48
S012352,O008658,Delivered,2024-12-10 04:47:29
S012353,O015102,Out for Delivery,2024-10-24 18:53:18
S012354,O006249,Pickup,2025-08-30 11:28:36
S012355,O010463,Delivered,2025-04-15 17:39:33
S012356,O008426,Delivered,2025-10-14 03:14:41
S012357,O018220,Pickup,2025-02-20 21:44:07
S012358,O018569,Pickup,2025-08-05 20:57:28
S012359,O003686,In Transit,2024-05-28 09:57:38
S012360,O005735,Delivered,2025-07-01 00:48:25
S012361,O013720,Out for Delivery,2025-07-21 01:36:48
S012362,O014853,Pickup,2024-06-12 18:13:45
S012363,O007720,Delivered,2025-08-23 18:33:58
S012364,O019083,Out for Delivery,2024-03-10 17:27:52
S012365,O019795,Out for Delivery,2024-09-10 10:37:45
S012366,O004352,In Transit,2024-10-05 07:48:00
S012367,O000395,Delivered,2024-12-02 17:07:34
S012368,O001671,In Transit,2024-11-23 20:28:38
S012369,O017102,Delivered,2025-04-06 01:17:58
S012370,O010609,In Transit,2024-11-27 07:42:45
S012371,O010927,In Transit,2025-06-29 13:52:40
S012372,O000438,Pickup,2024-07-30 13:24:30
S012373,O002313,Delivered,2025-03-29 10:46:05
S012374,O007575,In Transit,2024-12-06 13:59:01
S012375,O009725,Out for Delivery,2024-05-03 19:22:26
S012376,O001489,Delivered,2025-10-09 23:36:25
S012377,O011764,In Transit,2025-06-28 16:26:25
S012378,O001431,Delivered,2025-09-12 20:49:40
S012379,O004233,Delivered,2025-11-08 18:46:53
S012380,O016132,Out for Delivery,2025-11-03 21:29:28
S012381,O007486,Pickup,2025-10-13 20:01:19
S012382,O004281,In Transit,2025-07-17 05:20:41
S012383,O009773,Pickup,2025-03-28 20:31:03
S012384,O001614,Pickup,2024-10-04 17:02:42
S012385,O018918,Out for Delivery,2024-09-18 06:59:55
S012386,O003624,In Transit,2024-09-05 17:10:52
S012387,O002308,Pickup,2024-01-06 09:37:15
S012388,O008415,Delivered,2025-09-10 01:25:18
S012389,O006396,Pickup,2024-02-26 12:45:40
S012390,O017384,Out for Delivery,2025-06-09 09:05:45
S012391,O010640,Delivered,2025-06-23 06:16:09
S012392,O001042,Out for Delivery,2025-11-30 19:39:52
S012393,O009636,In Transit,2024-10-17 19:38:54
S012394,O002004,Pickup,2025-10-29 08:00:01
S012395,O019898,Out for Delivery,2025-05-03 16:28:53
S012396,O019419,Delivered,2025-11-14 19:41:35
S012397,O009015,Pickup,2024-07-16 01:37:34
S012398,O017196,In Transit,2025-09-15 02:29:53
S012399,O007539,Pickup,2024-07-14 16:35:18
S012400,O017886,Out for Delivery,2024-01-26 16:12:17
S012401,O014222,Delivered,2025-05-09 13:57:24
S012402,O002435,Pickup,2024-11-28 15:37:27
S012403,O003241,Pickup,2025-02-19 20:52:05
S012404,O013080,Pickup,2024-04-02 08:12:38
S012405,O016014,Delivered,2025-01-10 04:23:21
S012406,O007285,Delivered,2024-11-08 15:20:20
S012407,O002888,Out for Delivery,2024-08-22 05:23:54
S012408,O001675,Out for Delivery,2025-11-04 19:42:57
S012409,O001654,Pickup,2024-10-05 04:24:58
S012410,O002704,Delivered,2025-08-28 07:56:59
S012411,O003507,Pickup,2025-09-20 07:30:31
S012412,O017663,Out for Delivery,2024-08-07 10:10:08
S012413,O001598,Delivered,2025-05-29 15:42:13
S012414,O016857,Delivered,2025-08-25 16:15:46
S012415,O002100,Pickup,2025-01-05 05:53:53
S012416,O018452,Delivered,2024-07-19 15:05:18
S012417,O004700,Pickup,2024-07-04 02:08:29
S012418,O011724,Out for Delivery,2025-11-17 15:54:05
S012419,O011057,Delivered,2025-08-30 19:57:06
S012420,O005994,Delivered,2025-01-25 02:53:26
S012421,O015614,Pickup,2025-06-22 04:16:26
S012422,O008234,Out for Delivery,2025-04-10 03:44:30
S012423,O018028,In Transit,2025-09-10 05:08:04
S012424,O015015,In Transit,2024-03-02 07:29:53
S012425,O000797,Pickup,2025-05-11 13:13:39
S012426,O011255,Out for Delivery,2025-07-18 06:32:43
S012427,O006846,In Transit,2025-09-05 06:23:50
S012428,O009406,Out for Delivery,2025-07-05 21:25:16
S012429,O019460,Delivered,2025-12-05 11:01:58
S012430,O016770,In Transit,2025-05-13 22:58:50
S012431,O001486,In Transit,2025-09-03 03:08:05
S012432,O015041,In Transit,2025-08-08 17:42:18
S012433,O011838,In Transit,2024-03-09 03:39:38
S012434,O003884,Out for Delivery,2025-10-14 14:03:45
S012435,O019752,In Transit,2024-01-12 04:00:26
S012436,O000765,In Transit,2025-06-03 08:36:09
S012437,O011624,Out for Delivery,2025-07-19 17:28:17
S012438,O014620,In Transit,2024-03-24 01:23:08
S012439,O018069,Delivered,2024-04-04 17:57:33
S012440,O010655,Pickup,2024-10-23 06:51:29
S012441,O005521,In Transit,2025-06-28 03:42:12
S012442,O018029,Delivered,2024-11-06 00:03:20
S012443,O013599,Pickup,2025-08-09 19:34:49
S012444,O002243,In Transit,2025-11-08 01:20:09
S012445,O013007,Pickup,2024-03-19 05:47:40
S012446,O011115,Out for Delivery,2025-01-17 23:07:13
S012447,O000229,Pickup,2024-08-27 19:18:06
S012448,O001536,Out for Delivery,2025-05-02 22:21:16
S012449,O014676,Delivered,2025-08-03 07:25:56
S012450,O001260,In Transit,2025-12-05 05:44:03
S012451,O007461,Delivered,2025-12-18 04:18:01
S012452,O008691,Pickup,2025-12-22 15:29:58
S012453,O016408,In Transit,2024-01-09 22:05:37
S012454,O010935,Out for Delivery,2025-03-02 16:26:33
S012455,O005901,Pickup,2024-01-20 20:51:55
S012456,O002006,Delivered,2025-08-08 20:48:03
S012457,O000338,In Transit,2025-04-13 09:40:04
S012458,O013713,Out for Delivery,2024-10-17 19:56:58
S012459,O007834,Delivered,2025-09-11 06:48:54
S012460,O002101,Delivered,2024-08-26 23:06:31
S012461,O014106,Delivered,2025-08-12 11:01:56
S012462,O014824,Delivered,2024-10-23 07:10:07
S012463,O012634,Delivered,2025-04-16 22:21:40
S012464,O018940,In Transit,2025-02-06 00:37:13
S012465,O014463,In Transit,2025-04-06 12:06:51
S012466,O006001,Out for Delivery,2025-03-03 02:08:47
S012467,O001491,In Transit,2025-04-24 07:20:48
S012468,O006601,Out for Delivery,2024-12-04 06:47:58
S012469,O012161,Pickup,2025-10-04 23:50:29
S012470,O014458,Pickup,2025-03-24 03:59:07
S012471,O018792,In Transit,2024-10-09 16:29:46
S012472,O004491,Delivered,2025-07-19 13:28:49
S012473,O012096,Pickup,2024-07-11 20:24:33
S012474,O000529,Pickup,2024-06-22 15:56:08
S012475,O011577,Delivered,2025-01-19 15:19:47
S012476,O017756,Out for Delivery,2024-05-10 08:52:13
S012477,O011901,In Transit,2024-07-09 10:34:03
S012478,O019593,Pickup,2025-07-01 18:18:33
S012479,O010652,Pickup,2025-09-19 19:17:55
S012480,O012749,Delivered,2024-11-25 22:27:26
S012481,O014141,In Transit,2025-09-16 03:14:04
S012482,O008809,Out for Delivery,2024-10-07 11:43:57
S012483,O015433,Out for Delivery,2025-10-08 04:28:20
S012484,O011438,Out for Delivery,2025-12-05 06:02:25
S012485,O005691,Delivered,2024-09-03 19:23:50
S012486,O014680,Pickup,2025-08-27 23:01:00
S012487,O011126,Out for Delivery,2024-07-14 13:53:39
S012488,O009249,Delivered,2024-03-16 20:20:48
S012489,O001383,Out for Delivery,2024-01-04 08:51:30
S012490,O000322,Delivered,2024-03-21 19:17:24
S012491,O006410,Pickup,2024-05-28 07:31:12
S012492,O019258,In Transit,2025-12-11 10:33:31
S012493,O017982,Out for Delivery,2024-02-22 11:12:17
S012494,O015699,Out for Delivery,2024-01-10 05:55:25
S012495,O012503,Pickup,2025-02-15 01:28:09
S012496,O017667,Delivered,2025-09-12 10:12:46
S012497,O005566,In Transit,2024-04-20 02:42:12
S012498,O012846,Pickup,2024-10-23 15:33:37
S012499,O010747,Pickup,2025-08-22 15:39:44
S012500,O017569,In Transit,2025-09-19 23:42:03
S012501,O014475,Out for Delivery,2024-03-10 06:32:10
S012502,O012674,Delivered,2024-02-29 09:47:38
S012503,O011079,Out for Delivery,2025-01-10 04:27:33
S012504,O000976,Delivered,2024-01-30 17:11:12
S012505,O002069,Pickup,2025-11-24 09:38:02
S012506,O006804,Out for Delivery,2024-08-21 09:56:05
S012507,O015367,In Transit,2025-07-07 06:55:03
S012508,O011576,Out for Delivery,2024-01-23 08:02:25
S012509,O018596,Out for Delivery,2025-12-20 11:43:25
S012510,O005803,In Transit,2025-02-16 15:41:11
S012511,O017607,In Transit,2025-01-13 05:34:01
S012512,O012368,In Transit,2025-07-21 17:49:19
S012513,O013204,Pickup,2024-07-04 18:16:58
S012514,O014463,Out for Delivery,2025-11-03 09:08:44
S012515,O006032,Pickup,2025-08-03 20:39:38
S012516,O014125,Out for Delivery,2025-04-14 09:37:54
S012517,O011209,Pickup,2024-06-28 16:27:55
S012518,O015067,In Transit,2024-03-22 13:30:38
S012519,O008349,In Transit,2024-01-30 15:30:13
S012520,O004576,In Transit,2024-12-16 19:09:07
S012521,O014039,Delivered,2025-12-25 05:03:06
S012522,O003674,Delivered,2024-01-31 09:56:28
S012523,O015233,Out for Delivery,2024-03-31 06:34:08
S012524,O010841,In Transit,2025-05-13 21:39:31
S012525,O009693,In Transit,2025-02-10 19:40:09
S012526,O001684,Pickup,2024-09-17 18:55:03
S012527,O004149,Pickup,2025-06-13 17:47:23
S012528,O000658,Delivered,2025-03-02 07:52:28
S012529,O007250,In Transit,2025-08-02 00:40:52
S012530,O017690,Pickup,2025-12-27 23:02:32
S012531,O015806,Out for Delivery,2025-07-07 15:12:45
S012532,O010588,Pickup,2024-01-30 05:48:54
S012533,O016130,Out for Delivery,2024-04-18 20:53:22
S012534,O016519,Out for Delivery,2025-06-09 21:55:49
S012535,O005730,Delivered,2024-07-24 04:54:40
S012536,O015368,Delivered,2025-07-11 01:20:20
S012537,O004314,Pickup,2024-10-09 05:51:34
S012538,O009045,Out for Delivery,2024-02-06 14:43:36
S012539,O007503,Out for Delivery,2024-09-26 01:16:17
S012540,O017120,In Transit,2024-12-05 13:35:15
S012541,O002224,Out for Delivery,2024-11-04 16:21:02
S012542,O017897,Out for Delivery,2025-09-27 18:32:01
S012543,O018125,Out for Delivery,2024-11-16 18:35:27
S012544,O006387,Delivered,2025-09-26 17:19:10
S012545,O006230,Pickup,2024-01-14 08:22:53
S012546,O017655,Delivered,2024-10-24 08:43:43
S012547,O012515,Delivered,2025-01-01 08:48:14
S012548,O012341,Out for Delivery,2025-12-16 12:39:38
S012549,O002070,In Transit,2024-06-09 03:40:27
S012550,O015898,Out for Delivery,2025-04-13 20:31:08
S012551,O017758,Pickup,2024-02-28 15:41:00
S012552,O005950,In Transit,2024-08-12 04:22:12
S012553,O013696,In Transit,2024-02-23 00:12:56
S012554,O006022,Pickup,2025-06-21 01:46:20
S012555,O003778,In Transit,2024-03-23 02:38:22
S012556,O014482,Pickup,2024-04-29 11:35:27
S012557,O019184,Out for Delivery,2025-07-16 21:04:01
S012558,O018913,Pickup,2025-05-17 13:52:53
S012559,O008251,Out for Delivery,2024-05-26 16:48:47
S012560,O014254,Out for Delivery,2024-11-10 12:11:46
S012561,O015239,Out for Delivery,2024-01-29 09:17:39
S012562,O001926,In Transit,2024-04-04 02:09:58
S012563,O000929,Pickup,2025-02-17 16:28:44
S012564,O013860,Delivered,2025-06-07 00:15:21
S012565,O009877,Pickup,2025-04-12 21:58:36
S012566,O009206,In Transit,2025-12-13 02:06:13
S012567,O016618,Out for Delivery,2024-08-12 08:03:10
S012568,O007874,Delivered,2025-12-14 13:37:34
S012569,O013205,Delivered,2024-07-11 00:29:28
S012570,O008930,Out for Delivery,2025-12-17 21:32:35
S012571,O018543,Pickup,2024-07-08 02:29:39
S012572,O014312,Out for Delivery,2024-02-12 06:52:13
S012573,O002921,In Transit,2025-11-04 12:13:00
S012574,O007801,In Transit,2024-09-20 18:19:00
S012575,O004946,Pickup,2025-08-10 15:12:49
S012576,O006805,Delivered,2024-04-15 05:16:08
S012577,O008932,In Transit,2024-07-20 03:28:30
S012578,O004123,Pickup,2025-06-05 23:36:46
S012579,O007053,Pickup,2024-03-12 22:21:41
S012580,O012971,Pickup,2025-11-10 15:24:05
S012581,O010247,Pickup,2025-09-02 23:13:53
S012582,O007614,Pickup,2025-01-29 12:57:48
S012583,O003024,Pickup,2024-02-08 13:54:42
S012584,O010706,Delivered,2024-05-26 15:54:27
S012585,O007816,In Transit,2024-03-13 13:09:54
S012586,O003289,In Transit,2024-03-27 11:18:37
S012587,O003364,In Transit,2025-02-26 07:38:59
S012588,O005685,Delivered,2025-04-23 00:05:02
S012589,O006213,Pickup,2025-10-10 04:47:19
S012590,O014995,Out for Delivery,2025-02-05 07:54:42
S012591,O011698,Delivered,2024-07-28 00:41:54
S012592,O002526,Out for Delivery,2024-03-18 00:46:01
S012593,O011866,In Transit,2024-10-30 01:45:02
S012594,O010736,In Transit,2024-02-12 06:43:08
S012595,O010499,Delivered,2024-01-17 06:35:51
S012596,O004775,In Transit,2025-06-09 15:24:41
S012597,O012691,Pickup,2025-09-07 01:08:41
S012598,O017933,Out for Delivery,2024-02-27 07:46:46
S012599,O018679,Delivered,2024-08-18 07:14:31
S012600,O014255,In Transit,2024-07-06 05:16:19
S012601,O007275,Out for Delivery,2025-09-13 11:37:43
S012602,O009936,Out for Delivery,2025-06-19 07:14:45
S012603,O015835,In Transit,2024-11-25 18:09:29
S012604,O009053,Out for Delivery,2025-10-03 12:02:22
S012605,O005541,Out for Delivery,2025-12-21 18:48:35
S012606,O004895,In Transit,2025-07-14 14:33:40
S012607,O017786,In Transit,2025-01-25 03:13:06
S012608,O019479,Delivered,2024-01-08 13:21:25
S012609,O014516,Out for Delivery,2024-01-28 05:15:34
S012610,O011150,Delivered,2025-05-09 05:03:59
S012611,O012808,Out for Delivery,2025-09-04 04:15:34
S012612,O009583,Out for Delivery,2024-11-30 21:18:18
S012613,O014486,In Transit,2024-11-08 10:42:07
S012614,O010591,In Transit,2024-02-15 05:36:30
S012615,O014935,In Transit,2024-01-08 22:09:21
S012616,O014359,Out for Delivery,2024-03-11 05:26:30
S012617,O019233,In Transit,2024-10-12 09:36:09
S012618,O015797,In Transit,2024-04-28 07:26:53
S012619,O004149,Delivered,2024-01-19 23:40:13
S012620,O019528,In Transit,2024-06-07 17:29:40
S012621,O019130,In Transit,2025-08-24 11:57:53
S012622,O002080,Delivered,2025-05-03 13:20:36
S012623,O009758,Pickup,2025-01-04 07:09:13
S012624,O014106,Out for Delivery,2025-01-19 14:44:45
S012625,O017658,Out for Delivery,2025-02-12 02:52:53
S012626,O012994,Pickup,2025-08-02 14:08:31
S012627,O001813,Pickup,2024-05-06 22:38:06
S012628,O009467,Pickup,2025-07-26 01:46:53
S012629,O016348,Pickup,2024-08-11 17:46:05
S012630,O002583,In Transit,2025-05-27 23:13:34
S012631,O013805,In Transit,2025-04-29 23:00:52
S012632,O008409,In Transit,2024-04-19 13:56:53
S012633,O019854,Pickup,2025-04-26 07:08:13
S012634,O004301,Pickup,2025-06-01 18:09:06
S012635,O015573,Delivered,2024-10-14 11:19:54
S012636,O010971,Pickup,2025-12-22 02:27:01
S012637,O015490,Out for Delivery,2024-08-09 11:51:32
S012638,O018922,In Transit,2024-02-17 15:24:55
S012639,O004749,Delivered,2024-05-27 09:30:44
S012640,O010019,Out for Delivery,2024-02-22 07:07:48
S012641,O006199,Out for Delivery,2024-07-04 04:59:49
S012642,O005445,Pickup,2024-01-08 14:34:46
S012643,O017107,Out for Delivery,2025-03-11 00:33:21
S012644,O015730,In Transit,2025-11-27 03:23:50
S012645,O007890,Pickup,2025-11-05 21:21:45
S012646,O001212,Delivered,2024-06-06 04:59:31
S012647,O019428,Pickup,2024-03-06 02:08:10
S012648,O010745,Delivered,2024-03-04 19:10:08
S012649,O003132,Pickup,2024-03-28 15:47:11
S012650,O017697,Out for Delivery,2024-03-23 13:07:20
S012651,O015212,Out for Delivery,2024-04-02 14:17:19
S012652,O006216,Out for Delivery,2025-08-30 16:34:44
S012653,O011126,Out for Delivery,2025-07-18 01:35:02
S012654,O002160,Delivered,2024-08-30 16:49:21
S012655,O016187,In Transit,2025-11-18 15:28:05
S012656,O010950,In Transit,2025-09-06 10:33:12
S012657,O007854,Pickup,2024-08-23 12:22:51
S012658,O009767,Delivered,2025-05-13 01:36:34
S012659,O012455,Out for Delivery,2025-01-18 07:54:52
S012660,O007726,In Transit,2025-09-22 11:00:34
S012661,O005772,Out for Delivery,2025-04-30 16:52:31
S012662,O005709,Pickup,2024-06-24 06:58:29
S012663,O016701,Out for Delivery,2025-05-08 18:45:10
S012664,O015960,Out for Delivery,2025-12-17 23:35:49
S012665,O003571,In Transit,2024-02-16 07:24:25
S012666,O014122,In Transit,2025-12-29 14:48:12
S012667,O008748,Delivered,2025-12-21 12:34:25
S012668,O008206,Delivered,2025-04-07 08:47:18
S012669,O003463,Out for Delivery,2024-04-06 06:12:46
S012670,O014657,Pickup,2025-11-18 17:36:44
S012671,O016254,Delivered,2024-02-10 17:56:12
S012672,O002342,Delivered,2025-08-18 01:59:49
S012673,O005120,Pickup,2024-10-19 18:39:24
S012674,O012364,In Transit,2025-12-21 12:52:39
S012675,O000205,Pickup,2025-04-19 10:14:56
S012676,O019479,In Transit,2024-08-11 07:05:24
S012677,O005366,Delivered,2024-06-02 10:32:25
S012678,O003137,Pickup,2024-01-07 03:58:19
S012679,O004367,Out for Delivery,2024-09-09 13:31:43
S012680,O009972,Pickup,2024-08-14 04:26:54
S012681,O014164,In Transit,2025-03-11 13:11:13
S012682,O001379,Out for Delivery,2024-11-30 05:17:12
S012683,O015448,Delivered,2024-02-22 10:29:40
S012684,O013966,Delivered,2025-08-31 10:53:08
S012685,O004859,Delivered,2025-03-19 21:10:03
S012686,O013901,Pickup,2024-04-27 13:33:58
S012687,O019942,In Transit,2025-02-11 15:16:16
S012688,O013177,Pickup,2024-01-23 15:37:08
S012689,O006980,In Transit,2024-11-30 16:31:14
S012690,O003829,In Transit,2024-03-03 19:17:34
S012691,O010441,Pickup,2024-10-09 10:01:56
S012692,O011545,Delivered,2024-08-01 06:47:01
S012693,O009909,Out for Delivery,2025-05-20 13:57:25
S012694,O008660,Pickup,2024-02-17 22:25:21
S012695,O003892,In Transit,2025-08-14 08:17:48
S012696,O016301,In Transit,2024-04-12 06:42:57
S012697,O016961,Pickup,2024-05-24 10:39:07
S012698,O013558,Pickup,2024-02-21 06:47:55
S012699,O005934,Pickup,2025-09-12 05:42:47
S012700,O011764,Delivered,2025-09-05 04:02:28
S012701,O003414,In Transit,2024-03-09 06:01:31
S012702,O007726,In Transit,2025-05-07 04:32:59
S012703,O015820,In Transit,2024-07-02 18:34:11
S012704,O001131,In Transit,2025-06-03 02:08:22
S012705,O017070,Delivered,2024-01-29 06:15:29
S012706,O013853,In Transit,2024-06-17 13:52:42
S012707,O002812,Delivered,2025-07-12 21:11:32
S012708,O014448,In Transit,2024-06-06 02:43:21
S012709,O002693,Pickup,2025-09-22 22:39:01
S012710,O017157,Pickup,2025-01-04 23:30:42
S012711,O010751,Delivered,2025-11-19 21:54:05
S012712,O012831,In Transit,2025-11-22 10:58:45
S012713,O017478,Delivered,2025-08-31 10:46:42
S012714,O018234,Delivered,2025-12-31 04:48:42
S012715,O005630,In Transit,2025-01-22 12:40:38
S012716,O005914,Out for Delivery,2024-04-26 16:18:19
S012717,O011377,In Transit,2025-09-10 22:52:26
S012718,O011374,Out for Delivery,2025-06-22 14:54:10
S012719,O019754,Out for Delivery,2025-05-19 12:54:48
S012720,O004885,Pickup,2024-08-17 02:03:16
S012721,O005270,Out for Delivery,2025-10-30 12:15:30
S012722,O014043,Out for Delivery,2024-02-25 04:28:45
S012723,O013646,Delivered,2025-10-07 03:46:05
S012724,O010365,Pickup,2024-11-25 16:05:35
S012725,O018824,Out for Delivery,2025-01-29 13:46:48
S012726,O013986,Delivered,2024-01-07 11:00:53
S012727,O015661,Delivered,2025-06-10 20:04:33
S012728,O019082,Pickup,2025-08-28 15:58:14
S012729,O017310,Delivered,2025-11-27 13:04:47
S012730,O005043,In Transit,2024-12-21 09:05:18
S012731,O012019,Pickup,2024-12-03 09:25:34
S012732,O018014,Out for Delivery,2024-09-08 22:47:22
S012733,O004059,Delivered,2025-02-21 02:19:44
S012734,O010588,Out for Delivery,2025-03-28 03:34:47
S012735,O002347,Pickup,2024-02-11 03:01:56
S012736,O018407,In Transit,2025-12-08 16:29:20
S012737,O009794,Delivered,2024-03-21 15:48:11
S012738,O001238,In Transit,2024-09-04 00:48:19
S012739,O010103,In Transit,2024-01-10 23:56:51
S012740,O019053,In Transit,2025-04-13 14:59:46
S012741,O006224,Out for Delivery,2025-03-06 11:29:35
S012742,O008724,In Transit,2024-12-30 05:32:05
S012743,O005347,Delivered,2024-01-29 18:37:30
S012744,O019406,Pickup,2025-08-05 21:40:01
S012745,O014196,Pickup,2024-11-14 18:50:36
S012746,O002130,In Transit,2025-06-02 00:43:12
S012747,O008807,In Transit,2025-01-30 06:23:10
S012748,O004759,Pickup,2025-12-25 17:48:52
S012749,O003941,Pickup,2025-05-16 21:51:00
S012750,O013046,Out for Delivery,2025-08-07 15:26:43
S012751,O018165,Delivered,2024-10-09 10:32:35
S012752,O017946,Delivered,2024-03-07 15:24:10
S012753,O018238,Delivered,2024-05-07 10:47:26
S012754,O008811,Delivered,2024-08-16 22:27:59
S012755,O011091,In Transit,2025-05-14 04:13:21
S012756,O007553,Out for Delivery,2025-05-21 01:54:36
S012757,O016099,Delivered,2024-01-10 13:04:38
S012758,O004946,Pickup,2024-09-24 06:08:44
S012759,O019707,Delivered,2025-06-21 06:51:28
S012760,O014610,Out for Delivery,2024-03-13 03:47:24
S012761,O016990,Pickup,2024-01-18 07:23:15
S012762,O015488,In Transit,2024-01-17 16:22:19
S012763,O004285,Out for Delivery,2024-09-24 05:01:05
S012764,O004923,Pickup,2024-06-19 17:58:14
S012765,O015487,In Transit,2024-12-24 15:36:38
S012766,O015072,Pickup,2025-06-23 17:04:01
S012767,O005342,Pickup,2024-04-22 08:43:11
S012768,O004677,Delivered,2025-11-20 21:19:23
S012769,O004981,Delivered,2025-11-22 10:53:32
S012770,O011931,In Transit,2024-03-10 08:27:56
S012771,O006671,Pickup,2025-05-14 09:55:54
S012772,O011762,In Transit,2025-06-09 09:51:33
S012773,O002879,Delivered,2025-10-21 04:09:18
S012774,O013024,In Transit,2025-10-06 20:09:16
S012775,O014799,Delivered,2025-04-15 11:35:56
S012776,O011296,Delivered,2024-06-29 05:11:39
S012777,O008428,Pickup,2025-05-27 20:23:15
S012778,O014050,In Transit,2025-09-25 16:31:13
S012779,O001182,In Transit,2025-07-09 03:52:10
S012780,O008355,Delivered,2025-03-07 08:31:19
S012781,O009117,In Transit,2025-02-25 23:13:26
S012782,O018995,Delivered,2024-06-23 05:48:18
S012783,O006798,In Transit,2024-01-17 10:16:45
S012784,O012249,Pickup,2024-01-13 23:50:59
S012785,O003649,Delivered,2025-09-02 09:37:25
S012786,O001407,Pickup,2025-06-04 07:37:28
S012787,O018252,Pickup,2025-04-19 00:41:18
S012788,O004568,Pickup,2025-07-21 04:30:49
S012789,O016398,In Transit,2024-03-16 20:54:38
S012790,O011222,In Transit,2024-03-24 22:27:05
S012791,O000793,Out for Delivery,2025-03-25 04:24:39
S012792,O018523,Out for Delivery,2025-12-26 14:12:05
S012793,O013698,Out for Delivery,2025-03-13 18:43:15
S012794,O017985,Pickup,2024-07-17 12:53:55
S012795,O010967,In Transit,2025-10-24 19:58:12
S012796,O008577,Out for Delivery,2024-09-01 18:03:09
S012797,O001979,In Transit,2025-08-02 14:55:56
S012798,O000010,Out for Delivery,2025-07-24 11:21:30
S012799,O015244,Out for Delivery,2024-10-12 10:37:37
S012800,O013333,In Transit,2024-10-13 07:12:58
S012801,O015174,Pickup,2024-06-09 11:26:27
S012802,O015203,Pickup,2024-05-17 01:42:00
S012803,O010394,Pickup,2025-03-18 03:53:21
S012804,O011418,In Transit,2024-08-17 08:09:46
S012805,O007341,Out for Delivery,2024-02-12 21:49:38
S012806,O000792,Out for Delivery,2024-03-04 11:49:46
S012807,O008860,Out for Delivery,2025-11-10 06:10:10
S012808,O000201,Pickup,2024-09-14 11:59:38
S012809,O007657,Out for Delivery,2024-04-29 20:43:35
S012810,O014402,In Transit,2025-02-22 02:10:32
S012811,O019470,Out for Delivery,2025-11-04 15:31:16
S012812,O008081,Delivered,2024-04-19 14:37:49
S012813,O001623,Out for Delivery,2025-12-18 10:43:39
S012814,O000335,Pickup,2024-08-01 05:10:24
S012815,O012646,Delivered,2024-02-01 18:04:55
S012816,O009781,Pickup,2024-01-29 11:01:54
S012817,O015356,In Transit,2024-10-08 21:11:15
S012818,O009762,Pickup,2025-12-02 07:46:19
S012819,O010427,Delivered,2024-08-02 08:34:14
S012820,O015413,Out for Delivery,2025-12-01 10:01:11
S012821,O010207,Out for Delivery,2025-11-26 22:13:35
S012822,O006456,Pickup,2025-02-06 16:03:36
S012823,O009074,Delivered,2025-03-06 17:11:06
S012824,O017798,In Transit,2024-09-25 02:32:17
S012825,O012136,In Transit,2025-10-06 13:09:49
S012826,O005551,Pickup,2024-01-26 18:41:45
S012827,O012746,Delivered,2025-06-26 00:55:33
S012828,O016290,Out for Delivery,2025-05-11 08:49:32
S012829,O015432,Out for Delivery,2024-08-09 21:26:47
S012830,O004141,Pickup,2024-05-22 07:58:42
S012831,O008180,In Transit,2024-11-25 08:06:18
S012832,O008770,In Transit,2024-03-23 16:03:59
S012833,O000851,Pickup,2025-03-11 10:20:04
S012834,O012911,Out for Delivery,2025-11-08 22:51:43
S012835,O018085,Delivered,2025-09-19 02:09:37
S012836,O006047,Delivered,2025-09-28 16:10:50
S012837,O009186,Pickup,2024-03-09 21:57:51
S012838,O011862,Out for Delivery,2024-04-05 09:18:55
S012839,O000518,Pickup,2025-02-15 03:27:07
S012840,O000761,Pickup,2024-02-04 02:21:17
S012841,O000255,Delivered,2025-09-11 12:55:23
S012842,O019537,Pickup,2025-12-18 17:37:26
S012843,O014638,Pickup,2025-08-14 11:51:28
S012844,O007001,Pickup,2024-06-29 00:32:12
S012845,O002006,In Transit,2025-05-03 06:10:09
S012846,O014967,Out for Delivery,2024-12-27 03:49:20
S012847,O012633,Pickup,2025-03-08 21:31:20
S012848,O005671,Delivered,2025-04-29 16:16:01
S012849,O009053,In Transit,2024-03-17 20:57:13
S012850,O006839,In Transit,2025-05-25 07:58:05
S012851,O007938,In Transit,2025-05-12 12:35:22
S012852,O007613,In Transit,2025-07-16 15:05:59
S012853,O003805,Pickup,2025-06-01 11:25:18
S012854,O017090,In Transit,2024-10-19 11:06:13
S012855,O011488,Delivered,2024-05-20 14:08:17
S012856,O007409,Pickup,2024-01-17 10:57:35
S012857,O003183,Pickup,2025-12-17 17:39:24
S012858,O016404,Pickup,2024-11-03 08:42:51
S012859,O001358,Pickup,2025-05-12 22:49:52
S012860,O000673,In Transit,2025-07-15 15:59:39
S012861,O018302,Pickup,2024-10-12 11:45:20
S012862,O000018,In Transit,2025-04-28 01:52:49
S012863,O004893,Out for Delivery,2025-06-21 05:00:40
S012864,O013560,In Transit,2025-07-09 05:15:59
S012865,O008349,In Transit,2025-09-06 10:01:42
S012866,O002074,In Transit,2024-06-22 05:38:02
S012867,O005743,Pickup,2025-09-26 04:36:56
S012868,O003133,Pickup,2025-04-29 15:13:53
S012869,O007033,Out for Delivery,2025-08-28 01:23:07
S012870,O004907,Out for Delivery,2024-10-10 05:09:26
S012871,O003192,Delivered,2025-08-04 03:02:45
S012872,O001688,Out for Delivery,2025-05-16 15:22:24
S012873,O015532,Pickup,2025-10-27 02:53:16
S012874,O009072,Out for Delivery,2024-05-22 22:43:29
S012875,O015796,Out for Delivery,2024-12-31 04:46:47
S012876,O018960,Delivered,2024-01-21 12:35:26
S012877,O001181,In Transit,2024-06-11 04:21:15
S012878,O000327,Out for Delivery,2025-08-01 16:11:39
S012879,O012317,Out for Delivery,2025-01-18 12:26:57
S012880,O011277,Pickup,2025-02-17 01:50:06
S012881,O003188,Pickup,2024-10-04 01:29:13
S012882,O004088,Delivered,2024-06-15 20:46:44
S012883,O015202,In Transit,2025-03-14 11:34:10
S012884,O009679,In Transit,2024-07-20 08:09:56
S012885,O008806,Pickup,2024-11-09 20:35:00
S012886,O001020,Pickup,2024-04-12 13:49:48
S012887,O017526,Out for Delivery,2024-02-04 22:18:35
S012888,O006873,In Transit,2025-06-15 08:43:14
S012889,O002276,Out for Delivery,2024-09-30 16:18:18
S012890,O016891,Pickup,2024-11-19 09:21:27
S012891,O002351,Pickup,2025-03-16 11:16:50
S012892,O011816,Delivered,2025-09-08 10:31:32
S012893,O015765,Delivered,2024-03-09 01:06:49
S012894,O001397,Pickup,2024-03-17 08:48:34
S012895,O000248,In Transit,2025-02-15 23:43:12
S012896,O017183,Pickup,2024-05-12 18:08:54
S012897,O014436,In Transit,2025-08-03 16:04:53
S012898,O015307,In Transit,2025-03-13 04:12:02
S012899,O005340,In Transit,2024-04-18 16:28:14
S012900,O007256,Pickup,2025-01-03 12:53:31
S012901,O011087,Delivered,2024-06-22 18:18:06
S012902,O019198,Pickup,2025-01-25 09:16:25
S012903,O016799,Out for Delivery,2025-08-24 20:55:54
S012904,O003946,Pickup,2025-09-14 10:52:20
S012905,O002826,Pickup,2024-03-07 20:18:54
S012906,O013136,Out for Delivery,2024-10-19 08:55:25
S012907,O001003,Pickup,2024-06-04 11:15:24
S012908,O016371,Pickup,2024-01-27 02:04:12
S012909,O002376,Pickup,2024-04-25 14:48:02
S012910,O011997,Pickup,2024-04-02 07:56:51
S012911,O009493,In Transit,2025-10-19 02:46:54
S012912,O002621,Out for Delivery,2025-11-08 06:00:59
S012913,O007283,Out for Delivery,2024-09-28 04:43:52
S012914,O003932,Out for Delivery,2025-02-05 03:20:04
S012915,O001056,In Transit,2025-09-21 19:08:04
S012916,O004962,Out for Delivery,2025-08-09 16:23:16
S012917,O001978,In Transit,2025-11-24 16:25:12
S012918,O016725,Out for Delivery,2024-06-06 21:29:52
S012919,O018510,Pickup,2025-02-21 19:32:09
S012920,O015170,Delivered,2024-09-07 11:34:28
S012921,O006855,Delivered,2025-05-07 20:59:38
S012922,O006612,In Transit,2024-09-22 01:18:26
S012923,O018301,In Transit,2025-08-22 12:55:29
S012924,O018838,Delivered,2024-02-20 03:10:05
S012925,O011768,Delivered,2025-08-03 14:43:29
S012926,O016024,Out for Delivery,2024-10-07 10:47:01
S012927,O001808,Out for Delivery,2024-07-11 17:45:54
S012928,O014467,In Transit,2025-07-23 09:59:22
S012929,O000397,Pickup,2024-03-09 16:55:45
S012930,O017924,In Transit,2024-07-26 13:46:07
S012931,O000590,Pickup,2024-10-18 01:41:22
S012932,O015957,In Transit,2024-02-06 05:24:05
S012933,O011453,Delivered,2024-07-14 23:57:38
S012934,O016024,In Transit,2025-12-24 21:07:00
S012935,O007916,Delivered,2024-05-19 10:29:09
S012936,O017144,Delivered,2024-02-15 05:22:03
S012937,O013738,Delivered,2025-08-03 02:06:42
S012938,O004063,Out for Delivery,2024-02-28 08:07:26
S012939,O006947,Pickup,2024-01-21 17:54:10
S012940,O004675,Pickup,2025-05-03 09:12:56
S012941,O014846,In Transit,2024-11-29 03:13:41
S012942,O012450,Out for Delivery,2024-08-07 06:29:32
S012943,O010925,Pickup,2025-01-08 17:27:23
S012944,O008573,Out for Delivery,2024-07-17 03:35:09
S012945,O010917,Delivered,2024-06-01 09:40:21
S012946,O010975,Delivered,2024-01-11 11:33:09
S012947,O005471,Pickup,2025-04-05 13:22:07
S012948,O000243,Delivered,2025-01-26 02:54:47
S012949,O015848,Delivered,2025-02-22 02:09:52
S012950,O014373,Pickup,2024-12-06 15:28:22
S012951,O011213,Pickup,2024-07-01 20:41:29
S012952,O004851,Out for Delivery,2025-07-15 08:56:29
S012953,O008927,Delivered,2024-02-08 09:36:33
S012954,O015117,In Transit,2025-08-06 20:20:37
S012955,O002837,Delivered,2025-11-23 15:54:55
S012956,O001847,Pickup,2025-02-06 05:50:14
S012957,O012255,Out for Delivery,2025-08-03 07:09:43
S012958,O011506,Pickup,2024-12-26 19:14:27
S012959,O005555,Out for Delivery,2025-10-14 00:49:32
S012960,O003057,In Transit,2025-06-16 14:30:25
S012961,O002947,Pickup,2024-04-10 23:30:27
S012962,O003657,Pickup,2025-01-10 04:20:06
S012963,O004544,Delivered,2025-08-05 18:09:46
S012964,O000917,In Transit,2025-03-03 14:48:22
S012965,O003381,Delivered,2025-05-20 22:59:15
S012966,O016150,Pickup,2024-10-10 08:38:33
S012967,O017607,Delivered,2025-12-02 04:43:12
S012968,O008599,Out for Delivery,2024-01-23 08:26:15
S012969,O014410,Pickup,2024-01-21 13:48:11
S012970,O018599,Out for Delivery,2025-09-17 09:37:24
S012971,O018433,Delivered,2025-01-18 07:11:33
S012972,O007831,In Transit,2024-06-14 20:17:22
S012973,O004886,Pickup,2025-04-24 21:17:51
S012974,O015779,Delivered,2025-10-09 19:37:28
S012975,O017083,Pickup,2024-04-05 13:21:25
S012976,O004099,Pickup,2025-11-09 00:38:35
S012977,O010367,Delivered,2025-08-15 21:02:55
S012978,O003670,Delivered,2025-02-09 16:21:39
S012979,O001320,Delivered,2025-08-01 12:21:33
S012980,O000225,In Transit,2025-01-27 21:35:43
S012981,O002681,In Transit,2025-10-13 21:25:05
S012982,O010377,Pickup,2025-12-09 12:48:33
S012983,O017186,Pickup,2024-04-12 03:08:22
S012984,O011392,Pickup,2025-07-27 20:32:00
S012985,O012627,In Transit,2025-05-17 04:38:12
S012986,O006292,In Transit,2025-08-02 21:30:39
S012987,O000611,In Transit,2024-12-16 17:33:26
S012988,O016079,Out for Delivery,2025-10-02 21:05:38
S012989,O012925,Delivered,2024-04-14 17:47:04
S012990,O014697,Delivered,2025-07-12 21:06:54
S012991,O006018,Out for Delivery,2024-10-13 21:42:22
S012992,O000245,Pickup,2024-09-27 20:18:10
S012993,O016274,Out for Delivery,2024-11-06 08:37:29
S012994,O019734,In Transit,2025-05-27 00:33:22
S012995,O005558,In Transit,2025-11-13 10:55:20
S012996,O009964,In Transit,2024-05-08 22:17:12
S012997,O015064,Pickup,2024-10-10 04:33:17
S012998,O016227,Pickup,2024-11-12 09:53:50
S012999,O003192,In Transit,2025-08-14 09:35:50
S013000,O003660,Delivered,2024-11-26 08:27:22
S013001,O000930,Pickup,2024-12-01 02:29:31
S013002,O012014,Delivered,2024-09-27 22:25:15
S013003,O007663,Out for Delivery,2024-07-28 16:39:35
S013004,O005087,Out for Delivery,2024-09-08 02:48:35
S013005,O015718,In Transit,2024-07-02 08:14:37
S013006,O013088,Delivered,2025-08-11 06:38:17
S013007,O019148,Delivered,2025-01-08 01:29:45
S013008,O006173,In Transit,2025-01-13 02:41:24
S013009,O009539,Out for Delivery,2024-09-20 05:07:12
S013010,O013650,Out for Delivery,2025-03-01 13:47:02
S013011,O005224,In Transit,2024-07-25 07:17:52
S013012,O000331,Pickup,2024-07-01 02:01:06
S013013,O001703,Out for Delivery,2025-08-21 05:40:23
S013014,O002136,Out for Delivery,2025-12-02 00:40:58
S013015,O003291,Pickup,2025-10-22 02:48:57
S013016,O001440,Out for Delivery,2024-03-16 17:59:57
S013017,O017576,Pickup,2025-05-30 22:41:50
S013018,O015434,Delivered,2024-11-20 23:39:18
S013019,O018537,Out for Delivery,2025-02-22 07:52:24
S013020,O000068,Out for Delivery,2025-09-12 02:55:36
S013021,O003720,Pickup,2024-03-24 08:16:16
S013022,O004763,Pickup,2025-03-10 16:57:57
S013023,O002736,Delivered,2025-08-13 20:08:30
S013024,O015521,In Transit,2024-08-18 06:11:03
S013025,O001198,Out for Delivery,2025-11-11 19:25:44
S013026,O005369,In Transit,2025-05-02 15:18:51
S013027,O005681,In Transit,2025-03-07 17:42:54
S013028,O009019,Out for Delivery,2025-03-28 10:53:04
S013029,O007277,Out for Delivery,2025-07-14 15:09:48
S013030,O004570,Out for Delivery,2025-05-02 14:46:35
S013031,O005559,Pickup,2025-11-18 09:11:53
S013032,O008856,Out for Delivery,2024-03-04 16:48:30
S013033,O013655,Out for Delivery,2024-01-24 17:12:56
S013034,O013939,Delivered,2024-04-15 15:36:37
S013035,O015770,In Transit,2025-10-26 18:29:53
S013036,O003115,Pickup,2024-02-15 10:28:12
S013037,O001367,Delivered,2024-10-12 09:12:24
S013038,O003043,Delivered,2024-07-10 00:07:29
S013039,O002843,In Transit,2024-11-28 05:38:27
S013040,O000504,Pickup,2024-06-11 11:31:05
S013041,O006567,Out for Delivery,2024-04-15 03:39:02
S013042,O019399,Delivered,2024-07-08 17:52:46
S013043,O007102,Out for Delivery,2024-07-18 12:55:21
S013044,O006472,Delivered,2024-12-02 05:14:04
S013045,O016095,Out for Delivery,2025-03-22 15:54:03
S013046,O009166,Delivered,2024-10-10 05:11:27
S013047,O002553,Delivered,2025-06-17 02:11:04
S013048,O007378,Out for Delivery,2025-05-19 10:25:29
S013049,O019799,Pickup,2024-09-10 23:51:51
S013050,O000773,In Transit,2024-04-17 17:28:08
S013051,O009745,Out for Delivery,2025-10-30 20:05:27
S013052,O001535,In Transit,2025-02-20 07:54:58
S013053,O017971,Out for Delivery,2024-01-06 12:50:59
S013054,O014444,In Transit,2025-01-02 14:03:17
S013055,O003856,Pickup,2024-04-12 23:24:51
S013056,O015715,Delivered,2024-08-06 01:59:50
S013057,O001129,In Transit,2025-04-10 17:37:13
S013058,O010322,Pickup,2025-06-22 21:05:36
S013059,O011400,Out for Delivery,2024-10-03 12:54:07
S013060,O002300,Pickup,2024-08-09 06:23:09
S013061,O006217,Delivered,2025-04-24 11:15:08
S013062,O012050,Delivered,2025-07-17 09:04:47
S013063,O014980,Pickup,2025-09-08 11:39:27
S013064,O013521,Pickup,2025-10-01 17:35:53
S013065,O006237,In Transit,2025-04-11 07:32:05
S013066,O003951,Out for Delivery,2025-03-09 01:30:09
S013067,O016948,Pickup,2024-03-18 06:17:54
S013068,O005273,Delivered,2024-02-12 02:58:31
S013069,O010382,Pickup,2025-02-06 15:06:45
S013070,O012675,Out for Delivery,2024-12-18 08:42:52
S013071,O018433,Out for Delivery,2025-10-02 17:05:59
S013072,O004803,In Transit,2025-03-12 16:54:34
S013073,O015466,Out for Delivery,2025-03-17 16:31:47
S013074,O012988,Delivered,2024-08-09 09:24:52
S013075,O004965,Delivered,2024-03-25 23:28:15
S013076,O007027,In Transit,2025-03-25 19:07:28
S013077,O013459,Delivered,2024-09-30 06:21:27
S013078,O002075,Delivered,2024-03-22 04:41:41
S013079,O008288,In Transit,2025-05-26 05:08:33
S013080,O016897,Delivered,2024-01-06 06:05:37
S013081,O014758,Delivered,2024-11-12 14:18:06
S013082,O014924,Out for Delivery,2025-09-25 16:59:00
S013083,O000984,In Transit,2024-09-02 18:46:18
S013084,O018850,Out for Delivery,2024-11-11 23:19:29
S013085,O011554,In Transit,2025-05-17 02:38:37
S013086,O008365,In Transit,2024-01-01 00:25:46
S013087,O005225,In Transit,2024-10-03 04:33:12
S013088,O018288,In Transit,2025-07-12 01:46:12
S013089,O011317,Pickup,2024-12-29 08:54:11
S013090,O002552,Pickup,2025-05-10 20:59:13
S013091,O019057,In Transit,2025-01-27 00:48:40
S013092,O014853,Delivered,2024-08-24 07:48:57
S013093,O016784,In Transit,2024-11-22 05:51:42
S013094,O016340,Pickup,2025-04-01 11:53:35
S013095,O008869,Pickup,2025-06-05 18:06:46
S013096,O009261,Delivered,2024-08-14 13:34:39
S013097,O016342,Delivered,2025-06-30 20:24:17
S013098,O007088,In Transit,2024-03-24 04:12:27
S013099,O006457,Delivered,2024-06-09 08:25:43
S013100,O019636,In Transit,2024-03-27 04:10:36
S013101,O013626,Delivered,2025-05-12 10:17:06
S013102,O019085,Out for Delivery,2024-09-25 17:42:26
S013103,O019068,Delivered,2024-10-21 23:35:56
S013104,O018553,Out for Delivery,2024-03-29 22:31:00
S013105,O015146,In Transit,2024-08-17 21:42:49
S013106,O018920,Delivered,2024-01-28 15:49:00
S013107,O000760,Out for Delivery,2025-10-04 12:39:52
S013108,O006737,Delivered,2024-11-26 18:57:42
S013109,O008202,Out for Delivery,2024-09-25 13:05:55
S013110,O017164,Pickup,2025-08-14 00:47:43
S013111,O009580,Pickup,2025-02-25 20:12:09
S013112,O001446,Out for Delivery,2025-05-03 18:37:41
S013113,O003079,In Transit,2025-11-28 10:03:31
S013114,O014977,In Transit,2024-08-19 23:06:56
S013115,O018572,In Transit,2024-03-10 08:58:00
S013116,O012029,In Transit,2024-10-03 14:37:09
S013117,O000873,Pickup,2024-05-16 00:34:10
S013118,O018377,Delivered,2024-02-17 20:48:52
S013119,O012514,Pickup,2025-05-16 21:59:20
S013120,O014737,Pickup,2024-09-11 08:13:34
S013121,O007961,Delivered,2025-01-01 19:33:55
S013122,O009492,Delivered,2024-08-21 17:28:03
S013123,O017653,Delivered,2025-09-22 03:04:37
S013124,O008151,Pickup,2024-09-27 06:30:11
S013125,O018152,Delivered,2024-03-28 01:02:17
S013126,O019054,Delivered,2025-01-29 01:27:05
S013127,O015305,Out for Delivery,2024-09-24 08:39:22
S013128,O001902,Out for Delivery,2025-08-02 19:49:02
S013129,O007672,Delivered,2024-04-10 00:56:35
S013130,O008896,Delivered,2025-04-29 01:50:32
S013131,O008633,Pickup,2024-01-11 15:53:45
S013132,O006472,Delivered,2025-03-02 01:45:28
S013133,O016505,In Transit,2025-09-04 05:19:34
S013134,O018300,Pickup,2025-08-13 20:52:01
S013135,O011470,In Transit,2024-09-28 07:13:41
S013136,O003606,Delivered,2024-09-05 14:15:49
S013137,O009160,In Transit,2024-11-20 00:31:53
S013138,O019241,In Transit,2024-12-22 07:57:01
S013139,O011494,Delivered,2025-05-15 20:34:29
S013140,O018190,Out for Delivery,2024-06-29 02:49:02
S013141,O013431,Delivered,2024-02-09 02:41:44
S013142,O011368,In Transit,2025-08-06 14:14:37
S013143,O009981,Pickup,2025-01-31 14:23:37
S013144,O012731,Pickup,2025-06-15 03:28:34
S013145,O015995,Out for Delivery,2025-12-02 20:45:45
S013146,O014434,Out for Delivery,2025-07-09 10:20:29
S013147,O011273,Pickup,2024-07-07 12:57:59
S013148,O018420,Out for Delivery,2025-09-04 12:15:20
S013149,O017458,Pickup,2025-10-24 00:38:11
S013150,O008839,Delivered,2025-04-01 12:05:21
S013151,O017178,Out for Delivery,2024-12-12 14:44:16
S013152,O017612,In Transit,2025-07-18 09:00:35
S013153,O008336,Pickup,2025-09-14 15:32:46
S013154,O014129,Delivered,2024-07-16 20:59:45
S013155,O007168,Out for Delivery,2024-02-02 04:04:10
S013156,O004273,In Transit,2024-08-14 21:36:20
S013157,O006232,Delivered,2024-01-20 10:02:47
S013158,O007865,Out for Delivery,2025-06-06 22:59:13
S013159,O015110,Out for Delivery,2025-05-04 05:18:36
S013160,O019425,Delivered,2024-06-18 11:02:35
S013161,O000674,Pickup,2024-09-04 00:53:58
S013162,O018551,In Transit,2025-09-06 21:12:17
S013163,O011753,Pickup,2025-08-06 21:50:07
S013164,O008596,Out for Delivery,2024-02-13 10:48:18
S013165,O015803,In Transit,2025-03-30 01:25:25
S013166,O019636,Out for Delivery,2025-02-03 01:16:47
S013167,O013637,Delivered,2024-01-07 18:36:45
S013168,O012896,Delivered,2024-03-29 07:54:35
S013169,O016102,Pickup,2025-12-03 20:29:08
S013170,O002263,Out for Delivery,2024-04-01 12:57:05
S013171,O015944,In Transit,2024-06-04 14:10:37
S013172,O012608,Pickup,2024-11-12 17:17:47
S013173,O006867,In Transit,2024-11-15 09:13:03
S013174,O013293,Out for Delivery,2024-02-24 07:50:46
S013175,O003022,Out for Delivery,2024-02-20 17:35:57
S013176,O016372,Pickup,2024-01-12 22:24:28
S013177,O013570,Out for Delivery,2024-11-27 08:50:39
S013178,O014327,Delivered,2024-04-15 12:53:55
S013179,O009096,In Transit,2025-05-03 16:17:13
S013180,O002237,Delivered,2025-01-03 22:40:52
S013181,O008201,Out for Delivery,2024-03-07 10:05:57
S013182,O013244,Pickup,2025-06-21 18:27:20
S013183,O006534,In Transit,2025-01-13 12:55:21
S013184,O006843,Out for Delivery,2024-04-02 17:58:16
S013185,O000551,Out for Delivery,2024-10-04 01:54:53
S013186,O002948,Out for Delivery,2025-10-11 15:42:17
S013187,O014274,Out for Delivery,2025-05-11 06:13:15
S013188,O013982,Delivered,2025-09-03 09:48:31
S013189,O006554,Delivered,2024-12-30 05:05:26
S013190,O019644,Out for Delivery,2025-05-19 20:03:08
S013191,O007609,Out for Delivery,2025-06-02 03:23:55
S013192,O019038,In Transit,2025-09-19 19:11:31
S013193,O001090,Pickup,2024-07-17 00:40:53
S013194,O003516,Pickup,2025-04-01 16:41:20
S013195,O017183,Out for Delivery,2024-10-31 22:59:10
S013196,O014877,In Transit,2025-01-17 09:19:03
S013197,O006744,Pickup,2025-04-30 04:52:39
S013198,O012582,In Transit,2024-07-08 03:19:04
S013199,O007296,Out for Delivery,2025-09-09 23:29:54
S013200,O013520,Delivered,2024-10-06 23:31:10
S013201,O014930,Delivered,2025-05-15 10:13:47
S013202,O003139,Delivered,2024-03-20 19:13:17
S013203,O013206,Out for Delivery,2025-10-28 08:57:07
S013204,O002652,Pickup,2025-03-09 11:56:38
S013205,O015798,Delivered,2024-08-17 10:16:05
S013206,O000061,In Transit,2025-04-15 00:48:45
S013207,O016938,In Transit,2024-04-01 22:46:56
S013208,O003798,Delivered,2024-09-06 16:21:25
S013209,O014915,Out for Delivery,2025-09-12 06:45:39
S013210,O007932,Delivered,2025-03-20 08:30:17
S013211,O008728,Delivered,2025-08-12 18:35:21
S013212,O000207,Pickup,2025-01-15 21:38:08
S013213,O000821,In Transit,2024-07-06 11:07:11
S013214,O008519,In Transit,2024-02-02 17:37:27
S013215,O015629,Out for Delivery,2024-06-29 17:23:03
S013216,O011420,Delivered,2024-06-20 19:45:23
S013217,O009499,Out for Delivery,2024-08-26 17:33:33
S013218,O014071,Delivered,2025-06-24 14:10:49
S013219,O009995,Delivered,2025-06-15 23:13:53
S013220,O007699,Out for Delivery,2024-12-29 04:32:00
S013221,O004787,In Transit,2025-09-19 13:41:27
S013222,O002303,Pickup,2025-11-11 15:22:48
S013223,O017809,Delivered,2025-12-19 06:57:59
S013224,O019336,Delivered,2025-10-15 16:31:48
S013225,O006535,Pickup,2025-01-16 17:49:11
S013226,O000711,Pickup,2025-11-02 21:05:58
S013227,O017153,In Transit,2025-07-27 07:46:12
S013228,O001144,Pickup,2024-06-11 22:58:15
S013229,O004806,In Transit,2025-09-09 14:46:41
S013230,O011404,Out for Delivery,2024-07-07 01:42:51
S013231,O019837,Pickup,2025-04-03 06:19:45
S013232,O006788,In Transit,2025-01-15 15:04:32
S013233,O015168,In Transit,2024-11-06 06:12:55
S013234,O000777,Pickup,2024-10-30 12:14:33
S013235,O017654,In Transit,2024-03-17 02:56:50
S013236,O019575,Out for Delivery,2025-02-01 18:16:18
S013237,O002674,Pickup,2025-05-23 07:41:46
S013238,O010268,In Transit,2025-03-17 16:27:33
S013239,O009958,Out for Delivery,2025-07-19 21:38:29
S013240,O016913,Delivered,2025-08-18 07:37:02
S013241,O012007,Pickup,2025-04-04 08:31:00
S013242,O006286,Pickup,2024-04-06 20:56:59
S013243,O001598,Delivered,2025-04-27 09:24:40
S013244,O003313,Delivered,2024-08-17 22:01:42
S013245,O014944,Pickup,2025-11-20 19:47:51
S013246,O018217,Pickup,2024-09-24 07:09:18
S013247,O010104,In Transit,2025-10-17 14:14:36
S013248,O005205,Delivered,2025-03-06 06:59:43
S013249,O018431,Delivered,2025-04-16 21:26:21
S013250,O001852,Delivered,2024-01-13 17:24:50
S013251,O017204,Pickup,2024-10-28 22:43:00
S013252,O017258,Out for Delivery,2025-07-04 09:18:57
S013253,O013413,Out for Delivery,2024-04-23 09:23:11
S013254,O012528,Pickup,2025-09-09 14:08:40
S013255,O017010,In Transit,2024-02-14 12:26:43
S013256,O015551,Out for Delivery,2024-12-17 13:43:30
S013257,O013702,In Transit,2024-02-01 03:00:34
S013258,O010586,Pickup,2025-05-31 01:50:38
S013259,O018330,Pickup,2024-02-18 16:58:05
S013260,O013818,In Transit,2024-07-28 11:36:40
S013261,O016022,Delivered,2025-06-03 17:21:49
S013262,O002453,Out for Delivery,2024-10-23 20:33:24
S013263,O012586,Delivered,2025-11-29 07:01:31
S013264,O005948,Out for Delivery,2025-05-09 02:07:01
S013265,O002364,Out for Delivery,2024-12-04 20:09:34
S013266,O008694,Delivered,2025-04-02 11:28:54
S013267,O006949,Pickup,2024-12-19 08:09:24
S013268,O018758,Out for Delivery,2024-03-30 22:50:59
S013269,O003138,In Transit,2024-04-24 23:26:13
S013270,O007186,Delivered,2024-09-09 12:01:08
S013271,O000664,In Transit,2025-05-31 03:15:30
S013272,O014778,Delivered,2024-08-19 15:09:46
S013273,O010541,Out for Delivery,2025-07-29 13:18:49
S013274,O003652,Out for Delivery,2024-04-17 15:45:24
S013275,O016461,Pickup,2025-04-23 08:49:41
S013276,O000804,In Transit,2025-06-11 20:14:48
S013277,O012748,Delivered,2025-03-08 14:20:05
S013278,O008836,Delivered,2025-09-10 08:28:36
S013279,O011302,In Transit,2025-01-26 16:04:18
S013280,O014539,Delivered,2024-03-10 19:11:37
S013281,O013154,Pickup,2025-06-29 08:05:19
S013282,O003893,In Transit,2024-06-25 09:17:33
S013283,O002379,Delivered,2024-10-02 02:48:50
S013284,O003568,Out for Delivery,2025-11-27 21:16:23
S013285,O012779,Out for Delivery,2025-08-26 01:10:53
S013286,O011142,Out for Delivery,2025-04-28 15:58:26
S013287,O019404,Delivered,2025-08-19 04:55:33
S013288,O006144,Out for Delivery,2024-11-14 12:49:02
S013289,O005579,In Transit,2025-12-18 16:33:35
S013290,O015450,Out for Delivery,2025-01-10 13:56:44
S013291,O013296,Delivered,2025-04-13 07:28:15
S013292,O008020,Pickup,2025-09-23 18:07:44
S013293,O017192,Out for Delivery,2024-08-20 20:40:46
S013294,O016087,Pickup,2025-09-20 22:02:56
S013295,O003521,Pickup,2024-04-03 12:31:38
S013296,O011155,Out for Delivery,2024-11-21 01:02:01
S013297,O012015,Pickup,2025-01-21 20:09:54
S013298,O018786,Pickup,2024-09-10 07:54:20
S013299,O005038,Delivered,2024-12-22 12:39:07
S013300,O008862,Pickup,2025-01-21 22:27:17
S013301,O006410,Delivered,2025-07-29 17:22:21
S013302,O017419,Out for Delivery,2025-08-13 15:34:47
S013303,O010216,Delivered,2024-10-05 00:27:35
S013304,O004723,Out for Delivery,2025-10-26 06:54:27
S013305,O015822,In Transit,2024-11-26 08:21:49
S013306,O008198,In Transit,2025-05-06 19:11:38
S013307,O005523,Pickup,2024-09-02 19:00:05
S013308,O009652,Delivered,2024-09-11 17:49:43
S013309,O015970,Pickup,2025-09-20 05:54:09
S013310,O003945,In Transit,2024-12-26 18:26:34
S013311,O009329,In Transit,2025-05-21 02:58:07
S013312,O015927,Delivered,2025-04-28 01:34:25
S013313,O018541,Out for Delivery,2024-01-15 06:26:35
S013314,O015635,In Transit,2025-05-09 22:57:54
S013315,O015579,In Transit,2025-12-01 18:58:31
S013316,O005499,Out for Delivery,2024-05-24 22:11:01
S013317,O016867,In Transit,2024-06-30 02:49:42
S013318,O011383,In Transit,2024-12-10 20:41:01
S013319,O004309,In Transit,2025-01-30 19:22:00
S013320,O016287,Pickup,2025-03-18 16:50:35
S013321,O006540,Pickup,2024-01-09 11:38:03
S013322,O001221,Delivered,2025-07-16 23:09:44
S013323,O005027,Delivered,2025-10-08 21:37:54
S013324,O017624,Delivered,2024-06-19 22:44:30
S013325,O013379,In Transit,2025-07-07 09:47:13
S013326,O000790,Out for Delivery,2024-08-08 14:15:15
S013327,O013846,Pickup,2025-10-05 09:15:54
S013328,O006396,Delivered,2025-08-22 10:44:19
S013329,O019133,Out for Delivery,2025-04-20 14:41:55
S013330,O013341,Delivered,2024-12-01 22:43:01
S013331,O002018,Pickup,2025-05-14 18:39:34
S013332,O008221,In Transit,2025-12-04 18:24:27
S013333,O006100,Out for Delivery,2024-07-18 07:34:21
S013334,O014331,Pickup,2024-11-07 15:07:55
S013335,O005206,Delivered,2024-02-21 16:17:06
S013336,O000227,Pickup,2025-05-02 22:58:59
S013337,O015938,Delivered,2025-06-16 17:10:52
S013338,O000646,In Transit,2024-02-18 18:02:29
S013339,O006998,Delivered,2025-01-16 05:19:24
S013340,O002178,Out for Delivery,2024-04-11 22:34:16
S013341,O003603,Delivered,2025-05-02 00:50:25
S013342,O003403,Delivered,2024-11-09 11:41:44
S013343,O017631,Out for Delivery,2025-01-31 03:40:56
S013344,O000705,Pickup,2025-05-18 20:47:15
S013345,O014744,Delivered,2024-11-09 13:26:32
S013346,O004326,Pickup,2024-01-15 07:54:08
S013347,O017952,Out for Delivery,2024-06-17 13:29:27
S013348,O008835,Delivered,2024-05-16 13:28:53
S013349,O019610,In Transit,2024-12-31 14:51:26
S013350,O007812,Delivered,2024-05-07 03:08:52
S013351,O018097,In Transit,2024-04-06 05:54:58
S013352,O016840,In Transit,2025-11-03 09:09:19
S013353,O004190,In Transit,2024-10-23 12:13:27
S013354,O017932,Delivered,2024-03-12 17:17:30
S013355,O003612,Delivered,2025-11-04 08:42:18
S013356,O014646,Delivered,2025-01-12 17:26:26
S013357,O013976,Pickup,2024-04-11 19:43:38
S013358,O010622,Delivered,2024-04-05 18:21:30
S013359,O011748,Out for Delivery,2024-02-20 23:22:00
S013360,O004437,Pickup,2024-08-10 04:47:34
S013361,O006205,Out for Delivery,2025-04-27 06:00:08
S013362,O016050,In Transit,2025-03-07 06:12:17
S013363,O011268,Out for Delivery,2024-10-14 17:04:04
S013364,O006822,In Transit,2025-12-29 08:41:52
S013365,O009309,In Transit,2025-08-10 14:40:41
S013366,O017637,Pickup,2025-11-16 22:27:35
S013367,O008699,Out for Delivery,2025-08-24 15:22:13
S013368,O011721,Delivered,2024-11-04 12:22:01
S013369,O004099,In Transit,2025-04-13 08:26:19
S013370,O013605,Delivered,2025-03-26 03:19:01
S013371,O004198,Out for Delivery,2024-10-14 15:45:28
S013372,O003844,In Transit,2025-08-03 02:11:06
S013373,O010274,Out for Delivery,2024-10-08 00:10:19
S013374,O009880,Delivered,2025-05-23 02:20:03
S013375,O005118,Out for Delivery,2025-12-25 15:22:52
S013376,O005937,Out for Delivery,2024-09-14 01:05:51
S013377,O006785,In Transit,2025-04-08 09:04:51
S013378,O004691,In Transit,2024-08-27 20:26:35
S013379,O006159,In Transit,2025-12-18 09:02:42
S013380,O016150,Pickup,2024-09-11 05:30:10
S013381,O007910,In Transit,2025-08-17 09:32:56
S013382,O000431,Pickup,2024-05-23 16:10:50
S013383,O017675,Out for Delivery,2024-06-01 18:24:15
S013384,O005353,Delivered,2025-08-17 03:04:18
S013385,O016075,Delivered,2024-01-26 03:04:08
S013386,O003012,Out for Delivery,2024-01-21 17:50:56
S013387,O006650,Pickup,2024-06-23 22:45:43
S013388,O018394,Pickup,2025-05-10 13:43:17
S013389,O003538,In Transit,2025-01-04 13:29:03
S013390,O004259,In Transit,2024-01-04 23:26:28
S013391,O010151,Out for Delivery,2024-03-31 22:06:24
S013392,O016290,Out for Delivery,2025-07-09 18:33:47
S013393,O002705,Delivered,2024-05-12 11:28:43
S013394,O012290,Out for Delivery,2025-03-11 06:41:04
S013395,O001203,Out for Delivery,2025-09-25 04:34:14
S013396,O000417,Delivered,2025-03-01 22:05:20
S013397,O018656,Pickup,2024-01-09 20:57:08
S013398,O018542,Pickup,2024-10-06 02:03:43
S013399,O007045,Delivered,2025-09-09 09:44:22
S013400,O000570,Delivered,2025-10-08 17:56:21
S013401,O002283,Out for Delivery,2025-04-27 05:52:05
S013402,O002969,Out for Delivery,2025-11-13 08:55:31
S013403,O005751,Out for Delivery,2024-07-14 02:01:34
S013404,O006143,Pickup,2024-12-01 15:15:43
S013405,O001606,Pickup,2024-03-06 13:17:44
S013406,O003013,Out for Delivery,2024-04-07 20:04:04
S013407,O019624,In Transit,2024-03-19 14:42:37
S013408,O012157,Out for Delivery,2024-11-17 06:06:23
S013409,O005284,In Transit,2024-05-05 13:02:24
S013410,O009376,Pickup,2024-06-19 13:18:47
S013411,O019057,In Transit,2024-04-05 12:57:09
S013412,O015801,Pickup,2024-04-29 21:31:17
S013413,O013067,Pickup,2025-07-05 05:23:42
S013414,O016962,Delivered,2024-03-24 14:07:41
S013415,O016191,Out for Delivery,2025-07-02 12:51:38
S013416,O012593,Out for Delivery,2024-12-31 12:51:46
S013417,O014954,Pickup,2025-10-24 06:27:39
S013418,O013837,Pickup,2025-11-13 22:12:33
S013419,O018500,Pickup,2025-03-28 00:34:05
S013420,O015946,Out for Delivery,2025-06-19 16:58:20
S013421,O016645,In Transit,2024-06-07 01:09:15
S013422,O015055,Out for Delivery,2024-04-12 14:01:46
S013423,O012812,Pickup,2025-06-24 16:14:41
S013424,O002719,Out for Delivery,2025-08-24 13:48:14
S013425,O001918,Out for Delivery,2025-11-20 00:30:18
S013426,O011175,In Transit,2024-04-28 18:31:30
S013427,O001905,Pickup,2025-12-13 06:43:44
S013428,O017113,Pickup,2025-10-13 00:02:53
S013429,O011070,Pickup,2025-12-31 03:30:22
S013430,O005935,Pickup,2025-09-01 04:32:17
S013431,O005896,Pickup,2025-10-01 01:36:50
S013432,O019575,Pickup,2024-12-24 07:23:46
S013433,O008511,Delivered,2024-08-09 19:05:36
S013434,O014870,Delivered,2025-12-05 07:14:35
S013435,O004648,Pickup,2024-09-16 16:16:16
S013436,O015626,Out for Delivery,2025-02-14 19:19:02
S013437,O011301,Out for Delivery,2025-05-18 04:09:29
S013438,O000342,Out for Delivery,2025-11-22 00:30:09
S013439,O015872,Delivered,2024-11-26 09:04:49
S013440,O008966,Delivered,2024-03-16 08:05:03
S013441,O016842,In Transit,2024-11-13 09:05:14
S013442,O012659,In Transit,2024-07-16 20:04:51
S013443,O010312,Delivered,2025-07-02 20:18:21
S013444,O011749,Out for Delivery,2024-02-18 07:32:39
S013445,O011049,Out for Delivery,2025-10-13 18:22:15
S013446,O007304,Out for Delivery,2025-11-03 19:05:03
S013447,O015095,Out for Delivery,2024-04-04 01:53:31
S013448,O018838,Out for Delivery,2024-02-15 06:50:56
S013449,O015434,Delivered,2025-06-22 09:41:00
S013450,O013920,Pickup,2025-03-22 00:36:16
S013451,O000678,Pickup,2025-11-08 21:09:26
S013452,O011869,Delivered,2024-02-19 15:45:38
S013453,O002516,Delivered,2025-04-16 03:07:57
S013454,O011418,Pickup,2025-04-26 09:39:18
S013455,O014612,Delivered,2024-02-17 07:28:15
S013456,O008667,Pickup,2024-06-28 09:56:55
S013457,O019114,Out for Delivery,2025-10-08 15:39:48
S013458,O014622,In Transit,2025-09-20 02:27:26
S013459,O019755,Out for Delivery,2024-10-26 08:06:06
S013460,O002383,Delivered,2024-07-10 19:27:17
S013461,O004074,Delivered,2024-01-28 01:03:05
S013462,O002348,Out for Delivery,2024-04-19 00:50:23
S013463,O006599,Pickup,2024-03-12 18:17:47
S013464,O019488,Out for Delivery,2025-02-14 18:31:53
S013465,O003563,Pickup,2024-06-15 19:19:09
S013466,O017469,Pickup,2024-08-12 21:56:12
S013467,O019124,Delivered,2025-12-18 02:58:36
S013468,O003716,Delivered,2024-11-06 21:08:47
S013469,O000326,In Transit,2024-10-14 22:49:00
S013470,O004787,In Transit,2025-11-24 05:16:56
S013471,O002281,Pickup,2025-09-29 13:34:56
S013472,O002658,Delivered,2025-01-10 17:22:46
S013473,O005907,Pickup,2024-06-18 05:20:56
S013474,O004515,Delivered,2024-04-07 19:26:53
S013475,O016183,In Transit,2025-11-11 04:30:49
S013476,O017026,Out for Delivery,2025-01-18 00:44:24
S013477,O010937,Delivered,2024-07-07 17:48:38
S013478,O005906,Out for Delivery,2024-04-29 11:01:02
S013479,O015522,Out for Delivery,2025-01-29 07:04:00
S013480,O016651,Pickup,2024-10-02 06:32:07
S013481,O001572,In Transit,2025-04-18 21:57:04
S013482,O019181,Delivered,2024-09-18 11:02:53
S013483,O010498,Pickup,2024-09-15 06:07:40
S013484,O010288,Out for Delivery,2024-12-25 20:07:58
S013485,O005692,Out for Delivery,2025-07-26 04:41:05
S013486,O015047,In Transit,2024-09-06 19:39:14
S013487,O009386,In Transit,2024-03-22 21:53:49
S013488,O006224,Pickup,2024-12-28 17:43:42
S013489,O011869,Pickup,2024-08-08 04:42:58
S013490,O003797,Out for Delivery,2025-03-30 03:07:39
S013491,O016389,In Transit,2025-01-02 19:18:50
S013492,O002509,Pickup,2024-04-13 13:24:42
S013493,O009002,Out for Delivery,2024-09-21 05:28:33
S013494,O016611,Out for Delivery,2025-02-28 19:23:02
S013495,O006956,In Transit,2025-04-25 17:19:51
S013496,O016376,In Transit,2024-04-18 02:47:23
S013497,O002133,Delivered,2024-02-07 14:47:40
S013498,O008838,In Transit,2025-09-10 20:58:47
S013499,O010638,Pickup,2025-12-14 03:27:06
S013500,O011452,Delivered,2025-12-27 16:24:50
S013501,O005905,Delivered,2025-05-23 19:59:00
S013502,O010405,Pickup,2024-11-08 20:17:11
S013503,O009796,Out for Delivery,2025-01-28 06:54:12
S013504,O017027,Pickup,2025-01-26 17:04:35
S013505,O016339,Out for Delivery,2025-08-08 13:27:56
S013506,O006236,Out for Delivery,2024-07-20 17:02:35
S013507,O000462,Delivered,2025-03-17 04:31:42
S013508,O005625,Out for Delivery,2024-04-15 20:40:58
S013509,O015506,In Transit,2025-03-10 21:00:12
S013510,O001042,Out for Delivery,2024-03-08 21:01:58
S013511,O019442,Delivered,2025-06-08 19:54:11
S013512,O018801,In Transit,2025-07-12 14:10:35
S013513,O019917,In Transit,2024-07-01 15:51:46
S013514,O005521,Pickup,2025-07-25 09:23:32
S013515,O016018,Pickup,2024-06-23 08:40:04
S013516,O007978,Delivered,2025-04-28 17:59:05
S013517,O004573,In Transit,2025-12-25 20:33:12
S013518,O009974,Pickup,2024-01-01 10:37:14
S013519,O011675,Delivered,2025-11-28 02:56:54
S013520,O015041,Out for Delivery,2024-10-31 02:29:36
S013521,O004790,Out for Delivery,2025-05-27 21:45:50
S013522,O012006,Delivered,2025-03-11 22:50:58
S013523,O007245,Pickup,2024-12-18 09:30:05
S013524,O017786,Out for Delivery,2024-08-30 22:15:33
S013525,O001209,In Transit,2024-06-27 07:26:12
S013526,O005461,Out for Delivery,2024-10-28 14:31:09
S013527,O013217,In Transit,2024-05-04 00:35:57
S013528,O002347,In Transit,2024-04-14 20:13:45
S013529,O015181,Pickup,2024-04-20 07:50:46
S013530,O008678,Out for Delivery,2025-02-02 19:29:25
S013531,O014775,Pickup,2024-06-26 21:44:47
S013532,O014083,In Transit,2024-11-06 02:36:46
S013533,O004977,Pickup,2024-09-26 09:56:40
S013534,O018215,In Transit,2024-02-22 12:26:05
S013535,O008945,Pickup,2024-03-08 15:51:38
S013536,O000008,Out for Delivery,2025-08-21 03:52:47
S013537,O012063,In Transit,2025-06-05 11:41:18
S013538,O012753,Out for Delivery,2025-07-16 01:40:28
S013539,O002044,Delivered,2024-09-04 16:34:09
S013540,O015711,In Transit,2025-05-27 08:14:54
S013541,O018580,Pickup,2025-03-02 04:45:44
S013542,O016019,Delivered,2025-04-23 08:32:36
S013543,O005258,Delivered,2024-10-08 09:00:52
S013544,O000339,Out for Delivery,2024-10-28 18:41:52
S013545,O010512,Delivered,2025-04-09 17:59:36
S013546,O001856,In Transit,2025-02-18 05:05:24
S013547,O001036,In Transit,2025-03-18 04:05:40
S013548,O002976,Delivered,2025-02-22 19:45:27
S013549,O011923,Out for Delivery,2024-07-05 04:16:15
S013550,O006724,In Transit,2024-12-27 15:52:15
S013551,O007442,In Transit,2024-06-04 17:52:02
S013552,O013752,In Transit,2025-07-01 03:21:17
S013553,O011678,In Transit,2024-08-28 01:51:41
S013554,O002474,Pickup,2025-11-13 00:26:32
S013555,O017038,In Transit,2024-01-27 18:14:31
S013556,O011334,Delivered,2025-02-23 12:11:49
S013557,O008881,Pickup,2024-04-18 07:11:00
S013558,O007534,Delivered,2025-12-10 08:35:28
S013559,O002554,Delivered,2024-02-17 11:28:34
S013560,O006620,Out for Delivery,2025-08-13 11:03:25
S013561,O004371,Delivered,2024-01-10 08:28:51
S013562,O012902,Delivered,2024-02-19 10:29:28
S013563,O000991,Pickup,2025-09-03 08:03:44
S013564,O016417,Pickup,2024-05-01 00:50:17
S013565,O017405,Out for Delivery,2024-05-14 17:57:21
S013566,O004180,Delivered,2025-08-19 23:20:09
S013567,O016021,In Transit,2025-04-19 16:32:30
S013568,O000686,Pickup,2024-07-16 20:20:10
S013569,O009201,Out for Delivery,2024-10-05 06:47:35
S013570,O010919,Out for Delivery,2025-02-27 18:58:07
S013571,O003953,In Transit,2025-05-14 11:32:00
S013572,O012822,Out for Delivery,2024-05-09 03:00:48
S013573,O012036,Pickup,2024-04-02 06:57:45
S013574,O008912,In Transit,2024-03-25 14:06:22
S013575,O004115,Delivered,2024-02-26 05:43:21
S013576,O015622,In Transit,2025-01-12 13:09:56
S013577,O001753,In Transit,2025-08-12 16:33:44
S013578,O011170,Delivered,2024-08-22 06:56:16
S013579,O001101,Delivered,2024-03-01 07:59:15
S013580,O009105,In Transit,2024-03-20 05:34:01
S013581,O016396,Out for Delivery,2024-08-16 01:45:36
S013582,O007997,Pickup,2025-05-31 05:53:29
S013583,O005087,Delivered,2024-05-12 06:16:00
S013584,O007658,Delivered,2025-06-25 15:35:33
S013585,O002234,In Transit,2025-02-17 12:18:07
S013586,O010916,Pickup,2024-06-15 03:14:27
S013587,O015868,Out for Delivery,2025-11-05 14:06:02
S013588,O009380,Delivered,2024-06-13 00:41:34
S013589,O005340,Out for Delivery,2025-05-21 10:11:55
S013590,O017187,Pickup,2024-05-01 11:36:44
S013591,O018362,Out for Delivery,2025-08-27 12:47:08
S013592,O003657,Out for Delivery,2025-07-18 14:36:04
S013593,O018481,Pickup,2025-04-15 05:25:46
S013594,O012641,Pickup,2024-12-05 20:10:41
S013595,O002799,In Transit,2024-01-22 16:44:42
S013596,O013816,Delivered,2024-09-02 11:49:15
S013597,O008468,Delivered,2024-12-01 04:26:46
S013598,O010770,Out for Delivery,2025-04-24 05:50:47
S013599,O016343,Out for Delivery,2024-08-26 17:00:49
S013600,O010622,In Transit,2024-03-30 08:55:53
S013601,O011750,In Transit,2025-03-24 23:39:32
S013602,O017920,In Transit,2025-06-08 08:58:22
S013603,O001659,Out for Delivery,2024-06-05 01:50:03
S013604,O019079,Delivered,2025-05-12 15:29:08
S013605,O004061,Pickup,2024-08-14 23:47:57
S013606,O009675,Out for Delivery,2024-11-14 05:31:13
S013607,O016800,Delivered,2024-06-14 15:42:11
S013608,O018158,Delivered,2024-12-28 00:24:32
S013609,O005119,Out for Delivery,2025-09-15 00:56:19
S013610,O011050,Delivered,2025-12-25 13:18:29
S013611,O008675,Pickup,2025-01-24 04:32:03
S013612,O017141,Pickup,2024-08-03 17:44:08
S013613,O004519,Out for Delivery,2025-05-24 16:01:14
S013614,O017190,Out for Delivery,2025-12-02 13:42:01
S013615,O010819,Delivered,2025-03-06 11:18:06
S013616,O019073,Delivered,2024-01-28 13:52:43
S013617,O018706,In Transit,2025-11-14 06:17:26
S013618,O006300,Pickup,2024-11-05 19:09:46
S013619,O011596,In Transit,2025-09-13 15:17:10
S013620,O018245,Delivered,2025-12-18 13:56:12
S013621,O003480,In Transit,2024-03-09 12:46:54
S013622,O003978,Pickup,2024-06-12 06:43:48
S013623,O007044,In Transit,2025-11-26 08:32:00
S013624,O000652,Out for Delivery,2025-05-29 17:20:25
S013625,O011399,In Transit,2025-05-11 00:25:50
S013626,O011093,In Transit,2025-04-14 11:00:23
S013627,O012039,Delivered,2024-04-13 02:11:27
S013628,O001014,In Transit,2024-09-14 04:41:33
S013629,O015771,Out for Delivery,2025-12-06 12:59:34
S013630,O007275,In Transit,2025-12-24 15:38:33
S013631,O013703,In Transit,2025-10-26 09:45:22
S013632,O001785,Out for Delivery,2025-08-06 05:42:45
S013633,O003941,Pickup,2025-02-15 04:00:06
S013634,O007310,In Transit,2024-09-28 14:39:39
S013635,O019086,In Transit,2025-10-17 03:21:18
S013636,O010480,Pickup,2025-05-25 13:48:30
S013637,O004501,In Transit,2025-04-07 13:18:27
S013638,O018673,Pickup,2025-12-29 16:15:48
S013639,O011156,Delivered,2025-09-02 19:15:18
S013640,O010744,Pickup,2025-06-27 23:02:16
S013641,O011754,Out for Delivery,2024-06-06 18:43:05
S013642,O005944,Out for Delivery,2025-10-06 01:13:52
S013643,O012337,In Transit,2025-09-30 08:54:27
S013644,O019453,Out for Delivery,2025-02-27 19:51:32
S013645,O002125,Delivered,2025-03-16 10:06:41
S013646,O007417,Pickup,2024-02-15 23:14:18
S013647,O006336,In Transit,2025-08-01 17:28:37
S013648,O018100,In Transit,2024-09-14 06:46:46
S013649,O002745,Delivered,2025-04-09 05:57:28
S013650,O010152,Out for Delivery,2024-10-12 07:49:28
S013651,O013048,Out for Delivery,2025-11-18 02:15:57
S013652,O006396,In Transit,2025-06-30 01:23:50
S013653,O000553,Delivered,2024-11-02 13:28:48
S013654,O019646,Delivered,2025-03-27 05:07:58
S013655,O018767,Out for Delivery,2024-03-18 01:40:18
S013656,O001618,Delivered,2025-03-18 07:32:42
S013657,O013106,In Transit,2024-03-15 03:31:24
S013658,O010660,Delivered,2025-11-01 14:20:56
S013659,O016583,In Transit,2024-12-16 18:37:38
S013660,O018784,Delivered,2025-01-23 09:05:36
S013661,O001464,Pickup,2024-07-04 11:30:56
S013662,O009864,Pickup,2025-02-16 17:30:57
S013663,O012167,Delivered,2025-01-13 07:49:52
S013664,O006770,In Transit,2024-01-21 07:12:24
S013665,O018944,Delivered,2024-03-28 12:12:53
S013666,O011026,Delivered,2024-05-10 06:47:18
S013667,O012223,In Transit,2025-05-20 17:14:47
S013668,O001533,Out for Delivery,2025-12-22 18:55:17
S013669,O011786,Delivered,2025-08-27 08:00:40
S013670,O005668,In Transit,2024-11-27 04:47:15
S013671,O003234,In Transit,2025-12-19 05:55:44
S013672,O013901,Out for Delivery,2025-06-11 06:06:59
S013673,O003752,Pickup,2024-06-23 21:17:19
S013674,O015493,Delivered,2024-12-25 13:43:34
S013675,O019792,In Transit,2025-05-11 21:41:02
S013676,O000804,Out for Delivery,2025-09-08 15:33:59
S013677,O002794,Delivered,2024-03-13 23:46:16
S013678,O019878,Out for Delivery,2024-11-10 22:31:57
S013679,O002809,Out for Delivery,2024-04-13 13:40:06
S013680,O004150,Pickup,2025-01-10 18:03:52
S013681,O014979,Out for Delivery,2024-09-30 11:05:54
S013682,O001530,Out for Delivery,2025-01-04 13:16:00
S013683,O014462,Out for Delivery,2025-05-11 02:52:39
S013684,O009610,Out for Delivery,2025-05-10 00:01:45
S013685,O013090,Delivered,2025-03-15 09:37:53
S013686,O012655,In Transit,2025-08-13 02:03:57
S013687,O003510,Delivered,2024-10-25 01:55:52
S013688,O018001,Out for Delivery,2024-07-12 23:25:18
S013689,O003249,In Transit,2025-11-14 08:37:59
S013690,O005513,Pickup,2024-12-14 17:49:32
S013691,O011758,Out for Delivery,2024-10-29 19:48:41
S013692,O008383,In Transit,2025-10-22 13:48:06
S013693,O003950,Delivered,2024-07-30 23:09:52
S013694,O001895,Pickup,2024-10-14 15:11:42
S013695,O006744,Out for Delivery,2024-01-20 11:54:49
S013696,O016331,Pickup,2025-09-03 07:51:02
S013697,O004917,Out for Delivery,2024-08-26 12:21:39
S013698,O016068,Out for Delivery,2025-06-02 20:39:19
S013699,O002929,Pickup,2024-08-27 12:11:40
S013700,O015883,In Transit,2025-09-26 12:57:22
S013701,O017911,Delivered,2024-10-18 23:39:20
S013702,O008290,Delivered,2025-10-28 23:22:22
S013703,O000781,Pickup,2024-06-10 17:57:11
S013704,O016843,Pickup,2025-07-10 12:37:35
S013705,O005731,In Transit,2024-03-12 20:53:19
S013706,O008086,Out for Delivery,2024-06-01 03:05:44
S013707,O004056,Out for Delivery,2025-09-02 14:21:40
S013708,O017160,Pickup,2024-12-09 11:35:03
S013709,O008410,Pickup,2025-04-17 23:02:40
S013710,O001266,Out for Delivery,2024-01-01 00:54:30
S013711,O005407,In Transit,2025-02-01 16:47:10
S013712,O004197,Pickup,2025-07-11 18:26:50
S013713,O010800,Pickup,2025-07-15 05:07:14
S013714,O018143,Delivered,2025-04-13 01:53:29
S013715,O001019,Pickup,2025-06-06 07:59:34
S013716,O001558,In Transit,2025-07-02 10:24:16
S013717,O014374,In Transit,2024-03-02 03:21:33
S013718,O005266,In Transit,2025-05-04 04:00:48
S013719,O011228,Delivered,2025-11-11 08:44:10
S013720,O018585,In Transit,2024-10-23 10:15:31
S013721,O006955,Delivered,2024-10-15 01:48:35
S013722,O001948,Pickup,2025-11-17 11:09:32
S013723,O003103,Pickup,2025-10-18 08:37:29
S013724,O018722,Out for Delivery,2024-12-26 04:24:39
S013725,O001267,Delivered,2025-04-14 15:35:07
S013726,O013481,Out for Delivery,2025-01-06 05:43:36
S013727,O011994,Pickup,2024-09-07 09:46:08
S013728,O011587,Out for Delivery,2024-09-19 00:02:34
S013729,O012757,Out for Delivery,2025-10-03 02:09:51
S013730,O018794,Pickup,2025-10-19 12:24:32
S013731,O001340,Pickup,2025-01-13 22:17:40
S013732,O015643,Delivered,2024-02-25 21:31:25
S013733,O009793,Out for Delivery,2025-02-16 20:58:17
S013734,O001755,Delivered,2025-01-09 10:35:30
S013735,O005538,In Transit,2025-02-02 23:46:09
S013736,O013819,Delivered,2024-01-25 05:53:15
S013737,O000274,Out for Delivery,2025-01-28 19:05:07
S013738,O005355,In Transit,2025-09-20 05:11:51
S013739,O001849,Out for Delivery,2024-04-12 10:54:37
S013740,O010988,Pickup,2024-01-27 21:04:35
S013741,O007741,Delivered,2024-04-14 18:00:21
S013742,O011094,Delivered,2025-10-31 23:48:48
S013743,O011760,In Transit,2024-01-20 11:41:19
S013744,O005433,Pickup,2025-09-23 17:50:47
S013745,O012107,Out for Delivery,2024-08-25 10:28:05
S013746,O017900,Delivered,2024-02-06 15:46:36
S013747,O013172,In Transit,2024-10-05 01:11:26
S013748,O007887,Out for Delivery,2025-11-12 17:38:27
S013749,O019700,Delivered,2025-08-26 16:44:10
S013750,O004321,Delivered,2024-11-05 18:02:22
S013751,O004414,Out for Delivery,2024-02-08 23:41:02
S013752,O002747,Pickup,2025-09-04 11:54:02
S013753,O019437,Delivered,2025-03-11 07:26:47
S013754,O019752,Pickup,2025-06-20 03:05:25
S013755,O001809,Out for Delivery,2024-12-05 21:25:39
S013756,O003860,Delivered,2025-01-12 03:35:15
S013757,O001771,Pickup,2025-03-24 14:43:57
S013758,O001969,Out for Delivery,2025-05-26 09:05:04
S013759,O008359,Delivered,2024-02-19 09:02:41
S013760,O003754,In Transit,2024-06-07 13:27:04
S013761,O005678,In Transit,2025-05-30 05:49:22
S013762,O010481,Out for Delivery,2024-06-30 22:04:42
S013763,O010644,Out for Delivery,2025-10-26 14:42:42
S013764,O009908,In Transit,2025-07-30 15:59:52
S013765,O017243,Delivered,2025-01-02 13:13:06
S013766,O001747,Pickup,2024-01-23 16:36:47
S013767,O012972,In Transit,2024-04-15 12:41:32
S013768,O006595,In Transit,2024-08-27 23:55:10
S013769,O007749,In Transit,2024-07-14 15:20:14
S013770,O015206,Delivered,2024-02-22 03:59:09
S013771,O014444,Delivered,2025-07-22 04:12:37
S013772,O018279,Delivered,2024-07-12 07:00:40
S013773,O013940,In Transit,2025-10-18 02:36:23
S013774,O011165,Out for Delivery,2024-07-22 10:41:27
S013775,O009060,Out for Delivery,2024-10-10 04:59:56
S013776,O006243,Delivered,2025-08-20 09:03:49
S013777,O007038,In Transit,2025-01-12 18:12:38
S013778,O019822,Delivered,2025-08-02 12:07:04
S013779,O004845,In Transit,2025-06-11 04:42:50
S013780,O009435,Pickup,2025-11-10 13:52:32
S013781,O003234,Delivered,2025-07-30 01:33:29
S013782,O017493,Pickup,2024-08-16 02:41:04
S013783,O019536,Delivered,2024-12-05 23:37:51
S013784,O015014,Out for Delivery,2024-11-11 05:23:49
S013785,O001025,Delivered,2024-01-03 14:59:41
S013786,O017121,In Transit,2025-11-22 10:35:27
S013787,O007804,Out for Delivery,2024-05-13 05:07:02
S013788,O006080,In Transit,2025-06-11 08:13:21
S013789,O017815,In Transit,2025-12-30 21:44:25
S013790,O004060,In Transit,2025-07-15 06:49:33
S013791,O009360,Out for Delivery,2025-06-07 16:46:12
S013792,O006700,In Transit,2024-10-29 17:36:09
S013793,O011034,Out for Delivery,2024-05-17 16:17:48
S013794,O001865,Out for Delivery,2024-10-30 15:19:38
S013795,O011858,Pickup,2025-06-23 22:11:44
S013796,O012008,In Transit,2024-08-19 12:49:52
S013797,O015039,Pickup,2025-05-16 00:02:01
S013798,O018374,Delivered,2024-12-04 21:10:18
S013799,O003434,Delivered,2025-07-05 12:09:55
S013800,O007226,In Transit,2024-06-09 23:55:59
S013801,O009881,Delivered,2025-07-13 23:32:32
S013802,O011334,Pickup,2024-06-29 01:24:34
S013803,O014744,In Transit,2025-06-07 15:34:16
S013804,O012102,Out for Delivery,2025-05-01 23:12:05
S013805,O008005,Pickup,2024-07-10 07:23:21
S013806,O007000,In Transit,2025-07-01 05:40:28
S013807,O014923,Pickup,2025-06-13 23:41:00
S013808,O000099,Delivered,2025-08-14 18:03:15
S013809,O008029,Delivered,2024-05-25 23:25:48
S013810,O007546,Pickup,2024-01-16 12:36:54
S013811,O005598,In Transit,2024-10-18 09:05:30
S013812,O000731,In Transit,2025-01-27 12:55:42
S013813,O014701,Pickup,2024-06-27 18:08:35
S013814,O000395,In Transit,2025-11-03 07:20:07
S013815,O018245,Out for Delivery,2025-11-25 19:47:30
S013816,O010854,Delivered,2025-08-21 19:19:06
S013817,O013429,In Transit,2024-02-22 10:39:02
S013818,O010336,Out for Delivery,2024-07-12 11:55:18
S013819,O014918,In Transit,2024-05-07 12:44:10
S013820,O008945,Delivered,2025-03-01 10:50:47
S013821,O019556,Delivered,2025-03-06 09:52:15
S013822,O003260,In Transit,2025-11-25 11:04:18
S013823,O007848,Pickup,2024-10-28 12:01:41
S013824,O002980,Out for Delivery,2024-11-07 21:04:29
S013825,O005610,Pickup,2025-07-14 14:45:43
S013826,O005836,Pickup,2025-07-23 09:42:37
S013827,O017340,Pickup,2025-07-19 19:15:54
S013828,O018178,Delivered,2024-10-24 18:18:54
S013829,O014214,Pickup,2024-09-01 02:43:34
S013830,O003096,Out for Delivery,2025-05-08 17:55:09
S013831,O013086,In Transit,2024-12-29 00:45:28
S013832,O018280,In Transit,2025-08-30 11:18:52
S013833,O009582,Out for Delivery,2024-01-10 22:48:03
S013834,O009502,Delivered,2025-09-19 01:28:03
S013835,O003371,Delivered,2025-12-23 22:57:25
S013836,O018201,In Transit,2024-10-03 18:12:55
S013837,O000526,Delivered,2025-12-04 20:49:44
S013838,O011802,Out for Delivery,2025-11-06 15:08:57
S013839,O012598,Out for Delivery,2025-08-16 07:04:09
S013840,O008641,Delivered,2025-01-02 19:01:38
S013841,O005532,Out for Delivery,2024-08-02 21:50:31
S013842,O016734,Pickup,2025-10-12 00:44:22
S013843,O014026,Pickup,2025-12-05 23:26:35
S013844,O000989,Pickup,2024-09-05 06:49:08
S013845,O015651,In Transit,2024-03-14 02:31:38
S013846,O006855,Out for Delivery,2025-03-06 11:48:33
S013847,O006506,In Transit,2025-02-02 10:13:40
S013848,O009641,Pickup,2024-05-05 12:04:44
S013849,O015558,Pickup,2025-10-22 10:45:39
S013850,O000665,Out for Delivery,2025-06-30 06:59:55
S013851,O016576,Delivered,2024-02-08 09:24:02
S013852,O014283,Out for Delivery,2025-12-18 03:42:25
S013853,O000876,Delivered,2025-11-06 21:46:49
S013854,O015606,Delivered,2025-11-16 15:07:55
S013855,O014554,Pickup,2024-01-23 04:59:29
S013856,O013967,Out for Delivery,2024-01-03 09:55:15
S013857,O010190,Pickup,2025-10-13 21:02:06
S013858,O017668,Delivered,2025-03-25 06:47:06
S013859,O010900,Delivered,2025-03-22 17:09:32
S013860,O000615,Pickup,2025-10-29 03:42:51
S013861,O001087,Pickup,2025-05-11 02:00:37
S013862,O016747,In Transit,2024-12-23 00:43:40
S013863,O010292,Pickup,2024-08-28 01:57:22
S013864,O017022,Out for Delivery,2024-12-23 21:38:49
S013865,O009903,Pickup,2025-04-29 06:18:10
S013866,O009873,In Transit,2024-04-23 08:28:07
S013867,O012859,Pickup,2024-06-08 02:42:54
S013868,O016575,Delivered,2025-03-30 16:58:40
S013869,O012497,In Transit,2025-12-23 01:45:44
S013870,O005536,Out for Delivery,2025-03-10 13:18:16
S013871,O000695,Out for Delivery,2025-12-01 13:03:51
S013872,O006016,Out for Delivery,2025-10-06 09:19:12
S013873,O015185,In Transit,2024-07-28 23:59:16
S013874,O000864,Delivered,2025-10-13 17:57:38
S013875,O017617,Delivered,2025-11-07 23:56:18
S013876,O014711,Delivered,2025-11-16 13:32:23
S013877,O018940,Pickup,2025-01-13 11:45:36
S013878,O012954,Pickup,2025-02-12 16:13:24
S013879,O012580,Out for Delivery,2024-07-01 20:50:47
S013880,O002568,Pickup,2025-08-21 16:04:30
S013881,O016278,Out for Delivery,2025-08-02 23:17:44
S013882,O014245,Delivered,2024-04-07 11:39:44
S013883,O015048,In Transit,2025-03-02 01:00:08
S013884,O002430,Pickup,2024-05-26 17:27:56
S013885,O016535,Pickup,2024-07-05 06:23:17
S013886,O006465,In Transit,2024-04-02 23:16:05
S013887,O000415,In Transit,2024-05-17 01:59:39
S013888,O013416,Out for Delivery,2024-10-30 03:38:03
S013889,O001972,In Transit,2024-07-26 22:59:45
S013890,O008532,Delivered,2025-06-03 02:40:32
S013891,O012388,Out for Delivery,2025-06-10 12:06:07
S013892,O007474,In Transit,2024-08-15 22:51:53
S013893,O012573,Out for Delivery,2024-04-07 03:01:48
S013894,O013737,In Transit,2024-11-24 19:15:28
S013895,O016669,Delivered,2025-09-30 23:05:34
S013896,O014536,Pickup,2025-12-26 00:15:08
S013897,O013041,Pickup,2025-03-13 08:58:42
S013898,O003193,In Transit,2025-11-05 13:35:50
S013899,O012502,In Transit,2024-10-26 10:07:32
S013900,O007462,Out for Delivery,2025-10-23 11:24:45
S013901,O014833,Pickup,2025-03-10 10:33:58
S013902,O008693,In Transit,2025-07-20 10:06:27
S013903,O003888,In Transit,2025-05-03 10:17:27
S013904,O017120,Delivered,2025-01-28 06:57:15
S013905,O016660,In Transit,2024-05-25 13:33:24
S013906,O015984,Pickup,2025-12-11 05:23:02
S013907,O001040,Out for Delivery,2024-11-11 16:19:57
S013908,O015860,Pickup,2025-09-14 00:25:41
S013909,O007237,In Transit,2024-12-10 16:34:55
S013910,O017019,In Transit,2024-06-05 19:07:37
S013911,O015379,Out for Delivery,2024-12-30 02:44:18
S013912,O004711,In Transit,2024-06-28 06:32:03
S013913,O017340,Pickup,2024-11-21 15:21:32
S013914,O014938,Out for Delivery,2024-08-21 12:06:52
S013915,O016985,Out for Delivery,2025-06-28 18:33:36
S013916,O015762,Out for Delivery,2024-05-21 06:13:09
S013917,O014413,Out for Delivery,2025-11-06 15:07:25
S013918,O012399,Delivered,2024-07-06 20:18:46
S013919,O003004,Pickup,2024-08-04 04:26:23
S013920,O011869,In Transit,2024-06-10 04:47:16
S013921,O010714,In Transit,2025-09-21 18:42:10
S013922,O004261,In Transit,2024-01-03 08:25:59
S013923,O001592,In Transit,2025-02-24 10:58:23
S013924,O003781,Pickup,2024-01-07 05:30:29
S013925,O010932,Pickup,2024-06-13 16:07:39
S013926,O016865,Out for Delivery,2025-06-28 08:25:56
S013927,O001373,Pickup,2024-12-09 15:28:13
S013928,O002501,Pickup,2024-01-05 13:13:38
S013929,O001131,Pickup,2024-04-08 15:04:18
S013930,O012037,In Transit,2025-04-18 18:54:42
S013931,O006042,Pickup,2024-07-23 23:14:28
S013932,O018460,Out for Delivery,2025-06-24 09:54:05
S013933,O007541,Pickup,2024-06-05 04:26:12
S013934,O009788,Out for Delivery,2024-02-02 07:14:01
S013935,O018268,In Transit,2024-08-08 18:26:54
S013936,O008614,Out for Delivery,2024-06-11 10:52:19
S013937,O003261,In Transit,2025-12-21 16:06:51
S013938,O010731,Pickup,2024-02-13 19:58:11
S013939,O007572,Out for Delivery,2024-03-16 12:13:09
S013940,O013492,Pickup,2025-08-07 23:49:49
S013941,O004800,Pickup,2025-01-09 11:08:53
S013942,O010195,Out for Delivery,2025-08-21 18:57:28
S013943,O015186,In Transit,2025-09-01 22:58:05
S013944,O011199,Pickup,2025-10-16 22:29:30
S013945,O008939,Delivered,2024-01-04 16:02:08
S013946,O007599,Pickup,2025-02-16 18:37:39
S013947,O008962,Out for Delivery,2024-01-05 21:29:47
S013948,O011220,Out for Delivery,2025-02-20 05:57:45
S013949,O005036,Pickup,2025-09-30 09:39:01
S013950,O005835,Pickup,2025-08-04 15:46:28
S013951,O000810,Delivered,2024-04-16 21:21:34
S013952,O014917,Out for Delivery,2024-08-06 11:17:03
S013953,O014365,Delivered,2025-09-20 01:28:04
S013954,O018951,Delivered,2025-05-16 05:57:00
S013955,O018930,In Transit,2024-11-22 12:45:48
S013956,O015452,Out for Delivery,2025-08-17 13:07:15
S013957,O010932,Pickup,2025-04-05 05:18:28
S013958,O003564,In Transit,2025-06-12 20:31:17
S013959,O014867,Out for Delivery,2024-10-20 02:59:25
S013960,O009840,Pickup,2024-09-29 17:07:21
S013961,O013507,In Transit,2024-02-16 18:58:24
S013962,O000285,Pickup,2025-05-24 02:29:50
S013963,O003250,Pickup,2024-09-02 18:41:15
S013964,O003349,Delivered,2024-12-03 22:34:23
S013965,O006003,Pickup,2024-04-17 21:02:46
S013966,O000645,Pickup,2025-11-04 02:34:15
S013967,O018711,In Transit,2024-04-08 01:53:10
S013968,O013587,In Transit,2024-02-04 16:28:40
S013969,O000016,Delivered,2024-04-04 07:22:28
S013970,O016321,Pickup,2024-09-23 22:15:57
S013971,O006697,Out for Delivery,2025-07-23 17:35:30
S013972,O012792,Delivered,2024-03-07 16:40:12
S013973,O005340,Out for Delivery,2024-05-07 12:27:16
S013974,O009657,In Transit,2024-08-24 08:40:08
S013975,O001768,Pickup,2025-11-17 15:02:00
S013976,O015332,In Transit,2024-12-14 12:24:00
S013977,O001818,In Transit,2025-06-15 20:55:56
S013978,O018780,Out for Delivery,2025-03-23 22:30:47
S013979,O013459,Pickup,2024-02-02 16:07:39
S013980,O017677,Delivered,2024-10-30 10:48:38
S013981,O015962,In Transit,2024-12-19 00:18:41
S013982,O017887,Out for Delivery,2024-08-08 11:22:48
S013983,O011339,Pickup,2025-01-04 18:26:46
S013984,O007956,In Transit,2025-05-01 10:38:17
S013985,O015380,Out for Delivery,2025-01-07 09:25:54
S013986,O005563,Delivered,2025-10-24 12:04:17
S013987,O016137,Delivered,2025-06-26 04:41:48
S013988,O005268,Out for Delivery,2024-12-12 16:20:25
S013989,O006217,Delivered,2024-09-11 12:11:48
S013990,O019320,Pickup,2025-05-11 04:22:55
S013991,O009006,In Transit,2024-01-14 04:52:51
S013992,O015088,Delivered,2024-10-24 00:27:03
S013993,O002937,Delivered,2024-09-11 09:00:13
S013994,O014025,Pickup,2025-04-11 19:03:44
S013995,O006843,In Transit,2025-04-10 10:09:35
S013996,O015908,Delivered,2024-07-16 01:48:34
S013997,O006269,Pickup,2024-11-27 09:17:10
S013998,O006376,Delivered,2025-05-22 11:54:12
S013999,O010123,Delivered,2025-12-27 04:07:33
S014000,O002972,Out for Delivery,2024-10-26 17:25:18
S014001,O009155,Delivered,2024-02-02 18:29:34
S014002,O012783,Out for Delivery,2025-12-26 22:56:33
S014003,O004289,In Transit,2025-03-11 07:35:21
S014004,O009401,Out for Delivery,2024-04-24 16:20:26
S014005,O013429,In Transit,2024-06-01 13:25:54
S014006,O008297,Pickup,2025-03-08 14:44:18
S014007,O002380,Delivered,2024-01-19 08:30:59
S014008,O011342,Delivered,2024-09-11 18:30:28
S014009,O017703,In Transit,2024-03-23 22:40:34
S014010,O012756,Pickup,2025-12-24 09:19:04
S014011,O012116,Pickup,2025-10-09 01:06:22
S014012,O017631,Out for Delivery,2024-05-04 01:55:55
S014013,O008804,In Transit,2024-12-30 09:46:03
S014014,O004967,Delivered,2025-09-18 14:41:37
S014015,O004624,In Transit,2024-05-25 14:56:52
S014016,O001179,Out for Delivery,2024-12-18 21:15:06
S014017,O016367,Out for Delivery,2025-09-26 21:28:57
S014018,O005248,Delivered,2024-04-29 10:10:58
S014019,O001347,Out for Delivery,2024-08-26 17:14:12
S014020,O017228,Pickup,2024-05-29 16:36:56
S014021,O008471,In Transit,2025-07-10 17:24:03
S014022,O012005,Pickup,2024-10-08 17:53:11
S014023,O012444,Pickup,2025-06-19 11:31:54
S014024,O004624,Delivered,2024-11-03 07:14:33
S014025,O018416,Delivered,2025-07-27 13:24:15
S014026,O018732,Delivered,2025-06-07 05:38:14
S014027,O007902,Pickup,2025-12-17 15:37:29
S014028,O013791,Pickup,2025-09-29 12:07:00
S014029,O017291,Delivered,2025-07-12 02:25:18
S014030,O006239,In Transit,2024-06-12 06:30:02
S014031,O014372,Delivered,2024-10-08 20:46:12
S014032,O001620,In Transit,2025-02-27 02:02:14
S014033,O006896,Out for Delivery,2024-09-25 23:33:09
S014034,O007346,In Transit,2024-10-25 10:04:35
S014035,O019986,Out for Delivery,2025-01-15 11:39:47
S014036,O002189,Out for Delivery,2025-03-02 09:28:49
S014037,O001153,Pickup,2024-07-08 16:30:47
S014038,O011285,Delivered,2025-01-23 02:05:13
S014039,O007805,In Transit,2025-02-10 09:42:28
S014040,O015829,Delivered,2024-08-06 20:31:35
S014041,O006996,Out for Delivery,2025-03-27 14:46:55
S014042,O007093,In Transit,2024-06-10 10:42:21
S014043,O006163,Out for Delivery,2024-02-23 14:28:46
S014044,O007557,Delivered,2025-12-13 11:39:36
S014045,O015351,Pickup,2025-04-23 23:41:01
S014046,O015584,In Transit,2024-03-01 14:39:23
S014047,O010308,Pickup,2024-06-13 17:44:43
S014048,O010640,Pickup,2024-03-13 16:53:57
S014049,O011628,Delivered,2025-03-27 21:05:22
S014050,O003851,Out for Delivery,2025-10-08 16:51:12
S014051,O004498,Pickup,2024-09-17 19:59:10
S014052,O004417,Pickup,2024-12-24 12:28:35
S014053,O003897,Delivered,2024-08-16 12:25:16
S014054,O002072,Out for Delivery,2024-10-01 18:42:45
S014055,O003086,In Transit,2024-03-27 14:29:11
S014056,O009657,Out for Delivery,2025-03-22 01:19:33
S014057,O015803,In Transit,2025-03-15 11:43:03
S014058,O004758,Delivered,2024-03-26 04:03:09
S014059,O012324,In Transit,2024-09-28 04:13:36
S014060,O010458,Pickup,2025-07-16 15:39:48
S014061,O015216,Out for Delivery,2024-09-27 06:37:12
S014062,O001529,In Transit,2024-08-01 00:39:38
S014063,O002747,In Transit,2024-04-05 04:42:06
S014064,O013729,Delivered,2024-09-07 13:25:32
S014065,O019932,Delivered,2024-07-28 04:52:25
S014066,O015459,Delivered,2024-12-15 19:56:42
S014067,O011529,Delivered,2024-06-03 18:26:17
S014068,O003260,Out for Delivery,2024-05-20 00:56:42
S014069,O002882,In Transit,2024-12-19 01:39:30
S014070,O002961,Pickup,2025-08-05 05:05:45
S014071,O012138,Pickup,2025-02-08 23:45:29
S014072,O011478,Pickup,2024-10-06 02:28:32
S014073,O007007,In Transit,2025-09-02 12:49:04
S014074,O019861,Out for Delivery,2024-04-02 02:54:42
S014075,O013294,Delivered,2025-12-25 19:11:42
S014076,O007179,Delivered,2025-05-01 09:44:49
S014077,O006620,In Transit,2024-07-13 14:05:00
S014078,O013338,Out for Delivery,2025-10-18 06:59:31
S014079,O012788,Out for Delivery,2025-10-20 21:52:50
S014080,O012129,In Transit,2024-09-22 10:47:55
S014081,O006855,Delivered,2025-04-23 15:12:15
S014082,O000616,Delivered,2024-06-22 22:47:12
S014083,O006040,Pickup,2025-02-07 10:40:35
S014084,O013122,Pickup,2025-02-18 01:21:01
S014085,O010751,Out for Delivery,2024-12-10 07:44:41
S014086,O006654,Out for Delivery,2025-09-06 14:07:59
S014087,O000470,Out for Delivery,2025-05-25 13:05:19
S014088,O013170,In Transit,2024-11-25 20:18:43
S014089,O008093,In Transit,2025-11-06 04:09:17
S014090,O012267,Out for Delivery,2024-05-27 22:23:50
S014091,O004305,Delivered,2024-11-11 14:48:02
S014092,O018830,In Transit,2025-10-10 19:03:44
S014093,O006021,In Transit,2024-09-02 21:13:13
S014094,O016837,Pickup,2024-07-26 01:35:42
S014095,O011682,Out for Delivery,2025-09-17 01:06:50
S014096,O012411,In Transit,2024-10-28 09:52:38
S014097,O011234,Pickup,2024-09-05 05:54:14
S014098,O006778,In Transit,2024-11-09 00:37:27
S014099,O001734,Out for Delivery,2025-09-09 07:24:30
S014100,O018737,In Transit,2025-02-26 08:37:11
S014101,O007742,Delivered,2025-05-11 16:40:30
S014102,O008779,In Transit,2025-09-12 17:17:14
S014103,O009140,Out for Delivery,2024-05-02 08:29:38
S014104,O003029,Pickup,2024-08-27 06:02:17
S014105,O002440,Out for Delivery,2025-01-18 08:29:15
S014106,O007136,Delivered,2025-05-02 20:54:41
S014107,O015848,Delivered,2025-06-06 08:09:15
S014108,O008094,Delivered,2024-08-10 08:42:43
S014109,O005990,Pickup,2024-09-17 05:58:19
S014110,O003243,Delivered,2025-12-10 06:05:09
S014111,O008240,Delivered,2025-05-04 07:52:13
S014112,O004501,In Transit,2024-12-30 01:28:29
S014113,O001701,Delivered,2024-05-22 07:27:02
S014114,O018670,Out for Delivery,2024-01-18 00:26:36
S014115,O000423,In Transit,2025-07-05 02:03:05
S014116,O019109,Delivered,2024-10-07 16:16:46
S014117,O019689,Delivered,2025-05-29 09:58:31
S014118,O016156,Delivered,2024-01-09 12:34:29
S014119,O018345,Out for Delivery,2024-03-06 01:25:40
S014120,O001414,Delivered,2024-09-08 08:32:00
S014121,O004863,In Transit,2024-12-25 14:34:08
S014122,O005862,Out for Delivery,2024-01-19 09:55:06
S014123,O011180,Out for Delivery,2024-09-02 06:33:03
S014124,O004139,Out for Delivery,2024-08-02 05:45:29
S014125,O013701,Pickup,2024-08-10 08:13:01
S014126,O013840,In Transit,2025-03-10 14:31:07
S014127,O004575,Delivered,2024-02-25 09:00:09
S014128,O002357,Pickup,2024-01-10 13:27:58
S014129,O000044,Out for Delivery,2024-03-12 21:36:14
S014130,O007165,Delivered,2024-10-15 14:53:34
S014131,O005835,Pickup,2024-11-23 17:03:25
S014132,O005223,In Transit,2025-07-30 15:03:24
S014133,O000301,In Transit,2025-07-30 21:24:37
S014134,O001566,In Transit,2025-05-17 19:49:31
S014135,O007349,In Transit,2025-07-24 08:03:54
S014136,O002252,In Transit,2024-04-25 11:57:44
S014137,O016351,Pickup,2024-11-30 07:01:23
S014138,O012667,Out for Delivery,2025-04-23 09:50:14
S014139,O014745,Out for Delivery,2024-10-31 17:20:41
S014140,O007028,Out for Delivery,2024-12-05 03:52:13
S014141,O009264,Pickup,2024-07-02 04:31:59
S014142,O003768,Out for Delivery,2025-12-07 18:54:01
S014143,O019064,In Transit,2024-08-26 04:54:16
S014144,O018570,Out for Delivery,2024-03-29 14:06:17
S014145,O006023,Delivered,2024-08-15 17:41:12
S014146,O001960,In Transit,2025-08-22 21:13:22
S014147,O016135,Delivered,2025-11-15 20:46:53
S014148,O009625,Pickup,2025-11-22 05:09:52
S014149,O003537,In Transit,2024-09-27 00:32:52
S014150,O008463,In Transit,2024-04-11 20:08:45
S014151,O002873,Out for Delivery,2024-11-17 11:28:01
S014152,O005402,Delivered,2025-06-10 13:46:26
S014153,O012194,Delivered,2024-07-24 03:47:02
S014154,O000057,Out for Delivery,2025-04-08 00:12:08
S014155,O012427,In Transit,2024-10-23 19:13:53
S014156,O018877,In Transit,2024-09-11 22:33:46
S014157,O016518,Pickup,2024-10-03 10:58:03
S014158,O006258,Out for Delivery,2024-07-21 17:37:02
S014159,O007146,In Transit,2025-06-06 15:17:08
S014160,O007924,Delivered,2025-05-27 02:05:11
S014161,O019160,In Transit,2024-08-25 13:34:06
S014162,O000166,Delivered,2025-12-03 22:07:45
S014163,O019511,Out for Delivery,2025-07-24 23:50:09
S014164,O007417,In Transit,2025-02-26 13:26:38
S014165,O018003,Delivered,2025-01-18 08:24:40
S014166,O005929,Out for Delivery,2025-10-02 08:33:24
S014167,O002693,Pickup,2024-02-27 01:47:08
S014168,O016216,Out for Delivery,2024-09-27 21:03:37
S014169,O017101,Out for Delivery,2024-05-09 18:33:26
S014170,O010586,Delivered,2024-10-16 04:11:41
S014171,O006429,Pickup,2025-08-31 14:51:40
S014172,O017000,In Transit,2025-02-21 03:06:29
S014173,O005968,Out for Delivery,2024-03-23 15:12:11
S014174,O012091,Delivered,2025-04-15 10:14:44
S014175,O005075,Delivered,2024-09-12 09:26:10
S014176,O006108,Pickup,2024-06-06 13:01:28
S014177,O004983,Out for Delivery,2025-12-03 18:10:16
S014178,O016620,Delivered,2025-09-18 10:58:00
S014179,O014688,Out for Delivery,2025-02-16 15:49:23
S014180,O007052,In Transit,2025-10-16 14:38:42
S014181,O018736,Out for Delivery,2025-09-28 07:53:44
S014182,O011059,Delivered,2025-10-20 06:36:35
S014183,O015305,Pickup,2025-02-21 13:17:03
S014184,O009515,Out for Delivery,2024-04-20 14:25:10
S014185,O000729,Pickup,2025-05-25 10:31:02
S014186,O010725,Delivered,2024-03-27 10:05:56
S014187,O016363,In Transit,2025-05-26 07:50:46
S014188,O010095,Pickup,2025-10-31 10:29:52
S014189,O013264,In Transit,2025-06-26 09:14:12
S014190,O003567,Pickup,2025-06-03 06:31:14
S014191,O003690,Out for Delivery,2025-12-31 16:39:43
S014192,O013960,Out for Delivery,2025-11-16 19:37:52
S014193,O004313,Out for Delivery,2025-12-30 05:03:56
S014194,O018791,Pickup,2025-08-29 16:19:14
S014195,O014343,Delivered,2025-11-03 05:51:20
S014196,O007546,Pickup,2025-11-02 08:45:20
S014197,O010579,Pickup,2025-10-25 05:22:13
S014198,O002071,Delivered,2024-08-20 03:29:11
S014199,O013244,In Transit,2024-02-11 12:18:59
S014200,O004859,Out for Delivery,2025-03-28 05:35:35
S014201,O008888,Pickup,2024-03-26 15:11:12
S014202,O012018,In Transit,2025-07-05 07:30:50
S014203,O002221,Pickup,2025-02-08 01:29:54
S014204,O013062,In Transit,2024-07-25 18:58:17
S014205,O005726,Out for Delivery,2025-07-29 04:20:12
S014206,O015161,Pickup,2025-03-07 09:03:16
S014207,O004656,Out for Delivery,2025-11-21 21:25:00
S014208,O012232,In Transit,2024-06-28 14:20:59
S014209,O012202,In Transit,2024-10-14 09:43:12
S014210,O005922,Pickup,2024-08-16 22:15:39
S014211,O017926,Pickup,2024-01-06 17:54:01
S014212,O012120,Pickup,2025-11-02 02:53:55
S014213,O005472,Out for Delivery,2024-01-28 06:16:52
S014214,O014347,Delivered,2024-06-04 13:12:59
S014215,O014777,Out for Delivery,2025-06-20 14:59:26
S014216,O000183,In Transit,2024-09-16 01:47:36
S014217,O003156,Pickup,2025-08-08 02:43:30
S014218,O000066,Out for Delivery,2025-01-13 11:11:45
S014219,O009254,Delivered,2025-11-30 09:11:28
S014220,O005316,Delivered,2025-07-01 08:56:31
S014221,O012519,Pickup,2025-07-07 08:39:20
S014222,O006600,In Transit,2025-12-19 15:21:57
S014223,O015118,Delivered,2024-10-08 01:50:33
S014224,O008202,Out for Delivery,2025-09-25 17:09:10
S014225,O019839,In Transit,2025-10-15 02:24:55
S014226,O012473,Pickup,2025-06-30 00:38:36
S014227,O019676,Pickup,2024-12-12 07:10:48
S014228,O015898,In Transit,2024-09-16 14:50:10
S014229,O004136,In Transit,2025-09-28 14:32:08
S014230,O004476,Pickup,2024-08-20 04:44:21
S014231,O001219,Delivered,2024-09-19 09:30:53
S014232,O001059,In Transit,2025-10-21 15:46:44
S014233,O000066,Out for Delivery,2024-12-01 09:50:26
S014234,O015733,Out for Delivery,2025-12-21 17:21:53
S014235,O006761,In Transit,2025-11-21 06:17:03
S014236,O001837,Out for Delivery,2024-10-03 17:36:26
S014237,O008633,Out for Delivery,2025-01-22 01:54:10
S014238,O015849,In Transit,2025-04-23 02:27:14
S014239,O006107,Pickup,2025-05-18 21:15:23
S014240,O010971,Pickup,2025-07-22 12:03:33
S014241,O000173,Pickup,2024-09-02 14:00:51
S014242,O006320,Delivered,2024-04-11 14:29:37
S014243,O011441,Out for Delivery,2025-10-13 16:04:44
S014244,O005221,Out for Delivery,2025-05-10 04:45:45
S014245,O013876,In Transit,2025-10-17 19:44:50
S014246,O001403,Delivered,2024-06-05 20:53:00
S014247,O019881,Pickup,2025-04-13 05:35:19
S014248,O008384,Pickup,2024-04-22 09:29:25
S014249,O009390,Delivered,2025-02-14 18:17:27
S014250,O014262,Pickup,2024-04-29 00:36:54
S014251,O006333,Pickup,2024-09-24 18:05:29
S014252,O000199,Delivered,2025-11-17 09:50:27
S014253,O005206,Out for Delivery,2025-10-23 00:39:34
S014254,O019766,Out for Delivery,2025-10-08 13:26:55
S014255,O006698,Pickup,2024-03-15 15:26:38
S014256,O001323,In Transit,2025-06-13 05:35:14
S014257,O001678,In Transit,2024-08-16 21:11:29
S014258,O019334,Delivered,2024-03-06 10:35:06
S014259,O006385,Out for Delivery,2025-06-15 23:59:28
S014260,O012917,In Transit,2024-11-08 03:57:13
S014261,O019326,Out for Delivery,2025-06-19 11:29:07
S014262,O016495,Pickup,2025-05-27 03:03:34
S014263,O018023,Delivered,2024-04-27 07:57:52
S014264,O015488,In Transit,2024-09-30 04:34:10
S014265,O018998,Delivered,2025-07-26 22:43:32
S014266,O016950,Delivered,2024-01-17 08:18:33
S014267,O017707,Pickup,2024-11-01 00:55:26
S014268,O002306,Out for Delivery,2025-01-30 11:07:15
S014269,O000364,Pickup,2024-04-14 12:35:52
S014270,O002970,In Transit,2024-06-25 20:39:33
S014271,O011886,In Transit,2024-12-14 11:57:40
S014272,O004816,Delivered,2025-08-01 16:25:45
S014273,O002618,Pickup,2024-12-18 16:16:31
S014274,O009137,Pickup,2024-07-08 14:16:04
S014275,O003859,Delivered,2024-01-14 16:53:22
S014276,O003624,Pickup,2025-02-03 09:46:16
S014277,O014778,In Transit,2025-11-30 18:28:10
S014278,O016873,Delivered,2024-05-31 07:32:36
S014279,O018900,Delivered,2025-06-04 00:40:24
S014280,O008556,In Transit,2025-12-08 15:24:43
S014281,O019932,Pickup,2025-11-07 07:27:01
S014282,O018704,Out for Delivery,2025-03-01 03:23:54
S014283,O001095,Pickup,2024-01-10 11:33:07
S014284,O016095,Delivered,2024-12-23 00:13:25
S014285,O002906,Out for Delivery,2025-05-11 03:10:53
S014286,O019436,Out for Delivery,2024-09-22 15:50:24
S014287,O008119,Delivered,2024-01-03 03:15:05
S014288,O010982,In Transit,2025-11-04 06:37:21
S014289,O013067,Delivered,2025-04-10 13:34:58
S014290,O001329,Pickup,2024-06-15 15:24:36
S014291,O006719,Delivered,2025-04-14 18:01:23
S014292,O012278,In Transit,2025-12-09 09:46:33
S014293,O013339,Out for Delivery,2024-10-25 00:54:01
S014294,O017324,Delivered,2025-10-16 02:33:36
S014295,O009452,Delivered,2025-11-24 01:54:46
S014296,O007975,Delivered,2025-12-05 03:20:55
S014297,O015876,Pickup,2024-07-31 22:40:52
S014298,O002794,Out for Delivery,2024-04-13 05:53:17
S014299,O000603,In Transit,2025-07-21 12:24:06
S014300,O005847,Out for Delivery,2025-08-28 21:19:05
S014301,O017187,Pickup,2025-07-03 08:47:44
S014302,O005896,In Transit,2025-08-11 11:15:58
S014303,O018829,Delivered,2024-02-28 21:44:32
S014304,O016150,Delivered,2024-03-30 04:11:47
S014305,O004819,Delivered,2025-10-29 15:02:36
S014306,O019703,In Transit,2024-02-17 16:22:05
S014307,O003059,Out for Delivery,2024-11-25 08:41:53
S014308,O013264,Delivered,2025-06-12 13:10:52
S014309,O014344,In Transit,2025-04-19 18:40:03
S014310,O009060,Out for Delivery,2024-08-26 16:59:29
S014311,O000477,Delivered,2025-09-05 18:12:36
S014312,O011223,Out for Delivery,2025-08-18 21:28:10
S014313,O006246,Out for Delivery,2025-02-12 23:36:52
S014314,O011710,Pickup,2024-11-10 01:26:32
S014315,O001672,Out for Delivery,2024-07-03 06:20:39
S014316,O001650,In Transit,2024-08-17 05:14:23
S014317,O000463,Delivered,2025-07-21 04:33:53
S014318,O012748,Pickup,2024-08-05 20:57:03
S014319,O002673,Pickup,2024-01-30 17:19:23
S014320,O001969,Pickup,2024-06-22 11:53:43
S014321,O017315,Delivered,2024-03-14 18:17:24
S014322,O010055,Out for Delivery,2024-10-11 21:18:57
S014323,O000895,Delivered,2025-07-08 03:24:38
S014324,O011733,Delivered,2024-07-10 22:09:06
S014325,O011962,In Transit,2024-05-11 08:39:15
S014326,O010262,Pickup,2024-09-13 07:53:11
S014327,O019112,In Transit,2024-06-21 10:12:38
S014328,O016867,Delivered,2024-06-16 07:15:39
S014329,O015858,In Transit,2025-01-03 06:03:21
S014330,O005888,Delivered,2025-11-06 15:55:14
S014331,O007395,Out for Delivery,2024-12-16 17:14:28
S014332,O005577,In Transit,2025-02-13 17:21:21
S014333,O000736,Delivered,2024-08-11 03:57:03
S014334,O013011,Pickup,2025-08-10 06:47:13
S014335,O014431,Pickup,2024-08-31 14:42:01
S014336,O010397,In Transit,2025-11-03 18:29:40
S014337,O018873,Delivered,2024-11-28 20:14:41
S014338,O009676,Out for Delivery,2024-09-05 08:01:58
S014339,O012916,In Transit,2025-02-21 04:27:48
S014340,O009177,Pickup,2025-01-11 12:47:00
S014341,O004963,In Transit,2025-10-18 08:35:15
S014342,O018327,Out for Delivery,2024-09-04 08:14:22
S014343,O002097,In Transit,2024-06-11 05:07:16
S014344,O004897,Delivered,2025-08-01 19:06:01
S014345,O012393,Delivered,2024-09-04 11:30:12
S014346,O004925,Pickup,2025-03-10 03:17:48
S014347,O014855,Pickup,2024-05-08 15:44:35
S014348,O012845,In Transit,2025-05-31 05:56:07
S014349,O007205,Out for Delivery,2024-09-25 01:34:12
S014350,O010110,Out for Delivery,2024-07-21 20:33:10
S014351,O019081,Delivered,2025-01-09 09:57:14
S014352,O014311,Out for Delivery,2024-11-17 20:32:03
S014353,O003760,In Transit,2025-08-22 08:06:50
S014354,O011402,Pickup,2025-02-04 07:09:57
S014355,O010840,In Transit,2025-01-09 13:26:11
S014356,O010355,Delivered,2025-12-26 14:40:49
S014357,O007252,Pickup,2025-10-12 06:03:45
S014358,O019956,In Transit,2025-10-26 00:32:56
S014359,O016441,In Transit,2024-01-10 09:34:03
S014360,O012342,Delivered,2025-09-23 03:38:33
S014361,O011756,Pickup,2024-02-02 07:41:25
S014362,O003400,Pickup,2025-09-21 22:41:32
S014363,O014017,Delivered,2025-05-20 04:32:35
S014364,O000771,Out for Delivery,2024-08-28 17:21:27
S014365,O006128,Out for Delivery,2024-05-23 15:21:28
S014366,O010426,In Transit,2025-10-10 10:44:40
S014367,O009224,Delivered,2024-07-04 12:33:48
S014368,O016332,Out for Delivery,2025-04-18 05:05:55
S014369,O000240,Pickup,2025-09-28 11:48:54
S014370,O000168,Pickup,2025-03-30 03:30:48
S014371,O013282,In Transit,2025-03-01 23:51:30
S014372,O005186,Pickup,2025-04-20 08:21:01
S014373,O017995,Pickup,2025-08-07 13:12:54
S014374,O019360,In Transit,2024-05-01 07:25:45
S014375,O004993,Out for Delivery,2025-01-11 07:42:09
S014376,O014792,In Transit,2024-10-29 02:51:22
S014377,O016942,Out for Delivery,2025-11-15 18:30:23
S014378,O011998,Out for Delivery,2024-07-18 18:23:17
S014379,O018841,Pickup,2025-08-02 02:55:09
S014380,O019070,Pickup,2024-07-03 17:36:58
S014381,O007188,Delivered,2024-11-20 15:07:38
S014382,O019664,In Transit,2025-02-23 01:46:22
S014383,O005733,In Transit,2024-10-17 16:51:02
S014384,O014417,In Transit,2025-05-31 23:56:21
S014385,O010428,In Transit,2025-09-26 03:59:03
S014386,O012870,In Transit,2025-07-07 02:00:38
S014387,O016979,Out for Delivery,2025-01-16 05:47:38
S014388,O007741,Delivered,2024-06-18 21:22:55
S014389,O012103,Out for Delivery,2025-05-23 15:46:55
S014390,O013021,In Transit,2025-09-16 01:10:53
S014391,O001740,In Transit,2025-10-17 20:53:27
S014392,O018064,Out for Delivery,2025-12-11 06:05:06
S014393,O003019,Pickup,2024-08-10 18:35:14
S014394,O013789,Delivered,2025-04-14 06:59:13
S014395,O010548,Pickup,2024-02-19 17:28:03
S014396,O014744,In Transit,2025-01-15 09:50:17
S014397,O017178,In Transit,2024-04-26 01:05:02
S014398,O017062,In Transit,2025-02-15 13:15:44
S014399,O013478,Delivered,2024-06-01 04:14:39
S014400,O012269,In Transit,2024-11-18 00:27:53
S014401,O013463,Out for Delivery,2024-04-08 19:29:48
S014402,O013910,Pickup,2025-03-10 01:38:54
S014403,O019363,Delivered,2024-10-02 12:22:09
S014404,O000635,Pickup,2024-12-26 15:33:01
S014405,O001511,In Transit,2025-10-04 18:42:33
S014406,O008103,Pickup,2025-08-13 00:27:47
S014407,O018432,In Transit,2025-02-26 12:36:09
S014408,O011335,In Transit,2025-09-28 04:04:53
S014409,O002915,Out for Delivery,2024-09-11 08:39:20
S014410,O006336,Pickup,2025-03-16 00:15:35
S014411,O005825,Delivered,2024-07-14 05:39:27
S014412,O005934,Pickup,2024-12-19 20:26:08
S014413,O012127,Delivered,2024-08-04 22:29:55
S014414,O005466,Delivered,2025-10-18 11:40:27
S014415,O014388,Out for Delivery,2025-07-15 17:08:43
S014416,O018045,Out for Delivery,2024-12-05 05:18:26
S014417,O013412,Pickup,2024-09-02 16:01:06
S014418,O016515,Pickup,2025-05-15 22:50:29
S014419,O000229,Pickup,2024-02-01 16:14:11
S014420,O000043,In Transit,2024-02-05 02:04:22
S014421,O004134,Delivered,2024-02-15 06:35:15
S014422,O011052,Delivered,2024-12-17 21:47:57
S014423,O014903,Delivered,2025-07-02 13:48:00
S014424,O017067,Delivered,2025-09-15 03:04:26
S014425,O010324,Out for Delivery,2025-08-13 11:30:36
S014426,O005961,Delivered,2025-11-27 12:31:40
S014427,O011487,Pickup,2024-05-09 05:04:54
S014428,O015360,Delivered,2024-01-20 22:57:15
S014429,O014784,Delivered,2025-07-09 05:14:52
S014430,O010015,Out for Delivery,2024-03-01 11:43:51
S014431,O017815,In Transit,2024-02-07 23:34:44
S014432,O005086,Pickup,2025-12-28 04:53:06
S014433,O019975,Pickup,2025-12-22 02:35:13
S014434,O005043,Pickup,2025-06-05 00:31:14
S014435,O015421,Delivered,2025-05-27 18:54:01
S014436,O000638,Delivered,2024-10-12 17:41:13
S014437,O000172,Pickup,2024-07-07 19:23:32
S014438,O016919,Out for Delivery,2025-05-14 04:40:25
S014439,O013340,Delivered,2024-04-12 16:55:04
S014440,O005790,Delivered,2025-11-03 12:26:54
S014441,O018029,In Transit,2024-11-16 13:40:04
S014442,O002691,Out for Delivery,2025-09-22 21:35:15
S014443,O016421,Pickup,2024-01-03 12:01:56
S014444,O000301,Delivered,2024-07-28 14:35:30
S014445,O000492,In Transit,2025-10-17 00:03:31
S014446,O016528,In Transit,2024-04-06 01:37:09
S014447,O009354,Pickup,2024-03-04 18:59:22
S014448,O000079,Pickup,2025-12-16 23:05:15
S014449,O008951,Pickup,2024-08-12 21:33:01
S014450,O005366,In Transit,2024-06-24 13:36:01
S014451,O008071,Pickup,2024-06-24 08:05:50
S014452,O012227,Delivered,2025-01-08 14:41:44
S014453,O002241,Pickup,2024-11-28 23:13:14
S014454,O009157,Out for Delivery,2024-08-20 12:09:19
S014455,O008265,Out for Delivery,2025-09-28 00:25:26
S014456,O015521,Out for Delivery,2025-12-22 00:48:25
S014457,O006655,In Transit,2024-02-17 15:51:42
S014458,O011335,Pickup,2024-10-15 13:42:01
S014459,O007432,In Transit,2024-08-05 04:47:25
S014460,O018348,In Transit,2025-04-14 11:00:10
S014461,O012811,In Transit,2025-03-27 00:34:25
S014462,O009966,Delivered,2024-10-18 13:15:49
S014463,O006018,In Transit,2025-07-28 04:45:26
S014464,O008071,Pickup,2025-09-12 21:08:13
S014465,O012311,Delivered,2025-08-05 03:32:49
S014466,O015769,In Transit,2024-01-19 06:00:18
S014467,O016462,Pickup,2024-10-01 10:34:07
S014468,O014252,Out for Delivery,2025-03-24 03:20:02
S014469,O016907,In Transit,2024-02-28 16:01:37
S014470,O004104,Delivered,2025-07-22 14:19:15
S014471,O015700,Delivered,2024-08-29 18:11:35
S014472,O007483,Out for Delivery,2024-12-07 02:09:08
S014473,O018476,Out for Delivery,2025-08-03 19:15:02
S014474,O018365,Delivered,2024-06-10 05:03:35
S014475,O013357,In Transit,2025-01-09 09:02:24
S014476,O001621,Delivered,2024-01-02 16:13:34
S014477,O012691,In Transit,2025-09-16 02:56:20
S014478,O005572,Delivered,2025-09-07 00:50:27
S014479,O012059,In Transit,2024-10-25 12:59:43
S014480,O004332,Pickup,2024-01-27 21:29:58
S014481,O007935,Out for Delivery,2025-04-21 23:29:09
S014482,O013748,Pickup,2025-07-04 08:30:20
S014483,O014549,In Transit,2025-05-28 23:59:37
S014484,O002407,Delivered,2025-10-13 11:59:33
S014485,O001385,In Transit,2025-11-28 20:46:58
S014486,O016293,Delivered,2024-06-21 20:10:58
S014487,O011280,Out for Delivery,2024-11-08 14:43:39
S014488,O010233,Delivered,2025-02-11 01:47:25
S014489,O017712,Delivered,2025-10-07 06:17:49
S014490,O007374,In Transit,2024-12-01 05:11:59
S014491,O017347,Delivered,2024-06-22 13:55:26
S014492,O009605,Pickup,2024-10-07 14:44:23
S014493,O002831,Delivered,2024-11-26 17:15:49
S014494,O000303,Pickup,2025-02-15 14:23:29
S014495,O013173,In Transit,2024-06-08 15:22:58
S014496,O014090,Out for Delivery,2024-08-04 10:08:24
S014497,O007714,Out for Delivery,2025-03-28 04:27:04
S014498,O014692,In Transit,2024-12-23 16:21:52
S014499,O001567,Delivered,2025-04-28 00:24:03
S014500,O008700,Delivered,2024-09-05 13:43:01
S014501,O018780,Pickup,2024-11-08 15:38:37
S014502,O016157,Pickup,2024-12-14 18:49:47
S014503,O015348,Delivered,2024-05-01 19:29:33
S014504,O016959,Delivered,2025-09-28 17:24:44
S014505,O014073,Out for Delivery,2025-01-08 20:40:44
S014506,O008458,Pickup,2025-05-20 10:44:48
S014507,O013843,Pickup,2024-09-28 00:41:04
S014508,O015193,Delivered,2024-07-01 20:15:12
S014509,O014162,Pickup,2025-02-03 12:14:25
S014510,O009866,Delivered,2025-07-21 02:03:04
S014511,O018635,Out for Delivery,2024-04-01 10:24:48
S014512,O018096,Delivered,2024-09-23 12:50:45
S014513,O012300,In Transit,2025-01-27 22:36:06
S014514,O003563,Out for Delivery,2025-08-01 14:01:09
S014515,O001857,Pickup,2025-10-14 23:13:00
S014516,O006845,Delivered,2025-11-08 04:17:25
S014517,O019119,In Transit,2025-06-14 14:51:15
S014518,O007925,In Transit,2024-07-06 19:54:07
S014519,O005264,Out for Delivery,2025-06-10 13:39:09
S014520,O017512,Out for Delivery,2025-03-18 11:49:54
S014521,O001795,Out for Delivery,2025-11-27 03:59:01
S014522,O017229,Pickup,2024-10-12 23:38:51
S014523,O007010,Out for Delivery,2024-07-03 00:58:32
S014524,O019401,Pickup,2024-02-27 04:24:05
S014525,O003982,Delivered,2024-11-10 09:30:53
S014526,O009482,Delivered,2024-08-18 21:32:20
S014527,O001841,Delivered,2024-03-20 08:42:10
S014528,O018172,Delivered,2025-02-01 13:14:11
S014529,O008341,Out for Delivery,2025-01-14 05:20:44
S014530,O019344,Out for Delivery,2025-10-20 17:29:23
S014531,O003674,Out for Delivery,2025-11-25 18:46:53
S014532,O010812,Pickup,2025-02-07 10:20:00
S014533,O005284,In Transit,2024-11-06 13:39:52
S014534,O006115,Delivered,2025-08-25 17:40:15
S014535,O005823,Delivered,2024-07-19 02:22:08
S014536,O012707,Out for Delivery,2025-05-08 00:13:42
S014537,O002496,Delivered,2024-03-29 14:42:33
S014538,O014275,Delivered,2025-10-24 12:26:24
S014539,O010115,Pickup,2024-07-19 11:05:16
S014540,O017299,Pickup,2024-05-12 21:13:52
S014541,O003676,Out for Delivery,2024-07-17 04:34:49
S014542,O002292,Out for Delivery,2024-11-30 22:54:30
S014543,O006118,Out for Delivery,2025-03-06 10:33:42
S014544,O006510,Out for Delivery,2025-01-26 23:32:54
S014545,O017661,Pickup,2024-10-03 04:44:57
S014546,O006604,In Transit,2024-01-01 20:36:40
S014547,O006171,Pickup,2025-09-06 10:05:20
S014548,O002632,Pickup,2025-09-18 10:48:16
S014549,O000083,Delivered,2025-12-19 13:20:05
S014550,O003840,Delivered,2024-03-09 01:37:59
S014551,O015319,Delivered,2025-09-30 17:37:03
S014552,O018406,Out for Delivery,2024-11-12 23:07:51
S014553,O016684,In Transit,2025-07-31 20:53:22
S014554,O013029,Pickup,2025-02-16 14:44:30
S014555,O006490,Out for Delivery,2025-11-26 16:08:29
S014556,O008734,Out for Delivery,2025-10-06 02:52:08
S014557,O009665,Out for Delivery,2025-04-25 10:36:04
S014558,O011833,In Transit,2024-01-22 04:43:48
S014559,O007127,In Transit,2025-11-03 14:36:24
S014560,O004590,In Transit,2025-02-26 05:13:43
S014561,O001954,Pickup,2025-11-26 12:09:55
S014562,O016733,Pickup,2024-11-25 10:54:11
S014563,O018053,Out for Delivery,2024-11-04 15:16:26
S014564,O008061,Pickup,2024-03-11 07:29:47
S014565,O009926,In Transit,2025-03-15 03:51:24
S014566,O015504,In Transit,2024-06-03 05:38:27
S014567,O018495,In Transit,2025-09-17 22:13:01
S014568,O011793,Delivered,2024-07-24 08:33:03
S014569,O013505,Delivered,2025-09-23 17:52:18
S014570,O009337,Delivered,2024-07-21 23:22:55
S014571,O012450,In Transit,2025-08-18 12:17:45
S014572,O006531,Delivered,2025-08-14 13:24:32
S014573,O008531,Pickup,2024-03-20 20:39:03
S014574,O019578,In Transit,2024-02-28 23:57:08
S014575,O019394,Delivered,2025-10-30 21:10:32
S014576,O012423,Pickup,2024-11-04 17:31:33
S014577,O009409,In Transit,2024-12-19 20:24:43
S014578,O016133,Delivered,2024-10-24 07:23:26
S014579,O019861,Delivered,2025-06-18 12:44:48
S014580,O012394,Pickup,2025-12-26 05:37:48
S014581,O015157,Pickup,2025-07-18 02:42:06
S014582,O003139,Pickup,2024-07-05 09:54:09
S014583,O000252,In Transit,2025-06-14 04:23:02
S014584,O003105,In Transit,2025-03-14 14:44:25
S014585,O012614,Out for Delivery,2024-08-13 17:23:24
S014586,O013878,Out for Delivery,2024-02-23 22:06:31
S014587,O006875,Pickup,2025-12-22 21:05:32
S014588,O013179,In Transit,2025-03-26 15:29:12
S014589,O018267,Out for Delivery,2024-03-18 10:02:02
S014590,O017373,Delivered,2025-07-11 14:00:49
S014591,O006808,Out for Delivery,2025-05-02 04:43:22
S014592,O018822,Pickup,2024-10-27 05:46:36
S014593,O006065,Delivered,2025-06-09 07:50:07
S014594,O000517,Delivered,2024-03-03 04:06:56
S014595,O005351,Delivered,2024-05-30 12:39:56
S014596,O005912,Delivered,2024-02-12 19:45:27
S014597,O008572,Pickup,2025-11-19 19:10:10
S014598,O006774,In Transit,2024-09-01 18:17:07
S014599,O019051,Pickup,2025-04-23 18:34:02
S014600,O014760,Delivered,2024-07-07 06:56:28
S014601,O012375,Pickup,2025-03-17 20:08:43
S014602,O017026,Delivered,2025-10-12 17:28:45
S014603,O008776,Delivered,2024-07-22 05:00:41
S014604,O006585,Pickup,2025-10-10 00:34:36
S014605,O018958,Delivered,2024-07-10 10:04:21
S014606,O019642,Pickup,2025-12-06 01:03:29
S014607,O019191,Pickup,2024-01-04 00:39:04
S014608,O018911,Delivered,2025-04-05 17:42:34
S014609,O001854,Pickup,2025-02-24 05:56:34
S014610,O018931,Pickup,2024-06-06 14:36:37
S014611,O009088,Delivered,2025-04-05 16:24:14
S014612,O009410,Out for Delivery,2024-02-04 12:34:30
S014613,O014578,Pickup,2025-08-30 16:23:48
S014614,O012221,Delivered,2025-04-25 14:39:46
S014615,O019257,Delivered,2025-07-29 11:48:01
S014616,O003387,In Transit,2024-05-24 19:26:02
S014617,O014480,In Transit,2024-04-19 10:02:41
S014618,O012817,Pickup,2024-09-17 20:37:21
S014619,O010254,Delivered,2025-04-03 18:48:39
S014620,O011592,Out for Delivery,2025-09-26 07:48:59
S014621,O000284,Out for Delivery,2024-08-14 22:21:36
S014622,O002693,In Transit,2024-10-09 14:08:27
S014623,O008257,In Transit,2025-03-12 08:04:15
S014624,O014668,Delivered,2024-11-28 03:11:09
S014625,O002786,Delivered,2024-01-13 06:07:56
S014626,O010927,Pickup,2025-03-16 23:44:27
S014627,O002377,Pickup,2025-09-26 04:21:36
S014628,O007056,Pickup,2024-04-11 08:32:10
S014629,O001216,Pickup,2025-12-20 02:35:30
S014630,O019717,Delivered,2025-01-13 01:27:36
S014631,O013692,Pickup,2025-07-01 17:16:50
S014632,O003576,Out for Delivery,2024-04-24 04:29:14
S014633,O005515,Delivered,2025-09-14 13:49:38
S014634,O014366,Pickup,2024-02-22 01:04:45
S014635,O001420,In Transit,2024-12-22 07:29:32
S014636,O019176,Delivered,2024-10-13 15:49:13
S014637,O013746,Pickup,2025-03-05 22:14:23
S014638,O002178,In Transit,2025-08-07 06:28:06
S014639,O000176,In Transit,2025-05-10 03:35:08
S014640,O014199,Out for Delivery,2024-02-29 15:21:12
S014641,O001872,Out for Delivery,2024-09-11 20:06:52
S014642,O010958,Out for Delivery,2024-09-05 06:01:19
S014643,O013132,Pickup,2025-04-22 00:57:07
S014644,O003534,In Transit,2025-07-17 10:03:23
S014645,O018037,Out for Delivery,2025-08-07 00:09:39
S014646,O001908,Out for Delivery,2024-11-04 03:46:29
S014647,O006324,Out for Delivery,2024-02-10 23:56:18
S014648,O007141,Delivered,2024-05-22 23:43:18
S014649,O016144,Out for Delivery,2024-04-08 15:05:21
S014650,O018742,Pickup,2025-06-03 04:22:58
S014651,O010280,In Transit,2025-09-24 19:56:31
S014652,O018472,Pickup,2025-05-09 20:08:47
S014653,O017513,Delivered,2024-10-26 02:50:33
S014654,O003497,In Transit,2025-04-20 12:30:01
S014655,O013273,Delivered,2025-01-11 04:11:21
S014656,O002402,Out for Delivery,2025-09-02 19:13:55
S014657,O005920,In Transit,2024-02-10 04:23:09
S014658,O016788,Pickup,2024-09-17 01:55:10
S014659,O012885,Pickup,2024-12-06 10:48:28
S014660,O009007,In Transit,2025-11-28 06:06:29
S014661,O017451,Pickup,2024-11-28 01:33:38
S014662,O015185,Out for Delivery,2024-12-02 10:55:46
S014663,O010407,In Transit,2024-04-30 20:52:53
S014664,O018507,Pickup,2025-01-08 19:06:47
S014665,O001219,Pickup,2025-12-01 10:19:55
S014666,O007848,In Transit,2024-10-10 00:55:59
S014667,O002959,Delivered,2024-05-06 12:42:00
S014668,O014413,Delivered,2024-04-02 04:54:53
S014669,O002289,Pickup,2025-02-22 20:37:19
S014670,O015477,Pickup,2025-01-26 20:37:03
S014671,O012543,Delivered,2025-02-24 16:27:29
S014672,O008857,Delivered,2024-11-22 06:01:42
S014673,O006677,Out for Delivery,2025-10-18 03:42:14
S014674,O000175,In Transit,2025-08-30 09:05:26
S014675,O004899,Out for Delivery,2024-12-17 23:42:00
S014676,O016589,Pickup,2025-06-12 09:03:07
S014677,O006015,Pickup,2024-08-28 14:13:13
S014678,O011775,Out for Delivery,2025-11-24 08:16:51
S014679,O016582,Out for Delivery,2025-03-25 21:45:05
S014680,O005552,Delivered,2025-04-22 05:23:48
S014681,O000840,In Transit,2025-12-20 10:19:26
S014682,O008445,Delivered,2025-03-27 18:16:17
S014683,O018766,Pickup,2024-07-10 12:27:41
S014684,O010198,In Transit,2025-05-23 11:53:20
S014685,O019622,In Transit,2025-01-27 16:53:59
S014686,O015425,Pickup,2024-02-11 21:08:39
S014687,O015498,Delivered,2024-11-10 03:43:57
S014688,O002460,In Transit,2025-06-22 06:18:07
S014689,O000644,In Transit,2025-08-30 07:31:13
S014690,O001791,Pickup,2025-12-08 05:12:48
S014691,O018808,Out for Delivery,2024-06-01 21:07:02
S014692,O003966,Pickup,2025-08-23 04:03:55
S014693,O019642,Pickup,2024-04-12 16:30:04
S014694,O010097,Out for Delivery,2025-01-14 04:38:01
S014695,O006455,Delivered,2024-02-20 12:15:49
S014696,O008999,Delivered,2025-01-16 07:39:21
S014697,O005061,Out for Delivery,2025-06-24 13:30:36
S014698,O011262,Delivered,2025-01-15 04:54:26
S014699,O019244,Pickup,2024-04-14 19:44:32
S014700,O008544,Pickup,2024-01-27 18:01:09
S014701,O004780,Out for Delivery,2024-12-27 01:59:47
S014702,O011669,Out for Delivery,2025-07-18 19:21:11
S014703,O015382,Delivered,2024-01-21 04:29:44
S014704,O015006,Out for Delivery,2024-01-26 22:12:58
S014705,O003433,Out for Delivery,2024-04-20 11:10:37
S014706,O003745,Pickup,2024-02-28 02:11:37
S014707,O019279,In Transit,2024-02-12 08:42:16
S014708,O019555,Pickup,2024-09-06 02:52:23
S014709,O014514,Out for Delivery,2025-02-20 21:44:33
S014710,O005455,Out for Delivery,2024-02-12 23:06:16
S014711,O002325,Pickup,2024-03-24 16:24:26
S014712,O001182,Pickup,2025-12-19 02:04:56
S014713,O002509,In Transit,2025-03-21 07:29:14
S014714,O008954,Pickup,2025-02-02 09:16:54
S014715,O006319,Pickup,2024-01-02 02:13:47
S014716,O013268,In Transit,2025-06-17 04:52:53
S014717,O011086,Delivered,2024-11-05 10:57:01
S014718,O003610,Out for Delivery,2025-05-08 11:37:50
S014719,O003678,In Transit,2025-10-04 05:17:49
S014720,O013070,Out for Delivery,2024-01-05 03:22:29
S014721,O003879,Pickup,2025-09-22 11:04:07
S014722,O010229,In Transit,2024-01-14 10:50:41
S014723,O000961,Delivered,2024-02-14 22:28:13
S014724,O016707,Delivered,2025-03-13 17:50:54
S014725,O015820,Out for Delivery,2025-06-26 01:29:37
S014726,O013861,In Transit,2025-11-21 00:40:50
S014727,O005716,Out for Delivery,2025-03-04 05:48:25
S014728,O015026,Pickup,2025-04-12 15:20:04
S014729,O018995,Out for Delivery,2024-11-11 23:11:10
S014730,O015031,Out for Delivery,2024-01-26 23:58:57
S014731,O009391,Delivered,2024-05-27 03:47:11
S014732,O019259,In Transit,2024-11-23 02:01:40
S014733,O013867,In Transit,2025-08-22 02:20:38
S014734,O016177,In Transit,2024-01-04 16:11:24
S014735,O017435,In Transit,2025-04-30 02:26:02
S014736,O007197,Out for Delivery,2025-12-01 00:30:35
S014737,O009640,In Transit,2025-07-12 19:55:03
S014738,O016083,In Transit,2024-03-07 14:47:20
S014739,O014723,Out for Delivery,2025-06-15 14:49:42
S014740,O009622,Pickup,2024-06-03 10:01:43
S014741,O007780,In Transit,2024-06-07 22:39:04
S014742,O000464,In Transit,2025-01-24 22:32:20
S014743,O012073,Out for Delivery,2025-03-12 00:49:45
S014744,O007255,Out for Delivery,2025-09-09 21:14:05
S014745,O015908,Pickup,2024-11-30 10:47:49
S014746,O000304,Out for Delivery,2025-01-15 13:27:49
S014747,O017289,In Transit,2024-01-10 14:43:29
S014748,O003285,Out for Delivery,2024-02-08 08:31:21
S014749,O000838,Out for Delivery,2025-01-20 17:59:47
S014750,O013845,Delivered,2024-04-30 06:33:34
S014751,O001544,Out for Delivery,2025-07-09 20:16:29
S014752,O007338,Out for Delivery,2025-04-02 17:08:55
S014753,O007462,Out for Delivery,2025-09-03 13:10:32
S014754,O012812,In Transit,2024-07-10 16:29:08
S014755,O019528,Pickup,2024-07-09 00:21:22
S014756,O016026,In Transit,2024-10-26 07:37:29
S014757,O000374,Delivered,2024-08-04 12:38:07
S014758,O005193,Out for Delivery,2025-09-30 07:24:34
S014759,O014677,In Transit,2025-10-21 08:48:29
S014760,O001717,In Transit,2024-03-16 12:28:20
S014761,O015538,Delivered,2024-07-15 12:34:44
S014762,O000045,In Transit,2024-10-01 19:04:02
S014763,O011560,Out for Delivery,2024-11-28 13:53:49
S014764,O008123,Pickup,2025-03-26 21:08:25
S014765,O019371,In Transit,2025-12-31 01:09:11
S014766,O018228,Pickup,2024-04-25 22:37:11
S014767,O011245,In Transit,2025-09-23 21:55:26
S014768,O010480,Pickup,2025-12-13 02:56:24
S014769,O019559,Delivered,2024-12-27 04:20:56
S014770,O011910,In Transit,2024-09-02 14:35:58
S014771,O010891,Out for Delivery,2024-12-30 23:42:49
S014772,O013331,Pickup,2025-03-21 16:24:47
S014773,O003329,Out for Delivery,2025-09-02 00:57:56
S014774,O013594,Delivered,2024-11-22 16:52:17
S014775,O002215,Out for Delivery,2024-07-04 02:05:20
S014776,O013370,Pickup,2024-09-23 07:17:37
S014777,O015884,In Transit,2024-09-13 08:21:09
S014778,O018896,In Transit,2024-12-25 17:53:02
S014779,O014132,Delivered,2024-04-19 07:40:32
S014780,O011072,Pickup,2024-11-06 12:56:43
S014781,O001154,Out for Delivery,2024-07-31 20:35:48
S014782,O016322,Delivered,2024-02-18 12:52:38
S014783,O005364,In Transit,2025-11-03 07:25:53
S014784,O018081,Pickup,2024-10-24 10:28:35
S014785,O007920,Out for Delivery,2025-07-10 01:54:54
S014786,O002320,Out for Delivery,2025-10-27 04:46:43
S014787,O004241,Out for Delivery,2024-04-08 14:13:51
S014788,O009251,Pickup,2024-06-15 01:21:09
S014789,O004016,Out for Delivery,2024-06-18 08:26:24
S014790,O014527,Out for Delivery,2025-01-31 03:25:29
S014791,O011900,Out for Delivery,2024-10-05 23:33:24
S014792,O011853,Pickup,2024-10-12 02:16:16
S014793,O015224,Out for Delivery,2024-01-15 19:39:12
S014794,O008506,In Transit,2025-12-06 08:37:51
S014795,O008522,Out for Delivery,2025-02-07 11:10:12
S014796,O002426,Delivered,2025-09-23 00:55:08
S014797,O008616,Out for Delivery,2024-11-05 05:59:10
S014798,O011564,Pickup,2024-04-29 18:21:40
S014799,O005894,In Transit,2024-06-26 02:42:13
S014800,O003793,Out for Delivery,2024-08-09 12:50:30
S014801,O015174,Pickup,2025-12-23 14:58:50
S014802,O016221,Delivered,2025-03-10 03:00:45
S014803,O012509,Out for Delivery,2025-10-01 16:20:43
S014804,O004980,Delivered,2025-08-29 02:51:10
S014805,O006582,Out for Delivery,2025-11-23 18:39:56
S014806,O001492,Delivered,2025-04-28 08:10:38
S014807,O011228,Out for Delivery,2024-01-28 10:40:47
S014808,O008520,Pickup,2024-02-15 22:17:37
S014809,O001829,Delivered,2025-02-09 12:25:50
S014810,O000881,Delivered,2025-10-16 17:57:35
S014811,O007085,Pickup,2024-08-27 00:45:53
S014812,O004142,In Transit,2024-01-03 15:12:32
S014813,O015277,Out for Delivery,2025-10-18 11:15:22
S014814,O000628,Delivered,2024-03-07 19:27:33
S014815,O013156,In Transit,2025-08-30 19:59:00
S014816,O001395,Pickup,2025-08-03 13:15:39
S014817,O006669,In Transit,2025-12-26 00:51:22
S014818,O000984,Delivered,2025-02-21 12:56:48
S014819,O000268,Pickup,2024-01-30 09:11:08
S014820,O006445,Out for Delivery,2024-05-22 02:25:08
S014821,O008626,Delivered,2025-01-23 12:35:45
S014822,O010614,In Transit,2024-07-08 00:33:38
S014823,O012807,Delivered,2025-11-14 11:26:48
S014824,O004344,In Transit,2025-06-11 07:19:37
S014825,O017805,Delivered,2024-03-24 06:39:09
S014826,O004289,Pickup,2024-07-15 13:42:03
S014827,O012473,In Transit,2025-11-22 16:37:36
S014828,O008350,Pickup,2024-09-19 05:32:37
S014829,O002547,In Transit,2025-11-03 02:44:26
S014830,O019287,Pickup,2025-07-08 10:36:48
S014831,O002331,Pickup,2024-12-27 01:25:40
S014832,O008593,Delivered,2025-09-21 20:06:37
S014833,O003395,Delivered,2025-03-11 09:35:19
S014834,O012330,Out for Delivery,2024-02-28 02:35:25
S014835,O006887,Pickup,2025-01-11 23:01:30
S014836,O019196,In Transit,2024-06-08 15:22:35
S014837,O004964,Delivered,2025-08-14 09:10:39
S014838,O017626,In Transit,2024-11-09 19:29:12
S014839,O011900,Pickup,2025-08-12 03:45:09
S014840,O012597,In Transit,2025-07-24 21:12:38
S014841,O007414,Pickup,2024-02-14 21:31:38
S014842,O000095,Out for Delivery,2024-01-16 20:43:05
S014843,O002980,Out for Delivery,2024-04-08 04:53:15
S014844,O004318,Delivered,2024-06-14 00:59:32
S014845,O016502,Delivered,2025-02-06 15:37:19
S014846,O009226,Pickup,2024-07-08 16:30:58
S014847,O004984,Pickup,2025-12-06 12:53:21
S014848,O012248,In Transit,2024-06-05 01:17:30
S014849,O001343,Pickup,2024-10-11 14:22:04
S014850,O019404,Pickup,2025-01-11 09:21:34
S014851,O011078,In Transit,2024-01-26 11:44:33
S014852,O015166,In Transit,2025-09-26 09:52:30
S014853,O005767,Delivered,2025-05-10 14:04:41
S014854,O002771,Out for Delivery,2024-01-05 10:49:50
S014855,O017947,Out for Delivery,2024-03-27 07:52:14
S014856,O017861,In Transit,2025-06-19 17:04:03
S014857,O004192,In Transit,2025-05-31 11:55:56
S014858,O005858,Delivered,2025-03-27 04:38:49
S014859,O000398,In Transit,2024-10-17 11:00:09
S014860,O016713,Pickup,2024-05-19 21:11:23
S014861,O014597,Pickup,2024-03-17 19:56:01
S014862,O018252,Delivered,2025-07-20 10:34:56
S014863,O013038,Out for Delivery,2024-11-28 01:58:11
S014864,O000877,In Transit,2024-08-26 07:06:38
S014865,O007413,In Transit,2024-10-28 05:58:17
S014866,O004900,Out for Delivery,2025-10-25 06:03:36
S014867,O001647,Delivered,2025-12-23 10:06:32
S014868,O008590,Out for Delivery,2024-03-02 23:08:49
S014869,O013136,Pickup,2024-11-03 19:28:27
S014870,O011866,Out for Delivery,2025-05-28 09:41:06
S014871,O001419,Pickup,2024-01-05 14:32:21
S014872,O015800,Delivered,2024-03-31 05:43:48
S014873,O017745,In Transit,2025-12-19 23:44:58
S014874,O019176,Delivered,2024-10-29 11:04:04
S014875,O005116,Pickup,2025-05-02 13:01:53
S014876,O016735,Delivered,2025-06-07 00:29:11
S014877,O002545,Pickup,2025-07-04 20:30:44
S014878,O004914,Delivered,2024-08-20 08:29:05
S014879,O013941,Pickup,2024-05-20 14:52:28
S014880,O016401,Delivered,2024-08-05 23:54:07
S014881,O013061,In Transit,2024-12-18 08:40:08
S014882,O007554,Delivered,2025-02-04 05:12:12
S014883,O018157,Out for Delivery,2025-04-19 12:56:36
S014884,O005747,In Transit,2025-09-10 20:10:46
S014885,O006817,Delivered,2024-12-12 01:05:47
S014886,O005498,Out for Delivery,2025-07-21 02:10:41
S014887,O012406,Pickup,2025-02-20 12:49:26
S014888,O009510,Delivered,2025-04-24 09:29:15
S014889,O019635,Out for Delivery,2025-12-02 21:29:58
S014890,O004193,In Transit,2025-04-04 09:18:37
S014891,O019883,In Transit,2025-09-08 04:04:04
S014892,O017153,In Transit,2024-12-24 18:50:16
S014893,O009253,Delivered,2024-06-02 20:04:06
S014894,O019540,Pickup,2025-06-23 03:44:19
S014895,O001359,Out for Delivery,2024-12-19 09:09:43
S014896,O015674,Out for Delivery,2025-04-06 11:53:57
S014897,O013917,Delivered,2025-05-29 05:19:00
S014898,O004516,Delivered,2025-11-08 04:11:28
S014899,O004169,Out for Delivery,2024-02-24 01:36:59
S014900,O004525,Delivered,2024-02-07 18:22:02
S014901,O007718,Out for Delivery,2024-11-27 17:35:08
S014902,O006854,Pickup,2024-05-06 18:07:20
S014903,O002001,Delivered,2025-06-17 07:59:47
S014904,O005431,Delivered,2024-10-04 14:49:58
S014905,O015605,Pickup,2025-08-19 03:31:27
S014906,O014647,In Transit,2025-09-05 11:07:05
S014907,O009103,In Transit,2025-03-23 13:05:40
S014908,O014551,Pickup,2024-06-19 08:10:11
S014909,O009643,Delivered,2025-06-16 03:11:49
S014910,O015009,Delivered,2024-02-01 09:40:23
S014911,O002714,In Transit,2024-03-23 04:08:12
S014912,O019036,Delivered,2024-09-23 07:15:49
S014913,O008606,Out for Delivery,2025-11-14 15:02:38
S014914,O013477,Out for Delivery,2025-08-04 09:12:34
S014915,O001825,Pickup,2025-07-07 10:49:58
S014916,O019883,Delivered,2024-11-15 05:15:52
S014917,O012101,In Transit,2025-06-13 05:18:55
S014918,O009577,Delivered,2024-07-10 18:42:59
S014919,O019520,In Transit,2025-11-22 13:46:22
S014920,O011233,Out for Delivery,2025-02-07 01:21:55
S014921,O004180,In Transit,2024-03-23 02:30:30
S014922,O013218,Delivered,2024-11-04 06:57:43
S014923,O009496,Pickup,2024-02-04 06:08:36
S014924,O009744,Delivered,2025-04-11 17:42:42
S014925,O007658,Pickup,2024-05-08 10:41:55
S014926,O004517,Pickup,2025-03-06 01:13:47
S014927,O002412,Delivered,2025-09-16 20:19:47
S014928,O018902,In Transit,2024-03-09 01:48:43
S014929,O017648,Pickup,2025-09-10 07:27:10
S014930,O016294,In Transit,2025-11-12 18:32:53
S014931,O011297,Delivered,2025-07-18 03:15:41
S014932,O010449,Pickup,2025-11-05 16:50:45
S014933,O011847,In Transit,2024-06-23 13:56:39
S014934,O006560,In Transit,2025-07-26 12:21:08
S014935,O005760,Out for Delivery,2025-03-07 02:54:38
S014936,O004560,Out for Delivery,2025-02-15 23:53:17
S014937,O005132,In Transit,2025-10-22 13:33:18
S014938,O008367,Pickup,2024-05-13 10:43:41
S014939,O005309,Pickup,2025-03-10 17:33:42
S014940,O019573,Pickup,2025-07-07 10:01:37
S014941,O006238,Delivered,2024-12-17 15:55:35
S014942,O014033,Delivered,2025-08-23 06:52:13
S014943,O009559,Delivered,2024-02-20 17:28:29
S014944,O000887,In Transit,2025-10-08 03:11:52
S014945,O014749,Out for Delivery,2025-12-17 03:35:21
S014946,O008929,In Transit,2025-09-30 04:58:13
S014947,O009849,Pickup,2025-12-01 07:56:41
S014948,O000197,Pickup,2024-02-11 07:50:51
S014949,O002375,In Transit,2024-06-28 06:35:00
S014950,O013761,Out for Delivery,2025-08-28 19:44:35
S014951,O000774,Out for Delivery,2025-12-06 11:50:11
S014952,O006056,Out for Delivery,2025-02-17 18:02:55
S014953,O009106,In Transit,2025-04-20 12:37:35
S014954,O011740,Pickup,2025-06-03 11:37:11
S014955,O014040,Pickup,2024-03-20 13:39:39
S014956,O017459,Out for Delivery,2025-05-20 12:50:49
S014957,O000350,Pickup,2025-12-19 22:59:02
S014958,O004016,Out for Delivery,2024-01-07 01:56:46
S014959,O010545,Pickup,2024-05-07 22:36:27
S014960,O001303,Delivered,2025-11-19 04:58:37
S014961,O004975,Out for Delivery,2024-09-11 23:38:52
S014962,O014930,Delivered,2024-04-10 10:04:50
S014963,O009762,Pickup,2025-10-12 17:25:41
S014964,O001013,Delivered,2025-12-08 01:26:09
S014965,O003612,Out for Delivery,2024-02-27 00:25:13
S014966,O017594,In Transit,2024-03-29 11:46:39
S014967,O012324,In Transit,2024-01-17 01:04:42
S014968,O003471,Pickup,2024-09-23 19:14:41
S014969,O005794,Pickup,2025-05-16 03:42:09
S014970,O016258,Pickup,2024-11-18 10:36:08
S014971,O009327,Delivered,2024-06-05 20:10:49
S014972,O005600,Pickup,2025-11-04 21:36:54
S014973,O010556,Delivered,2024-01-23 21:38:10
S014974,O003932,Pickup,2025-01-22 03:10:32
S014975,O006245,Out for Delivery,2024-08-08 07:24:12
S014976,O007643,Pickup,2025-08-05 10:31:29
S014977,O004824,Delivered,2025-01-08 07:49:57
S014978,O014165,In Transit,2025-07-22 13:04:56
S014979,O017538,Delivered,2025-12-08 17:36:50
S014980,O001518,In Transit,2024-04-19 07:55:28
S014981,O014102,Out for Delivery,2025-06-29 02:16:46
S014982,O017336,In Transit,2024-06-29 12:05:55
S014983,O010180,Delivered,2024-03-17 18:01:58
S014984,O003900,In Transit,2025-03-29 00:39:40
S014985,O014030,In Transit,2025-02-24 08:35:01
S014986,O018006,Pickup,2024-03-03 02:23:39
S014987,O009800,Out for Delivery,2025-11-06 15:27:35
S014988,O009395,Delivered,2024-02-25 18:20:12
S014989,O009005,Pickup,2025-07-09 22:29:51
S014990,O001573,In Transit,2024-11-28 10:07:44
S014991,O001234,Delivered,2025-09-18 14:49:26
S014992,O007417,In Transit,2025-04-04 12:58:27
S014993,O011115,Delivered,2024-03-03 10:57:58
S014994,O018359,Delivered,2025-07-12 20:44:32
S014995,O001438,Out for Delivery,2024-06-15 03:31:23
S014996,O015533,Pickup,2024-01-20 03:41:28
S014997,O014808,Pickup,2025-06-16 16:58:12
S014998,O015153,Delivered,2025-10-29 18:56:07
S014999,O014587,Delivered,2024-08-02 04:21:51
S015000,O015252,Delivered,2024-11-29 01:35:23
S015001,O002550,Delivered,2024-03-25 09:25:59
S015002,O008345,Pickup,2025-02-28 19:08:41
S015003,O012386,Out for Delivery,2024-12-27 11:50:38
S015004,O005189,Delivered,2024-05-28 08:06:12
S015005,O013142,Pickup,2024-01-17 05:11:37
S015006,O017077,Delivered,2024-02-16 23:36:16
S015007,O017452,Out for Delivery,2025-08-07 05:53:22
S015008,O002805,Out for Delivery,2025-08-21 03:52:04
S015009,O002171,Delivered,2025-02-18 08:01:06
S015010,O005502,Out for Delivery,2024-04-12 22:56:07
S015011,O009164,Out for Delivery,2024-07-21 09:10:03
S015012,O018750,In Transit,2025-06-01 10:43:39
S015013,O017436,Pickup,2025-01-20 22:41:05
S015014,O011973,Pickup,2025-04-06 05:46:39
S015015,O012476,Out for Delivery,2025-09-16 11:57:10
S015016,O019816,Out for Delivery,2024-06-27 20:51:56
S015017,O008091,Out for Delivery,2024-04-25 15:48:33
S015018,O004086,Out for Delivery,2024-03-06 15:44:23
S015019,O017487,In Transit,2024-03-27 06:05:11
S015020,O002577,Out for Delivery,2025-04-29 16:25:11
S015021,O003233,Pickup,2025-08-30 05:23:54
S015022,O008617,Out for Delivery,2025-06-10 20:19:16
S015023,O016420,In Transit,2025-08-18 17:35:41
S015024,O015444,In Transit,2025-11-08 13:30:23
S015025,O012149,Out for Delivery,2025-07-04 21:15:50
S015026,O000940,In Transit,2024-10-06 15:29:03
S015027,O000376,In Transit,2025-05-08 07:39:18
S015028,O013800,In Transit,2024-09-01 14:30:59
S015029,O004159,Pickup,2024-12-05 00:41:06
S015030,O015895,Out for Delivery,2024-12-16 20:25:17
S015031,O017539,In Transit,2025-05-26 22:10:27
S015032,O013067,Out for Delivery,2024-12-25 09:33:51
S015033,O002673,In Transit,2024-12-26 04:07:56
S015034,O018684,Delivered,2025-11-29 14:13:16
S015035,O019067,Out for Delivery,2024-01-05 10:48:54
S015036,O009428,Pickup,2025-11-26 09:28:54
S015037,O006001,Pickup,2024-09-08 04:59:25
S015038,O000364,Out for Delivery,2024-01-15 07:07:31
S015039,O015901,Pickup,2025-12-09 07:08:49
S015040,O015397,In Transit,2025-05-11 17:29:49
S015041,O008069,Out for Delivery,2024-05-10 10:53:53
S015042,O018219,Out for Delivery,2025-11-24 20:03:23
S015043,O014695,Pickup,2025-08-26 13:26:22
S015044,O016655,Pickup,2024-07-02 17:06:18
S015045,O016746,In Transit,2024-09-28 21:30:07
S015046,O004887,Out for Delivery,2024-10-26 10:44:46
S015047,O018694,In Transit,2024-04-03 09:08:19
S015048,O000454,Out for Delivery,2025-11-28 09:10:19
S015049,O012315,In Transit,2025-12-15 21:41:42
S015050,O018013,Delivered,2024-11-01 02:19:56
S015051,O008984,Delivered,2025-08-06 15:12:51
S015052,O017364,Delivered,2025-10-10 05:59:58
S015053,O016852,In Transit,2025-12-17 06:26:25
S015054,O015021,Delivered,2024-08-14 18:47:31
S015055,O018695,Delivered,2025-09-07 11:07:17
S015056,O007562,Pickup,2024-07-28 09:30:31
S015057,O008387,Pickup,2024-04-06 15:45:32
S015058,O000590,Out for Delivery,2025-10-17 22:32:47
S015059,O006678,Out for Delivery,2024-10-22 04:46:05
S015060,O010205,Out for Delivery,2025-01-01 00:42:47
S015061,O005650,Pickup,2024-08-19 21:48:20
S015062,O013356,Delivered,2024-12-08 01:32:12
S015063,O017102,In Transit,2025-01-18 23:03:09
S015064,O018518,In Transit,2025-06-06 18:02:09
S015065,O004456,Pickup,2025-03-11 19:22:07
S015066,O011941,Out for Delivery,2025-12-11 22:15:35
S015067,O014022,Pickup,2024-09-27 06:59:25
S015068,O002393,In Transit,2024-04-09 05:18:57
S015069,O014138,Pickup,2025-12-09 15:31:04
S015070,O012771,In Transit,2025-10-19 03:41:28
S015071,O016105,Delivered,2025-07-14 04:53:04
S015072,O010149,Delivered,2025-08-16 02:43:27
S015073,O011537,In Transit,2024-06-16 01:54:54
S015074,O018387,In Transit,2024-10-15 17:43:17
S015075,O003655,Out for Delivery,2024-07-18 10:38:47
S015076,O013453,In Transit,2024-01-29 03:42:50
S015077,O004474,Pickup,2024-07-21 00:17:02
S015078,O017830,In Transit,2024-04-23 10:04:40
S015079,O016739,Delivered,2024-07-11 17:09:58
S015080,O010785,Pickup,2024-05-18 05:02:04
S015081,O012450,Delivered,2025-06-19 14:40:24
S015082,O003613,Pickup,2025-10-28 17:59:12
S015083,O016105,Delivered,2025-02-22 23:39:26
S015084,O003204,In Transit,2025-09-23 10:18:14
S015085,O009151,Delivered,2025-03-04 21:18:43
S015086,O006410,Pickup,2025-08-10 14:13:35
S015087,O006799,Out for Delivery,2025-07-21 16:47:36
S015088,O011420,Out for Delivery,2025-06-21 16:33:38
S015089,O012363,Pickup,2025-11-08 12:03:22
S015090,O012741,Pickup,2024-01-24 16:11:30
S015091,O005527,Out for Delivery,2025-08-17 12:03:00
S015092,O007880,In Transit,2024-11-16 14:44:35
S015093,O002604,Out for Delivery,2025-04-19 17:21:07
S015094,O018022,Out for Delivery,2024-09-14 19:34:40
S015095,O016429,In Transit,2025-11-18 03:30:41
S015096,O012590,Out for Delivery,2025-06-13 13:56:17
S015097,O019497,Delivered,2024-10-21 01:56:29
S015098,O006500,Delivered,2025-08-24 19:57:52
S015099,O019954,In Transit,2024-04-24 20:28:18
S015100,O011453,In Transit,2025-03-30 02:54:44
S015101,O013038,Delivered,2024-12-09 09:27:50
S015102,O001562,Out for Delivery,2024-11-18 17:14:51
S015103,O003406,Pickup,2025-09-22 02:52:41
S015104,O013902,Out for Delivery,2024-02-06 12:12:47
S015105,O012321,Pickup,2024-07-01 21:14:36
S015106,O018768,Out for Delivery,2024-08-29 05:11:03
S015107,O016586,In Transit,2025-12-24 12:26:57
S015108,O001521,In Transit,2024-12-08 18:49:34
S015109,O001911,Delivered,2025-01-06 13:38:17
S015110,O004085,Delivered,2025-03-11 00:14:50
S015111,O008679,Pickup,2024-07-27 22:39:38
S015112,O014329,In Transit,2025-03-16 16:41:10
S015113,O019007,In Transit,2024-03-09 01:44:54
S015114,O005605,Out for Delivery,2025-09-18 22:31:26
S015115,O009754,Delivered,2024-05-10 07:05:45
S015116,O004267,Delivered,2024-04-27 08:34:41
S015117,O011190,Delivered,2024-12-26 16:02:51
S015118,O005763,Pickup,2024-08-28 07:03:58
S015119,O017786,In Transit,2025-11-27 09:56:57
S015120,O006413,Out for Delivery,2025-08-11 14:30:37
S015121,O018563,Pickup,2025-09-06 23:31:45
S015122,O017095,Out for Delivery,2024-02-28 18:29:33
S015123,O006311,Delivered,2024-04-25 23:35:39
S015124,O019651,Out for Delivery,2024-08-24 02:02:02
S015125,O004262,Out for Delivery,2024-05-23 10:43:15
S015126,O008065,In Transit,2025-10-07 18:41:54
S015127,O015784,Delivered,2025-03-24 19:23:36
S015128,O013715,Delivered,2025-10-14 18:08:42
S015129,O001599,Out for Delivery,2024-08-26 08:53:09
S015130,O007694,Delivered,2025-04-06 21:28:50
S015131,O019011,Pickup,2024-02-28 01:17:19
S015132,O006096,Pickup,2024-07-19 03:22:38
S015133,O019931,Pickup,2024-01-31 21:17:34
S015134,O016852,Pickup,2025-01-21 13:07:26
S015135,O015106,Delivered,2025-09-10 12:50:48
S015136,O016547,In Transit,2025-01-17 01:45:47
S015137,O001012,Pickup,2024-04-28 11:37:19
S015138,O003076,Delivered,2024-12-02 18:09:15
S015139,O012950,Pickup,2024-04-02 14:57:42
S015140,O016242,In Transit,2024-07-15 14:23:49
S015141,O012240,Delivered,2025-05-10 00:59:49
S015142,O000241,Pickup,2024-11-27 20:07:52
S015143,O015995,Pickup,2025-12-31 18:22:44
S015144,O004762,Out for Delivery,2025-05-21 06:17:24
S015145,O019230,In Transit,2025-11-08 08:14:34
S015146,O013185,Pickup,2024-09-22 18:35:20
S015147,O004973,Pickup,2025-06-11 12:39:23
S015148,O018316,Pickup,2025-05-06 17:57:09
S015149,O016181,In Transit,2024-03-01 03:25:20
S015150,O016105,In Transit,2024-09-12 02:38:35
S015151,O015738,In Transit,2024-02-08 07:31:09
S015152,O019239,Pickup,2024-02-04 13:22:28
S015153,O014836,Delivered,2025-02-16 08:57:59
S015154,O015563,Pickup,2024-06-24 06:17:54
S015155,O006426,In Transit,2025-05-20 22:21:33
S015156,O018620,Pickup,2024-06-09 03:19:27
S015157,O010077,In Transit,2024-12-31 18:26:49
S015158,O016294,Out for Delivery,2025-09-09 17:20:53
S015159,O016112,In Transit,2024-06-17 19:17:04
S015160,O014294,Out for Delivery,2025-12-04 12:59:31
S015161,O016980,In Transit,2025-01-10 11:45:48
S015162,O001960,Out for Delivery,2024-07-27 18:10:00
S015163,O008623,Delivered,2025-11-16 23:38:51
S015164,O003820,Out for Delivery,2024-04-05 05:19:51
S015165,O010030,In Transit,2025-01-29 18:26:41
S015166,O010492,Out for Delivery,2024-07-15 12:50:50
S015167,O005829,Delivered,2025-03-01 02:56:08
S015168,O005508,In Transit,2025-10-07 14:04:52
S015169,O012735,Out for Delivery,2025-11-06 17:12:49
S015170,O001044,Out for Delivery,2024-05-18 06:05:29
S015171,O005475,Delivered,2025-02-22 17:19:28
S015172,O013885,In Transit,2024-02-11 23:40:38
S015173,O016518,In Transit,2024-12-28 00:59:30
S015174,O019682,Out for Delivery,2024-01-17 07:01:18
S015175,O012932,Out for Delivery,2025-10-28 21:32:27
S015176,O005217,Out for Delivery,2024-08-08 09:11:44
S015177,O000631,Delivered,2024-05-26 11:52:30
S015178,O009359,In Transit,2025-01-19 16:55:44
S015179,O009766,Out for Delivery,2024-06-01 10:46:06
S015180,O008977,Delivered,2025-12-02 21:17:05
S015181,O005933,In Transit,2025-11-11 22:56:27
S015182,O000189,Delivered,2025-04-12 09:32:54
S015183,O013446,Out for Delivery,2025-06-09 23:46:15
S015184,O015136,In Transit,2025-03-19 16:48:25
S015185,O017646,Pickup,2024-09-25 13:49:59
S015186,O010428,Pickup,2025-01-23 20:09:00
S015187,O004617,Pickup,2025-06-10 04:58:33
S015188,O016293,Pickup,2025-10-30 00:28:03
S015189,O000902,Delivered,2025-01-22 08:59:31
S015190,O000411,Pickup,2024-09-07 06:41:54
S015191,O013222,Pickup,2025-05-28 08:24:14
S015192,O007484,Delivered,2025-05-25 08:26:15
S015193,O014806,Delivered,2025-05-18 19:54:28
S015194,O004305,Out for Delivery,2024-07-01 03:53:02
S015195,O014366,Pickup,2024-07-18 22:49:35
S015196,O003470,Delivered,2025-10-15 23:08:52
S015197,O015002,Out for Delivery,2025-08-15 04:58:34
S015198,O001686,Out for Delivery,2025-08-18 05:16:25
S015199,O012006,In Transit,2025-09-17 19:39:33
S015200,O004704,Out for Delivery,2024-10-13 01:20:51
S015201,O018371,In Transit,2024-11-14 15:51:11
S015202,O008323,Out for Delivery,2024-10-22 04:56:59
S015203,O009210,Pickup,2024-12-23 12:26:02
S015204,O008727,Pickup,2025-05-14 22:02:58
S015205,O010322,Out for Delivery,2024-08-02 15:13:05
S015206,O013261,Delivered,2025-10-11 21:10:48
S015207,O008506,In Transit,2025-01-31 06:23:13
S015208,O001269,Delivered,2024-05-14 04:32:34
S015209,O003259,In Transit,2024-07-31 21:10:14
S015210,O008404,Delivered,2024-10-25 02:32:50
S015211,O015756,Delivered,2024-06-29 10:02:24
S015212,O006348,Delivered,2024-05-01 14:58:52
S015213,O016947,In Transit,2025-07-22 05:51:19
S015214,O017385,Delivered,2025-05-23 01:44:43
S015215,O004079,Pickup,2025-03-11 02:26:04
S015216,O006486,Pickup,2025-10-06 15:29:33
S015217,O018988,Delivered,2025-03-09 10:14:45
S015218,O001060,In Transit,2024-10-07 23:07:04
S015219,O002228,In Transit,2025-05-21 14:59:32
S015220,O001001,In Transit,2025-12-13 05:45:00
S015221,O013689,Out for Delivery,2024-09-02 19:21:19
S015222,O000352,Out for Delivery,2025-05-16 22:09:01
S015223,O006004,Delivered,2024-03-31 04:42:49
S015224,O005409,Out for Delivery,2025-03-15 20:11:25
S015225,O017639,In Transit,2025-11-20 09:36:22
S015226,O003890,Delivered,2025-08-24 21:21:18
S015227,O004859,Out for Delivery,2024-07-24 12:45:14
S015228,O016113,Delivered,2024-02-03 05:48:14
S015229,O015038,Out for Delivery,2024-07-15 15:59:24
S015230,O012329,Pickup,2024-06-13 07:24:09
S015231,O004979,Pickup,2024-11-18 00:51:03
S015232,O003701,Delivered,2024-11-10 02:23:49
S015233,O009138,In Transit,2024-07-14 00:19:19
S015234,O008494,Pickup,2024-01-11 19:49:26
S015235,O004552,Pickup,2025-12-25 05:54:18
S015236,O018030,In Transit,2024-09-18 21:35:33
S015237,O011090,Out for Delivery,2024-01-11 03:18:24
S015238,O013880,Pickup,2025-01-07 17:37:57
S015239,O019664,In Transit,2025-05-15 08:26:21
S015240,O018797,In Transit,2024-05-30 09:49:24
S015241,O004513,Pickup,2025-11-19 01:19:36
S015242,O014868,Pickup,2024-05-10 17:01:53
S015243,O006888,Out for Delivery,2025-10-29 17:39:58
S015244,O008409,Pickup,2024-11-17 05:07:45
S015245,O017798,Delivered,2024-11-17 00:07:37
S015246,O013514,Out for Delivery,2025-07-27 22:18:13
S015247,O001953,Out for Delivery,2024-11-07 07:20:00
S015248,O003599,Out for Delivery,2024-04-13 06:33:29
S015249,O012043,Out for Delivery,2025-11-06 04:14:50
S015250,O018297,In Transit,2024-09-21 15:23:09
S015251,O018061,Delivered,2025-08-08 10:50:41
S015252,O012414,Out for Delivery,2024-04-28 05:34:22
S015253,O012762,Delivered,2024-10-24 10:16:44
S015254,O019743,Out for Delivery,2025-07-28 03:38:02
S015255,O010683,Delivered,2024-07-31 18:37:21
S015256,O005373,Pickup,2024-05-02 00:37:37
S015257,O019418,Pickup,2025-08-22 16:19:33
S015258,O013563,Pickup,2025-01-04 10:28:27
S015259,O004518,Pickup,2025-08-05 01:12:29
S015260,O011997,Pickup,2025-04-16 22:00:27
S015261,O019990,Out for Delivery,2024-07-09 08:08:13
S015262,O015745,In Transit,2025-06-13 13:02:52
S015263,O010885,Pickup,2024-08-14 18:50:09
S015264,O012419,In Transit,2024-06-04 01:46:26
S015265,O016689,Out for Delivery,2024-10-01 11:44:09
S015266,O014687,In Transit,2024-02-13 00:52:44
S015267,O006865,Out for Delivery,2024-05-05 21:30:35
S015268,O019563,Out for Delivery,2025-11-05 01:32:54
S015269,O006175,In Transit,2024-03-26 07:16:01
S015270,O012161,Out for Delivery,2025-07-11 11:15:18
S015271,O012972,Delivered,2024-04-29 15:42:34
S015272,O004317,Pickup,2025-11-28 22:26:07
S015273,O006430,Delivered,2025-03-03 02:18:34
S015274,O007440,Delivered,2024-10-28 14:47:38
S015275,O019106,Pickup,2024-03-19 03:27:15
S015276,O003315,Out for Delivery,2025-08-16 16:37:05
S015277,O006567,Pickup,2025-09-16 16:01:27
S015278,O001656,Delivered,2025-06-28 02:32:31
S015279,O000894,Out for Delivery,2025-12-28 05:55:05
S015280,O019389,Delivered,2024-12-17 07:58:02
S015281,O010647,In Transit,2024-05-13 23:30:21
S015282,O005505,Pickup,2025-05-02 03:49:23
S015283,O002151,In Transit,2024-06-17 08:12:26
S015284,O013302,In Transit,2024-10-12 16:37:55
S015285,O018232,Out for Delivery,2024-10-08 05:34:34
S015286,O003605,Pickup,2024-11-24 13:08:41
S015287,O011725,Out for Delivery,2024-04-23 02:07:49
S015288,O010821,Pickup,2025-02-26 18:14:57
S015289,O017784,Out for Delivery,2024-05-13 19:31:39
S015290,O016855,Out for Delivery,2024-10-09 09:46:03
S015291,O018764,Pickup,2024-10-09 19:32:26
S015292,O000755,In Transit,2025-07-13 00:58:05
S015293,O007354,Pickup,2024-03-06 22:20:18
S015294,O017109,Out for Delivery,2025-09-16 20:33:16
S015295,O012905,Pickup,2025-03-08 15:19:23
S015296,O013019,Out for Delivery,2025-06-11 22:12:07
S015297,O019698,Delivered,2025-02-11 11:22:57
S015298,O008209,Out for Delivery,2024-08-10 16:08:10
S015299,O002297,In Transit,2024-07-22 02:27:12
S015300,O018332,Out for Delivery,2025-08-29 14:30:09
S015301,O017510,In Transit,2025-04-11 17:57:51
S015302,O005870,Out for Delivery,2025-01-21 04:50:00
S015303,O012178,Pickup,2025-03-20 05:07:39
S015304,O019297,Out for Delivery,2024-05-16 21:01:12
S015305,O000701,Pickup,2024-04-08 23:08:55
S015306,O004585,Pickup,2025-11-13 09:30:39
S015307,O016059,Delivered,2025-07-23 09:05:02
S015308,O016939,Out for Delivery,2025-10-10 08:32:30
S015309,O003767,Pickup,2025-04-06 09:17:45
S015310,O017583,In Transit,2025-03-06 08:10:12
S015311,O014043,Out for Delivery,2025-01-27 22:10:49
S015312,O005800,Pickup,2024-01-05 01:09:03
S015313,O009036,Out for Delivery,2024-01-26 10:17:13
S015314,O009288,In Transit,2025-05-16 02:43:21
S015315,O016344,Delivered,2025-04-26 13:11:14
S015316,O008239,Out for Delivery,2024-06-08 16:23:54
S015317,O011084,In Transit,2025-03-01 02:30:22
S015318,O014636,Pickup,2024-11-24 02:22:14
S015319,O014260,In Transit,2024-10-28 16:49:24
S015320,O019414,Out for Delivery,2024-08-14 03:55:06
S015321,O010931,Pickup,2025-02-04 15:43:41
S015322,O010749,Pickup,2025-11-04 09:46:43
S015323,O016292,Out for Delivery,2025-01-26 08:48:50
S015324,O000860,Pickup,2025-03-17 08:15:42
S015325,O009244,Out for Delivery,2024-11-17 07:41:51
S015326,O008357,Pickup,2025-11-23 09:14:32
S015327,O016308,Pickup,2024-06-24 22:31:18
S015328,O013328,Out for Delivery,2024-10-23 03:45:23
S015329,O017970,Out for Delivery,2024-01-13 08:27:38
S015330,O014840,Pickup,2024-08-31 10:15:43
S015331,O010677,Out for Delivery,2025-05-23 03:55:02
S015332,O017636,In Transit,2024-10-25 03:23:37
S015333,O007899,In Transit,2025-09-01 12:32:35
S015334,O017556,Delivered,2024-12-23 19:16:14
S015335,O009382,Out for Delivery,2025-10-12 13:46:56
S015336,O008744,In Transit,2025-07-23 02:01:07
S015337,O017502,Delivered,2025-11-29 23:01:43
S015338,O014568,Out for Delivery,2024-03-02 05:03:39
S015339,O002672,Pickup,2024-06-14 02:07:08
S015340,O003005,Delivered,2024-04-23 11:39:09
S015341,O014881,In Transit,2024-01-19 13:18:23
S015342,O017330,Delivered,2024-05-09 07:47:12
S015343,O001691,In Transit,2024-08-30 10:57:27
S015344,O009175,Delivered,2025-10-31 11:34:59
S015345,O017155,Out for Delivery,2025-02-12 03:44:06
S015346,O019152,In Transit,2025-10-30 17:42:51
S015347,O005994,Pickup,2024-08-03 10:54:33
S015348,O011842,In Transit,2025-10-01 01:05:17
S015349,O019315,Out for Delivery,2024-11-06 23:24:18
S015350,O015954,In Transit,2025-04-11 02:08:55
S015351,O010477,Out for Delivery,2025-12-02 23:34:01
S015352,O003578,Delivered,2024-02-29 11:07:47
S015353,O016555,Delivered,2024-07-03 09:39:26
S015354,O008847,Out for Delivery,2024-01-26 15:06:35
S015355,O019712,Out for Delivery,2024-07-19 22:50:39
S015356,O010546,In Transit,2024-08-09 13:22:03
S015357,O017813,Delivered,2025-05-28 19:31:45
S015358,O006554,Delivered,2025-09-08 18:10:47
S015359,O016930,Delivered,2025-02-09 20:42:51
S015360,O015480,Delivered,2025-04-11 13:55:07
S015361,O002338,Out for Delivery,2024-03-21 12:42:57
S015362,O007378,Delivered,2024-04-30 18:25:11
S015363,O007461,Pickup,2024-03-12 06:39:27
S015364,O008908,Pickup,2024-01-16 10:33:37
S015365,O001842,In Transit,2024-02-08 06:44:12
S015366,O011861,Out for Delivery,2024-09-29 15:32:22
S015367,O000011,Pickup,2024-01-31 19:45:06
S015368,O000869,Pickup,2024-08-25 07:30:55
S015369,O019952,In Transit,2025-03-23 14:40:40
S015370,O017201,Out for Delivery,2024-11-29 13:46:35
S015371,O001907,Pickup,2024-09-04 02:27:06
S015372,O002535,Out for Delivery,2024-07-13 22:30:03
S015373,O010956,In Transit,2024-09-18 17:35:41
S015374,O008435,Out for Delivery,2025-05-10 08:14:01
S015375,O014432,In Transit,2025-02-04 03:43:45
S015376,O001984,Delivered,2025-07-06 05:11:31
S015377,O018342,In Transit,2024-05-25 12:17:35
S015378,O018510,In Transit,2025-10-16 15:58:59
S015379,O016569,Pickup,2024-05-14 02:56:41
S015380,O009184,Delivered,2024-05-08 02:45:16
S015381,O007945,Out for Delivery,2024-12-16 04:34:12
S015382,O009897,Out for Delivery,2025-07-12 00:30:15
S015383,O011869,Pickup,2025-12-22 11:54:25
S015384,O007618,In Transit,2024-06-10 16:23:21
S015385,O017124,Pickup,2024-09-06 21:11:55
S015386,O010714,Pickup,2024-11-24 03:19:17
S015387,O009342,In Transit,2024-09-06 09:40:36
S015388,O013702,Out for Delivery,2024-01-23 15:16:53
S015389,O016435,In Transit,2024-03-28 01:38:41
S015390,O009066,Out for Delivery,2025-12-01 21:16:33
S015391,O011021,Delivered,2024-12-26 13:05:55
S015392,O006313,In Transit,2024-10-29 00:25:46
S015393,O010483,Delivered,2024-04-12 15:55:24
S015394,O015149,In Transit,2024-03-12 01:21:14
S015395,O007364,Out for Delivery,2025-11-22 16:34:59
S015396,O006131,Pickup,2025-09-17 02:05:30
S015397,O016886,Delivered,2025-12-07 21:51:43
S015398,O019338,Delivered,2025-11-08 05:55:23
S015399,O018124,Out for Delivery,2025-10-10 07:12:41
S015400,O015654,In Transit,2025-07-31 06:09:36
S015401,O005488,In Transit,2025-12-20 15:25:27
S015402,O007540,Delivered,2025-12-10 10:25:47
S015403,O018088,Pickup,2024-07-25 17:58:15
S015404,O016585,Delivered,2024-03-06 22:37:41
S015405,O006285,Out for Delivery,2024-11-15 06:40:54
S015406,O013077,In Transit,2025-05-13 02:31:45
S015407,O008846,Delivered,2024-02-28 21:26:59
S015408,O000231,Delivered,2025-04-22 06:13:59
S015409,O018348,Delivered,2024-07-04 17:19:08
S015410,O005063,Pickup,2025-12-27 08:02:18
S015411,O009022,In Transit,2025-10-27 05:31:26
S015412,O016642,Out for Delivery,2024-01-08 21:56:33
S015413,O018412,Delivered,2024-11-07 00:37:07
S015414,O015752,Pickup,2024-03-14 05:22:00
S015415,O002313,Delivered,2024-08-29 18:53:37
S015416,O018280,Delivered,2024-06-18 23:54:15
S015417,O007479,Delivered,2024-03-25 19:17:46
S015418,O000844,Pickup,2025-08-15 22:56:33
S015419,O003718,In Transit,2024-03-28 13:08:51
S015420,O011331,Out for Delivery,2024-04-05 18:16:58
S015421,O014832,Pickup,2025-10-05 08:51:09
S015422,O001806,Out for Delivery,2025-08-14 02:24:53
S015423,O018928,Out for Delivery,2025-12-03 02:09:14
S015424,O017464,Out for Delivery,2025-05-01 07:17:37
S015425,O008282,Delivered,2025-08-03 09:03:49
S015426,O017376,In Transit,2025-04-19 11:57:14
S015427,O016744,Out for Delivery,2025-01-25 16:33:32
S015428,O001965,Delivered,2025-12-01 05:13:39
S015429,O019537,Delivered,2024-08-30 23:01:06
S015430,O005328,Pickup,2024-08-01 11:39:20
S015431,O000231,In Transit,2025-11-07 02:16:33
S015432,O019939,Delivered,2025-08-05 05:00:12
S015433,O012552,Pickup,2024-12-25 20:25:57
S015434,O013465,Pickup,2025-10-03 04:59:46
S015435,O006095,Pickup,2024-05-18 17:24:40
S015436,O014435,Delivered,2025-06-03 05:12:38
S015437,O011297,Delivered,2024-01-01 09:46:57
S015438,O016884,Out for Delivery,2024-10-14 18:15:55
S015439,O018542,Delivered,2024-05-13 20:44:09
S015440,O017946,Pickup,2025-07-15 18:14:44
S015441,O000078,In Transit,2025-07-03 01:55:18
S015442,O002055,In Transit,2024-03-12 02:15:17
S015443,O016216,Out for Delivery,2024-12-08 10:51:38
S015444,O006841,Pickup,2024-03-27 09:59:58
S015445,O006084,Delivered,2025-03-04 20:41:10
S015446,O001540,Out for Delivery,2025-04-15 22:39:40
S015447,O017090,Pickup,2024-03-28 12:21:56
S015448,O018454,Delivered,2024-03-31 21:34:53
S015449,O010515,Delivered,2024-08-30 19:36:38
S015450,O006794,Out for Delivery,2024-03-28 10:06:43
S015451,O015208,Out for Delivery,2024-06-12 04:45:46
S015452,O016656,Out for Delivery,2024-10-10 21:02:12
S015453,O011967,In Transit,2025-09-01 14:50:22
S015454,O017279,In Transit,2025-05-20 22:08:12
S015455,O018874,Delivered,2025-05-21 14:46:49
S015456,O018337,Out for Delivery,2024-08-05 04:32:26
S015457,O014761,In Transit,2025-09-12 19:52:41
S015458,O008739,Pickup,2024-08-28 20:04:27
S015459,O010787,Pickup,2025-06-26 04:50:20
S015460,O015812,In Transit,2024-03-25 12:58:37
S015461,O012491,In Transit,2024-09-29 16:19:41
S015462,O001703,Out for Delivery,2025-11-19 03:45:57
S015463,O013395,Delivered,2024-12-09 13:56:17
S015464,O017206,In Transit,2024-09-25 13:00:57
S015465,O010692,Out for Delivery,2024-10-11 00:10:14
S015466,O005838,Delivered,2024-06-19 05:47:02
S015467,O015698,Pickup,2025-05-29 13:52:54
S015468,O013046,Out for Delivery,2025-03-18 20:04:17
S015469,O010606,Out for Delivery,2025-04-14 16:19:11
S015470,O018003,Out for Delivery,2025-12-12 20:06:10
S015471,O019803,Out for Delivery,2025-06-29 00:08:07
S015472,O012578,Out for Delivery,2025-02-06 18:56:39
S015473,O010996,Delivered,2024-12-16 11:40:10
S015474,O017549,In Transit,2025-11-10 18:38:09
S015475,O013761,In Transit,2024-08-13 12:55:56
S015476,O011830,In Transit,2025-02-05 01:45:30
S015477,O017930,Delivered,2025-08-11 12:31:08
S015478,O019601,Delivered,2025-06-15 17:54:35
S015479,O014867,Pickup,2025-07-08 18:41:18
S015480,O005731,In Transit,2024-06-13 16:08:49
S015481,O012404,Delivered,2025-09-13 05:18:43
S015482,O006769,Delivered,2025-01-03 03:47:21
S015483,O012918,Pickup,2024-08-02 08:03:16
S015484,O019819,Delivered,2024-07-10 13:06:17
S015485,O010873,Out for Delivery,2025-06-20 10:56:37
S015486,O005291,Delivered,2025-07-18 21:38:53
S015487,O009367,Delivered,2024-01-26 16:43:20
S015488,O009672,Out for Delivery,2024-01-07 12:48:01
S015489,O008676,In Transit,2024-11-22 22:17:01
S015490,O004022,Pickup,2024-07-01 13:22:55
S015491,O000296,Delivered,2025-06-06 06:53:26
S015492,O001711,Out for Delivery,2024-04-03 07:52:37
S015493,O003150,In Transit,2025-11-20 11:59:46
S015494,O014560,Pickup,2025-12-30 13:46:53
S015495,O005985,Out for Delivery,2024-10-13 16:17:02
S015496,O003995,Delivered,2025-08-16 19:17:43
S015497,O005364,In Transit,2024-09-10 13:32:49
S015498,O017728,Pickup,2025-01-17 03:45:41
S015499,O000991,Out for Delivery,2024-09-05 17:06:08
S015500,O000169,Delivered,2025-11-22 03:54:30
S015501,O012716,Out for Delivery,2025-02-18 21:06:13
S015502,O004218,Delivered,2024-08-07 10:59:52
S015503,O006327,Out for Delivery,2025-08-26 17:07:52
S015504,O004664,Delivered,2025-07-05 01:38:00
S015505,O017259,Delivered,2025-09-01 15:19:10
S015506,O005664,Delivered,2025-08-29 19:03:32
S015507,O004128,Pickup,2024-04-28 13:50:10
S015508,O013090,Pickup,2025-01-05 04:19:21
S015509,O010772,In Transit,2024-02-06 10:56:19
S015510,O019055,Delivered,2024-05-02 04:57:18
S015511,O009054,Pickup,2025-06-22 02:24:33
S015512,O011869,Pickup,2025-09-12 08:21:24
S015513,O010112,Delivered,2025-08-04 01:02:59
S015514,O006321,Delivered,2024-07-09 05:39:00
S015515,O019311,Out for Delivery,2024-01-08 07:20:49
S015516,O013499,Pickup,2025-05-22 10:00:44
S015517,O018186,Delivered,2024-07-03 04:38:53
S015518,O011518,In Transit,2025-03-22 08:36:49
S015519,O013661,In Transit,2025-05-28 06:42:43
S015520,O000017,In Transit,2025-02-25 11:18:21
S015521,O007866,Pickup,2024-10-31 10:02:13
S015522,O006753,Out for Delivery,2024-12-07 00:52:35
S015523,O004563,In Transit,2024-03-29 15:46:11
S015524,O000981,Out for Delivery,2025-05-28 07:29:49
S015525,O017959,Pickup,2024-09-16 07:31:38
S015526,O014971,Pickup,2025-06-12 04:44:39
S015527,O010900,In Transit,2025-02-07 20:49:25
S015528,O008954,Delivered,2024-06-18 01:43:31
S015529,O009570,Pickup,2025-05-03 11:10:00
S015530,O019856,In Transit,2024-09-20 17:56:54
S015531,O002057,Out for Delivery,2025-01-07 23:22:38
S015532,O008274,In Transit,2024-12-27 11:37:50
S015533,O004111,Pickup,2024-01-03 09:01:10
S015534,O017736,Pickup,2025-06-06 00:20:24
S015535,O006794,Delivered,2025-10-08 02:21:44
S015536,O017061,In Transit,2024-07-13 05:43:38
S015537,O019264,Delivered,2025-12-28 07:32:55
S015538,O014361,Out for Delivery,2024-10-21 19:27:01
S015539,O011454,In Transit,2024-08-09 08:52:36
S015540,O012423,Delivered,2025-12-30 22:43:26
S015541,O015630,Out for Delivery,2025-02-26 06:42:50
S015542,O000959,Out for Delivery,2024-10-05 14:10:51
S015543,O009291,Pickup,2024-03-09 20:16:28
S015544,O005289,In Transit,2024-02-16 01:00:01
S015545,O019564,In Transit,2024-06-15 22:05:16
S015546,O007908,Delivered,2025-12-21 14:52:08
S015547,O001373,Delivered,2025-04-03 14:03:54
S015548,O016227,Out for Delivery,2025-11-12 16:58:50
S015549,O017573,Pickup,2024-12-29 00:24:33
S015550,O000073,In Transit,2024-07-03 10:31:28
S015551,O007685,Pickup,2024-11-10 20:47:33
S015552,O007419,In Transit,2025-03-25 21:24:59
S015553,O006574,Delivered,2024-07-14 18:50:51
S015554,O019225,Out for Delivery,2025-01-04 19:18:09
S015555,O018187,Pickup,2025-07-26 23:15:49
S015556,O001491,In Transit,2025-04-04 04:01:35
S015557,O008455,Pickup,2024-09-02 15:36:07
S015558,O006715,Out for Delivery,2024-12-21 13:53:08
S015559,O010453,Pickup,2025-10-04 17:33:24
S015560,O000058,Out for Delivery,2024-09-12 12:58:43
S015561,O015922,Pickup,2025-11-07 01:41:54
S015562,O009519,Pickup,2024-01-23 07:02:47
S015563,O017504,Delivered,2025-03-19 17:37:58
S015564,O016043,In Transit,2024-04-03 01:47:06
S015565,O002272,Pickup,2024-11-27 09:19:35
S015566,O012937,In Transit,2024-09-26 16:35:37
S015567,O009209,Pickup,2025-02-24 18:06:55
S015568,O008149,Out for Delivery,2025-12-28 08:01:52
S015569,O001934,Pickup,2025-02-14 12:51:08
S015570,O019831,Delivered,2024-01-12 12:32:17
S015571,O014518,Pickup,2025-01-11 19:14:41
S015572,O011667,Delivered,2025-09-10 22:46:54
S015573,O013836,In Transit,2025-01-01 21:14:43
S015574,O019880,Out for Delivery,2024-06-22 20:58:05
S015575,O007034,Out for Delivery,2024-07-02 13:35:40
S015576,O002227,Pickup,2025-10-24 14:24:10
S015577,O018019,Out for Delivery,2025-12-20 07:19:09
S015578,O008969,Pickup,2025-05-01 12:59:18
S015579,O001584,Delivered,2024-06-07 05:33:12
S015580,O018075,Delivered,2024-07-06 13:12:36
S015581,O014103,In Transit,2024-07-26 10:05:32
S015582,O006499,Pickup,2025-05-30 21:17:29
S015583,O013847,Delivered,2025-05-26 04:13:13
S015584,O013894,In Transit,2025-05-20 06:38:36
S015585,O012324,In Transit,2025-06-20 19:47:48
S015586,O013106,In Transit,2024-02-29 16:49:25
S015587,O002547,Delivered,2025-09-01 10:09:50
S015588,O017690,Delivered,2024-01-23 07:51:09
S015589,O017923,Out for Delivery,2024-04-27 21:48:03
S015590,O002783,Out for Delivery,2025-01-04 22:43:41
S015591,O008303,Out for Delivery,2024-03-16 01:50:29
S015592,O011870,Out for Delivery,2025-05-10 16:40:48
S015593,O008771,In Transit,2025-12-11 13:13:03
S015594,O019336,Out for Delivery,2025-06-01 00:19:01
S015595,O006745,Pickup,2024-08-22 11:10:30
S015596,O006082,Out for Delivery,2024-09-24 01:57:03
S015597,O008580,Delivered,2024-05-12 22:37:44
S015598,O005163,Out for Delivery,2024-12-04 19:07:54
S015599,O017065,Out for Delivery,2024-06-22 17:34:40
S015600,O003234,Pickup,2025-04-21 02:13:13
S015601,O005771,Delivered,2024-02-03 05:26:42
S015602,O003722,Out for Delivery,2024-05-11 11:30:20
S015603,O013798,In Transit,2024-08-06 16:30:50
S015604,O017594,Delivered,2025-07-24 09:32:42
S015605,O017278,Delivered,2025-06-28 04:08:04
S015606,O013481,Pickup,2024-07-29 11:54:44
S015607,O005511,Pickup,2025-05-05 11:47:24
S015608,O009063,In Transit,2025-02-26 18:22:38
S015609,O019544,Out for Delivery,2024-06-26 18:48:26
S015610,O006433,Out for Delivery,2024-12-24 00:56:29
S015611,O007817,Pickup,2024-02-03 11:08:58
S015612,O004367,Out for Delivery,2025-11-10 12:09:08
S015613,O005154,Out for Delivery,2024-02-25 00:14:09
S015614,O005964,Pickup,2024-02-02 03:42:23
S015615,O006911,Out for Delivery,2024-12-01 23:17:17
S015616,O005834,Out for Delivery,2024-08-16 01:16:30
S015617,O004727,Delivered,2025-07-01 17:31:11
S015618,O002139,Out for Delivery,2025-08-26 14:53:44
S015619,O008424,Out for Delivery,2024-04-12 22:21:50
S015620,O015076,In Transit,2024-12-14 21:02:44
S015621,O006657,Delivered,2025-02-17 15:24:34
S015622,O010290,Pickup,2024-11-04 14:43:14
S015623,O019346,Pickup,2025-12-02 06:10:45
S015624,O017870,Out for Delivery,2025-07-20 18:44:58
S015625,O018958,Delivered,2024-06-05 08:27:02
S015626,O012348,Pickup,2025-10-12 18:08:24
S015627,O016410,In Transit,2024-04-27 01:29:18
S015628,O004557,Pickup,2024-10-11 00:49:50
S015629,O005937,In Transit,2024-11-23 19:45:40
S015630,O001065,Delivered,2024-01-23 07:20:47
S015631,O001540,Delivered,2024-09-16 14:58:37
S015632,O003846,In Transit,2024-05-13 06:33:56
S015633,O002197,Out for Delivery,2024-11-22 23:27:50
S015634,O016694,Out for Delivery,2024-10-25 11:24:37
S015635,O016653,Delivered,2025-01-11 15:36:01
S015636,O007855,Out for Delivery,2024-02-16 15:17:04
S015637,O006053,Pickup,2025-08-19 23:37:40
S015638,O009198,Delivered,2024-04-11 20:21:20
S015639,O011104,Delivered,2025-04-09 00:04:41
S015640,O001665,In Transit,2025-11-26 11:45:26
S015641,O018476,Pickup,2025-04-13 09:18:40
S015642,O008742,Pickup,2024-01-05 00:19:10
S015643,O007379,Pickup,2025-07-08 16:48:01
S015644,O014663,Out for Delivery,2024-07-19 05:59:31
S015645,O002506,Out for Delivery,2025-04-22 23:54:30
S015646,O003728,Pickup,2024-12-21 07:08:45
S015647,O006461,In Transit,2025-07-27 00:10:15
S015648,O013807,Pickup,2025-01-25 19:00:32
S015649,O018666,In Transit,2024-06-27 16:08:46
S015650,O002629,Delivered,2025-03-01 18:34:04
S015651,O018525,Delivered,2024-01-01 18:36:42
S015652,O001454,Out for Delivery,2024-07-24 07:47:05
S015653,O018074,Pickup,2025-01-05 16:06:59
S015654,O007908,Delivered,2025-04-29 20:52:00
S015655,O005631,In Transit,2024-02-05 00:44:17
S015656,O004821,Out for Delivery,2024-04-19 17:54:56
S015657,O015872,Delivered,2025-06-02 22:43:15
S015658,O004378,Delivered,2025-04-22 03:06:23
S015659,O002670,Pickup,2025-04-06 09:30:50
S015660,O005246,In Transit,2025-05-24 23:45:32
S015661,O019993,In Transit,2024-12-04 14:08:10
S015662,O018122,In Transit,2025-08-29 16:38:45
S015663,O004410,In Transit,2025-09-08 14:16:11
S015664,O012474,Pickup,2024-12-22 15:07:52
S015665,O013223,Pickup,2025-11-03 13:13:35
S015666,O008389,Out for Delivery,2024-01-03 03:37:51
S015667,O009591,Out for Delivery,2024-05-15 11:17:24
S015668,O002155,Delivered,2024-09-20 12:08:03
S015669,O009910,Pickup,2025-05-30 09:07:45
S015670,O004889,Out for Delivery,2024-12-01 02:45:07
S015671,O001601,Pickup,2024-12-22 16:01:40
S015672,O003247,In Transit,2025-11-14 11:25:41
S015673,O013833,Pickup,2025-01-19 12:29:57
S015674,O008181,Pickup,2025-10-21 21:18:39
S015675,O007665,Pickup,2024-02-21 15:44:19
S015676,O011445,In Transit,2025-11-18 23:05:15
S015677,O010875,In Transit,2025-03-15 01:35:03
S015678,O009718,In Transit,2025-05-29 02:29:41
S015679,O007283,Out for Delivery,2024-12-31 13:40:34
S015680,O004043,Out for Delivery,2025-08-30 22:03:35
S015681,O001773,In Transit,2024-03-22 23:21:52
S015682,O008523,Pickup,2024-11-04 05:00:15
S015683,O014988,In Transit,2024-05-21 09:39:03
S015684,O006431,Pickup,2024-07-16 10:43:36
S015685,O017547,Pickup,2025-11-24 19:40:56
S015686,O005390,In Transit,2025-10-14 14:51:54
S015687,O002726,In Transit,2024-02-10 02:53:26
S015688,O006365,Pickup,2024-03-01 09:59:58
S015689,O006643,In Transit,2025-09-04 13:14:11
S015690,O006316,Out for Delivery,2024-12-04 18:16:15
S015691,O015898,Out for Delivery,2025-02-21 12:10:16
S015692,O009526,In Transit,2024-11-21 02:41:20
S015693,O001790,In Transit,2024-06-16 00:52:03
S015694,O019886,Pickup,2025-12-19 15:57:30
S015695,O015706,Out for Delivery,2024-04-20 16:38:36
S015696,O015364,Pickup,2025-11-28 04:50:15
S015697,O012541,Delivered,2024-12-18 04:44:55
S015698,O011315,Out for Delivery,2024-12-05 19:03:10
S015699,O012546,In Transit,2025-04-12 03:53:03
S015700,O014533,Pickup,2025-04-17 05:49:37
S015701,O003978,Pickup,2025-09-09 00:36:37
S015702,O006651,Delivered,2025-02-19 14:43:14
S015703,O005492,Delivered,2025-04-04 18:26:57
S015704,O014716,In Transit,2024-05-22 03:51:33
S015705,O011915,Out for Delivery,2024-03-20 13:22:39
S015706,O009754,Pickup,2025-09-05 05:04:01
S015707,O015784,Pickup,2024-12-02 22:12:44
S015708,O003342,Out for Delivery,2024-08-10 20:00:01
S015709,O012545,In Transit,2025-06-15 00:15:10
S015710,O006684,Delivered,2024-12-28 02:51:17
S015711,O008962,Pickup,2024-11-29 08:04:10
S015712,O008515,Delivered,2024-05-25 22:51:46
S015713,O012761,Pickup,2025-02-15 23:50:28
S015714,O009308,Out for Delivery,2025-07-23 05:47:19
S015715,O002190,Out for Delivery,2024-12-02 09:07:59
S015716,O015015,Delivered,2024-11-02 23:10:07
S015717,O003480,In Transit,2024-06-16 10:20:17
S015718,O000818,In Transit,2024-02-16 19:58:22
S015719,O017580,In Transit,2024-11-02 04:19:28
S015720,O016527,Delivered,2025-12-01 13:04:11
S015721,O004839,Delivered,2024-05-09 15:35:40
S015722,O014158,Out for Delivery,2025-03-21 20:13:32
S015723,O007025,In Transit,2024-01-04 12:21:30
S015724,O001610,Out for Delivery,2025-10-22 13:40:40
S015725,O000357,Delivered,2024-12-17 15:03:34
S015726,O018075,Out for Delivery,2025-04-25 17:44:47
S015727,O004640,Out for Delivery,2025-04-05 13:07:48
S015728,O015795,Out for Delivery,2025-01-14 21:54:18
S015729,O001608,In Transit,2025-09-17 22:27:39
S015730,O001916,Delivered,2024-12-08 04:31:00
S015731,O015961,Pickup,2025-01-27 11:44:12
S015732,O019657,Out for Delivery,2024-03-14 11:50:54
S015733,O014317,Out for Delivery,2024-10-17 08:11:34
S015734,O006289,Pickup,2024-07-13 09:00:39
S015735,O011127,Delivered,2024-10-25 02:21:16
S015736,O013517,Out for Delivery,2025-08-08 13:10:35
S015737,O015076,In Transit,2024-07-25 07:16:37
S015738,O010965,Pickup,2025-01-31 07:35:59
S015739,O004177,Out for Delivery,2025-04-09 03:02:46
S015740,O019377,Out for Delivery,2025-12-01 17:53:16
S015741,O005229,Delivered,2025-06-10 10:14:11
S015742,O003149,Pickup,2025-12-29 12:29:21
S015743,O014135,Pickup,2025-07-10 13:21:27
S015744,O004567,Out for Delivery,2024-11-19 23:58:16
S015745,O009014,Out for Delivery,2025-03-02 13:00:48
S015746,O011763,Delivered,2024-05-01 03:21:22
S015747,O009562,Pickup,2025-02-06 15:25:00
S015748,O017190,In Transit,2024-09-25 01:37:47
S015749,O005253,Delivered,2024-07-02 02:37:13
S015750,O015518,Out for Delivery,2025-12-24 23:03:15
S015751,O019713,In Transit,2025-02-03 18:24:59
S015752,O018278,Delivered,2024-06-02 19:22:43
S015753,O012704,Pickup,2024-11-13 22:32:02
S015754,O013289,Out for Delivery,2025-08-30 08:47:53
S015755,O019717,Delivered,2025-02-12 02:13:51
S015756,O012002,Delivered,2025-04-19 22:49:23
S015757,O003814,Pickup,2025-08-11 02:16:24
S015758,O001272,Pickup,2025-10-18 15:28:12
S015759,O007234,Out for Delivery,2024-04-25 18:35:11
S015760,O004810,Out for Delivery,2024-04-22 10:13:34
S015761,O001074,In Transit,2025-02-04 02:15:37
S015762,O000457,Delivered,2024-04-21 21:48:02
S015763,O017405,Out for Delivery,2024-12-18 09:26:09
S015764,O016427,Delivered,2025-01-15 03:13:03
S015765,O012030,Out for Delivery,2025-11-26 09:26:10
S015766,O003582,In Transit,2024-12-17 16:17:51
S015767,O012227,In Transit,2024-06-15 16:43:02
S015768,O018420,Delivered,2025-01-01 07:28:46
S015769,O005208,Pickup,2024-10-26 13:21:26
S015770,O004727,Pickup,2025-01-01 06:58:54
S015771,O006838,Delivered,2024-07-30 22:25:56
S015772,O001823,Delivered,2024-01-11 09:52:47
S015773,O005443,Pickup,2024-04-10 20:29:00
S015774,O013386,In Transit,2025-07-31 02:37:02
S015775,O018163,In Transit,2024-04-13 22:28:45
S015776,O018119,In Transit,2025-03-27 12:09:11
S015777,O000819,Pickup,2024-10-17 19:56:16
S015778,O019821,Out for Delivery,2024-02-10 04:01:29
S015779,O014241,In Transit,2025-07-17 18:04:46
S015780,O000008,In Transit,2025-05-09 22:31:06
S015781,O014850,Delivered,2025-05-15 02:27:20
S015782,O018134,Delivered,2025-11-24 10:58:01
S015783,O008687,Pickup,2024-03-21 05:04:41
S015784,O016524,Delivered,2024-12-07 11:02:07
S015785,O015443,In Transit,2024-09-11 14:13:50
S015786,O002025,In Transit,2024-05-28 06:06:21
S015787,O011695,Pickup,2024-11-01 22:55:22
S015788,O017177,Pickup,2025-10-19 20:50:40
S015789,O003334,Out for Delivery,2025-03-29 20:57:58
S015790,O003796,Out for Delivery,2025-03-28 20:46:29
S015791,O011772,Pickup,2025-03-27 00:46:21
S015792,O000605,In Transit,2025-04-07 19:47:57
S015793,O017185,Delivered,2025-07-05 21:12:27
S015794,O016304,Pickup,2025-05-09 04:34:55
S015795,O017114,Pickup,2024-10-17 18:05:20
S015796,O009977,In Transit,2024-12-27 02:32:11
S015797,O002222,In Transit,2025-11-23 19:46:33
S015798,O000746,Delivered,2025-07-24 23:13:43
S015799,O014327,Pickup,2025-06-25 12:12:21
S015800,O017701,Pickup,2025-11-12 17:46:30
S015801,O002414,Delivered,2025-07-18 22:11:49
S015802,O007741,Pickup,2024-01-03 07:06:28
S015803,O005519,Delivered,2025-11-26 17:03:47
S015804,O012325,In Transit,2024-07-31 21:17:04
S015805,O000415,In Transit,2024-10-24 13:58:56
S015806,O002009,Delivered,2024-11-08 12:29:10
S015807,O019098,Pickup,2024-09-28 22:20:55
S015808,O013444,Delivered,2024-02-14 20:07:05
S015809,O005777,Pickup,2025-11-07 15:34:10
S015810,O017995,In Transit,2024-05-24 01:22:20
S015811,O010867,Pickup,2025-04-15 11:53:04
S015812,O002951,In Transit,2025-03-31 16:56:54
S015813,O017866,Out for Delivery,2024-05-02 23:40:41
S015814,O013193,Pickup,2025-07-16 22:05:04
S015815,O008110,In Transit,2024-08-16 15:10:55
S015816,O010622,Out for Delivery,2025-07-22 18:06:50
S015817,O000890,Pickup,2024-05-20 21:21:40
S015818,O000807,Delivered,2024-12-17 19:29:35
S015819,O010833,Out for Delivery,2025-07-22 17:34:47
S015820,O013525,In Transit,2025-10-09 18:41:04
S015821,O011650,Out for Delivery,2024-01-11 04:18:14
S015822,O000537,Out for Delivery,2024-07-24 01:42:20
S015823,O011731,In Transit,2025-01-06 10:53:01
S015824,O019095,In Transit,2025-07-12 02:26:01
S015825,O009310,Pickup,2024-01-12 23:46:15
S015826,O000534,Delivered,2024-02-01 10:31:49
S015827,O003672,Out for Delivery,2025-07-27 23:04:08
S015828,O012115,Delivered,2024-08-13 11:39:45
S015829,O001346,In Transit,2024-06-23 10:51:51
S015830,O014688,Delivered,2024-01-04 14:54:28
S015831,O002796,Pickup,2024-01-05 17:03:08
S015832,O007093,In Transit,2025-10-10 03:56:28
S015833,O010726,Pickup,2025-09-29 17:41:51
S015834,O009238,Out for Delivery,2025-05-31 03:34:39
S015835,O014267,Out for Delivery,2024-06-28 10:27:01
S015836,O015090,Out for Delivery,2024-06-11 18:31:40
S015837,O000451,Out for Delivery,2024-07-28 18:44:11
S015838,O007903,Pickup,2025-07-24 09:38:53
S015839,O005228,Delivered,2024-05-27 22:53:52
S015840,O001192,In Transit,2025-04-27 21:59:01
S015841,O013765,Pickup,2024-06-10 18:18:55
S015842,O019900,In Transit,2025-07-21 03:39:31
S015843,O000528,Out for Delivery,2024-06-17 03:36:38
S015844,O002393,In Transit,2025-05-12 18:12:07
S015845,O004916,Pickup,2024-09-11 20:38:36
S015846,O006034,Pickup,2025-03-15 06:51:28
S015847,O008586,Out for Delivery,2024-08-05 22:40:08
S015848,O004772,Pickup,2025-10-08 22:07:35
S015849,O014946,Out for Delivery,2024-06-27 03:17:49
S015850,O011471,Pickup,2025-05-02 02:34:01
S015851,O018096,Pickup,2024-10-25 16:46:18
S015852,O007047,Out for Delivery,2024-06-03 17:46:49
S015853,O006788,Out for Delivery,2025-09-19 09:58:05
S015854,O000370,Pickup,2024-09-24 20:22:36
S015855,O016169,Pickup,2024-06-28 03:27:15
S015856,O016104,In Transit,2024-10-02 04:23:23
S015857,O003808,Delivered,2024-01-06 21:07:12
S015858,O005092,Out for Delivery,2025-04-01 13:19:01
S015859,O008614,Out for Delivery,2025-12-15 02:10:33
S015860,O007424,Pickup,2025-07-08 04:50:36
S015861,O015765,Delivered,2024-11-24 07:20:44
S015862,O008955,Out for Delivery,2024-01-17 05:40:33
S015863,O002135,Pickup,2024-10-20 07:03:30
S015864,O008333,Delivered,2024-07-30 14:03:54
S015865,O010012,Delivered,2024-04-23 02:55:37
S015866,O015872,In Transit,2024-12-14 15:01:19
S015867,O004230,Pickup,2025-05-16 12:45:18
S015868,O016335,Delivered,2025-05-25 09:15:14
S015869,O004069,Out for Delivery,2025-09-02 12:29:45
S015870,O017786,Pickup,2024-09-21 20:10:33
S015871,O014691,Out for Delivery,2025-06-18 22:51:52
S015872,O004594,Out for Delivery,2025-06-18 21:43:39
S015873,O005321,Out for Delivery,2025-12-26 07:44:41
S015874,O016924,Delivered,2025-10-26 13:45:22
S015875,O017081,In Transit,2025-04-16 21:38:03
S015876,O016543,Delivered,2025-05-14 17:12:25
S015877,O016374,Pickup,2025-03-29 11:59:04
S015878,O016998,Pickup,2024-04-30 05:15:12
S015879,O000017,Pickup,2025-09-10 19:12:30
S015880,O005452,Pickup,2024-09-17 18:20:06
S015881,O011234,Delivered,2025-04-03 00:48:14
S015882,O009999,In Transit,2025-07-07 13:36:13
S015883,O013804,Pickup,2024-04-14 07:58:41
S015884,O016927,Delivered,2024-10-01 17:47:59
S015885,O011019,Delivered,2024-10-03 12:00:13
S015886,O013570,Delivered,2025-11-01 18:17:15
S015887,O011478,Delivered,2024-10-15 17:43:29
S015888,O017535,Out for Delivery,2025-07-28 17:36:25
S015889,O005510,Delivered,2024-08-20 11:23:44
S015890,O006883,Pickup,2025-01-13 06:20:26
S015891,O001086,Out for Delivery,2024-08-29 15:16:14
S015892,O012665,Out for Delivery,2024-09-14 12:06:05
S015893,O008967,In Transit,2024-06-18 06:38:05
S015894,O005546,Out for Delivery,2024-02-15 00:07:43
S015895,O017721,Out for Delivery,2024-07-11 17:19:59
S015896,O013826,In Transit,2024-10-04 14:06:17
S015897,O001728,Out for Delivery,2024-10-11 21:01:32
S015898,O019069,Pickup,2025-07-14 20:20:48
S015899,O011674,Out for Delivery,2024-02-01 13:36:22
S015900,O010372,Delivered,2025-07-08 18:08:01
S015901,O018054,Pickup,2024-10-21 22:08:06
S015902,O011179,Delivered,2024-08-30 17:08:03
S015903,O009414,In Transit,2025-12-23 13:48:46
S015904,O015734,Out for Delivery,2024-01-06 02:00:15
S015905,O016630,Delivered,2024-11-29 03:26:19
S015906,O000223,In Transit,2024-12-04 10:35:43
S015907,O014124,Out for Delivery,2024-06-03 19:40:28
S015908,O013254,In Transit,2024-08-04 08:37:57
S015909,O015145,In Transit,2024-12-06 11:37:43
S015910,O017476,In Transit,2025-12-12 01:22:27
S015911,O019332,Delivered,2024-12-31 03:28:36
S015912,O004193,Out for Delivery,2025-08-15 19:57:06
S015913,O004974,Delivered,2025-07-31 05:43:47
S015914,O012686,Pickup,2025-01-05 00:13:43
S015915,O003710,Out for Delivery,2024-03-21 06:52:23
S015916,O015717,Delivered,2025-06-26 05:31:30
S015917,O001595,In Transit,2025-03-29 19:41:28
S015918,O016207,In Transit,2025-03-04 16:12:38
S015919,O015499,Pickup,2024-11-25 14:46:24
S015920,O009806,In Transit,2025-04-14 03:13:39
S015921,O008837,In Transit,2025-08-23 05:23:38
S015922,O009410,Delivered,2024-11-19 21:14:49
S015923,O016107,Out for Delivery,2024-06-02 14:27:11
S015924,O004381,In Transit,2024-04-26 13:58:37
S015925,O005751,Pickup,2025-10-29 00:47:58
S015926,O006683,Out for Delivery,2025-03-13 05:56:49
S015927,O005171,In Transit,2025-05-30 20:03:39
S015928,O007997,In Transit,2024-12-31 17:46:53
S015929,O003739,In Transit,2024-02-05 07:36:10
S015930,O013162,In Transit,2024-09-13 11:15:26
S015931,O000679,Out for Delivery,2024-09-30 01:36:42
S015932,O007581,Pickup,2024-10-29 07:09:22
S015933,O012477,Delivered,2024-08-29 20:22:55
S015934,O002140,In Transit,2025-07-15 01:06:06
S015935,O013772,Out for Delivery,2024-09-29 21:38:50
S015936,O008167,Out for Delivery,2024-03-28 22:41:00
S015937,O010079,Delivered,2024-11-23 07:03:43
S015938,O013244,In Transit,2025-11-15 02:25:40
S015939,O016032,In Transit,2025-05-17 21:32:29
S015940,O012382,Out for Delivery,2024-07-01 16:32:06
S015941,O014806,Out for Delivery,2025-05-13 11:08:24
S015942,O012885,Out for Delivery,2024-02-09 12:01:40
S015943,O012975,Out for Delivery,2024-08-06 22:32:37
S015944,O010134,Pickup,2024-04-10 10:36:06
S015945,O009276,In Transit,2025-06-08 10:09:33
S015946,O012918,Pickup,2024-01-22 13:51:10
S015947,O000063,Pickup,2025-01-13 04:16:50
S015948,O006232,Out for Delivery,2025-02-21 09:07:27
S015949,O015195,In Transit,2025-02-05 13:45:05
S015950,O014039,Pickup,2024-06-06 21:57:44
S015951,O006304,In Transit,2025-07-28 19:17:23
S015952,O017455,Pickup,2024-05-15 19:27:31
S015953,O001789,In Transit,2024-11-15 07:46:47
S015954,O007802,Pickup,2024-03-02 12:35:39
S015955,O018504,In Transit,2024-09-29 10:25:29
S015956,O004234,Out for Delivery,2025-11-06 13:18:46
S015957,O003102,In Transit,2024-11-17 05:35:59
S015958,O006425,In Transit,2025-05-04 13:58:23
S015959,O006590,In Transit,2024-06-07 02:33:44
S015960,O011528,Delivered,2025-04-11 13:58:42
S015961,O013223,Out for Delivery,2024-06-25 15:26:10
S015962,O009101,Pickup,2025-02-09 12:18:28
S015963,O007924,In Transit,2025-03-08 10:53:35
S015964,O006679,Delivered,2025-02-20 02:34:03
S015965,O003896,In Transit,2025-04-20 01:18:42
S015966,O016838,Out for Delivery,2025-01-30 14:57:05
S015967,O013207,Pickup,2024-11-07 23:04:02
S015968,O006607,Pickup,2025-01-04 03:11:44
S015969,O015529,Out for Delivery,2025-05-10 18:10:51
S015970,O018946,Pickup,2025-08-03 19:27:36
S015971,O013512,Delivered,2025-09-28 08:09:46
S015972,O005413,In Transit,2024-06-10 14:39:32
S015973,O009481,Pickup,2024-11-01 02:07:59
S015974,O008968,In Transit,2024-08-12 12:09:04
S015975,O014939,Pickup,2024-03-21 19:08:05
S015976,O000161,Pickup,2024-05-25 12:15:08
S015977,O005821,Out for Delivery,2024-12-09 21:32:17
S015978,O016538,Delivered,2025-03-29 15:02:43
S015979,O009903,In Transit,2024-10-24 06:58:44
S015980,O006897,Delivered,2025-10-21 13:56:01
S015981,O002863,Delivered,2024-09-11 12:23:54
S015982,O009528,Out for Delivery,2024-07-08 13:03:03
S015983,O002760,Pickup,2024-03-31 10:54:30
S015984,O005607,In Transit,2025-04-15 11:19:28
S015985,O012199,In Transit,2025-06-08 04:05:59
S015986,O007472,Out for Delivery,2025-03-26 06:13:44
S015987,O012272,In Transit,2025-09-20 14:39:41
S015988,O013151,In Transit,2025-06-05 06:04:53
S015989,O011136,In Transit,2025-10-01 01:58:27
S015990,O015551,In Transit,2024-12-20 01:21:05
S015991,O004755,In Transit,2025-10-25 10:51:50
S015992,O015244,Pickup,2024-05-31 01:07:21
S015993,O002939,Out for Delivery,2025-05-29 18:22:11
S015994,O006875,Delivered,2024-01-04 07:56:45
S015995,O009991,In Transit,2024-12-01 06:57:29
S015996,O009788,In Transit,2024-05-28 21:51:28
S015997,O013956,Delivered,2025-08-28 11:55:06
S015998,O018571,Pickup,2024-11-02 10:40:19
S015999,O001562,In Transit,2024-12-13 10:52:24
S016000,O012989,Delivered,2025-11-25 10:01:02
S016001,O003333,Pickup,2024-02-03 10:16:25
S016002,O000544,Pickup,2024-07-14 19:33:22
S016003,O003418,In Transit,2024-07-17 23:14:49
S016004,O018602,In Transit,2025-01-09 09:55:14
S016005,O016319,Out for Delivery,2024-12-02 14:36:40
S016006,O005164,Out for Delivery,2025-10-01 16:24:11
S016007,O018967,Delivered,2024-02-29 04:05:38
S016008,O008027,Delivered,2024-11-24 04:28:34
S016009,O009947,Delivered,2025-10-05 02:44:36
S016010,O004094,Out for Delivery,2024-12-20 01:04:08
S016011,O019335,Pickup,2025-12-12 12:09:48
S016012,O013462,Delivered,2025-12-08 15:10:31
S016013,O008312,In Transit,2025-05-03 09:20:27
S016014,O008852,Pickup,2025-07-07 11:17:52
S016015,O019560,Delivered,2024-03-02 17:52:30
S016016,O009193,Out for Delivery,2024-01-17 14:15:25
S016017,O005360,Out for Delivery,2025-02-14 04:36:21
S016018,O018555,Out for Delivery,2025-10-08 18:19:26
S016019,O003059,In Transit,2025-06-29 00:09:58
S016020,O015207,In Transit,2025-01-05 05:00:40
S016021,O008972,Pickup,2024-07-07 00:58:32
S016022,O013227,In Transit,2024-09-29 10:40:31
S016023,O014195,Delivered,2025-09-30 21:22:52
S016024,O005767,Delivered,2024-01-16 21:07:47
S016025,O002583,Pickup,2025-06-06 02:45:47
S016026,O011764,Out for Delivery,2025-09-18 07:28:58
S016027,O006122,Pickup,2024-02-05 22:40:18
S016028,O014118,In Transit,2024-06-27 16:39:13
S016029,O004984,Out for Delivery,2025-03-06 06:49:41
S016030,O019002,In Transit,2024-06-18 15:51:11
S016031,O009514,In Transit,2024-04-27 19:10:00
S016032,O000065,Out for Delivery,2024-07-05 15:39:42
S016033,O012796,Out for Delivery,2024-09-03 05:42:38
S016034,O000252,In Transit,2024-10-10 22:48:22
S016035,O013526,Pickup,2025-06-26 08:08:11
S016036,O007715,Delivered,2024-10-06 03:46:27
S016037,O017009,Delivered,2025-11-16 23:30:40
S016038,O012266,Pickup,2024-01-05 18:54:14
S016039,O005464,Out for Delivery,2024-12-19 10:25:17
S016040,O018457,Pickup,2025-05-28 00:28:24
S016041,O000012,In Transit,2024-05-24 06:41:48
S016042,O008154,Delivered,2024-12-10 11:11:53
S016043,O008554,In Transit,2024-06-07 12:17:58
S016044,O018501,Pickup,2024-01-27 11:21:37
S016045,O008635,In Transit,2025-11-27 22:00:52
S016046,O007731,Out for Delivery,2025-12-09 13:25:17
S016047,O007901,Delivered,2025-05-25 03:07:33
S016048,O010886,Pickup,2025-01-26 07:02:54
S016049,O003424,Out for Delivery,2025-03-22 20:40:37
S016050,O009358,In Transit,2025-02-19 15:21:26
S016051,O000603,Delivered,2024-10-05 18:35:26
S016052,O008496,Out for Delivery,2024-04-23 16:44:08
S016053,O007912,In Transit,2024-10-21 10:04:28
S016054,O018788,Pickup,2024-02-07 07:38:49
S016055,O005869,Out for Delivery,2024-12-07 06:54:35
S016056,O006335,Delivered,2025-06-19 16:03:34
S016057,O003469,In Transit,2024-05-04 11:33:42
S016058,O000405,In Transit,2024-08-09 13:36:57
S016059,O001483,Out for Delivery,2025-10-28 01:47:55
S016060,O004728,Out for Delivery,2024-03-30 11:08:50
S016061,O016790,Out for Delivery,2025-08-09 23:30:25
S016062,O006486,Pickup,2025-04-19 02:50:46
S016063,O000113,In Transit,2024-04-26 08:34:12
S016064,O003287,Pickup,2024-10-11 23:14:57
S016065,O006867,In Transit,2024-05-20 18:08:42
S016066,O008598,Out for Delivery,2024-11-15 08:41:19
S016067,O017498,Delivered,2025-04-05 06:10:02
S016068,O006243,Pickup,2025-07-30 13:49:38
S016069,O018425,Pickup,2024-09-29 11:31:09
S016070,O006522,Pickup,2024-09-19 19:08:44
S016071,O017990,Delivered,2024-08-05 15:56:25
S016072,O009221,Delivered,2025-10-10 05:55:32
S016073,O019824,Delivered,2024-04-29 06:34:52
S016074,O019665,Pickup,2025-02-18 23:36:14
S016075,O002090,Out for Delivery,2025-03-04 05:16:56
S016076,O002600,In Transit,2025-06-25 01:51:12
S016077,O007507,Delivered,2025-04-09 17:24:59
S016078,O007100,In Transit,2025-08-27 21:10:15
S016079,O004711,Pickup,2024-12-22 04:24:43
S016080,O004571,Out for Delivery,2025-08-09 19:51:32
S016081,O000649,In Transit,2025-04-09 16:51:00
S016082,O007993,In Transit,2024-12-30 13:08:25
S016083,O014535,In Transit,2025-09-27 15:21:54
S016084,O007613,Pickup,2025-02-21 10:03:20
S016085,O011245,Pickup,2024-11-02 11:02:31
S016086,O002418,Delivered,2024-12-11 07:31:50
S016087,O012992,Out for Delivery,2025-06-07 14:32:57
S016088,O010247,Out for Delivery,2025-07-09 08:18:28
S016089,O014224,Pickup,2025-08-07 05:24:49
S016090,O018365,Pickup,2024-03-21 09:44:32
S016091,O016625,Out for Delivery,2024-06-24 02:57:32
S016092,O008920,Delivered,2025-07-18 04:29:35
S016093,O009804,Pickup,2025-06-08 23:06:00
S016094,O010345,Delivered,2024-01-23 17:14:22
S016095,O002921,Delivered,2025-09-03 20:08:54
S016096,O007099,In Transit,2025-08-15 19:02:27
S016097,O008856,Pickup,2025-02-03 10:14:36
S016098,O004407,In Transit,2024-05-28 12:31:46
S016099,O008445,Pickup,2024-05-04 15:32:36
S016100,O003590,Delivered,2025-10-11 21:02:54
S016101,O016102,Delivered,2024-10-23 22:45:54
S016102,O011570,Delivered,2025-10-05 11:48:14
S016103,O013997,Out for Delivery,2025-08-03 09:57:49
S016104,O000642,Out for Delivery,2024-09-22 07:49:58
S016105,O005209,Out for Delivery,2025-08-29 00:47:26
S016106,O005210,Delivered,2025-06-05 01:42:38
S016107,O017551,In Transit,2025-07-25 03:45:51
S016108,O013287,In Transit,2024-02-06 06:25:24
S016109,O017259,Pickup,2024-02-03 00:07:35
S016110,O006782,Pickup,2024-07-20 01:21:03
S016111,O007315,Out for Delivery,2024-05-07 02:06:06
S016112,O010817,Out for Delivery,2025-01-03 04:40:00
S016113,O018039,In Transit,2025-06-09 00:00:06
S016114,O015123,Delivered,2025-07-09 07:38:03
S016115,O007222,In Transit,2025-09-01 05:49:16
S016116,O002421,Pickup,2025-07-26 21:39:03
S016117,O017951,Pickup,2025-09-02 05:32:18
S016118,O013448,Pickup,2024-06-04 19:41:59
S016119,O014861,In Transit,2025-05-31 11:48:47
S016120,O006413,In Transit,2025-08-26 02:15:04
S016121,O010138,Out for Delivery,2024-04-28 10:31:57
S016122,O017986,Pickup,2024-11-26 01:18:09
S016123,O010761,Delivered,2025-02-08 15:50:11
S016124,O017737,Delivered,2025-03-09 09:17:30
S016125,O008433,Pickup,2025-08-01 10:42:25
S016126,O006513,Pickup,2024-11-29 13:54:27
S016127,O004596,Out for Delivery,2025-12-31 14:04:25
S016128,O000433,Out for Delivery,2024-07-25 06:05:25
S016129,O005682,Out for Delivery,2024-04-18 08:17:59
S016130,O019177,Delivered,2025-07-01 15:11:43
S016131,O015808,In Transit,2024-12-28 17:34:18
S016132,O018156,Delivered,2025-03-12 18:46:25
S016133,O000864,Delivered,2024-09-06 11:47:23
S016134,O013793,In Transit,2024-10-07 10:25:41
S016135,O011068,Out for Delivery,2025-01-28 23:51:15
S016136,O018527,Delivered,2025-01-16 10:08:50
S016137,O016791,Out for Delivery,2025-04-14 21:49:21
S016138,O002103,Pickup,2025-06-21 21:43:41
S016139,O018926,Pickup,2024-11-08 19:45:38
S016140,O008322,Out for Delivery,2024-04-28 00:04:06
S016141,O003935,Delivered,2025-12-29 23:49:49
S016142,O011430,Out for Delivery,2025-04-28 02:19:30
S016143,O001051,In Transit,2025-03-08 05:36:24
S016144,O004167,Out for Delivery,2025-01-31 09:14:20
S016145,O003661,In Transit,2024-08-19 21:10:12
S016146,O004251,In Transit,2025-12-17 14:54:04
S016147,O019233,Pickup,2024-12-31 08:42:01
S016148,O001242,Pickup,2024-11-09 19:51:48
S016149,O013730,Delivered,2024-01-14 23:00:29
S016150,O003900,Pickup,2024-09-29 08:12:33
S016151,O017309,In Transit,2025-07-23 06:18:36
S016152,O019953,Pickup,2024-09-10 02:21:04
S016153,O017575,In Transit,2024-11-13 09:54:09
S016154,O002214,Pickup,2025-12-23 15:33:38
S016155,O010729,Delivered,2025-04-18 11:28:55
S016156,O005483,In Transit,2025-09-07 05:34:51
S016157,O010809,Pickup,2024-10-27 20:38:10
S016158,O019110,In Transit,2025-05-27 10:13:52
S016159,O011077,In Transit,2024-04-05 05:55:30
S016160,O013768,In Transit,2024-08-27 11:06:19
S016161,O012749,In Transit,2024-02-19 15:01:16
S016162,O002251,Pickup,2025-12-19 09:53:30
S016163,O007091,Out for Delivery,2024-11-02 02:47:14
S016164,O003903,In Transit,2025-11-19 19:35:28
S016165,O012159,Out for Delivery,2025-10-29 07:00:42
S016166,O010468,Pickup,2024-11-24 05:50:03
S016167,O007376,In Transit,2024-03-21 04:15:14
S016168,O009382,Pickup,2025-05-05 09:45:53
S016169,O015719,In Transit,2025-08-21 23:18:41
S016170,O015648,In Transit,2025-12-11 10:54:23
S016171,O010785,Pickup,2024-03-11 11:51:25
S016172,O007310,Pickup,2024-11-05 08:23:57
S016173,O002536,Pickup,2025-12-04 15:59:40
S016174,O017896,Pickup,2025-06-18 01:51:11
S016175,O010652,Delivered,2025-05-10 06:35:50
S016176,O012333,Out for Delivery,2024-11-23 06:24:35
S016177,O002171,Delivered,2025-11-03 17:30:59
S016178,O007591,Pickup,2024-12-02 06:05:31
S016179,O007912,In Transit,2024-01-25 17:44:43
S016180,O001060,Pickup,2024-05-10 21:53:10
S016181,O015897,Out for Delivery,2025-08-01 01:06:06
S016182,O019009,Pickup,2024-08-05 17:39:46
S016183,O010515,Delivered,2024-01-03 00:09:47
S016184,O006016,In Transit,2025-11-25 03:46:20
S016185,O002655,Pickup,2024-05-09 21:20:13
S016186,O000095,In Transit,2025-05-14 06:50:50
S016187,O012586,Delivered,2025-05-23 04:09:47
S016188,O004552,In Transit,2024-10-16 23:41:37
S016189,O007170,Out for Delivery,2024-10-16 17:22:16
S016190,O002294,Pickup,2024-02-24 18:58:00
S016191,O000094,Delivered,2024-06-21 09:46:40
S016192,O004122,Pickup,2024-12-15 22:14:35
S016193,O007262,Out for Delivery,2024-09-05 01:44:42
S016194,O017539,Pickup,2025-06-09 07:11:46
S016195,O002542,Delivered,2024-03-10 08:20:27
S016196,O003651,Pickup,2025-07-19 20:58:15
S016197,O001415,Delivered,2024-12-29 21:56:37
S016198,O008411,Delivered,2024-04-23 10:25:19
S016199,O014885,In Transit,2024-05-06 15:23:10
S016200,O014109,In Transit,2024-07-31 06:37:08
S016201,O004389,In Transit,2024-09-11 16:16:43
S016202,O003618,Out for Delivery,2024-07-06 18:17:24
S016203,O018673,In Transit,2025-04-20 05:22:27
S016204,O012770,Out for Delivery,2024-05-19 00:10:36
S016205,O003725,Delivered,2024-05-03 08:15:18
S016206,O017649,Pickup,2025-08-08 10:33:41
S016207,O008803,Out for Delivery,2025-06-12 07:50:59
S016208,O006478,Pickup,2025-03-02 07:16:32
S016209,O008878,Out for Delivery,2024-08-21 13:53:02
S016210,O005373,In Transit,2025-04-25 22:35:02
S016211,O006125,In Transit,2024-01-23 18:02:26
S016212,O007455,Out for Delivery,2025-12-28 04:36:43
S016213,O013504,Out for Delivery,2024-03-05 06:44:08
S016214,O018053,In Transit,2024-07-06 05:32:24
S016215,O008400,Delivered,2024-10-09 08:02:50
S016216,O015993,In Transit,2025-07-15 01:24:16
S016217,O003217,Out for Delivery,2024-05-14 22:55:00
S016218,O010267,Out for Delivery,2025-01-13 11:51:59
S016219,O009827,Pickup,2024-10-05 08:12:57
S016220,O008387,Out for Delivery,2024-05-11 03:09:47
S016221,O019469,Delivered,2024-03-24 08:00:28
S016222,O016412,Pickup,2025-03-27 14:52:25
S016223,O006299,Pickup,2025-11-03 01:30:19
S016224,O001840,In Transit,2024-12-24 12:53:03
S016225,O013594,Out for Delivery,2024-04-02 11:02:00
S016226,O014528,In Transit,2024-07-12 09:50:22
S016227,O011360,Out for Delivery,2025-03-23 00:03:28
S016228,O006512,Delivered,2024-01-11 09:23:38
S016229,O009380,Out for Delivery,2024-04-17 02:26:21
S016230,O002228,Pickup,2024-09-28 10:06:17
S016231,O012373,Out for Delivery,2025-07-10 15:20:12
S016232,O000164,Pickup,2025-07-27 17:17:00
S016233,O016338,In Transit,2025-02-08 22:32:09
S016234,O013829,Pickup,2025-05-20 19:00:26
S016235,O019712,Delivered,2025-10-15 22:58:30
S016236,O018603,Delivered,2024-01-28 22:30:08
S016237,O005706,In Transit,2024-03-09 03:54:42
S016238,O017306,Out for Delivery,2024-12-04 00:36:02
S016239,O016759,Delivered,2024-03-09 04:33:44
S016240,O019660,Out for Delivery,2025-07-12 10:38:52
S016241,O010925,Pickup,2024-04-15 08:01:41
S016242,O007159,In Transit,2024-09-08 12:59:31
S016243,O006856,Delivered,2024-11-01 14:08:42
S016244,O006623,Delivered,2024-01-05 02:43:19
S016245,O019044,Out for Delivery,2024-04-18 12:12:13
S016246,O016773,Out for Delivery,2025-05-19 06:28:12
S016247,O002899,Delivered,2024-01-28 18:43:18
S016248,O011657,Pickup,2024-01-27 05:37:29
S016249,O010847,Pickup,2024-09-02 10:48:09
S016250,O004322,Pickup,2025-11-26 15:00:07
S016251,O008425,Pickup,2024-03-20 07:23:09
S016252,O004751,Pickup,2025-06-04 12:01:09
S016253,O017064,Delivered,2024-01-17 00:40:53
S016254,O010641,In Transit,2024-11-21 11:32:57
S016255,O019528,Out for Delivery,2025-02-10 22:55:16
S016256,O019732,Delivered,2025-07-14 16:34:45
S016257,O009368,Delivered,2025-10-26 22:07:02
S016258,O010674,In Transit,2024-06-17 19:46:52
S016259,O011735,Delivered,2025-03-08 16:53:10
S016260,O015231,Pickup,2024-07-03 01:10:36
S016261,O013383,In Transit,2025-10-01 22:01:06
S016262,O006145,Pickup,2024-06-20 06:30:35
S016263,O002107,Delivered,2024-07-07 01:26:50
S016264,O010636,Pickup,2024-04-06 12:16:32
S016265,O015117,Delivered,2025-08-11 03:13:31
S016266,O002036,Delivered,2025-12-02 04:05:23
S016267,O015921,Delivered,2024-08-04 09:48:03
S016268,O013347,Out for Delivery,2024-07-30 19:13:47
S016269,O002437,Pickup,2024-07-27 00:03:33
S016270,O012350,Out for Delivery,2025-01-26 04:28:14
S016271,O009168,Out for Delivery,2024-06-23 00:10:06
S016272,O011722,Out for Delivery,2024-08-10 03:43:20
S016273,O014019,Delivered,2025-05-15 05:59:23
S016274,O000601,Pickup,2025-11-21 17:18:33
S016275,O006010,Out for Delivery,2024-03-08 09:51:16
S016276,O017616,Delivered,2024-02-14 07:36:03
S016277,O008447,Out for Delivery,2024-10-01 13:35:36
S016278,O002692,Delivered,2025-10-29 14:01:57
S016279,O000477,Delivered,2024-05-15 21:45:38
S016280,O005872,Delivered,2024-03-29 23:26:43
S016281,O002584,Delivered,2024-03-01 23:05:31
S016282,O003929,Delivered,2024-03-08 01:27:33
S016283,O012897,Delivered,2025-05-08 09:24:54
S016284,O011071,Delivered,2024-09-22 16:01:40
S016285,O015212,Pickup,2024-07-21 22:21:26
S016286,O012553,In Transit,2024-05-26 05:18:17
S016287,O010585,Delivered,2024-02-25 12:35:14
S016288,O006446,In Transit,2024-12-08 22:46:44
S016289,O012334,Pickup,2024-10-03 14:12:13
S016290,O001611,Delivered,2025-06-22 09:12:14
S016291,O000703,Pickup,2025-11-28 03:53:56
S016292,O009467,Out for Delivery,2025-05-17 13:22:51
S016293,O002159,Pickup,2025-11-18 07:53:02
S016294,O015881,In Transit,2024-09-20 06:32:19
S016295,O008449,Delivered,2025-10-28 00:11:49
S016296,O019447,Out for Delivery,2025-02-03 20:53:51
S016297,O014256,Out for Delivery,2025-04-06 10:17:47
S016298,O006219,Out for Delivery,2025-03-17 18:39:28
S016299,O004993,Delivered,2024-05-29 04:03:20
S016300,O015224,In Transit,2025-12-25 15:03:01
S016301,O016500,In Transit,2025-11-22 04:11:46
S016302,O016477,Pickup,2025-09-11 19:01:18
S016303,O000599,Delivered,2025-10-19 18:50:49
S016304,O012695,Out for Delivery,2024-08-27 09:06:16
S016305,O002848,Delivered,2025-04-16 01:26:28
S016306,O016856,Out for Delivery,2025-04-17 03:17:08
S016307,O014496,Delivered,2025-06-27 06:00:13
S016308,O010741,Delivered,2024-12-17 09:15:15
S016309,O013280,Pickup,2024-07-06 08:24:43
S016310,O015994,In Transit,2024-03-30 13:08:19
S016311,O015826,Pickup,2025-07-22 20:26:37
S016312,O017344,Out for Delivery,2025-09-15 00:19:32
S016313,O010770,Delivered,2024-11-23 07:02:54
S016314,O018865,Pickup,2025-10-15 16:01:02
S016315,O003418,Pickup,2024-12-07 03:00:47
S016316,O005091,Out for Delivery,2025-05-06 03:40:22
S016317,O019535,Pickup,2025-07-31 15:09:59
S016318,O008429,Out for Delivery,2024-07-20 02:01:42
S016319,O017161,Pickup,2024-12-08 02:18:24
S016320,O004588,Pickup,2025-09-19 16:17:58
S016321,O007227,Out for Delivery,2025-03-11 10:21:11
S016322,O008487,Pickup,2025-01-14 13:24:58
S016323,O019058,Out for Delivery,2024-06-19 17:04:23
S016324,O011618,In Transit,2024-03-22 23:17:46
S016325,O008539,Delivered,2025-01-01 19:57:17
S016326,O010794,Delivered,2024-08-04 16:57:49
S016327,O014669,Out for Delivery,2025-02-14 21:25:47
S016328,O015233,Pickup,2024-03-26 21:14:54
S016329,O012294,Delivered,2024-06-11 13:34:48
S016330,O011169,Pickup,2025-09-25 09:53:50
S016331,O008499,In Transit,2024-07-25 11:16:40
S016332,O014859,Out for Delivery,2024-08-13 07:08:27
S016333,O006683,Out for Delivery,2025-04-20 09:24:51
S016334,O018672,Pickup,2024-11-18 16:34:07
S016335,O005783,Out for Delivery,2024-06-08 17:31:02
S016336,O009329,Delivered,2024-03-19 16:02:52
S016337,O014353,In Transit,2024-10-17 18:39:17
S016338,O019344,Delivered,2024-03-23 16:22:23
S016339,O007077,Delivered,2025-06-08 04:48:10
S016340,O013805,In Transit,2025-02-13 15:58:11
S016341,O003899,Delivered,2024-08-14 19:08:45
S016342,O016066,Pickup,2024-08-09 15:48:39
S016343,O002925,Pickup,2024-05-17 09:39:50
S016344,O005498,Pickup,2025-04-18 21:20:38
S016345,O015424,Delivered,2024-06-25 12:10:35
S016346,O008730,In Transit,2025-01-30 01:17:38
S016347,O016038,Delivered,2025-07-25 06:08:34
S016348,O009930,Out for Delivery,2025-02-05 03:04:47
S016349,O010493,Pickup,2025-11-06 02:47:33
S016350,O003138,Out for Delivery,2024-03-31 18:11:20
S016351,O014790,Out for Delivery,2024-12-30 22:39:24
S016352,O016199,Delivered,2025-07-19 10:57:45
S016353,O007999,Pickup,2025-04-02 23:49:26
S016354,O017164,In Transit,2024-01-21 06:02:38
S016355,O017698,In Transit,2024-06-13 12:21:49
S016356,O017843,Pickup,2024-12-19 05:11:01
S016357,O003977,In Transit,2024-07-15 04:35:23
S016358,O008449,In Transit,2024-08-07 16:35:49
S016359,O009935,Pickup,2025-11-15 22:54:40
S016360,O001692,Delivered,2025-03-29 03:22:42
S016361,O012442,Pickup,2024-02-14 11:59:27
S016362,O019146,Pickup,2024-02-24 12:31:44
S016363,O012083,Out for Delivery,2024-01-13 16:00:44
S016364,O012185,In Transit,2024-04-07 23:52:22
S016365,O001503,In Transit,2025-07-09 03:43:40
S016366,O012377,Out for Delivery,2024-12-20 14:06:56
S016367,O010814,Out for Delivery,2024-01-14 03:57:08
S016368,O005457,In Transit,2025-06-29 19:32:21
S016369,O001238,Out for Delivery,2025-08-30 16:16:45
S016370,O002174,Pickup,2025-09-13 11:23:37
S016371,O003593,Pickup,2025-10-07 15:20:24
S016372,O014072,In Transit,2025-04-07 04:20:46
S016373,O010314,Delivered,2025-06-13 03:04:28
S016374,O012056,Pickup,2025-10-22 12:30:44
S016375,O004040,Pickup,2024-04-29 08:29:52
S016376,O011432,Pickup,2024-05-16 12:45:40
S016377,O005706,Pickup,2024-02-18 18:22:27
S016378,O017915,Delivered,2024-08-24 20:37:20
S016379,O007556,Out for Delivery,2024-09-25 09:08:43
S016380,O004899,Out for Delivery,2024-06-12 23:44:08
S016381,O016414,Out for Delivery,2024-10-11 15:24:21
S016382,O014183,In Transit,2024-09-19 05:57:21
S016383,O004356,In Transit,2024-06-14 23:50:59
S016384,O004061,Delivered,2025-01-14 12:13:15
S016385,O012086,Delivered,2024-03-25 20:39:01
S016386,O009079,Out for Delivery,2024-02-21 02:22:45
S016387,O000263,Delivered,2025-04-22 07:37:14
S016388,O010471,In Transit,2025-03-27 17:43:16
S016389,O015281,Delivered,2025-04-04 05:57:10
S016390,O006242,Delivered,2024-11-02 03:14:19
S016391,O000518,Out for Delivery,2025-10-31 04:46:42
S016392,O004951,Pickup,2025-04-08 07:55:44
S016393,O011710,In Transit,2025-04-08 08:50:33
S016394,O003678,Out for Delivery,2024-09-01 00:04:37
S016395,O000806,In Transit,2025-02-15 00:29:42
S016396,O010336,In Transit,2025-05-16 01:01:37
S016397,O007965,In Transit,2025-08-14 23:13:54
S016398,O006101,In Transit,2025-06-08 09:48:37
S016399,O011521,In Transit,2024-10-10 14:42:11
S016400,O001315,Delivered,2024-08-10 09:27:29
S016401,O009403,Pickup,2024-04-12 09:15:23
S016402,O016341,Out for Delivery,2024-02-09 04:26:30
S016403,O017651,In Transit,2025-07-23 22:54:33
S016404,O014323,Delivered,2024-10-25 20:51:17
S016405,O009906,Pickup,2025-11-22 16:32:16
S016406,O013977,Delivered,2024-01-26 07:23:16
S016407,O004368,Out for Delivery,2024-01-17 18:05:28
S016408,O012722,Pickup,2025-07-30 10:14:20
S016409,O000060,Delivered,2024-03-13 07:34:15
S016410,O006112,Out for Delivery,2025-11-14 20:58:35
S016411,O016910,Delivered,2024-09-14 22:15:26
S016412,O000776,Delivered,2025-10-27 19:38:53
S016413,O011878,Out for Delivery,2025-05-10 04:40:46
S016414,O018659,Out for Delivery,2024-10-27 11:19:00
S016415,O017404,Pickup,2024-01-29 10:11:16
S016416,O011808,Delivered,2025-08-24 05:06:13
S016417,O003739,Delivered,2025-06-25 20:23:46
S016418,O002080,In Transit,2024-07-02 08:33:00
S016419,O017134,Out for Delivery,2025-10-09 12:18:14
S016420,O000332,Out for Delivery,2024-12-27 09:11:47
S016421,O015518,Pickup,2025-10-20 03:46:33
S016422,O010135,Out for Delivery,2024-10-09 12:22:07
S016423,O005464,Pickup,2024-06-01 04:03:33
S016424,O009292,Delivered,2024-07-19 15:20:43
S016425,O002985,In Transit,2025-12-23 01:51:35
S016426,O006329,Delivered,2025-04-27 09:14:52
S016427,O012428,Delivered,2024-03-21 23:23:53
S016428,O008015,Pickup,2025-11-21 22:25:20
S016429,O015952,In Transit,2024-10-23 22:35:36
S016430,O007212,Out for Delivery,2024-09-16 05:29:52
S016431,O009291,Delivered,2025-04-29 13:10:36
S016432,O008316,In Transit,2025-11-16 18:14:16
S016433,O008452,In Transit,2025-09-28 04:13:51
S016434,O010419,Pickup,2025-05-28 08:16:06
S016435,O019448,Out for Delivery,2024-03-18 19:23:28
S016436,O011300,Delivered,2024-10-01 04:57:58
S016437,O005184,Out for Delivery,2024-07-19 23:43:06
S016438,O014859,Pickup,2024-07-24 06:02:03
S016439,O006151,Pickup,2024-12-08 23:49:49
S016440,O002932,Delivered,2025-12-28 16:43:33
S016441,O000029,Pickup,2025-12-23 12:08:36
S016442,O014617,Pickup,2025-09-08 07:19:50
S016443,O012088,Delivered,2024-03-31 09:51:06
S016444,O018458,In Transit,2025-08-29 08:53:30
S016445,O015151,Pickup,2025-05-02 08:22:07
S016446,O006699,Pickup,2025-05-30 02:05:49
S016447,O002420,Pickup,2024-07-07 20:23:32
S016448,O004335,Pickup,2025-12-10 06:12:46
S016449,O018725,Pickup,2025-06-30 11:28:22
S016450,O005096,Delivered,2024-05-30 00:59:19
S016451,O005092,Delivered,2025-09-24 19:39:36
S016452,O000437,Pickup,2024-03-22 11:47:39
S016453,O012104,Out for Delivery,2025-06-03 01:55:27
S016454,O003484,Out for Delivery,2024-10-05 23:38:28
S016455,O002658,Delivered,2024-06-27 19:18:30
S016456,O004743,In Transit,2025-04-07 23:58:34
S016457,O017840,In Transit,2025-06-14 16:24:04
S016458,O002245,In Transit,2025-03-06 17:28:06
S016459,O014655,Out for Delivery,2024-07-03 22:24:50
S016460,O004413,Out for Delivery,2024-12-19 00:40:26
S016461,O009713,Delivered,2025-04-08 19:21:47
S016462,O007667,Pickup,2024-11-29 10:52:12
S016463,O014221,In Transit,2024-11-05 20:05:44
S016464,O007388,Delivered,2025-01-07 23:02:54
S016465,O009294,Delivered,2024-04-21 14:38:18
S016466,O018709,Out for Delivery,2025-04-05 07:26:08
S016467,O009387,Pickup,2025-01-23 10:43:50
S016468,O015299,Pickup,2025-06-22 13:52:42
S016469,O010111,In Transit,2024-11-27 14:14:14
S016470,O018729,Out for Delivery,2025-04-03 16:21:46
S016471,O014664,Delivered,2024-04-05 18:06:22
S016472,O009682,Out for Delivery,2025-05-06 09:52:09
S016473,O012671,In Transit,2024-06-27 01:47:25
S016474,O009959,Pickup,2024-04-03 17:54:53
S016475,O006698,Out for Delivery,2024-02-08 00:46:37
S016476,O013581,Delivered,2024-03-18 01:16:53
S016477,O003809,In Transit,2024-10-18 12:00:04
S016478,O014250,In Transit,2024-12-17 01:25:57
S016479,O007116,Delivered,2024-07-10 16:33:09
S016480,O001088,Pickup,2024-08-09 19:50:00
S016481,O011449,Delivered,2024-09-22 22:01:51
S016482,O016144,In Transit,2025-06-07 18:21:59
S016483,O014700,In Transit,2024-02-02 18:35:48
S016484,O009956,Out for Delivery,2025-03-21 13:59:20
S016485,O006969,Pickup,2025-04-11 20:37:58
S016486,O014480,Delivered,2025-04-09 06:59:21
S016487,O011907,Delivered,2025-11-04 10:42:51
S016488,O001341,In Transit,2025-03-09 13:34:02
S016489,O002291,Delivered,2024-07-07 07:14:31
S016490,O007736,Out for Delivery,2025-04-07 19:29:09
S016491,O016385,Out for Delivery,2025-02-17 07:13:54
S016492,O018934,Out for Delivery,2025-03-25 19:09:59
S016493,O018350,In Transit,2024-08-14 21:17:16
S016494,O008266,In Transit,2025-01-30 18:30:42
S016495,O018597,Delivered,2025-06-27 15:12:28
S016496,O002377,Out for Delivery,2025-11-19 18:18:02
S016497,O003554,Delivered,2024-11-29 22:49:48
S016498,O015416,Delivered,2025-11-24 09:28:40
S016499,O009666,Pickup,2024-11-02 16:52:31
S016500,O017572,Pickup,2025-11-26 06:42:19
S016501,O004620,Delivered,2024-04-09 19:34:45
S016502,O004514,Out for Delivery,2025-03-01 06:57:04
S016503,O003063,Delivered,2024-06-27 02:41:03
S016504,O003229,Delivered,2024-01-13 20:30:10
S016505,O003981,Pickup,2024-10-23 13:34:59
S016506,O019889,Pickup,2025-06-10 12:11:13
S016507,O010434,Pickup,2024-10-30 08:30:32
S016508,O001927,Delivered,2024-12-20 04:01:13
S016509,O011540,In Transit,2025-01-30 12:37:20
S016510,O005907,In Transit,2025-09-17 04:35:41
S016511,O009992,Delivered,2025-09-04 20:16:45
S016512,O003923,In Transit,2024-12-25 02:07:09
S016513,O008699,Delivered,2025-11-03 17:17:36
S016514,O010861,In Transit,2024-09-23 00:50:10
S016515,O014005,Delivered,2025-05-28 11:00:08
S016516,O004455,Delivered,2025-03-10 18:04:13
S016517,O010128,In Transit,2025-12-08 20:24:51
S016518,O005040,Delivered,2025-01-03 00:50:24
S016519,O000395,Out for Delivery,2024-03-26 04:52:45
S016520,O019566,Pickup,2024-11-03 15:19:01
S016521,O012462,Delivered,2025-04-02 23:55:49
S016522,O000756,Delivered,2025-07-30 19:07:51
S016523,O001234,Delivered,2025-09-29 21:18:35
S016524,O017030,Pickup,2024-06-24 05:51:59
S016525,O011402,Out for Delivery,2024-05-09 07:52:59
S016526,O019040,Pickup,2025-07-25 13:58:41
S016527,O000581,In Transit,2024-12-17 00:53:41
S016528,O016014,In Transit,2025-11-08 23:28:32
S016529,O002244,In Transit,2024-09-30 07:26:26
S016530,O006508,Out for Delivery,2024-03-19 13:11:51
S016531,O010684,In Transit,2024-11-08 13:39:02
S016532,O002859,In Transit,2024-01-06 13:57:34
S016533,O009392,In Transit,2024-11-14 19:59:57
S016534,O004624,Delivered,2024-03-31 17:08:56
S016535,O008284,In Transit,2025-09-09 00:19:43
S016536,O004168,Delivered,2024-04-29 09:34:41
S016537,O005844,Out for Delivery,2025-07-16 02:48:41
S016538,O016401,Pickup,2025-03-26 19:46:14
S016539,O006024,Pickup,2024-10-16 04:10:17
S016540,O013036,Delivered,2024-01-18 08:20:29
S016541,O010215,Pickup,2024-08-25 01:31:40
S016542,O009082,Out for Delivery,2024-07-26 14:06:08
S016543,O011990,Delivered,2024-06-04 01:51:57
S016544,O002555,Out for Delivery,2025-05-17 10:30:59
S016545,O004062,Delivered,2024-05-13 14:04:16
S016546,O009742,Out for Delivery,2024-12-01 02:56:33
S016547,O011765,Pickup,2025-01-19 14:11:22
S016548,O007423,Delivered,2024-11-03 08:47:01
S016549,O012085,Out for Delivery,2025-03-24 09:39:10
S016550,O012870,Delivered,2024-03-18 21:57:50
S016551,O004315,Delivered,2025-06-02 06:33:46
S016552,O007543,Out for Delivery,2025-09-22 16:00:34
S016553,O006306,In Transit,2024-10-09 14:32:32
S016554,O000833,Out for Delivery,2025-04-10 20:24:56
S016555,O002460,Out for Delivery,2024-02-12 04:16:07
S016556,O002831,Pickup,2025-05-26 07:24:27
S016557,O007080,Out for Delivery,2025-10-04 15:14:56
S016558,O010780,In Transit,2025-01-25 06:06:27
S016559,O016714,In Transit,2024-07-29 07:53:52
S016560,O017711,Out for Delivery,2024-04-03 05:33:02
S016561,O008893,Delivered,2024-02-13 04:13:55
S016562,O009424,Delivered,2024-04-07 06:06:30
S016563,O003609,Delivered,2024-03-19 05:49:16
S016564,O003397,In Transit,2025-04-10 00:25:10
S016565,O013476,In Transit,2025-02-20 12:11:28
S016566,O016824,Pickup,2025-11-29 13:14:08
S016567,O001490,Out for Delivery,2025-09-23 08:55:10
S016568,O009748,In Transit,2025-07-22 19:29:49
S016569,O015770,Out for Delivery,2025-12-26 15:43:13
S016570,O009616,Out for Delivery,2025-09-15 02:54:24
S016571,O018954,Pickup,2024-04-30 14:54:01
S016572,O018948,Delivered,2024-06-24 08:30:00
S016573,O017392,Pickup,2025-06-17 05:33:38
S016574,O006333,In Transit,2025-10-29 00:37:38
S016575,O005538,In Transit,2024-02-13 05:29:56
S016576,O002345,Pickup,2025-07-22 19:29:09
S016577,O003357,Out for Delivery,2024-02-11 01:54:21
S016578,O016451,Out for Delivery,2024-02-24 01:31:10
S016579,O009184,Delivered,2025-09-28 08:41:43
S016580,O004881,In Transit,2024-08-30 08:39:11
S016581,O014067,Delivered,2025-05-14 19:21:06
S016582,O002274,Pickup,2024-06-17 08:17:35
S016583,O010952,In Transit,2025-10-05 11:01:06
S016584,O015245,In Transit,2024-07-25 05:22:46
S016585,O001882,Delivered,2025-09-18 17:53:07
S016586,O009662,In Transit,2024-11-01 15:34:08
S016587,O007843,Delivered,2024-09-07 17:48:25
S016588,O017439,In Transit,2025-08-09 19:42:31
S016589,O007200,In Transit,2025-11-01 20:41:17
S016590,O008363,In Transit,2025-12-11 10:55:50
S016591,O007764,Out for Delivery,2025-05-17 20:55:14
S016592,O012914,In Transit,2025-05-30 10:02:40
S016593,O011865,Out for Delivery,2025-01-02 10:18:24
S016594,O003389,Delivered,2024-02-20 07:01:25
S016595,O018392,Delivered,2025-05-11 21:02:28
S016596,O006423,Delivered,2024-01-16 03:24:43
S016597,O007305,Delivered,2025-02-12 06:43:02
S016598,O014329,Delivered,2024-04-23 05:38:25
S016599,O000300,Delivered,2025-09-26 09:26:00
S016600,O002324,Delivered,2024-12-16 15:26:54
S016601,O008435,Out for Delivery,2025-02-12 22:38:27
S016602,O011624,Pickup,2025-02-05 23:46:18
S016603,O003097,Delivered,2024-08-19 12:10:54
S016604,O015346,In Transit,2025-10-06 04:26:06
S016605,O017045,Out for Delivery,2025-05-31 03:05:35
S016606,O017167,Out for Delivery,2025-05-05 19:45:30
S016607,O000623,Out for Delivery,2025-10-20 01:42:32
S016608,O008184,Pickup,2025-08-20 19:48:32
S016609,O014857,In Transit,2024-07-14 18:48:53
S016610,O009482,Pickup,2025-12-08 10:48:41
S016611,O011078,Out for Delivery,2025-10-15 17:50:18
S016612,O001102,Delivered,2024-08-27 11:20:32
S016613,O010526,Pickup,2025-12-21 02:55:09
S016614,O001335,Delivered,2024-10-17 10:41:23
S016615,O018592,In Transit,2024-01-17 00:25:29
S016616,O017639,In Transit,2025-09-25 08:11:48
S016617,O001336,Delivered,2024-11-26 04:04:29
S016618,O008002,Delivered,2024-02-07 22:46:31
S016619,O007450,Out for Delivery,2025-03-18 21:39:25
S016620,O014816,Pickup,2025-12-22 01:09:25
S016621,O015754,In Transit,2025-11-30 22:20:58
S016622,O017342,Pickup,2024-10-24 10:50:52
S016623,O001749,Pickup,2024-11-03 15:16:47
S016624,O017042,Pickup,2024-10-26 08:04:31
S016625,O016703,In Transit,2025-10-21 10:41:15
S016626,O019002,Out for Delivery,2024-08-12 20:32:39
S016627,O000526,Out for Delivery,2024-03-23 23:54:49
S016628,O005256,In Transit,2025-01-07 12:00:37
S016629,O006204,Delivered,2024-12-17 00:55:56
S016630,O007368,Out for Delivery,2025-04-22 11:23:49
S016631,O006497,In Transit,2024-08-21 14:42:19
S016632,O007493,Delivered,2025-01-23 06:53:59
S016633,O000088,Out for Delivery,2024-08-19 09:54:43
S016634,O000147,Delivered,2025-10-06 06:51:27
S016635,O009088,Out for Delivery,2025-07-20 12:47:07
S016636,O009209,In Transit,2024-03-03 05:25:42
S016637,O019932,Out for Delivery,2024-08-03 08:32:54
S016638,O010573,Delivered,2025-01-31 17:27:21
S016639,O010516,Out for Delivery,2024-05-12 16:46:51
S016640,O006459,Out for Delivery,2025-07-29 20:07:19
S016641,O000995,In Transit,2024-01-22 16:10:35
S016642,O011349,Pickup,2024-04-13 14:26:31
S016643,O007320,Pickup,2025-09-17 04:50:58
S016644,O005818,Delivered,2025-09-11 21:55:20
S016645,O007851,Delivered,2024-11-11 17:37:51
S016646,O016523,In Transit,2024-06-30 12:14:47
S016647,O011719,Pickup,2025-12-31 22:59:54
S016648,O003005,Delivered,2024-04-14 02:36:03
S016649,O001334,Delivered,2024-03-23 05:17:44
S016650,O009069,In Transit,2025-10-01 03:07:48
S016651,O005711,Pickup,2025-02-21 03:16:02
S016652,O004841,In Transit,2025-04-23 02:08:36
S016653,O017600,Out for Delivery,2024-12-21 04:39:47
S016654,O014758,In Transit,2025-01-13 12:28:20
S016655,O001698,Delivered,2024-10-30 22:57:54
S016656,O006464,In Transit,2025-02-09 11:01:50
S016657,O013445,In Transit,2025-04-26 14:37:50
S016658,O010396,Pickup,2025-12-18 23:57:39
S016659,O001862,Pickup,2025-07-03 07:32:27
S016660,O004812,Pickup,2025-05-31 08:29:15
S016661,O005254,Pickup,2025-07-18 19:39:21
S016662,O010347,In Transit,2024-04-20 08:14:22
S016663,O007496,Pickup,2024-07-15 10:13:45
S016664,O016840,Out for Delivery,2024-04-08 06:15:42
S016665,O018418,Delivered,2024-04-11 10:52:57
S016666,O008316,Pickup,2025-07-07 18:12:32
S016667,O016226,Pickup,2025-04-27 22:39:45
S016668,O016173,In Transit,2024-04-19 13:43:14
S016669,O015381,Pickup,2024-07-09 18:40:41
S016670,O014121,In Transit,2025-08-23 23:40:35
S016671,O013756,Delivered,2024-01-28 03:41:44
S016672,O013003,In Transit,2024-12-19 19:30:20
S016673,O016881,Delivered,2025-10-18 05:23:15
S016674,O016914,In Transit,2024-03-25 21:12:18
S016675,O007491,Delivered,2025-12-08 14:50:21
S016676,O017227,In Transit,2024-08-17 08:31:06
S016677,O002333,Delivered,2024-01-20 05:46:47
S016678,O005972,In Transit,2025-09-30 07:29:09
S016679,O019482,Out for Delivery,2025-01-08 22:30:24
S016680,O006341,In Transit,2025-02-20 02:02:53
S016681,O016894,In Transit,2024-05-01 10:47:49
S016682,O001198,In Transit,2025-06-04 02:27:24
S016683,O013965,Pickup,2024-11-01 04:06:28
S016684,O002214,Pickup,2024-02-24 11:01:48
S016685,O011506,In Transit,2024-05-30 15:51:42
S016686,O018854,Out for Delivery,2025-02-01 22:38:13
S016687,O010345,Out for Delivery,2025-08-10 21:53:31
S016688,O001338,Out for Delivery,2024-02-24 09:58:03
S016689,O015657,Out for Delivery,2025-02-24 04:53:11
S016690,O009702,In Transit,2025-01-08 17:50:48
S016691,O005493,In Transit,2024-09-15 19:28:29
S016692,O010618,Delivered,2025-11-18 02:44:41
S016693,O017266,Pickup,2025-12-26 12:37:11
S016694,O017793,In Transit,2024-09-20 05:58:38
S016695,O006828,Delivered,2025-08-29 20:31:26
S016696,O019417,Pickup,2024-08-19 04:40:46
S016697,O000415,Delivered,2025-05-10 14:08:55
S016698,O006682,Delivered,2025-10-28 10:28:31
S016699,O009604,Pickup,2024-05-26 16:35:08
S016700,O015998,Out for Delivery,2025-01-29 16:00:14
S016701,O007170,Pickup,2025-02-26 01:43:47
S016702,O002060,Pickup,2025-12-20 02:38:46
S016703,O005386,In Transit,2024-07-23 13:21:06
S016704,O011141,Delivered,2024-09-13 01:58:23
S016705,O012348,Out for Delivery,2025-12-23 00:29:12
S016706,O005680,In Transit,2025-02-20 09:12:33
S016707,O018595,In Transit,2024-08-25 16:04:48
S016708,O007369,Out for Delivery,2024-02-15 19:03:40
S016709,O016069,In Transit,2024-07-04 07:49:34
S016710,O018511,Pickup,2024-07-08 18:49:02
S016711,O005059,In Transit,2024-04-18 04:25:39
S016712,O008644,Out for Delivery,2025-06-25 06:05:24
S016713,O016104,Delivered,2024-09-29 21:48:59
S016714,O011860,Delivered,2024-02-29 11:36:01
S016715,O000478,Out for Delivery,2025-11-30 10:42:01
S016716,O008286,Delivered,2024-08-13 19:08:35
S016717,O000341,Pickup,2024-11-06 13:06:37
S016718,O003256,Delivered,2024-10-21 17:00:56
S016719,O006072,Pickup,2024-09-18 21:01:49
S016720,O000560,Delivered,2024-02-03 23:26:23
S016721,O008097,In Transit,2024-02-10 21:50:03
S016722,O009926,Out for Delivery,2024-03-18 22:30:04
S016723,O019236,Delivered,2024-04-28 21:26:26
S016724,O000585,Pickup,2024-09-18 06:29:29
S016725,O007306,Out for Delivery,2025-05-13 02:42:46
S016726,O012095,In Transit,2024-02-10 05:55:35
S016727,O019874,In Transit,2025-07-03 19:38:03
S016728,O003509,Out for Delivery,2024-04-24 08:00:06
S016729,O003644,Delivered,2025-08-02 04:28:04
S016730,O008524,Pickup,2024-02-01 21:27:07
S016731,O001918,Delivered,2024-03-25 01:00:11
S016732,O002067,Pickup,2025-04-01 22:49:07
S016733,O006482,Out for Delivery,2024-06-09 21:04:43
S016734,O015169,Out for Delivery,2025-10-10 08:32:48
S016735,O011360,Delivered,2024-05-28 18:23:33
S016736,O002136,Pickup,2025-11-10 04:36:30
S016737,O015728,Out for Delivery,2024-11-02 12:07:10
S016738,O014549,In Transit,2025-12-09 13:52:08
S016739,O005459,Delivered,2025-04-20 18:13:43
S016740,O000547,Delivered,2025-12-18 09:19:12
S016741,O012183,Delivered,2025-04-23 07:30:15
S016742,O007229,In Transit,2025-01-15 23:04:55
S016743,O012756,Pickup,2025-07-04 13:08:49
S016744,O016821,Out for Delivery,2025-10-19 14:03:21
S016745,O004832,Delivered,2024-04-17 04:04:00
S016746,O014065,Pickup,2024-02-05 10:48:55
S016747,O006464,Out for Delivery,2025-08-27 08:37:41
S016748,O014350,Delivered,2025-02-12 20:12:52
S016749,O004642,Pickup,2024-02-19 11:35:05
S016750,O000459,In Transit,2025-03-14 21:45:33
S016751,O004985,Pickup,2024-02-21 03:53:02
S016752,O006114,Pickup,2024-06-11 10:07:21
S016753,O002039,In Transit,2024-03-03 14:55:25
S016754,O005694,Delivered,2025-04-21 04:58:58
S016755,O000258,In Transit,2024-03-13 19:16:37
S016756,O005353,Pickup,2024-04-17 23:34:42
S016757,O004739,Pickup,2025-10-20 18:30:48
S016758,O010790,In Transit,2025-02-23 23:33:35
S016759,O008451,Delivered,2024-10-15 05:37:18
S016760,O017068,In Transit,2024-09-02 11:34:01
S016761,O011547,Delivered,2024-08-10 01:51:59
S016762,O001438,Delivered,2025-01-21 04:48:26
S016763,O019937,Out for Delivery,2024-01-05 00:28:49
S016764,O006415,Delivered,2024-01-07 20:00:15
S016765,O002771,Pickup,2025-03-04 23:23:50
S016766,O011215,Delivered,2024-04-27 07:27:44
S016767,O017751,In Transit,2025-12-11 16:33:45
S016768,O013099,Out for Delivery,2025-09-18 09:56:53
S016769,O005123,Out for Delivery,2024-05-29 14:56:58
S016770,O011684,Pickup,2025-04-02 13:12:26
S016771,O014987,In Transit,2025-08-18 04:53:54
S016772,O006831,In Transit,2025-03-26 22:47:23
S016773,O015138,Pickup,2025-08-25 16:16:37
S016774,O007337,Pickup,2024-09-03 05:03:49
S016775,O011132,Out for Delivery,2024-02-16 18:07:50
S016776,O018744,Delivered,2024-07-15 02:39:52
S016777,O015020,Delivered,2025-08-12 22:37:51
S016778,O000792,Delivered,2025-11-10 20:36:01
S016779,O010383,Pickup,2025-06-21 20:04:49
S016780,O000441,Out for Delivery,2024-12-02 08:16:54
S016781,O003539,Pickup,2025-02-10 08:54:16
S016782,O011315,Out for Delivery,2024-10-14 10:34:57
S016783,O018211,Out for Delivery,2025-04-19 01:49:31
S016784,O003149,In Transit,2025-04-15 09:39:01
S016785,O015146,In Transit,2025-02-28 08:16:36
S016786,O008447,In Transit,2025-11-06 03:42:01
S016787,O006226,Pickup,2024-11-26 14:51:25
S016788,O018126,In Transit,2025-11-13 08:32:31
S016789,O004986,Out for Delivery,2024-07-03 13:01:07
S016790,O015771,Delivered,2024-03-16 17:34:05
S016791,O006366,In Transit,2025-04-23 02:07:59
S016792,O008304,Out for Delivery,2024-01-17 00:04:02
S016793,O015536,Delivered,2025-06-21 23:57:59
S016794,O002000,Delivered,2025-08-09 07:45:07
S016795,O019359,Out for Delivery,2025-05-09 20:07:26
S016796,O007065,Delivered,2025-02-09 16:49:45
S016797,O019690,Pickup,2025-03-12 10:37:28
S016798,O010563,In Transit,2025-01-14 02:16:30
S016799,O000967,In Transit,2025-04-18 05:17:08
S016800,O009316,In Transit,2024-02-01 14:22:47
S016801,O018599,In Transit,2024-07-01 22:30:50
S016802,O005648,Out for Delivery,2024-12-01 02:52:09
S016803,O006417,Out for Delivery,2024-05-11 13:02:52
S016804,O016406,Pickup,2025-04-28 16:42:19
S016805,O002606,In Transit,2025-02-13 03:20:32
S016806,O003506,Pickup,2024-05-15 00:53:32
S016807,O004334,Delivered,2024-12-01 02:07:14
S016808,O005181,Delivered,2024-07-04 23:40:38
S016809,O000150,Pickup,2025-03-19 09:52:53
S016810,O016672,Pickup,2024-04-26 02:26:47
S016811,O019122,Pickup,2025-06-08 18:51:03
S016812,O012118,Pickup,2025-07-19 06:37:04
S016813,O000539,In Transit,2024-02-11 09:17:00
S016814,O005228,Pickup,2024-09-19 06:40:01
S016815,O016999,Out for Delivery,2025-03-08 16:08:36
S016816,O017968,Pickup,2024-04-28 22:21:30
S016817,O001467,Pickup,2025-08-23 07:19:32
S016818,O002913,Out for Delivery,2025-06-16 04:38:50
S016819,O015423,In Transit,2025-01-10 10:02:06
S016820,O012261,Delivered,2024-06-11 01:23:49
S016821,O005229,Out for Delivery,2024-10-19 10:44:30
S016822,O003652,Out for Delivery,2024-10-18 11:03:32
S016823,O011042,Out for Delivery,2025-03-14 09:24:01
S016824,O014829,Out for Delivery,2024-05-13 00:03:14
S016825,O018573,Out for Delivery,2024-04-24 00:05:18
S016826,O006920,Out for Delivery,2025-05-27 21:06:46
S016827,O000600,Pickup,2024-12-22 03:06:37
S016828,O013311,Delivered,2025-05-22 22:42:11
S016829,O011796,Delivered,2025-05-09 02:58:06
S016830,O004168,In Transit,2024-08-09 18:23:37
S016831,O017130,Delivered,2025-05-08 14:03:22
S016832,O018202,In Transit,2024-05-25 21:25:34
S016833,O016471,Out for Delivery,2024-08-23 19:16:50
S016834,O018494,Out for Delivery,2025-01-14 00:34:01
S016835,O009821,Out for Delivery,2024-05-25 19:12:27
S016836,O009105,Delivered,2024-11-16 16:53:47
S016837,O019535,Delivered,2024-04-22 07:00:49
S016838,O012561,Delivered,2024-06-07 02:05:44
S016839,O009702,Pickup,2025-04-15 01:37:00
S016840,O003468,In Transit,2024-11-30 09:49:37
S016841,O008426,In Transit,2025-05-01 09:23:03
S016842,O007451,In Transit,2025-10-13 12:25:02
S016843,O005817,Pickup,2024-02-21 00:15:43
S016844,O000446,In Transit,2025-03-04 05:20:27
S016845,O001854,Delivered,2025-12-20 19:36:16
S016846,O019368,Pickup,2025-12-30 11:03:51
S016847,O000213,Out for Delivery,2024-12-25 01:15:45
S016848,O003363,In Transit,2025-11-17 01:01:33
S016849,O003113,Delivered,2024-04-11 00:44:47
S016850,O016933,Delivered,2024-02-04 07:48:18
S016851,O007361,Pickup,2025-04-01 03:22:53
S016852,O006497,In Transit,2025-02-23 12:02:11
S016853,O012107,Pickup,2024-09-16 03:16:48
S016854,O019820,Delivered,2025-11-02 16:20:32
S016855,O016929,Pickup,2025-01-14 04:07:28
S016856,O002694,In Transit,2025-07-23 04:18:14
S016857,O010067,Pickup,2024-08-04 20:55:58
S016858,O017404,Pickup,2025-07-16 08:18:56
S016859,O016166,In Transit,2024-05-29 19:39:27
S016860,O015862,Delivered,2025-07-24 12:46:23
S016861,O011523,Out for Delivery,2025-05-21 20:15:01
S016862,O004581,In Transit,2025-12-08 07:13:41
S016863,O012639,Out for Delivery,2025-05-26 22:40:00
S016864,O002825,Pickup,2024-02-20 03:46:09
S016865,O007404,In Transit,2025-05-14 19:51:21
S016866,O003194,Pickup,2024-09-30 22:52:46
S016867,O014487,Delivered,2024-02-23 16:43:37
S016868,O019712,Pickup,2025-01-11 11:57:08
S016869,O001795,Delivered,2024-10-29 07:43:30
S016870,O017726,Pickup,2024-11-22 09:34:52
S016871,O008950,Out for Delivery,2025-11-25 00:51:55
S016872,O011162,Pickup,2025-12-10 17:26:49
S016873,O017451,Pickup,2024-08-03 19:54:59
S016874,O001779,Out for Delivery,2025-09-07 15:22:43
S016875,O017120,Out for Delivery,2024-01-30 14:59:36
S016876,O004456,Delivered,2024-12-04 00:26:52
S016877,O001030,Pickup,2025-07-18 15:09:31
S016878,O003004,In Transit,2025-06-05 03:59:10
S016879,O001742,In Transit,2024-08-09 18:06:58
S016880,O000593,Out for Delivery,2025-03-10 18:29:28
S016881,O007777,Out for Delivery,2025-04-20 11:14:27
S016882,O000076,Pickup,2025-03-12 14:06:16
S016883,O013080,Delivered,2025-11-27 15:43:53
S016884,O017499,Delivered,2024-04-14 06:04:54
S016885,O015840,Delivered,2025-04-24 04:05:01
S016886,O014582,Pickup,2024-09-06 20:49:02
S016887,O015523,Pickup,2024-03-11 20:35:09
S016888,O013819,Out for Delivery,2024-03-20 14:22:34
S016889,O007151,Delivered,2024-06-17 17:58:27
S016890,O006822,Delivered,2024-12-08 20:07:36
S016891,O000201,Out for Delivery,2024-08-03 22:58:22
S016892,O005411,Out for Delivery,2025-02-09 23:29:03
S016893,O004359,Out for Delivery,2025-10-09 20:42:00
S016894,O000448,Pickup,2025-07-09 00:01:27
S016895,O008023,Delivered,2024-08-07 03:31:09
S016896,O000982,In Transit,2024-12-25 22:05:42
S016897,O012264,In Transit,2024-12-16 21:20:08
S016898,O010103,Delivered,2024-02-08 12:05:34
S016899,O019897,Delivered,2025-06-29 16:57:07
S016900,O002760,Pickup,2025-10-30 13:11:50
S016901,O010317,Pickup,2024-04-26 02:19:07
S016902,O014203,Out for Delivery,2025-04-13 23:47:15
S016903,O008381,Pickup,2024-02-03 02:22:20
S016904,O014091,In Transit,2024-10-26 07:03:48
S016905,O014282,Out for Delivery,2025-04-15 18:33:00
S016906,O000141,Pickup,2024-12-29 21:55:01
S016907,O015240,Delivered,2024-05-05 14:42:48
S016908,O005148,Out for Delivery,2024-07-13 01:50:21
S016909,O019518,Delivered,2025-08-06 06:20:34
S016910,O005874,Delivered,2024-10-13 05:26:28
S016911,O008705,Pickup,2025-03-23 14:12:31
S016912,O009142,In Transit,2025-07-25 21:52:12
S016913,O013686,In Transit,2025-06-02 21:26:43
S016914,O014723,Delivered,2024-07-27 04:20:58
S016915,O012663,Pickup,2025-08-09 09:44:09
S016916,O002716,Out for Delivery,2024-02-04 04:02:06
S016917,O006381,Out for Delivery,2025-10-19 12:06:01
S016918,O004043,Pickup,2024-03-22 09:37:29
S016919,O019599,Out for Delivery,2025-03-26 19:34:08
S016920,O002162,Delivered,2024-03-06 08:43:57
S016921,O010561,Pickup,2024-12-01 23:23:17
S016922,O004436,Out for Delivery,2024-05-14 14:41:02
S016923,O002812,In Transit,2025-12-09 21:40:41
S016924,O012649,In Transit,2024-08-12 20:37:53
S016925,O014604,Delivered,2024-02-03 20:50:02
S016926,O013941,Pickup,2025-08-27 06:11:54
S016927,O008409,Pickup,2024-04-14 23:12:43
S016928,O006624,Out for Delivery,2025-12-01 05:39:35
S016929,O018894,Pickup,2025-02-04 14:30:09
S016930,O000362,Out for Delivery,2025-05-04 10:12:33
S016931,O005870,Pickup,2024-09-01 06:28:13
S016932,O002695,Pickup,2024-06-03 21:43:49
S016933,O014070,Delivered,2024-05-20 17:31:59
S016934,O010801,Delivered,2025-10-17 20:03:54
S016935,O019622,In Transit,2024-06-04 06:01:30
S016936,O005859,Out for Delivery,2024-06-18 03:58:27
S016937,O005075,In Transit,2025-12-10 18:55:48
S016938,O011379,In Transit,2024-04-24 18:55:15
S016939,O010591,In Transit,2024-05-12 02:56:37
S016940,O004573,In Transit,2024-07-25 22:41:42
S016941,O016438,Pickup,2024-10-16 12:48:48
S016942,O003789,Delivered,2025-07-23 23:37:50
S016943,O004496,Pickup,2024-08-17 16:38:45
S016944,O009252,Delivered,2024-05-18 08:51:11
S016945,O018861,Pickup,2025-04-24 11:23:30
S016946,O012362,In Transit,2024-02-22 02:42:08
S016947,O013015,Pickup,2024-09-15 07:07:59
S016948,O000270,Pickup,2025-02-01 04:03:08
S016949,O004026,Delivered,2024-12-23 20:20:45
S016950,O019009,Pickup,2024-09-19 17:58:46
S016951,O005361,In Transit,2024-12-29 13:12:18
S016952,O011516,Delivered,2024-03-28 09:00:55
S016953,O015156,Out for Delivery,2024-12-05 06:35:13
S016954,O014896,Out for Delivery,2024-07-31 20:59:07
S016955,O001931,Pickup,2024-06-05 19:46:40
S016956,O014477,Pickup,2025-08-25 19:33:59
S016957,O007009,In Transit,2024-09-28 13:52:51
S016958,O013081,In Transit,2024-07-06 17:46:15
S016959,O019706,In Transit,2025-07-08 00:08:45
S016960,O016637,Delivered,2025-02-20 13:32:25
S016961,O010337,Delivered,2025-02-12 14:19:21
S016962,O002856,Out for Delivery,2025-02-14 13:02:34
S016963,O014240,Out for Delivery,2025-09-18 18:55:10
S016964,O002358,In Transit,2025-07-02 06:49:00
S016965,O008677,Out for Delivery,2025-02-18 15:35:23
S016966,O003861,Delivered,2024-07-14 01:18:13
S016967,O015894,Out for Delivery,2024-12-28 09:47:27
S016968,O018170,Pickup,2024-02-06 12:10:59
S016969,O013019,In Transit,2024-04-29 11:07:53
S016970,O014514,Pickup,2024-11-03 12:19:30
S016971,O019854,Delivered,2025-03-11 02:48:10
S016972,O016579,Pickup,2024-04-03 09:30:26
S016973,O005744,In Transit,2025-03-02 03:04:36
S016974,O016501,Pickup,2025-10-22 01:34:23
S016975,O003745,In Transit,2024-11-08 17:30:30
S016976,O019932,Pickup,2024-10-25 17:30:23
S016977,O001851,In Transit,2025-05-30 11:47:43
S016978,O018763,In Transit,2025-12-01 19:05:32
S016979,O015267,Delivered,2024-01-02 03:44:16
S016980,O003959,Out for Delivery,2025-10-06 07:15:29
S016981,O011725,Delivered,2024-05-29 23:23:26
S016982,O006049,Pickup,2024-11-04 16:22:03
S016983,O017885,Delivered,2025-12-03 19:10:28
S016984,O007271,Delivered,2025-03-03 08:25:50
S016985,O015199,In Transit,2025-12-29 00:58:20
S016986,O000116,Pickup,2024-07-12 21:09:57
S016987,O010033,In Transit,2024-07-21 13:29:18
S016988,O005855,In Transit,2024-08-10 01:11:57
S016989,O010612,In Transit,2024-12-11 09:43:53
S016990,O011391,In Transit,2024-04-09 04:06:17
S016991,O014870,Out for Delivery,2025-12-21 13:49:29
S016992,O010336,Pickup,2024-09-06 09:11:42
S016993,O000729,Pickup,2024-04-23 08:54:23
S016994,O004616,In Transit,2025-02-07 08:35:29
S016995,O019438,Out for Delivery,2025-10-16 13:52:58
S016996,O017966,Out for Delivery,2025-11-22 13:40:56
S016997,O014991,Pickup,2025-11-07 06:47:03
S016998,O015941,In Transit,2024-11-01 10:59:24
S016999,O000718,In Transit,2024-03-28 13:06:31
S017000,O002317,In Transit,2024-06-22 23:03:09
S017001,O016813,Delivered,2025-07-27 16:54:05
S017002,O014209,Delivered,2024-10-12 21:41:25
S017003,O015614,In Transit,2024-07-11 16:54:11
S017004,O003895,In Transit,2025-11-12 07:45:54
S017005,O014696,Out for Delivery,2024-11-30 20:38:47
S017006,O002820,In Transit,2024-07-03 09:32:12
S017007,O012252,In Transit,2025-10-12 14:40:18
S017008,O000415,In Transit,2024-07-05 00:54:17
S017009,O007511,Out for Delivery,2025-07-08 01:20:27
S017010,O003022,Out for Delivery,2025-02-03 12:13:40
S017011,O017090,Out for Delivery,2024-07-26 08:17:57
S017012,O017996,Delivered,2025-02-01 11:06:05
S017013,O008822,In Transit,2025-05-31 18:18:49
S017014,O009942,Pickup,2025-05-22 12:45:52
S017015,O006815,In Transit,2024-07-13 18:38:01
S017016,O010971,In Transit,2024-06-04 09:01:41
S017017,O007534,Delivered,2024-09-29 19:19:16
S017018,O016814,Out for Delivery,2024-07-07 02:11:30
S017019,O002530,In Transit,2025-08-17 18:21:20
S017020,O001001,Out for Delivery,2024-04-22 04:43:29
S017021,O009094,In Transit,2025-06-10 21:47:36
S017022,O014196,In Transit,2025-03-04 23:44:51
S017023,O004604,Delivered,2025-02-02 10:43:48
S017024,O004221,Delivered,2024-10-18 03:39:51
S017025,O008083,Pickup,2024-02-23 10:30:35
S017026,O002493,Pickup,2025-10-16 22:27:51
S017027,O013727,In Transit,2025-12-19 15:26:48
S017028,O010492,Out for Delivery,2025-11-05 06:56:22
S017029,O017783,In Transit,2025-04-20 21:08:37
S017030,O012915,Out for Delivery,2025-05-23 20:10:39
S017031,O015560,Out for Delivery,2025-06-06 20:12:06
S017032,O006432,Out for Delivery,2024-08-15 07:29:13
S017033,O007890,In Transit,2025-02-07 03:52:08
S017034,O009545,Out for Delivery,2025-09-24 03:57:00
S017035,O003235,Pickup,2024-02-13 06:37:15
S017036,O002643,In Transit,2024-04-25 20:41:13
S017037,O018674,Pickup,2024-05-24 16:29:57
S017038,O005307,Pickup,2025-03-28 19:09:35
S017039,O007341,In Transit,2025-07-16 22:03:29
S017040,O000570,Out for Delivery,2025-01-08 22:12:18
S017041,O004677,In Transit,2025-05-28 11:31:47
S017042,O004006,In Transit,2024-12-26 00:32:06
S017043,O012309,Delivered,2025-07-03 18:23:09
S017044,O008355,In Transit,2025-03-30 00:09:51
S017045,O005985,Delivered,2024-08-13 06:26:49
S017046,O014155,Out for Delivery,2025-08-13 22:57:00
S017047,O018881,In Transit,2025-07-07 18:11:19
S017048,O003830,Out for Delivery,2024-03-29 07:15:36
S017049,O002000,In Transit,2025-07-12 04:39:08
S017050,O013864,Delivered,2025-02-17 18:20:53
S017051,O015877,In Transit,2024-07-28 05:13:53
S017052,O010137,In Transit,2024-10-06 22:57:36
S017053,O011296,Out for Delivery,2025-04-16 20:11:13
S017054,O011374,In Transit,2025-01-21 18:02:55
S017055,O004433,Delivered,2025-05-24 00:19:13
S017056,O009667,Out for Delivery,2024-12-15 15:50:12
S017057,O000068,In Transit,2025-07-21 00:09:18
S017058,O008913,Out for Delivery,2024-09-09 23:53:04
S017059,O008578,In Transit,2024-11-04 16:29:43
S017060,O005161,Pickup,2024-11-03 14:51:08
S017061,O008087,Delivered,2025-06-01 12:59:07
S017062,O014700,Delivered,2025-10-24 22:31:14
S017063,O018339,In Transit,2025-12-24 15:20:45
S017064,O007745,Out for Delivery,2025-08-15 04:01:05
S017065,O004666,In Transit,2024-01-05 18:15:06
S017066,O006913,Out for Delivery,2024-07-30 09:33:44
S017067,O000528,Out for Delivery,2025-03-19 15:21:42
S017068,O018081,Delivered,2024-12-07 20:38:10
S017069,O012442,Delivered,2024-04-22 00:27:07
S017070,O016730,Delivered,2024-11-17 13:25:50
S017071,O016815,Pickup,2024-07-20 03:48:59
S017072,O016829,Out for Delivery,2024-05-30 20:57:59
S017073,O011958,In Transit,2024-10-17 14:29:10
S017074,O016593,Delivered,2024-08-15 18:40:29
S017075,O010943,In Transit,2024-11-27 06:44:53
S017076,O008014,Delivered,2025-11-25 07:37:08
S017077,O013217,In Transit,2025-10-10 07:28:40
S017078,O017980,Pickup,2024-02-03 22:23:15
S017079,O005174,In Transit,2024-10-24 03:25:19
S017080,O003913,Pickup,2024-02-19 11:38:48
S017081,O008667,Pickup,2025-01-26 05:10:05
S017082,O002909,Delivered,2025-04-01 04:28:54
S017083,O011210,Delivered,2025-06-10 05:01:53
S017084,O004946,Out for Delivery,2025-08-23 13:47:47
S017085,O006998,Out for Delivery,2024-09-09 14:27:32
S017086,O004623,In Transit,2025-09-14 10:18:26
S017087,O011347,Out for Delivery,2024-10-05 12:12:43
S017088,O007787,Pickup,2024-06-03 09:07:12
S017089,O018935,In Transit,2025-08-18 08:59:46
S017090,O008268,Pickup,2025-08-23 11:01:42
S017091,O001214,Delivered,2024-07-21 20:10:20
S017092,O011082,Delivered,2024-05-21 23:03:04
S017093,O000491,In Transit,2025-05-24 12:56:19
S017094,O002291,Pickup,2025-03-14 18:59:22
S017095,O019801,Out for Delivery,2024-02-07 04:24:10
S017096,O006569,Pickup,2025-08-25 02:19:49
S017097,O010141,Out for Delivery,2024-03-15 00:08:08
S017098,O004994,Pickup,2024-07-05 01:35:59
S017099,O014380,Delivered,2025-10-01 02:08:57
S017100,O001816,Delivered,2025-02-07 00:56:15
S017101,O015480,Out for Delivery,2024-12-13 22:35:43
S017102,O006241,In Transit,2024-06-24 11:23:13
S017103,O016520,In Transit,2025-10-19 19:53:08
S017104,O009546,Out for Delivery,2025-03-27 01:02:03
S017105,O012469,Pickup,2025-04-08 10:23:16
S017106,O001141,Out for Delivery,2025-08-04 08:03:51
S017107,O002310,Delivered,2025-08-01 21:19:43
S017108,O010625,Delivered,2024-01-03 07:33:45
S017109,O012125,Delivered,2025-12-20 10:55:45
S017110,O005705,In Transit,2025-01-07 11:53:47
S017111,O001370,In Transit,2024-01-24 18:29:13
S017112,O017195,Delivered,2024-01-31 05:27:49
S017113,O016028,Delivered,2025-04-17 06:57:44
S017114,O014208,In Transit,2024-11-12 17:45:38
S017115,O012115,Pickup,2025-08-12 05:44:55
S017116,O004927,Out for Delivery,2025-12-22 10:00:53
S017117,O005583,Delivered,2025-04-21 20:50:28
S017118,O000470,Out for Delivery,2024-02-05 20:47:57
S017119,O013233,Out for Delivery,2024-03-19 15:53:10
S017120,O018282,Out for Delivery,2025-05-26 08:32:45
S017121,O007519,Pickup,2025-04-18 11:30:17
S017122,O014812,Out for Delivery,2025-05-20 03:39:58
S017123,O004265,Out for Delivery,2025-02-13 22:38:52
S017124,O015301,Delivered,2024-05-18 01:36:49
S017125,O001599,In Transit,2025-05-17 06:31:03
S017126,O003637,Delivered,2024-10-27 16:31:27
S017127,O017174,Pickup,2024-10-29 13:56:01
S017128,O000632,Pickup,2025-09-13 18:40:46
S017129,O004001,Pickup,2024-03-31 07:06:22
S017130,O011424,Out for Delivery,2025-04-07 21:22:02
S017131,O012134,Out for Delivery,2025-07-15 21:17:01
S017132,O001695,Pickup,2024-10-26 20:21:01
S017133,O009210,Out for Delivery,2025-10-09 12:51:30
S017134,O018060,Delivered,2025-09-28 00:24:21
S017135,O005902,Delivered,2024-09-09 23:16:06
S017136,O001110,Pickup,2024-05-19 10:46:11
S017137,O013274,Pickup,2024-10-06 12:09:53
S017138,O006659,Pickup,2024-11-11 08:04:07
S017139,O013792,In Transit,2024-06-13 16:59:30
S017140,O000374,Pickup,2024-07-09 03:04:49
S017141,O005593,Pickup,2025-09-06 18:45:02
S017142,O016492,Delivered,2024-12-09 16:19:13
S017143,O001709,In Transit,2025-04-18 05:52:21
S017144,O018203,In Transit,2024-09-22 00:21:20
S017145,O002941,Delivered,2024-08-28 14:20:39
S017146,O005796,Pickup,2025-04-26 17:14:29
S017147,O014363,Pickup,2024-11-15 15:12:14
S017148,O001489,Pickup,2025-07-09 08:15:34
S017149,O001725,In Transit,2025-11-05 02:45:34
S017150,O011501,Out for Delivery,2024-09-03 04:44:24
S017151,O005580,Out for Delivery,2025-10-16 19:48:33
S017152,O004276,Delivered,2025-02-12 11:17:05
S017153,O004578,Delivered,2025-04-22 11:16:03
S017154,O018425,Out for Delivery,2025-10-23 09:10:24
S017155,O010975,Out for Delivery,2024-11-22 08:52:26
S017156,O003705,Delivered,2025-12-27 07:05:40
S017157,O011336,Delivered,2025-06-30 15:41:24
S017158,O009340,In Transit,2025-10-01 03:01:53
S017159,O016792,Out for Delivery,2024-04-26 22:00:27
S017160,O019518,Pickup,2025-02-28 10:02:28
S017161,O012801,Delivered,2024-06-12 18:25:02
S017162,O014929,Delivered,2024-12-02 06:45:40
S017163,O013885,Delivered,2024-05-20 15:23:45
S017164,O012188,Pickup,2024-10-18 03:44:53
S017165,O006631,In Transit,2024-04-17 16:59:03
S017166,O012068,Out for Delivery,2025-10-12 08:59:50
S017167,O004250,In Transit,2025-06-07 12:25:43
S017168,O013834,Delivered,2024-08-30 05:29:05
S017169,O017718,Out for Delivery,2024-11-22 17:26:22
S017170,O012298,Delivered,2024-09-15 00:17:44
S017171,O016267,In Transit,2024-03-08 07:24:26
S017172,O004912,Pickup,2024-06-05 05:38:57
S017173,O010212,Out for Delivery,2025-11-19 21:27:55
S017174,O000337,Delivered,2024-01-08 22:35:13
S017175,O002911,Out for Delivery,2025-10-12 02:28:56
S017176,O013554,In Transit,2025-12-18 18:05:32
S017177,O002926,Delivered,2024-08-08 02:30:34
S017178,O004787,Delivered,2025-02-14 10:42:07
S017179,O018782,In Transit,2025-07-14 05:35:39
S017180,O008110,Delivered,2025-07-23 09:39:16
S017181,O017112,Pickup,2024-12-21 07:17:51
S017182,O010222,Pickup,2024-05-14 12:08:15
S017183,O007165,Out for Delivery,2024-06-06 00:27:52
S017184,O000113,Out for Delivery,2025-10-20 01:59:46
S017185,O012038,Out for Delivery,2024-07-26 01:36:37
S017186,O008696,Pickup,2024-09-05 05:46:13
S017187,O010236,Delivered,2024-10-27 11:49:21
S017188,O014621,In Transit,2025-02-15 14:28:06
S017189,O008605,Out for Delivery,2025-12-23 21:42:45
S017190,O010645,Pickup,2025-12-13 13:25:54
S017191,O011827,Out for Delivery,2025-03-06 17:27:36
S017192,O006067,Delivered,2024-10-02 20:31:31
S017193,O002850,In Transit,2025-09-21 22:08:21
S017194,O018369,In Transit,2024-01-16 07:57:32
S017195,O003966,Delivered,2025-01-29 22:25:00
S017196,O005605,In Transit,2024-01-05 23:11:29
S017197,O008928,Pickup,2025-08-01 14:03:14
S017198,O013847,In Transit,2024-08-12 15:41:03
S017199,O007570,In Transit,2025-05-22 08:37:31
S017200,O006670,Delivered,2025-03-15 07:29:06
S017201,O003942,In Transit,2024-08-02 13:56:58
S017202,O016771,Pickup,2025-03-07 20:35:01
S017203,O004909,Pickup,2025-02-06 13:21:09
S017204,O002033,Out for Delivery,2025-05-06 19:57:41
S017205,O013403,In Transit,2024-07-12 03:01:41
S017206,O019915,Out for Delivery,2025-12-20 21:25:42
S017207,O003213,Out for Delivery,2024-02-01 06:20:25
S017208,O014914,In Transit,2024-07-10 02:17:02
S017209,O003694,Delivered,2025-01-31 21:22:27
S017210,O012091,Delivered,2025-01-26 04:35:36
S017211,O016611,In Transit,2025-10-17 13:48:11
S017212,O009355,Pickup,2024-04-11 05:35:24
S017213,O010561,Out for Delivery,2025-07-24 00:22:35
S017214,O002188,Pickup,2024-08-24 00:17:39
S017215,O016407,Delivered,2025-01-07 08:25:55
S017216,O018636,In Transit,2025-11-13 21:19:16
S017217,O005207,In Transit,2025-05-22 15:25:29
S017218,O015984,In Transit,2025-11-01 03:56:02
S017219,O019884,In Transit,2024-09-19 03:19:09
S017220,O002020,Out for Delivery,2024-12-23 00:43:28
S017221,O018360,Out for Delivery,2025-04-24 03:26:14
S017222,O013893,Pickup,2025-04-11 17:06:01
S017223,O004476,Pickup,2024-09-15 23:24:19
S017224,O003584,Pickup,2025-11-16 11:57:32
S017225,O016047,In Transit,2024-10-15 22:05:11
S017226,O001089,In Transit,2025-06-11 03:01:01
S017227,O017303,Delivered,2025-10-07 07:52:39
S017228,O019966,Pickup,2024-02-07 10:17:55
S017229,O010060,Pickup,2024-11-17 21:12:13
S017230,O009345,Out for Delivery,2024-07-24 12:04:43
S017231,O016366,Out for Delivery,2025-01-29 05:37:10
S017232,O016169,In Transit,2025-08-09 11:50:48
S017233,O017415,Pickup,2025-01-22 02:13:17
S017234,O005756,In Transit,2025-01-12 09:06:23
S017235,O012162,Delivered,2025-11-17 15:59:31
S017236,O016238,Delivered,2025-06-10 10:00:36
S017237,O016467,Pickup,2025-06-29 20:23:39
S017238,O015515,Pickup,2025-10-28 10:45:38
S017239,O009717,Out for Delivery,2025-12-07 12:16:14
S017240,O018057,Out for Delivery,2025-06-25 11:53:24
S017241,O008125,Pickup,2024-08-05 09:43:25
S017242,O019822,Pickup,2024-02-24 03:30:03
S017243,O012344,In Transit,2024-03-26 11:11:03
S017244,O019430,In Transit,2025-07-15 01:15:19
S017245,O018820,Out for Delivery,2024-07-16 06:51:21
S017246,O004247,Out for Delivery,2025-10-25 18:26:56
S017247,O002232,In Transit,2024-11-25 11:07:40
S017248,O000074,In Transit,2025-01-15 04:46:18
S017249,O014489,Out for Delivery,2025-11-30 22:27:11
S017250,O005301,Out for Delivery,2025-05-01 16:29:31
S017251,O009932,Out for Delivery,2025-05-05 00:52:49
S017252,O008783,In Transit,2025-08-10 04:50:10
S017253,O007989,In Transit,2025-10-28 18:19:04
S017254,O006154,In Transit,2024-01-28 10:46:56
S017255,O006574,Pickup,2025-04-18 18:16:16
S017256,O007327,Delivered,2024-07-15 18:17:55
S017257,O018823,Out for Delivery,2024-02-04 07:09:02
S017258,O002527,Pickup,2024-07-14 23:19:49
S017259,O004057,Delivered,2025-04-12 04:06:20
S017260,O019092,In Transit,2024-02-16 13:55:27
S017261,O005986,Out for Delivery,2025-11-26 14:38:59
S017262,O005864,Delivered,2025-04-01 14:04:43
S017263,O002820,Pickup,2025-10-15 02:58:31
S017264,O017918,In Transit,2024-12-25 08:43:07
S017265,O000552,Out for Delivery,2024-02-25 00:54:59
S017266,O003306,In Transit,2024-12-08 05:28:03
S017267,O001498,Pickup,2025-09-14 13:42:22
S017268,O009858,In Transit,2025-07-25 09:35:35
S017269,O004856,Delivered,2024-03-23 11:08:18
S017270,O009082,Pickup,2025-03-18 19:32:08
S017271,O006601,Delivered,2024-03-24 00:40:13
S017272,O002461,In Transit,2024-08-23 04:13:19
S017273,O015033,Out for Delivery,2025-05-05 14:47:53
S017274,O011739,In Transit,2024-06-08 20:24:46
S017275,O004427,Pickup,2025-02-07 00:07:46
S017276,O001957,Pickup,2025-07-09 17:52:11
S017277,O004378,Pickup,2024-05-23 12:49:55
S017278,O007867,Delivered,2024-10-21 16:07:03
S017279,O015797,Pickup,2025-07-12 05:34:04
S017280,O008544,Delivered,2024-10-18 16:43:45
S017281,O017948,Pickup,2024-09-27 14:07:02
S017282,O019318,Pickup,2024-12-19 19:06:48
S017283,O012129,Delivered,2025-02-06 00:53:23
S017284,O012343,In Transit,2024-05-08 08:40:45
S017285,O015975,In Transit,2024-12-15 23:26:47
S017286,O016611,In Transit,2025-12-07 23:28:40
S017287,O015630,Delivered,2024-05-19 09:13:40
S017288,O004979,Pickup,2024-11-02 05:49:59
S017289,O004352,Delivered,2025-11-26 15:32:23
S017290,O006519,In Transit,2024-06-20 08:53:03
S017291,O016589,Pickup,2024-04-23 18:18:32
S017292,O000473,Out for Delivery,2025-03-23 05:05:16
S017293,O001767,Out for Delivery,2024-12-25 10:38:31
S017294,O004630,Out for Delivery,2024-09-19 04:03:00
S017295,O009383,In Transit,2025-07-10 04:49:48
S017296,O005405,Delivered,2024-08-13 15:16:52
S017297,O003171,Delivered,2024-11-04 16:27:34
S017298,O008614,Pickup,2024-04-04 01:18:18
S017299,O015418,Delivered,2025-04-15 02:06:03
S017300,O012737,Out for Delivery,2025-04-27 15:06:07
S017301,O014989,Pickup,2024-05-07 17:06:59
S017302,O014915,Pickup,2025-12-05 03:12:37
S017303,O014681,In Transit,2024-09-05 21:10:39
S017304,O004620,Delivered,2024-09-23 02:47:20
S017305,O017538,Out for Delivery,2024-12-30 00:45:35
S017306,O006622,Delivered,2024-03-26 12:55:10
S017307,O005612,In Transit,2025-01-04 16:33:19
S017308,O010122,Pickup,2025-09-16 09:51:57
S017309,O016037,Pickup,2024-08-02 02:47:27
S017310,O006980,Delivered,2025-12-24 13:59:22
S017311,O010433,Out for Delivery,2024-06-08 09:41:57
S017312,O019924,Delivered,2024-04-02 14:23:52
S017313,O017118,Delivered,2025-10-14 01:10:31
S017314,O018145,Pickup,2024-03-16 07:51:32
S017315,O006859,Delivered,2024-03-09 19:32:05
S017316,O019213,Delivered,2024-02-11 06:47:01
S017317,O010821,Out for Delivery,2025-12-20 13:21:36
S017318,O015122,Delivered,2024-12-05 01:12:12
S017319,O003617,Delivered,2024-04-20 13:57:43
S017320,O000289,Pickup,2024-02-03 03:41:07
S017321,O001403,Out for Delivery,2025-07-27 20:08:08
S017322,O005723,Delivered,2024-03-08 23:32:34
S017323,O004296,Out for Delivery,2024-02-24 19:56:09
S017324,O013797,Delivered,2025-01-16 12:45:13
S017325,O000749,Pickup,2024-06-09 02:06:07
S017326,O000901,Delivered,2025-09-12 11:56:52
S017327,O013918,In Transit,2024-10-14 14:02:44
S017328,O011666,In Transit,2025-12-01 01:40:06
S017329,O001068,In Transit,2025-10-19 13:15:23
S017330,O019474,Out for Delivery,2024-11-16 01:35:07
S017331,O017175,Out for Delivery,2025-05-13 07:05:29
S017332,O007814,Pickup,2025-10-30 04:47:06
S017333,O019654,Out for Delivery,2024-11-23 15:22:24
S017334,O004408,Pickup,2025-10-30 15:06:26
S017335,O005456,Pickup,2024-07-04 20:09:58
S017336,O010003,Delivered,2025-11-23 03:42:38
S017337,O009165,Pickup,2024-02-26 21:16:44
S017338,O003000,Pickup,2025-05-07 09:44:43
S017339,O002014,Out for Delivery,2025-07-06 06:57:33
S017340,O011950,Out for Delivery,2024-06-06 12:28:21
S017341,O009818,Delivered,2024-04-01 21:50:59
S017342,O017250,Out for Delivery,2024-10-13 19:09:54
S017343,O006119,Pickup,2025-04-17 08:24:05
S017344,O013761,Pickup,2024-06-18 19:03:30
S017345,O019359,Delivered,2024-08-04 08:20:53
S017346,O011893,Delivered,2024-10-04 17:52:48
S017347,O000456,Out for Delivery,2025-02-19 22:39:26
S017348,O019413,In Transit,2025-05-27 04:08:39
S017349,O006603,In Transit,2025-10-07 11:37:23
S017350,O015769,Delivered,2025-08-05 14:20:33
S017351,O008162,Delivered,2025-07-16 02:42:33
S017352,O018538,Pickup,2025-05-29 11:44:25
S017353,O008495,Pickup,2025-10-08 13:39:11
S017354,O012978,Delivered,2025-01-28 20:30:15
S017355,O013624,Delivered,2024-02-19 04:51:44
S017356,O004705,In Transit,2024-05-29 04:36:50
S017357,O008424,Out for Delivery,2024-06-16 17:15:05
S017358,O010615,In Transit,2024-01-22 00:20:06
S017359,O003359,Pickup,2025-11-07 22:19:56
S017360,O006328,Pickup,2024-02-02 02:39:01
S017361,O017402,Pickup,2024-01-09 02:19:11
S017362,O000870,Out for Delivery,2025-08-13 14:31:21
S017363,O000319,Delivered,2025-05-19 05:11:05
S017364,O007263,In Transit,2024-12-14 04:38:48
S017365,O008634,Pickup,2024-02-21 22:59:42
S017366,O006490,Delivered,2024-02-09 06:16:56
S017367,O012208,Delivered,2024-08-03 09:59:10
S017368,O012231,Out for Delivery,2024-11-20 23:42:13
S017369,O002038,Pickup,2024-04-16 02:11:06
S017370,O018944,Delivered,2025-04-16 00:29:14
S017371,O013018,Pickup,2024-09-13 13:42:32
S017372,O003613,Pickup,2025-04-06 06:45:01
S017373,O017807,Delivered,2024-11-10 12:17:28
S017374,O010664,Pickup,2025-05-25 21:16:50
S017375,O000107,In Transit,2024-02-26 07:57:46
S017376,O018473,Delivered,2024-07-12 17:41:04
S017377,O004183,Out for Delivery,2025-03-17 15:53:00
S017378,O018169,Pickup,2024-09-30 15:43:10
S017379,O004257,In Transit,2024-04-20 10:54:40
S017380,O001171,Pickup,2025-11-20 05:46:53
S017381,O003376,Out for Delivery,2025-08-23 05:13:48
S017382,O017231,In Transit,2025-03-07 11:59:38
S017383,O019782,Out for Delivery,2024-07-23 00:10:54
S017384,O010458,Delivered,2025-05-19 09:18:27
S017385,O002857,Pickup,2024-12-02 17:26:09
S017386,O007319,Out for Delivery,2025-10-21 16:07:54
S017387,O003063,Delivered,2024-01-08 10:51:17
S017388,O013633,Out for Delivery,2024-01-19 09:47:57
S017389,O001738,Delivered,2024-01-27 15:52:49
S017390,O009569,Delivered,2024-09-09 09:37:55
S017391,O003349,Out for Delivery,2024-10-13 10:06:49
S017392,O010035,In Transit,2024-04-22 10:23:44
S017393,O004867,In Transit,2025-10-29 15:57:37
S017394,O007838,In Transit,2024-12-12 21:58:18
S017395,O014484,Delivered,2024-03-05 14:36:10
S017396,O006752,Pickup,2025-09-23 10:38:18
S017397,O012055,Pickup,2024-02-26 04:58:44
S017398,O018615,In Transit,2025-03-17 02:58:14
S017399,O002981,In Transit,2025-09-09 10:19:40
S017400,O012026,Pickup,2025-04-30 23:08:52
S017401,O004714,In Transit,2024-05-18 03:38:33
S017402,O002092,Delivered,2024-11-25 14:19:34
S017403,O006288,Delivered,2025-12-28 17:42:16
S017404,O010433,In Transit,2024-04-18 18:18:04
S017405,O005820,Delivered,2025-11-24 15:42:44
S017406,O017192,Out for Delivery,2025-11-09 04:24:40
S017407,O017536,Pickup,2025-01-07 00:50:51
S017408,O004235,Pickup,2024-11-23 07:09:06
S017409,O017464,In Transit,2024-10-29 23:24:02
S017410,O008026,Pickup,2025-10-18 14:02:37
S017411,O011107,Delivered,2025-07-17 12:27:10
S017412,O012551,Pickup,2024-01-08 23:20:07
S017413,O009767,In Transit,2024-05-17 01:36:35
S017414,O010470,Delivered,2025-11-16 18:16:14
S017415,O010966,Out for Delivery,2024-05-03 08:53:55
S017416,O016956,Delivered,2025-05-09 21:41:35
S017417,O012940,Delivered,2024-11-17 01:10:00
S017418,O014511,In Transit,2025-01-11 10:12:36
S017419,O006047,In Transit,2024-09-13 07:20:05
S017420,O009653,Pickup,2025-03-06 23:55:07
S017421,O012662,Delivered,2025-01-03 09:31:18
S017422,O000595,Out for Delivery,2024-03-10 02:05:51
S017423,O014788,Delivered,2024-08-02 09:31:22
S017424,O017489,Out for Delivery,2025-10-03 06:57:10
S017425,O007321,In Transit,2025-09-03 22:12:17
S017426,O019565,In Transit,2024-02-27 14:07:02
S017427,O006201,Pickup,2024-10-09 04:18:36
S017428,O000890,Delivered,2025-04-02 20:12:44
S017429,O019308,Pickup,2024-01-13 09:29:30
S017430,O001546,In Transit,2024-04-28 13:27:12
S017431,O016114,Pickup,2025-08-13 06:15:04
S017432,O001453,Out for Delivery,2024-11-21 16:31:25
S017433,O019494,Out for Delivery,2025-10-21 10:43:51
S017434,O000163,Delivered,2025-03-10 09:55:21
S017435,O011409,In Transit,2024-03-24 08:50:24
S017436,O000501,Pickup,2024-07-05 02:31:31
S017437,O009325,Pickup,2025-02-24 12:45:03
S017438,O009821,Pickup,2024-10-27 01:03:03
S017439,O017992,Out for Delivery,2025-04-26 06:43:13
S017440,O006899,In Transit,2024-09-06 09:33:40
S017441,O006545,Out for Delivery,2024-11-10 23:24:01
S017442,O011939,Out for Delivery,2024-12-22 00:39:35
S017443,O009855,Pickup,2025-11-27 10:40:11
S017444,O004004,Delivered,2025-01-27 08:37:47
S017445,O000003,Out for Delivery,2025-07-25 05:38:52
S017446,O012530,Out for Delivery,2025-08-05 14:19:20
S017447,O007327,Pickup,2025-08-29 03:14:52
S017448,O013355,In Transit,2024-05-02 10:26:52
S017449,O002408,Pickup,2025-05-24 13:52:29
S017450,O011817,Pickup,2024-05-18 06:48:26
S017451,O016578,Delivered,2024-12-12 10:04:33
S017452,O016080,Pickup,2024-07-02 06:23:42
S017453,O010713,Out for Delivery,2025-08-10 01:03:23
S017454,O003753,Delivered,2024-06-23 02:36:22
S017455,O010456,Out for Delivery,2024-09-30 11:10:27
S017456,O006297,Delivered,2025-11-07 10:51:19
S017457,O016776,Out for Delivery,2025-10-18 22:36:48
S017458,O014195,Out for Delivery,2024-02-09 05:57:00
S017459,O000666,Pickup,2024-12-12 22:40:09
S017460,O008584,Out for Delivery,2025-12-02 01:23:48
S017461,O004151,Out for Delivery,2024-07-30 17:02:42
S017462,O010038,Pickup,2024-11-17 13:38:56
S017463,O008647,Out for Delivery,2024-02-05 05:49:00
S017464,O003312,Pickup,2025-08-22 04:58:36
S017465,O008786,Out for Delivery,2025-06-15 01:25:09
S017466,O004719,Out for Delivery,2024-12-22 11:36:01
S017467,O013093,Delivered,2025-09-17 15:22:47
S017468,O016712,Out for Delivery,2024-12-05 22:34:30
S017469,O007743,In Transit,2025-02-10 03:02:18
S017470,O009103,In Transit,2024-09-03 22:33:45
S017471,O011731,Out for Delivery,2025-01-27 07:22:20
S017472,O012906,Delivered,2025-12-21 11:59:54
S017473,O006117,Pickup,2024-08-04 07:38:41
S017474,O010965,In Transit,2025-04-15 23:05:26
S017475,O011150,Delivered,2025-11-02 08:58:05
S017476,O000555,Out for Delivery,2025-01-27 12:17:02
S017477,O016546,Pickup,2025-12-04 10:52:44
S017478,O019031,Pickup,2025-06-30 20:46:56
S017479,O002756,Delivered,2024-02-04 17:36:58
S017480,O015931,Pickup,2025-01-22 16:28:38
S017481,O003466,In Transit,2024-11-20 10:33:28
S017482,O016277,Delivered,2024-06-10 18:09:12
S017483,O008912,Delivered,2024-07-12 02:45:39
S017484,O006583,Pickup,2025-06-25 06:47:06
S017485,O011569,Out for Delivery,2025-01-19 22:17:43
S017486,O002344,Pickup,2024-08-14 08:56:31
S017487,O011462,In Transit,2025-07-11 02:35:30
S017488,O018535,Out for Delivery,2024-08-10 17:04:29
S017489,O014919,In Transit,2024-02-18 03:51:13
S017490,O019120,Delivered,2025-12-26 17:38:53
S017491,O014736,In Transit,2024-11-24 07:26:54
S017492,O016347,Pickup,2025-03-21 22:01:51
S017493,O003099,Delivered,2025-02-04 05:33:48
S017494,O015197,Delivered,2025-07-12 05:08:19
S017495,O016047,Out for Delivery,2025-08-13 08:38:07
S017496,O013768,Pickup,2024-10-09 20:21:28
S017497,O017467,Pickup,2025-04-25 14:44:59
S017498,O018565,Out for Delivery,2024-10-30 21:20:25
S017499,O009870,Delivered,2025-02-09 18:16:55
S017500,O014208,Delivered,2024-07-15 20:09:06
S017501,O009457,In Transit,2025-12-26 13:27:42
S017502,O005743,Out for Delivery,2025-04-12 04:45:57
S017503,O003656,In Transit,2025-12-25 22:13:11
S017504,O007687,Delivered,2024-12-03 00:24:55
S017505,O000292,Out for Delivery,2024-10-08 00:28:36
S017506,O018070,Out for Delivery,2025-02-05 09:00:31
S017507,O013520,Pickup,2024-10-22 22:15:34
S017508,O008280,Out for Delivery,2024-03-31 02:30:58
S017509,O007195,Delivered,2025-12-09 18:27:11
S017510,O012509,Out for Delivery,2025-03-25 15:13:50
S017511,O005547,Out for Delivery,2024-08-14 07:05:49
S017512,O014199,Out for Delivery,2024-06-02 16:23:02
S017513,O016989,Delivered,2025-07-05 21:26:59
S017514,O011879,Delivered,2024-02-03 19:14:19
S017515,O014538,Delivered,2025-07-26 22:36:37
S017516,O013098,In Transit,2025-05-23 23:45:16
S017517,O015636,Delivered,2025-08-16 15:33:36
S017518,O012890,Out for Delivery,2025-02-15 10:08:43
S017519,O019531,Pickup,2024-08-31 02:45:05
S017520,O012775,Pickup,2024-07-08 20:56:58
S017521,O002617,Out for Delivery,2024-02-04 22:57:22
S017522,O002886,Delivered,2024-03-30 05:54:28
S017523,O001167,Out for Delivery,2025-07-27 16:11:30
S017524,O007347,Pickup,2024-05-31 01:09:11
S017525,O012514,Delivered,2025-11-28 04:18:32
S017526,O016935,Delivered,2024-03-18 05:27:10
S017527,O019861,Pickup,2024-02-23 08:15:04
S017528,O005926,In Transit,2024-05-28 04:02:58
S017529,O006493,Delivered,2024-06-03 21:50:54
S017530,O000800,Delivered,2024-01-02 22:01:57
S017531,O011881,In Transit,2024-12-03 23:59:04
S017532,O013036,In Transit,2025-08-09 13:56:27
S017533,O012673,Delivered,2025-01-30 00:30:20
S017534,O014519,Out for Delivery,2025-12-19 11:56:05
S017535,O013652,Delivered,2024-11-16 13:15:42
S017536,O011117,Out for Delivery,2024-01-18 08:25:55
S017537,O008158,In Transit,2024-01-07 22:02:27
S017538,O000574,Delivered,2024-06-12 03:54:51
S017539,O018643,Pickup,2024-08-20 11:09:11
S017540,O004996,In Transit,2024-11-19 03:15:05
S017541,O004197,Pickup,2024-10-04 16:26:14
S017542,O005196,Pickup,2025-09-27 21:06:17
S017543,O016944,Pickup,2024-08-02 07:06:02
S017544,O019271,In Transit,2025-10-25 03:02:33
S017545,O007484,In Transit,2025-05-30 08:17:43
S017546,O003864,In Transit,2025-08-16 12:23:26
S017547,O013310,In Transit,2024-08-18 07:27:58
S017548,O012909,Pickup,2025-08-25 16:52:36
S017549,O004595,In Transit,2024-02-18 09:21:09
S017550,O017625,Out for Delivery,2025-06-01 13:28:35
S017551,O008374,Out for Delivery,2024-04-16 07:51:01
S017552,O002281,Out for Delivery,2025-08-19 23:16:36
S017553,O012771,In Transit,2025-09-19 00:41:43
S017554,O009862,Delivered,2025-09-27 23:53:49
S017555,O015458,Pickup,2024-07-06 18:31:45
S017556,O016444,Pickup,2025-08-28 12:53:29
S017557,O004697,Pickup,2025-04-24 18:01:20
S017558,O013969,In Transit,2024-10-03 19:04:07
S017559,O019116,Out for Delivery,2024-01-12 23:42:45
S017560,O006964,Pickup,2025-02-12 16:48:40
S017561,O007589,Pickup,2024-09-12 15:29:48
S017562,O019897,Delivered,2025-03-22 01:34:42
S017563,O009423,In Transit,2024-10-27 01:06:33
S017564,O010614,Out for Delivery,2025-01-03 04:47:46
S017565,O006436,Pickup,2024-10-02 05:33:22
S017566,O001227,Pickup,2025-11-10 05:54:17
S017567,O013183,Pickup,2024-06-14 01:13:32
S017568,O013877,Delivered,2024-07-10 17:36:04
S017569,O011246,In Transit,2025-03-06 19:13:53
S017570,O004545,Delivered,2025-02-28 12:40:32
S017571,O004096,Out for Delivery,2024-11-14 01:41:31
S017572,O012316,Out for Delivery,2025-06-10 20:58:09
S017573,O012390,Out for Delivery,2025-12-06 18:29:22
S017574,O002591,In Transit,2025-04-27 01:21:24
S017575,O010403,Out for Delivery,2025-07-19 13:47:29
S017576,O018670,In Transit,2024-06-24 05:36:04
S017577,O000916,Delivered,2025-08-11 12:30:33
S017578,O006760,Out for Delivery,2024-01-02 22:47:24
S017579,O015522,Pickup,2024-03-10 00:11:03
S017580,O019477,Pickup,2025-03-31 12:44:19
S017581,O017424,Delivered,2025-11-20 23:49:09
S017582,O004588,In Transit,2024-06-21 15:06:29
S017583,O019849,Delivered,2025-09-01 13:32:42
S017584,O011486,In Transit,2024-02-24 02:46:02
S017585,O012419,Pickup,2024-07-28 23:27:05
S017586,O000582,Out for Delivery,2024-04-17 14:11:20
S017587,O003026,Delivered,2024-02-25 22:35:35
S017588,O008871,In Transit,2025-08-18 15:57:25
S017589,O000348,Out for Delivery,2025-10-06 06:14:41
S017590,O006009,Pickup,2025-11-06 03:38:42
S017591,O012192,Out for Delivery,2024-07-08 00:35:51
S017592,O004128,Out for Delivery,2025-06-13 19:31:52
S017593,O000041,Pickup,2025-02-16 07:09:05
S017594,O002368,Out for Delivery,2024-01-10 09:54:39
S017595,O000435,In Transit,2024-02-04 14:11:39
S017596,O018393,Delivered,2025-06-08 15:52:17
S017597,O018292,Delivered,2025-04-24 11:50:00
S017598,O005565,In Transit,2024-01-16 18:07:26
S017599,O013531,Delivered,2024-07-17 00:44:04
S017600,O019544,In Transit,2024-07-12 04:31:06
S017601,O009488,In Transit,2024-10-15 22:26:35
S017602,O000227,In Transit,2024-05-06 15:35:29
S017603,O004296,Pickup,2024-08-25 01:47:36
S017604,O000295,Out for Delivery,2025-03-04 10:18:09
S017605,O009537,In Transit,2025-09-19 17:48:57
S017606,O018195,Out for Delivery,2024-10-08 02:20:09
S017607,O014012,Pickup,2024-02-27 08:00:51
S017608,O014466,Out for Delivery,2025-09-12 09:07:10
S017609,O013098,Pickup,2024-01-31 19:44:45
S017610,O005709,Pickup,2025-07-11 11:07:26
S017611,O004914,Pickup,2025-01-18 13:09:15
S017612,O012911,Pickup,2025-01-14 10:44:34
S017613,O012675,Pickup,2025-05-27 21:27:35
S017614,O012388,Pickup,2024-03-19 15:02:43
S017615,O013051,Pickup,2024-02-03 13:31:30
S017616,O018835,Pickup,2025-12-30 16:50:19
S017617,O015619,Out for Delivery,2024-04-24 06:16:34
S017618,O004276,In Transit,2024-06-25 06:35:05
S017619,O006314,Pickup,2024-02-24 09:24:06
S017620,O011862,Pickup,2024-06-25 01:01:29
S017621,O017700,Out for Delivery,2024-11-30 07:51:32
S017622,O009607,In Transit,2025-08-01 21:00:54
S017623,O017970,Pickup,2025-10-26 05:41:02
S017624,O013715,Out for Delivery,2025-01-14 10:30:55
S017625,O010749,In Transit,2025-07-19 11:46:45
S017626,O017554,In Transit,2025-05-13 05:01:29
S017627,O016597,Delivered,2025-09-22 06:39:24
S017628,O000850,In Transit,2025-12-28 19:11:38
S017629,O010616,In Transit,2025-05-23 20:03:42
S017630,O002278,Delivered,2025-07-22 07:37:54
S017631,O000539,Out for Delivery,2024-11-17 22:50:17
S017632,O018851,In Transit,2025-09-21 08:33:49
S017633,O009240,Pickup,2025-08-20 13:20:26
S017634,O006672,Delivered,2025-08-13 20:40:24
S017635,O002539,Delivered,2025-11-20 14:16:23
S017636,O013961,Pickup,2024-05-28 05:28:11
S017637,O009549,Pickup,2024-01-30 08:32:10
S017638,O016383,In Transit,2024-02-03 09:00:42
S017639,O004797,In Transit,2025-05-04 02:44:50
S017640,O012229,In Transit,2024-11-03 01:45:21
S017641,O016485,Out for Delivery,2025-11-17 15:56:14
S017642,O003851,In Transit,2024-06-03 07:29:37
S017643,O016337,In Transit,2024-06-14 02:06:39
S017644,O009062,Pickup,2024-03-07 02:46:18
S017645,O002268,In Transit,2025-11-11 09:07:13
S017646,O018043,Delivered,2024-10-18 14:03:32
S017647,O005995,Pickup,2024-03-22 06:47:35
S017648,O008542,Pickup,2024-07-01 21:37:12
S017649,O010093,Out for Delivery,2025-04-14 17:23:10
S017650,O003844,Pickup,2024-01-27 05:11:18
S017651,O007814,Out for Delivery,2025-04-02 17:06:37
S017652,O009334,Pickup,2025-12-05 06:13:13
S017653,O015654,Delivered,2025-07-02 09:25:27
S017654,O009271,Delivered,2025-01-12 07:35:59
S017655,O018495,Out for Delivery,2025-09-03 19:11:14
S017656,O016515,Pickup,2024-04-23 22:08:26
S017657,O003057,Delivered,2025-07-06 19:57:04
S017658,O001577,In Transit,2025-12-30 00:43:39
S017659,O008872,Out for Delivery,2025-05-23 02:58:47
S017660,O008664,Out for Delivery,2024-05-05 01:06:36
S017661,O010791,Delivered,2025-02-21 17:07:49
S017662,O019106,Pickup,2025-08-05 03:48:47
S017663,O002419,Pickup,2025-01-30 13:04:32
S017664,O013891,In Transit,2024-10-26 23:33:30
S017665,O016523,Pickup,2025-12-21 16:22:18
S017666,O001549,Delivered,2025-02-27 16:09:20
S017667,O015779,Pickup,2024-02-28 18:10:49
S017668,O008389,Pickup,2024-02-10 15:40:20
S017669,O010156,Pickup,2025-08-05 15:53:00
S017670,O015962,Pickup,2025-10-20 03:01:12
S017671,O018536,Out for Delivery,2024-10-22 10:59:02
S017672,O006845,Delivered,2024-05-10 01:48:37
S017673,O009778,In Transit,2025-06-01 04:09:55
S017674,O013622,Delivered,2025-01-27 15:59:33
S017675,O014989,In Transit,2025-05-25 11:17:43
S017676,O009405,In Transit,2024-03-17 18:52:17
S017677,O001865,Delivered,2024-02-11 06:48:41
S017678,O010206,Out for Delivery,2024-11-26 18:04:20
S017679,O016056,In Transit,2025-09-29 18:57:08
S017680,O015189,Pickup,2024-10-04 13:15:11
S017681,O017936,Pickup,2024-05-17 19:52:01
S017682,O007030,Pickup,2025-11-09 02:58:59
S017683,O015639,In Transit,2024-07-27 12:57:17
S017684,O017316,Pickup,2025-10-06 03:49:02
S017685,O001733,Out for Delivery,2025-10-19 17:57:32
S017686,O019983,Pickup,2025-04-29 14:21:51
S017687,O017785,Delivered,2025-06-07 00:00:04
S017688,O018051,Out for Delivery,2025-08-01 04:38:21
S017689,O012290,Delivered,2025-10-28 10:46:26
S017690,O012843,Delivered,2024-03-04 15:47:06
S017691,O004334,In Transit,2025-01-07 04:18:34
S017692,O018391,Pickup,2024-02-02 00:13:16
S017693,O010222,Delivered,2024-10-23 20:33:21
S017694,O017437,Delivered,2025-09-04 01:24:13
S017695,O018208,Pickup,2025-05-25 08:22:57
S017696,O003545,In Transit,2025-11-04 22:47:25
S017697,O012023,Pickup,2025-09-17 19:17:40
S017698,O008855,Delivered,2024-04-23 11:23:30
S017699,O013251,Pickup,2025-10-13 03:07:03
S017700,O000748,Pickup,2025-03-12 07:37:52
S017701,O008361,Delivered,2025-01-07 00:07:07
S017702,O013757,Pickup,2025-02-16 22:42:08
S017703,O012387,Out for Delivery,2024-09-01 22:20:56
S017704,O000083,Delivered,2024-02-20 20:22:52
S017705,O015370,Pickup,2025-03-18 23:17:39
S017706,O007384,Pickup,2025-06-09 00:18:43
S017707,O009690,Delivered,2025-08-11 02:31:38
S017708,O015319,Delivered,2024-01-10 23:47:52
S017709,O012784,In Transit,2024-10-22 09:20:50
S017710,O010928,Out for Delivery,2025-07-23 20:24:26
S017711,O001107,Delivered,2025-01-19 21:48:55
S017712,O015127,Pickup,2024-04-18 01:11:12
S017713,O001662,Out for Delivery,2025-01-27 11:58:38
S017714,O008173,Pickup,2025-01-02 07:45:22
S017715,O000789,Delivered,2025-06-10 09:19:18
S017716,O004305,Delivered,2025-03-07 04:55:03
S017717,O003780,Delivered,2025-04-03 10:50:16
S017718,O005275,Pickup,2025-05-23 20:15:30
S017719,O005814,Out for Delivery,2025-03-20 23:07:42
S017720,O006142,Out for Delivery,2025-09-19 01:18:35
S017721,O005221,Pickup,2024-12-07 16:46:10
S017722,O002922,Out for Delivery,2024-06-27 23:39:08
S017723,O018474,Out for Delivery,2025-07-06 17:22:12
S017724,O014276,Pickup,2025-01-29 22:04:32
S017725,O007692,Out for Delivery,2025-04-15 22:30:04
S017726,O007904,In Transit,2025-10-24 16:17:31
S017727,O015618,In Transit,2025-10-06 12:24:19
S017728,O001378,In Transit,2025-11-15 15:27:10
S017729,O004810,In Transit,2025-01-22 07:38:09
S017730,O014692,Pickup,2024-07-02 12:25:34
S017731,O006798,In Transit,2024-04-13 16:17:10
S017732,O008856,Pickup,2024-12-31 14:50:36
S017733,O011621,In Transit,2024-01-12 07:58:26
S017734,O018130,Pickup,2025-06-12 15:14:36
S017735,O013177,In Transit,2024-11-22 19:13:14
S017736,O008789,Delivered,2025-03-12 12:16:17
S017737,O017977,Delivered,2025-08-08 17:56:13
S017738,O012437,Out for Delivery,2024-03-01 03:22:17
S017739,O005207,Delivered,2025-11-14 03:22:22
S017740,O017322,Pickup,2025-05-11 12:47:47
S017741,O012092,In Transit,2025-09-30 20:14:18
S017742,O002650,Delivered,2024-12-31 09:22:16
S017743,O012705,Out for Delivery,2025-06-28 21:58:05
S017744,O010819,Pickup,2024-09-12 09:00:57
S017745,O014600,Out for Delivery,2025-05-01 02:08:10
S017746,O006973,Out for Delivery,2024-02-16 01:40:52
S017747,O014889,Delivered,2024-06-22 17:02:19
S017748,O010472,Pickup,2024-09-18 12:49:02
S017749,O012918,Out for Delivery,2025-11-06 01:38:50
S017750,O004614,In Transit,2024-01-23 15:44:04
S017751,O013890,Delivered,2025-08-29 17:03:29
S017752,O002954,In Transit,2024-07-13 11:55:54
S017753,O015849,In Transit,2025-10-13 04:55:51
S017754,O013260,In Transit,2025-10-16 19:53:32
S017755,O002907,Pickup,2025-07-11 07:21:44
S017756,O013096,Out for Delivery,2024-03-22 19:59:38
S017757,O018597,In Transit,2024-10-27 00:53:54
S017758,O013359,Out for Delivery,2024-01-24 06:04:05
S017759,O017294,In Transit,2024-02-06 15:35:33
S017760,O003547,Pickup,2025-03-24 17:56:12
S017761,O015423,Delivered,2024-12-31 03:12:21
S017762,O013005,Pickup,2024-07-02 02:49:36
S017763,O016815,In Transit,2024-01-13 07:06:48
S017764,O000808,In Transit,2024-05-14 00:54:59
S017765,O016896,In Transit,2025-11-25 05:34:33
S017766,O007951,Pickup,2024-10-29 17:11:00
S017767,O019082,Delivered,2025-08-23 12:21:45
S017768,O002324,Pickup,2024-06-22 21:59:27
S017769,O017580,Delivered,2024-01-17 10:29:10
S017770,O019265,In Transit,2024-03-15 08:01:30
S017771,O004736,Out for Delivery,2024-08-17 08:15:44
S017772,O013755,Out for Delivery,2025-06-08 08:27:38
S017773,O009374,In Transit,2024-05-07 01:54:25
S017774,O005621,Out for Delivery,2025-03-21 11:16:07
S017775,O019034,Pickup,2025-10-14 07:22:39
S017776,O011668,Pickup,2025-12-07 04:29:54
S017777,O011941,Delivered,2024-08-02 07:18:37
S017778,O006765,Pickup,2025-07-13 09:56:28
S017779,O008055,Delivered,2025-08-19 12:59:28
S017780,O019827,Pickup,2025-01-26 01:36:46
S017781,O017077,Delivered,2025-04-27 03:55:05
S017782,O009380,Out for Delivery,2025-07-07 12:59:32
S017783,O013537,In Transit,2024-04-18 13:19:29
S017784,O012596,Out for Delivery,2025-12-20 02:56:17
S017785,O010291,Out for Delivery,2025-01-03 20:18:18
S017786,O003356,Out for Delivery,2025-05-09 19:52:19
S017787,O019032,Out for Delivery,2025-08-25 19:38:40
S017788,O016091,Out for Delivery,2024-09-19 00:54:55
S017789,O017531,Pickup,2025-02-08 22:59:03
S017790,O010498,In Transit,2024-08-18 22:37:11
S017791,O019643,Delivered,2025-09-14 03:54:46
S017792,O017753,Pickup,2024-03-13 07:44:33
S017793,O002243,Delivered,2024-06-04 00:10:22
S017794,O015094,In Transit,2025-12-13 03:26:42
S017795,O018551,Pickup,2024-09-27 06:55:43
S017796,O007264,Pickup,2024-05-22 11:38:37
S017797,O003316,In Transit,2024-05-16 18:38:44
S017798,O001575,Pickup,2024-05-21 16:30:17
S017799,O012123,Out for Delivery,2024-02-20 03:19:59
S017800,O000965,Delivered,2024-03-14 14:12:20
S017801,O019491,In Transit,2025-06-17 06:21:16
S017802,O004668,In Transit,2024-03-13 13:56:22
S017803,O018372,Delivered,2024-07-11 00:56:58
S017804,O013265,Pickup,2024-03-15 07:21:48
S017805,O019922,Delivered,2024-03-11 19:34:46
S017806,O005163,In Transit,2025-01-28 08:34:12
S017807,O004905,Out for Delivery,2025-01-24 08:53:43
S017808,O004380,Delivered,2024-01-12 12:17:29
S017809,O019208,In Transit,2024-01-13 16:20:10
S017810,O005843,Out for Delivery,2025-07-10 18:58:23
S017811,O016965,Out for Delivery,2024-03-14 12:27:49
S017812,O018532,In Transit,2025-09-14 08:46:40
S017813,O010871,Pickup,2025-02-23 14:23:28
S017814,O006111,Pickup,2024-08-06 19:58:54
S017815,O010614,Out for Delivery,2024-11-18 08:50:13
S017816,O014600,Pickup,2025-02-10 13:48:11
S017817,O011305,In Transit,2024-02-09 01:30:11
S017818,O006123,Out for Delivery,2024-04-26 02:51:41
S017819,O010748,Out for Delivery,2025-01-30 08:59:48
S017820,O010686,Delivered,2025-02-02 15:23:46
S017821,O015493,In Transit,2025-02-20 10:56:24
S017822,O019969,Out for Delivery,2024-01-11 03:51:48
S017823,O008107,Delivered,2025-05-06 00:16:47
S017824,O007685,Pickup,2025-06-30 13:36:23
S017825,O013826,Pickup,2024-09-13 12:20:53
S017826,O004546,In Transit,2024-02-06 00:20:04
S017827,O013940,Out for Delivery,2024-09-14 20:06:34
S017828,O014172,Delivered,2024-06-20 13:39:09
S017829,O001692,Out for Delivery,2025-04-20 11:47:30
S017830,O000742,Out for Delivery,2025-01-07 17:45:05
S017831,O006617,Pickup,2024-11-16 00:06:32
S017832,O008463,Delivered,2024-03-04 16:05:53
S017833,O015840,Out for Delivery,2025-03-01 03:13:22
S017834,O011756,Delivered,2024-03-11 16:52:03
S017835,O019720,Delivered,2024-04-30 17:01:41
S017836,O012479,In Transit,2024-02-25 08:07:22
S017837,O014363,In Transit,2024-11-06 17:16:50
S017838,O014244,In Transit,2024-05-10 23:33:47
S017839,O002401,Out for Delivery,2024-02-17 07:27:41
S017840,O002292,In Transit,2025-02-27 03:12:28
S017841,O000011,Out for Delivery,2024-10-24 17:48:44
S017842,O014713,Delivered,2025-04-24 12:07:29
S017843,O003165,Out for Delivery,2025-06-18 17:54:08
S017844,O013114,In Transit,2024-02-03 23:36:53
S017845,O013380,Out for Delivery,2024-06-16 05:30:17
S017846,O000085,Pickup,2025-04-27 03:00:03
S017847,O003015,Delivered,2025-06-04 12:53:36
S017848,O018127,In Transit,2024-11-07 12:59:34
S017849,O015547,In Transit,2025-09-05 00:00:13
S017850,O015588,Delivered,2024-12-16 12:53:19
S017851,O018073,In Transit,2025-04-24 00:03:44
S017852,O013204,Delivered,2024-09-27 21:59:02
S017853,O002465,In Transit,2025-10-02 00:58:37
S017854,O008721,Out for Delivery,2025-09-27 23:15:29
S017855,O018894,Pickup,2024-11-25 16:25:26
S017856,O005238,Out for Delivery,2025-03-31 08:30:43
S017857,O013478,In Transit,2025-06-26 20:29:12
S017858,O008988,Pickup,2025-03-07 04:50:16
S017859,O006528,Delivered,2024-09-05 12:18:50
S017860,O014754,Out for Delivery,2024-10-05 09:34:06
S017861,O018211,Pickup,2025-12-17 18:16:12
S017862,O009820,In Transit,2025-11-18 15:41:54
S017863,O013885,Out for Delivery,2025-07-16 15:25:08
S017864,O012059,In Transit,2024-09-10 20:42:34
S017865,O015752,Delivered,2024-02-15 06:58:39
S017866,O018612,Delivered,2024-07-24 18:45:50
S017867,O004166,In Transit,2025-04-12 02:37:00
S017868,O002390,Out for Delivery,2025-11-06 20:47:38
S017869,O013851,In Transit,2024-05-18 22:16:45
S017870,O012325,Out for Delivery,2024-01-23 16:23:42
S017871,O011853,Pickup,2024-02-21 06:54:22
S017872,O005531,Pickup,2025-01-31 12:52:04
S017873,O011149,Out for Delivery,2024-11-30 13:46:41
S017874,O018995,Pickup,2024-04-28 21:41:09
S017875,O011001,In Transit,2025-06-28 15:45:31
S017876,O010571,Delivered,2024-02-21 07:33:46
S017877,O007574,In Transit,2025-10-17 14:45:49
S017878,O011178,Out for Delivery,2025-07-18 12:46:01
S017879,O004349,In Transit,2025-10-23 06:43:52
S017880,O019995,Pickup,2025-03-07 21:49:42
S017881,O009440,Pickup,2024-06-14 05:22:02
S017882,O015667,Delivered,2024-10-12 15:14:44
S017883,O011579,Out for Delivery,2025-01-27 06:49:24
S017884,O016904,Out for Delivery,2024-02-12 07:37:41
S017885,O015271,Delivered,2024-12-08 00:07:51
S017886,O013686,Delivered,2025-05-14 11:00:03
S017887,O008260,Out for Delivery,2025-07-20 22:32:47
S017888,O019962,In Transit,2024-10-29 09:01:41
S017889,O001797,Pickup,2025-09-20 09:38:04
S017890,O012922,Pickup,2025-10-22 18:29:36
S017891,O012994,Delivered,2025-12-25 01:10:25
S017892,O014343,Pickup,2025-05-01 00:30:11
S017893,O018843,Delivered,2025-01-31 00:07:50
S017894,O014276,Delivered,2024-12-22 10:21:36
S017895,O002895,Delivered,2025-02-16 02:49:13
S017896,O007176,Delivered,2025-09-06 09:21:45
S017897,O004982,Out for Delivery,2024-07-12 03:54:09
S017898,O002148,In Transit,2024-09-06 09:42:49
S017899,O003886,Out for Delivery,2025-11-09 02:03:42
S017900,O019592,Delivered,2025-10-06 22:20:43
S017901,O009700,Pickup,2024-03-18 22:00:50
S017902,O008655,In Transit,2024-01-26 13:52:08
S017903,O005660,Delivered,2024-06-16 10:57:34
S017904,O004699,Out for Delivery,2024-08-07 15:00:43
S017905,O003480,Out for Delivery,2024-10-06 14:13:06
S017906,O015664,In Transit,2025-12-13 05:47:07
S017907,O007444,In Transit,2024-03-18 22:59:20
S017908,O002366,Pickup,2025-04-04 13:42:58
S017909,O016820,Out for Delivery,2025-04-24 05:50:14
S017910,O008872,Delivered,2024-11-28 03:45:13
S017911,O001648,Delivered,2025-08-11 18:05:23
S017912,O001581,Pickup,2024-08-30 05:02:14
S017913,O005266,Delivered,2025-01-19 20:21:45
S017914,O010644,Out for Delivery,2025-08-19 04:03:00
S017915,O001055,Out for Delivery,2025-04-20 00:54:46
S017916,O007874,Out for Delivery,2024-04-01 20:34:32
S017917,O008737,Delivered,2024-06-13 12:59:56
S017918,O007068,Out for Delivery,2025-01-13 11:29:07
S017919,O019874,In Transit,2024-09-02 17:12:36
S017920,O011066,Pickup,2024-04-21 13:57:57
S017921,O008314,Delivered,2024-10-18 02:49:24
S017922,O006307,Pickup,2024-12-06 17:25:19
S017923,O017483,Pickup,2025-07-07 12:14:55
S017924,O002150,In Transit,2025-01-29 19:02:24
S017925,O000143,Delivered,2025-05-04 22:40:40
S017926,O018842,Delivered,2025-10-27 03:49:19
S017927,O015622,Delivered,2025-09-25 18:06:08
S017928,O006926,Out for Delivery,2025-01-26 11:01:05
S017929,O016496,Pickup,2025-03-01 21:43:41
S017930,O007293,Out for Delivery,2024-03-17 03:08:29
S017931,O017961,In Transit,2024-04-26 00:34:07
S017932,O002336,Pickup,2025-05-20 18:37:10
S017933,O008841,Pickup,2024-11-22 01:14:08
S017934,O015192,Out for Delivery,2024-02-14 06:39:42
S017935,O013898,Out for Delivery,2025-12-25 13:20:35
S017936,O015341,Delivered,2025-07-25 21:47:03
S017937,O015608,Out for Delivery,2025-08-06 20:14:55
S017938,O011833,Out for Delivery,2024-11-03 02:55:22
S017939,O003029,In Transit,2024-10-05 11:33:04
S017940,O009063,Out for Delivery,2024-04-21 20:20:14
S017941,O007571,Pickup,2024-06-06 04:42:20
S017942,O011343,In Transit,2025-11-27 09:29:56
S017943,O014295,Out for Delivery,2025-11-17 20:00:13
S017944,O005700,Pickup,2025-06-17 02:32:44
S017945,O008100,In Transit,2025-11-06 09:04:22
S017946,O004129,Pickup,2024-05-18 01:22:02
S017947,O001799,In Transit,2025-07-13 01:44:54
S017948,O019052,Pickup,2025-04-16 22:33:19
S017949,O015954,Delivered,2025-04-26 22:28:06
S017950,O011286,Delivered,2025-07-12 16:09:15
S017951,O003842,In Transit,2025-08-30 03:16:50
S017952,O005612,In Transit,2025-03-07 19:30:31
S017953,O014681,In Transit,2025-10-25 02:44:53
S017954,O004206,Delivered,2024-10-29 22:04:00
S017955,O019812,In Transit,2024-04-01 17:30:30
S017956,O012387,In Transit,2024-12-21 12:29:15
S017957,O018987,Delivered,2024-05-13 10:50:27
S017958,O011535,Out for Delivery,2025-01-15 18:29:55
S017959,O019605,Delivered,2025-09-12 00:34:57
S017960,O018395,Pickup,2024-04-04 17:50:08
S017961,O000529,In Transit,2024-06-25 12:35:39
S017962,O012518,In Transit,2025-10-10 23:04:27
S017963,O013753,In Transit,2024-02-04 11:07:28
S017964,O003384,Pickup,2025-05-31 10:25:14
S017965,O003404,Out for Delivery,2025-03-30 10:30:47
S017966,O010368,Delivered,2024-03-21 23:24:07
S017967,O006373,Delivered,2024-02-13 02:56:18
S017968,O003000,Pickup,2024-09-22 17:59:42
S017969,O002127,Delivered,2024-09-18 21:55:50
S017970,O017333,Out for Delivery,2025-07-28 00:41:54
S017971,O007344,Delivered,2025-11-24 10:09:40
S017972,O005580,Delivered,2024-12-10 03:31:08
S017973,O004571,Out for Delivery,2024-03-11 12:18:01
S017974,O004751,In Transit,2025-05-10 10:58:23
S017975,O006641,Pickup,2024-05-18 11:08:16
S017976,O017779,Out for Delivery,2024-11-06 09:27:46
S017977,O000235,Pickup,2024-01-01 09:21:09
S017978,O004821,Delivered,2024-12-25 12:46:25
S017979,O002546,Out for Delivery,2024-11-18 07:20:32
S017980,O009671,Pickup,2025-11-22 20:31:08
S017981,O004073,Pickup,2025-08-07 00:13:49
S017982,O011687,Delivered,2024-12-27 23:41:13
S017983,O017199,Pickup,2025-11-30 19:31:07
S017984,O015107,Delivered,2024-05-05 23:19:50
S017985,O015268,In Transit,2025-10-12 21:11:51
S017986,O017751,In Transit,2025-01-30 23:03:18
S017987,O003458,Delivered,2025-07-12 17:11:26
S017988,O008096,Pickup,2024-01-01 04:50:12
S017989,O006842,Out for Delivery,2024-04-22 10:51:45
S017990,O006501,Delivered,2025-12-09 01:56:41
S017991,O004619,Pickup,2024-04-17 13:43:22
S017992,O006106,Delivered,2024-10-07 18:21:59
S017993,O006416,Delivered,2024-03-01 21:45:51
S017994,O014941,Pickup,2025-05-01 08:38:40
S017995,O011666,In Transit,2024-11-08 17:26:37
S017996,O011585,Pickup,2025-01-09 18:28:43
S017997,O001512,In Transit,2025-02-16 17:47:09
S017998,O018218,Delivered,2024-05-27 02:31:06
S017999,O010059,In Transit,2024-04-24 11:25:16
S018000,O005814,In Transit,2025-08-25 03:48:50
S018001,O005132,Delivered,2024-10-17 13:04:57
S018002,O000681,Out for Delivery,2025-06-22 02:31:10
S018003,O013470,Out for Delivery,2025-04-05 05:38:47
S018004,O018185,Pickup,2025-11-22 17:54:39
S018005,O015258,Pickup,2025-01-25 10:15:52
S018006,O006770,In Transit,2024-04-14 05:18:49
S018007,O018044,Out for Delivery,2024-03-25 15:02:42
S018008,O010505,Delivered,2025-08-02 01:22:10
S018009,O002482,Pickup,2024-07-22 13:15:23
S018010,O017354,Out for Delivery,2024-10-16 15:20:06
S018011,O009601,In Transit,2024-04-23 14:07:32
S018012,O007964,Out for Delivery,2024-04-13 11:09:29
S018013,O000407,Out for Delivery,2025-12-07 03:28:20
S018014,O014111,In Transit,2024-07-08 22:42:22
S018015,O017695,Out for Delivery,2025-03-03 17:33:26
S018016,O001647,Out for Delivery,2025-12-02 21:36:37
S018017,O018035,Out for Delivery,2025-10-27 09:40:32
S018018,O005706,Pickup,2025-07-24 09:50:56
S018019,O003976,Pickup,2025-02-19 09:05:15
S018020,O009166,Pickup,2024-12-04 12:49:25
S018021,O019563,Pickup,2025-11-25 08:00:23
S018022,O003058,Pickup,2024-07-24 15:41:43
S018023,O018639,Pickup,2024-06-11 17:24:06
S018024,O019317,Delivered,2025-02-10 13:23:10
S018025,O016063,Pickup,2025-10-02 15:13:47
S018026,O009031,Pickup,2025-10-13 14:49:10
S018027,O007069,Pickup,2025-02-17 02:11:12
S018028,O017454,Delivered,2025-12-24 07:48:22
S018029,O012055,Pickup,2024-07-12 02:13:07
S018030,O019036,Delivered,2025-12-20 21:14:46
S018031,O008985,Pickup,2025-09-06 04:38:53
S018032,O017677,Pickup,2025-03-21 01:47:36
S018033,O017631,Delivered,2025-09-22 17:59:01
S018034,O011127,Out for Delivery,2025-06-30 12:48:11
S018035,O001330,In Transit,2024-10-28 02:49:57
S018036,O011461,Out for Delivery,2025-04-29 06:08:58
S018037,O008818,Pickup,2025-11-28 02:35:42
S018038,O011384,Delivered,2025-08-05 20:48:41
S018039,O010321,Pickup,2024-05-10 16:36:48
S018040,O012399,In Transit,2024-12-31 17:53:06
S018041,O008668,Out for Delivery,2025-08-06 15:43:53
S018042,O002183,Delivered,2024-05-07 16:18:08
S018043,O006177,Delivered,2024-10-06 20:24:26
S018044,O019861,Pickup,2024-09-14 22:45:29
S018045,O013052,In Transit,2025-03-08 04:58:11
S018046,O008294,In Transit,2024-10-30 17:57:01
S018047,O019828,Pickup,2024-11-28 02:11:15
S018048,O012842,Pickup,2024-03-14 00:17:08
S018049,O003079,In Transit,2024-10-30 07:25:39
S018050,O007480,In Transit,2025-09-11 02:51:10
S018051,O000294,In Transit,2025-04-06 06:09:12
S018052,O007203,In Transit,2024-01-16 08:04:37
S018053,O000541,Out for Delivery,2024-06-30 23:58:54
S018054,O018137,Delivered,2024-09-10 11:55:55
S018055,O004118,Pickup,2024-02-24 00:09:59
S018056,O018135,In Transit,2024-05-21 03:05:00
S018057,O009024,Pickup,2024-02-27 04:26:58
S018058,O018171,In Transit,2025-06-21 15:38:03
S018059,O000310,In Transit,2025-09-01 17:26:23
S018060,O017993,In Transit,2024-08-08 07:55:55
S018061,O002976,In Transit,2025-03-21 19:36:42
S018062,O016545,Out for Delivery,2024-07-18 09:10:35
S018063,O000129,In Transit,2024-08-09 04:13:04
S018064,O007290,In Transit,2024-12-19 15:00:08
S018065,O008996,Pickup,2025-12-19 19:08:04
S018066,O003025,Out for Delivery,2024-03-20 04:51:14
S018067,O000133,Delivered,2024-12-13 09:35:20
S018068,O011321,In Transit,2024-09-28 17:20:33
S018069,O008832,In Transit,2024-03-18 01:20:53
S018070,O003958,Pickup,2025-05-05 23:56:13
S018071,O018617,Out for Delivery,2025-07-05 11:51:17
S018072,O012701,In Transit,2024-11-04 00:27:01
S018073,O017860,Out for Delivery,2024-12-11 04:09:12
S018074,O016979,Delivered,2024-06-08 17:14:28
S018075,O001865,Delivered,2024-08-19 17:08:50
S018076,O005761,Delivered,2025-08-23 08:50:09
S018077,O003579,Out for Delivery,2025-02-01 00:12:10
S018078,O010968,Out for Delivery,2024-06-07 07:56:26
S018079,O008220,In Transit,2024-05-21 00:51:02
S018080,O018523,Pickup,2024-02-01 09:48:26
S018081,O017390,Out for Delivery,2025-01-01 03:20:24
S018082,O000327,In Transit,2024-08-13 06:47:44
S018083,O001633,Delivered,2025-10-15 06:04:52
S018084,O001257,Pickup,2024-01-26 02:52:35
S018085,O018939,Pickup,2025-05-20 18:28:36
S018086,O003776,In Transit,2024-06-02 08:10:01
S018087,O001140,Delivered,2024-04-05 17:09:57
S018088,O011170,Pickup,2025-12-31 10:26:56
S018089,O010314,Pickup,2024-11-21 17:20:12
S018090,O010581,Pickup,2025-04-13 18:58:47
S018091,O006468,Pickup,2024-12-31 13:47:56
S018092,O019543,Delivered,2025-08-08 13:46:34
S018093,O003454,Pickup,2024-09-30 02:49:09
S018094,O018046,In Transit,2024-12-08 19:18:22
S018095,O004130,Pickup,2025-01-20 17:40:17
S018096,O007801,Out for Delivery,2024-04-21 04:22:03
S018097,O005050,Out for Delivery,2025-02-06 01:12:11
S018098,O007569,Delivered,2025-08-07 11:38:56
S018099,O002099,Delivered,2025-03-20 20:40:26
S018100,O006860,In Transit,2025-03-07 00:54:35
S018101,O018837,Pickup,2024-12-16 21:33:31
S018102,O017997,Pickup,2025-03-10 04:04:00
S018103,O009358,Delivered,2025-11-11 21:26:40
S018104,O011189,Pickup,2025-06-27 22:51:55
S018105,O015006,In Transit,2025-05-27 23:03:38
S018106,O000815,Pickup,2025-01-20 03:54:43
S018107,O014854,In Transit,2024-08-27 03:37:31
S018108,O015363,Out for Delivery,2024-08-04 20:47:01
S018109,O004711,Pickup,2024-03-09 11:48:07
S018110,O003032,Out for Delivery,2025-02-16 00:30:48
S018111,O008625,Delivered,2024-11-20 17:15:20
S018112,O007810,Out for Delivery,2024-01-24 10:16:05
S018113,O019894,Pickup,2024-07-27 14:32:57
S018114,O013467,In Transit,2024-11-18 20:22:19
S018115,O019424,Delivered,2025-12-23 10:32:38
S018116,O002684,In Transit,2024-03-26 12:17:28
S018117,O010222,In Transit,2025-09-08 04:26:05
S018118,O008037,Pickup,2024-08-17 22:29:25
S018119,O002810,In Transit,2024-08-31 09:19:00
S018120,O006004,Delivered,2025-11-11 12:02:31
S018121,O019321,Delivered,2024-10-12 18:56:37
S018122,O006166,Out for Delivery,2025-12-26 02:23:40
S018123,O003172,In Transit,2025-11-17 22:28:17
S018124,O015885,In Transit,2025-04-01 08:56:16
S018125,O016028,Pickup,2025-05-17 21:52:17
S018126,O010475,Delivered,2025-06-28 16:39:57
S018127,O017651,In Transit,2024-11-09 08:00:53
S018128,O005714,In Transit,2024-10-22 23:06:42
S018129,O008485,Out for Delivery,2025-08-12 14:42:32
S018130,O010178,Out for Delivery,2025-05-14 11:13:56
S018131,O007503,Delivered,2025-01-04 08:51:48
S018132,O015195,Delivered,2025-11-05 01:45:44
S018133,O013865,Pickup,2024-05-12 12:43:53
S018134,O018994,Pickup,2025-09-30 19:51:22
S018135,O019829,In Transit,2024-09-24 19:41:42
S018136,O015508,In Transit,2024-03-18 19:09:33
S018137,O003276,Out for Delivery,2024-12-18 06:37:13
S018138,O013251,Delivered,2025-01-20 19:05:43
S018139,O013257,Pickup,2025-05-30 18:40:58
S018140,O005047,Delivered,2025-03-03 12:33:42
S018141,O001646,In Transit,2025-06-09 17:24:21
S018142,O012147,In Transit,2025-03-10 07:23:25
S018143,O016115,In Transit,2025-07-28 14:53:02
S018144,O014430,Pickup,2024-06-20 13:04:47
S018145,O009507,Out for Delivery,2025-01-25 14:46:47
S018146,O005544,In Transit,2025-04-09 01:19:47
S018147,O012228,Delivered,2025-02-17 21:47:13
S018148,O017990,Pickup,2024-12-05 11:55:32
S018149,O009199,Delivered,2024-12-17 10:53:21
S018150,O019860,In Transit,2025-02-06 21:29:34
S018151,O001288,Pickup,2024-01-06 01:29:06
S018152,O014550,In Transit,2025-10-12 22:01:31
S018153,O016227,In Transit,2024-03-28 10:25:35
S018154,O013802,Delivered,2025-04-15 10:20:55
S018155,O015486,In Transit,2024-03-12 03:31:08
S018156,O005323,Out for Delivery,2025-02-17 09:22:46
S018157,O018866,Delivered,2025-09-02 20:08:38
S018158,O008774,Pickup,2025-10-19 22:24:33
S018159,O017868,In Transit,2024-11-24 17:26:19
S018160,O004455,In Transit,2024-12-11 04:11:10
S018161,O002152,Delivered,2024-05-12 00:06:01
S018162,O014599,In Transit,2025-09-19 09:01:19
S018163,O009442,In Transit,2024-03-24 21:38:31
S018164,O018747,Delivered,2025-11-28 18:19:52
S018165,O000074,Delivered,2024-02-23 06:27:53
S018166,O010438,Delivered,2025-07-06 14:27:48
S018167,O016047,Delivered,2024-12-23 04:40:59
S018168,O019218,Out for Delivery,2024-03-21 02:37:02
S018169,O000091,In Transit,2025-12-06 22:21:52
S018170,O006214,Delivered,2024-05-20 23:56:01
S018171,O012248,Delivered,2024-11-05 12:32:35
S018172,O002051,In Transit,2025-02-18 22:24:37
S018173,O014984,Out for Delivery,2025-09-24 00:28:43
S018174,O012114,Out for Delivery,2025-11-04 13:25:48
S018175,O002305,Out for Delivery,2025-02-08 01:47:21
S018176,O001317,Out for Delivery,2024-01-23 00:07:37
S018177,O015470,Delivered,2025-04-04 11:10:05
S018178,O002980,Out for Delivery,2025-08-04 03:02:15
S018179,O002565,Out for Delivery,2024-12-13 19:37:33
S018180,O011904,Pickup,2025-03-22 23:41:23
S018181,O005187,Pickup,2024-07-02 18:42:11
S018182,O015840,Delivered,2025-04-14 10:53:50
S018183,O008812,In Transit,2025-12-27 08:34:26
S018184,O005085,Delivered,2025-05-01 15:53:19
S018185,O007802,Delivered,2025-06-18 20:44:27
S018186,O013657,Pickup,2025-03-19 14:51:52
S018187,O019193,Pickup,2024-05-23 23:15:20
S018188,O013815,In Transit,2024-01-04 09:47:17
S018189,O006445,In Transit,2024-03-27 12:32:02
S018190,O015744,In Transit,2025-04-20 03:49:19
S018191,O001533,Delivered,2025-01-13 20:34:34
S018192,O017310,In Transit,2024-10-29 21:12:58
S018193,O005787,Out for Delivery,2025-08-27 21:31:53
S018194,O014956,Delivered,2025-06-14 05:28:43
S018195,O008655,Out for Delivery,2025-12-31 00:17:02
S018196,O004299,Out for Delivery,2024-05-05 08:43:00
S018197,O000078,Delivered,2025-07-23 16:05:29
S018198,O004581,In Transit,2025-09-09 16:20:01
S018199,O012187,Pickup,2025-11-04 12:18:43
S018200,O009665,Out for Delivery,2025-03-10 03:06:10
S018201,O007129,Out for Delivery,2024-09-29 04:56:43
S018202,O012077,Pickup,2025-05-01 17:14:44
S018203,O013010,Pickup,2025-03-16 18:28:51
S018204,O001357,In Transit,2024-07-31 07:15:13
S018205,O004349,Out for Delivery,2025-11-09 22:24:55
S018206,O016354,Pickup,2025-05-11 05:34:24
S018207,O011604,In Transit,2025-07-01 02:18:54
S018208,O001734,In Transit,2024-10-11 09:08:10
S018209,O016977,Delivered,2024-07-24 03:45:42
S018210,O001291,Delivered,2025-11-13 03:08:50
S018211,O005024,Pickup,2024-02-16 01:28:03
S018212,O004551,Delivered,2024-07-22 08:20:11
S018213,O003954,In Transit,2024-12-17 15:11:49
S018214,O014882,Pickup,2024-04-20 03:01:03
S018215,O002977,Delivered,2025-11-21 21:22:01
S018216,O011944,In Transit,2025-11-03 18:09:11
S018217,O005077,Out for Delivery,2024-03-09 06:16:04
S018218,O019885,Pickup,2024-03-01 21:21:43
S018219,O010243,In Transit,2024-01-28 19:22:33
S018220,O014567,Out for Delivery,2024-04-28 02:57:22
S018221,O015743,Out for Delivery,2024-01-11 08:25:56
S018222,O005250,Out for Delivery,2024-02-16 08:50:03
S018223,O010547,Delivered,2024-01-02 14:53:49
S018224,O005915,In Transit,2024-08-19 09:50:16
S018225,O002031,Pickup,2025-10-11 00:41:25
S018226,O011601,Out for Delivery,2025-06-17 05:31:27
S018227,O019921,Delivered,2024-04-23 03:41:06
S018228,O009236,Out for Delivery,2025-05-21 12:40:50
S018229,O000813,Delivered,2024-09-14 14:24:35
S018230,O006724,In Transit,2025-05-21 02:06:52
S018231,O008810,In Transit,2025-05-23 04:15:36
S018232,O019013,Out for Delivery,2025-10-25 12:36:44
S018233,O007121,Pickup,2025-12-17 19:10:13
S018234,O001924,Delivered,2024-07-13 13:53:16
S018235,O015178,Delivered,2024-03-17 02:01:53
S018236,O013115,Out for Delivery,2024-04-13 10:23:42
S018237,O007235,In Transit,2024-12-07 19:35:11
S018238,O004121,Delivered,2024-12-14 15:33:18
S018239,O007010,Pickup,2025-04-28 18:36:46
S018240,O005577,Out for Delivery,2024-06-01 08:22:41
S018241,O001809,Out for Delivery,2025-11-20 13:06:30
S018242,O004801,Out for Delivery,2025-06-25 22:34:16
S018243,O001858,Pickup,2025-02-18 20:32:42
S018244,O002210,Out for Delivery,2025-03-24 02:15:21
S018245,O011045,Out for Delivery,2024-07-24 14:42:37
S018246,O002747,Pickup,2024-10-26 12:49:39
S018247,O010314,Delivered,2024-11-06 21:13:36
S018248,O005715,Pickup,2025-09-09 18:17:09
S018249,O013047,In Transit,2024-01-18 15:01:44
S018250,O014164,In Transit,2024-10-31 05:32:40
S018251,O007490,Delivered,2025-10-28 08:43:40
S018252,O016073,Pickup,2024-01-25 00:38:30
S018253,O001663,In Transit,2025-06-08 23:37:50
S018254,O008801,Pickup,2025-06-17 12:42:32
S018255,O003799,In Transit,2024-09-29 06:26:08
S018256,O015567,In Transit,2024-01-25 04:18:22
S018257,O003472,Pickup,2024-01-20 08:10:29
S018258,O018018,Pickup,2024-06-17 23:11:59
S018259,O015257,Delivered,2025-11-25 18:45:14
S018260,O017098,Delivered,2024-07-22 20:00:04
S018261,O005547,Out for Delivery,2025-10-14 14:17:13
S018262,O009056,Delivered,2025-09-04 16:36:47
S018263,O016709,Pickup,2025-02-26 10:23:03
S018264,O010402,Out for Delivery,2024-12-05 01:07:18
S018265,O003771,Pickup,2025-05-02 22:32:37
S018266,O005966,Delivered,2025-09-23 09:47:33
S018267,O007035,Out for Delivery,2024-04-04 19:47:49
S018268,O017949,Delivered,2025-02-16 05:25:33
S018269,O006072,Pickup,2024-08-17 17:11:53
S018270,O002404,Delivered,2024-06-21 18:44:15
S018271,O017127,Out for Delivery,2025-05-27 08:09:54
S018272,O017959,Out for Delivery,2024-01-09 16:39:28
S018273,O017384,Pickup,2024-06-08 21:32:05
S018274,O012881,In Transit,2025-08-30 14:36:31
S018275,O005849,Out for Delivery,2024-02-13 19:59:11
S018276,O006557,Pickup,2024-01-06 08:55:06
S018277,O011408,Pickup,2025-05-01 03:45:28
S018278,O018339,Pickup,2024-03-27 07:47:06
S018279,O007072,In Transit,2025-10-05 13:50:53
S018280,O009202,Out for Delivery,2025-03-30 09:24:59
S018281,O016503,Out for Delivery,2024-02-18 08:24:46
S018282,O016584,Pickup,2024-05-04 19:09:57
S018283,O019599,Delivered,2024-11-02 08:34:42
S018284,O009211,Pickup,2025-11-22 23:59:05
S018285,O001648,In Transit,2025-09-12 08:02:31
S018286,O005440,Delivered,2025-05-12 03:32:08
S018287,O006452,Pickup,2024-09-20 14:12:33
S018288,O013183,Out for Delivery,2024-02-16 07:16:07
S018289,O006141,Out for Delivery,2025-04-06 22:13:12
S018290,O002984,Delivered,2025-01-24 20:18:58
S018291,O009140,Out for Delivery,2025-10-08 16:17:43
S018292,O011935,Out for Delivery,2025-07-27 01:51:26
S018293,O002401,Pickup,2024-01-20 20:43:08
S018294,O016124,Delivered,2024-07-05 03:51:24
S018295,O017951,Delivered,2025-02-03 03:53:37
S018296,O008398,Delivered,2024-01-27 19:55:43
S018297,O018330,Pickup,2025-08-16 18:30:33
S018298,O005876,Out for Delivery,2024-03-27 19:02:10
S018299,O001273,Pickup,2024-09-30 20:46:45
S018300,O014729,Pickup,2024-01-12 15:16:37
S018301,O002670,Out for Delivery,2025-01-02 19:05:58
S018302,O009271,Out for Delivery,2025-08-31 23:50:09
S018303,O012451,Delivered,2024-01-22 17:52:28
S018304,O013846,Out for Delivery,2024-05-05 14:45:21
S018305,O011753,Out for Delivery,2024-12-15 10:34:10
S018306,O016833,Out for Delivery,2024-08-27 07:41:57
S018307,O013281,Delivered,2024-10-18 15:29:43
S018308,O013463,Pickup,2025-09-16 08:37:46
S018309,O016923,Pickup,2024-04-13 12:28:31
S018310,O016961,Pickup,2025-01-03 21:44:49
S018311,O001484,Delivered,2024-01-11 21:55:27
S018312,O012046,Out for Delivery,2024-10-17 07:55:22
S018313,O007485,Pickup,2025-08-15 03:31:35
S018314,O018801,In Transit,2024-06-11 15:10:11
S018315,O016797,In Transit,2024-03-18 01:22:02
S018316,O017371,In Transit,2025-01-21 07:59:20
S018317,O011916,Pickup,2025-07-04 10:26:37
S018318,O002100,Delivered,2024-09-14 20:34:47
S018319,O018116,In Transit,2024-06-28 21:12:03
S018320,O010361,Pickup,2024-11-22 01:00:01
S018321,O017949,In Transit,2025-07-05 11:45:38
S018322,O008785,Out for Delivery,2025-01-09 17:13:26
S018323,O014839,Out for Delivery,2025-01-18 16:09:14
S018324,O001297,Out for Delivery,2024-10-09 17:34:04
S018325,O017918,Delivered,2024-02-05 01:39:01
S018326,O007311,Out for Delivery,2025-10-15 04:59:06
S018327,O004172,Delivered,2024-09-27 02:30:20
S018328,O007386,Pickup,2025-06-06 14:15:27
S018329,O008207,Pickup,2025-12-15 03:03:45
S018330,O019760,Out for Delivery,2024-05-18 15:25:45
S018331,O011322,Pickup,2025-01-31 01:23:12
S018332,O007139,Out for Delivery,2025-05-03 06:15:01
S018333,O005235,Pickup,2024-01-05 20:21:42
S018334,O011326,Delivered,2025-11-13 17:19:15
S018335,O012828,Pickup,2024-08-10 01:23:09
S018336,O010964,Delivered,2024-07-18 15:08:21
S018337,O017627,Out for Delivery,2025-06-01 06:09:09
S018338,O002294,Out for Delivery,2025-10-31 00:52:25
S018339,O003987,Pickup,2025-10-11 09:10:29
S018340,O007666,Pickup,2024-04-11 12:38:51
S018341,O002339,Pickup,2024-04-10 17:13:40
S018342,O019005,Pickup,2025-05-11 09:50:41
S018343,O014646,In Transit,2025-08-22 12:55:21
S018344,O014340,Out for Delivery,2025-05-15 13:06:22
S018345,O016573,Pickup,2025-06-13 05:41:02
S018346,O013379,Pickup,2024-07-22 06:40:01
S018347,O007401,Out for Delivery,2024-05-28 03:49:09
S018348,O008490,Pickup,2025-09-22 23:43:48
S018349,O010353,In Transit,2025-09-11 14:54:46
S018350,O008952,Pickup,2024-02-22 01:12:10
S018351,O016392,Pickup,2024-10-06 15:26:07
S018352,O001243,Out for Delivery,2024-07-08 14:48:00
S018353,O003983,Delivered,2024-07-17 02:21:37
S018354,O011573,In Transit,2024-05-11 18:00:59
S018355,O013057,Pickup,2024-08-16 08:29:25
S018356,O010132,Out for Delivery,2025-12-23 03:12:40
S018357,O005910,In Transit,2024-05-03 22:54:24
S018358,O009007,Pickup,2024-03-07 12:47:38
S018359,O001844,Pickup,2025-08-29 18:45:47
S018360,O013441,Pickup,2024-06-12 20:39:17
S018361,O001406,Out for Delivery,2024-02-26 21:06:33
S018362,O015994,Delivered,2025-08-14 23:38:34
S018363,O007565,In Transit,2024-12-11 20:09:09
S018364,O007337,Pickup,2024-02-27 04:21:23
S018365,O000430,In Transit,2025-07-20 00:39:50
S018366,O014272,Out for Delivery,2025-11-09 02:31:48
S018367,O005404,Out for Delivery,2025-09-29 18:02:49
S018368,O001043,Pickup,2025-07-31 02:47:20
S018369,O012797,Out for Delivery,2025-09-23 05:36:28
S018370,O019969,In Transit,2024-10-06 21:35:12
S018371,O008602,Delivered,2024-04-29 19:52:15
S018372,O018305,Out for Delivery,2024-05-09 14:30:27
S018373,O000652,In Transit,2025-07-25 20:51:27
S018374,O015397,Pickup,2024-07-17 23:59:17
S018375,O012847,Out for Delivery,2024-10-03 23:39:25
S018376,O013734,Out for Delivery,2024-11-30 21:15:03
S018377,O001160,In Transit,2025-01-16 03:03:58
S018378,O003594,Pickup,2024-11-05 20:49:47
S018379,O003370,Out for Delivery,2024-07-21 17:51:25
S018380,O004420,Out for Delivery,2025-02-21 11:22:48
S018381,O018016,Delivered,2025-10-13 19:10:31
S018382,O001246,Pickup,2024-08-03 07:14:35
S018383,O001472,Delivered,2024-10-08 13:28:53
S018384,O014921,Pickup,2025-05-20 02:58:39
S018385,O000136,Out for Delivery,2025-11-10 13:14:42
S018386,O009024,In Transit,2025-09-19 03:30:17
S018387,O003763,Pickup,2025-09-05 04:06:11
S018388,O004358,Delivered,2025-10-13 16:35:00
S018389,O000107,Pickup,2025-07-06 23:43:19
S018390,O015446,Delivered,2024-04-08 05:21:32
S018391,O006530,Pickup,2025-10-02 15:49:05
S018392,O015717,In Transit,2025-05-04 11:11:22
S018393,O010229,Delivered,2025-04-12 15:47:37
S018394,O003102,Pickup,2025-04-11 08:11:40
S018395,O007221,Pickup,2024-08-20 16:17:10
S018396,O014741,Pickup,2024-04-09 03:55:01
S018397,O016777,Pickup,2024-02-11 12:53:12
S018398,O006567,Delivered,2024-02-15 03:27:58
S018399,O010516,Pickup,2025-12-11 17:32:26
S018400,O016790,Delivered,2025-03-18 08:39:57
S018401,O016571,In Transit,2024-01-14 02:36:16
S018402,O000169,Pickup,2024-12-13 14:46:32
S018403,O004349,Delivered,2024-05-15 03:41:26
S018404,O003405,Out for Delivery,2025-01-24 04:53:57
S018405,O014033,Out for Delivery,2025-11-27 12:51:34
S018406,O011203,Pickup,2024-06-23 20:40:09
S018407,O000119,In Transit,2024-04-07 03:23:34
S018408,O000659,Delivered,2025-04-09 22:48:58
S018409,O006151,Pickup,2025-04-01 04:14:06
S018410,O009152,In Transit,2025-01-07 07:05:15
S018411,O012216,In Transit,2025-10-04 06:51:01
S018412,O015483,Out for Delivery,2025-04-26 08:05:07
S018413,O007429,Out for Delivery,2024-06-25 16:21:21
S018414,O014018,Out for Delivery,2024-07-18 00:47:34
S018415,O003499,In Transit,2025-10-17 13:52:10
S018416,O014860,Out for Delivery,2025-01-20 00:08:40
S018417,O001704,In Transit,2025-05-02 05:02:56
S018418,O012280,Pickup,2024-08-31 22:31:41
S018419,O007946,In Transit,2025-07-15 13:31:51
S018420,O017120,In Transit,2025-02-20 15:40:14
S018421,O012458,Pickup,2025-08-10 06:41:36
S018422,O016093,Out for Delivery,2025-11-02 01:49:25
S018423,O015977,Delivered,2024-06-10 23:07:01
S018424,O002174,Out for Delivery,2024-07-29 05:11:14
S018425,O014796,Out for Delivery,2024-09-15 20:30:19
S018426,O003349,Delivered,2025-09-21 02:54:48
S018427,O014317,Delivered,2024-04-14 03:02:52
S018428,O017914,Delivered,2024-09-25 14:43:10
S018429,O015028,Out for Delivery,2025-06-22 12:47:05
S018430,O000521,Pickup,2024-07-02 07:20:40
S018431,O003522,In Transit,2025-10-16 00:14:16
S018432,O013092,Delivered,2025-01-21 15:44:59
S018433,O014720,In Transit,2024-12-15 13:15:53
S018434,O008370,Out for Delivery,2024-12-30 23:45:35
S018435,O017045,Pickup,2025-06-25 15:14:57
S018436,O002548,In Transit,2025-12-24 05:34:15
S018437,O008343,Out for Delivery,2024-11-19 14:13:04
S018438,O011268,Out for Delivery,2025-05-12 06:57:13
S018439,O019575,Delivered,2024-06-25 14:29:32
S018440,O000144,Delivered,2025-05-11 23:13:06
S018441,O005840,In Transit,2024-10-30 00:41:33
S018442,O008681,Pickup,2024-12-11 23:28:29
S018443,O011622,Out for Delivery,2025-03-29 15:03:39
S018444,O000306,Out for Delivery,2024-12-09 15:13:13
S018445,O012267,Delivered,2024-08-16 16:40:20
S018446,O003402,Out for Delivery,2024-11-20 12:04:06
S018447,O005325,In Transit,2024-09-21 00:21:12
S018448,O019113,In Transit,2024-08-11 19:52:51
S018449,O000067,Out for Delivery,2024-06-04 20:10:56
S018450,O001697,In Transit,2025-02-09 10:27:18
S018451,O007833,Out for Delivery,2025-06-21 00:46:58
S018452,O013990,Delivered,2025-09-30 01:19:19
S018453,O001242,Pickup,2024-01-19 21:39:15
S018454,O013873,Pickup,2025-01-21 19:58:55
S018455,O016086,Pickup,2025-08-12 10:35:32
S018456,O013461,In Transit,2025-09-02 12:27:40
S018457,O002369,Pickup,2025-06-20 18:39:53
S018458,O011179,Out for Delivery,2024-02-21 00:40:42
S018459,O013738,In Transit,2024-01-12 13:20:04
S018460,O010722,Out for Delivery,2024-04-13 20:30:16
S018461,O016171,In Transit,2025-04-19 19:32:23
S018462,O014886,Out for Delivery,2024-07-10 14:27:22
S018463,O011508,Out for Delivery,2025-04-15 18:52:22
S018464,O016597,Delivered,2025-10-24 01:26:03
S018465,O014176,Out for Delivery,2025-11-20 20:24:54
S018466,O018127,Pickup,2024-06-06 08:41:25
S018467,O015272,Delivered,2024-11-10 12:41:24
S018468,O015996,In Transit,2025-05-02 10:34:11
S018469,O002540,Pickup,2024-07-03 06:29:53
S018470,O005280,Out for Delivery,2024-07-01 22:32:28
S018471,O018746,Pickup,2024-05-24 11:51:09
S018472,O017969,In Transit,2025-04-02 13:20:18
S018473,O009463,In Transit,2024-07-01 15:24:10
S018474,O003536,Delivered,2024-09-04 15:40:50
S018475,O014924,Pickup,2024-03-11 21:45:18
S018476,O008165,Delivered,2024-11-25 03:02:27
S018477,O007117,Pickup,2024-04-02 01:40:52
S018478,O011881,Pickup,2024-10-01 08:51:09
S018479,O002450,Delivered,2024-05-08 11:19:13
S018480,O003494,Out for Delivery,2024-02-25 17:19:04
S018481,O007603,Pickup,2024-01-02 10:12:14
S018482,O005799,In Transit,2025-06-07 18:02:32
S018483,O014926,In Transit,2024-02-08 23:38:05
S018484,O018394,Pickup,2025-07-15 09:53:48
S018485,O005938,Pickup,2024-07-05 23:56:30
S018486,O001768,Out for Delivery,2024-03-22 13:37:41
S018487,O008139,In Transit,2024-08-22 03:56:16
S018488,O005994,Pickup,2024-02-05 00:08:39
S018489,O014331,Pickup,2025-11-18 01:36:06
S018490,O002849,Out for Delivery,2024-04-11 01:16:42
S018491,O019511,In Transit,2024-02-03 09:55:43
S018492,O019511,In Transit,2024-08-26 05:12:42
S018493,O015833,In Transit,2025-04-08 14:27:17
S018494,O009750,Out for Delivery,2024-03-02 20:03:01
S018495,O013475,In Transit,2024-10-13 14:30:35
S018496,O019989,Pickup,2025-06-27 22:08:41
S018497,O017616,Delivered,2025-12-02 17:04:03
S018498,O011016,In Transit,2024-04-27 00:52:46
S018499,O003074,Out for Delivery,2024-01-19 06:56:00
S018500,O012489,Pickup,2024-06-05 03:06:17
S018501,O013661,Delivered,2024-07-21 22:19:13
S018502,O011973,Out for Delivery,2024-12-28 22:54:40
S018503,O019432,Out for Delivery,2025-09-11 08:32:13
S018504,O018440,Pickup,2025-02-19 02:11:58
S018505,O019477,Out for Delivery,2025-11-12 20:59:05
S018506,O002352,Out for Delivery,2025-10-29 05:50:07
S018507,O005039,Out for Delivery,2025-01-09 07:49:27
S018508,O019313,In Transit,2024-05-17 00:33:47
S018509,O019267,Out for Delivery,2024-02-05 19:28:01
S018510,O000454,Out for Delivery,2025-07-08 15:14:25
S018511,O014607,Delivered,2024-01-07 19:33:57
S018512,O010051,Out for Delivery,2024-06-30 08:31:27
S018513,O005953,In Transit,2024-08-07 03:09:16
S018514,O000991,Delivered,2024-05-16 14:39:39
S018515,O005891,Out for Delivery,2025-12-24 12:24:08
S018516,O008394,Pickup,2025-05-19 15:31:54
S018517,O008219,Delivered,2024-05-20 18:14:44
S018518,O012562,Delivered,2024-11-04 07:15:29
S018519,O001153,Pickup,2025-03-03 02:53:50
S018520,O006881,Pickup,2025-08-12 17:00:32
S018521,O015474,Pickup,2024-09-18 02:16:58
S018522,O004822,Pickup,2025-05-05 07:01:59
S018523,O000027,In Transit,2025-12-30 11:33:12
S018524,O012224,Delivered,2025-06-09 11:21:39
S018525,O002063,Pickup,2024-05-21 00:37:37
S018526,O015894,Pickup,2024-04-18 08:50:16
S018527,O014204,Delivered,2025-12-15 07:55:17
S018528,O008084,In Transit,2024-09-06 12:02:46
S018529,O010893,In Transit,2024-11-28 19:45:09
S018530,O014597,Delivered,2025-09-11 02:46:59
S018531,O010249,Delivered,2025-06-27 18:41:51
S018532,O012096,Delivered,2024-02-02 17:17:03
S018533,O000186,Pickup,2024-03-26 09:23:41
S018534,O004026,Pickup,2025-08-04 19:07:59
S018535,O013329,Pickup,2024-10-19 20:44:35
S018536,O001313,Delivered,2024-11-09 22:03:37
S018537,O009334,Delivered,2025-09-07 17:29:42
S018538,O014590,Pickup,2025-07-04 17:46:00
S018539,O019499,Out for Delivery,2024-06-08 21:16:35
S018540,O013705,Delivered,2025-03-14 12:26:27
S018541,O006367,Delivered,2025-06-10 05:26:19
S018542,O007774,Delivered,2025-05-08 19:33:52
S018543,O019982,Delivered,2024-06-04 12:27:36
S018544,O005036,Pickup,2024-05-03 00:27:00
S018545,O000483,Pickup,2024-03-25 08:48:04
S018546,O009233,In Transit,2024-03-18 09:53:46
S018547,O007660,Pickup,2025-04-25 17:13:24
S018548,O002168,In Transit,2024-07-18 23:30:52
S018549,O013300,Delivered,2024-12-01 07:33:18
S018550,O004649,Pickup,2024-08-16 05:55:42
S018551,O016075,Out for Delivery,2024-02-07 17:03:39
S018552,O009117,In Transit,2024-08-04 17:46:45
S018553,O019382,In Transit,2024-09-24 08:02:10
S018554,O000391,Out for Delivery,2024-08-16 13:05:45
S018555,O015003,Pickup,2024-06-24 16:07:42
S018556,O019523,Out for Delivery,2025-06-26 07:46:29
S018557,O006808,In Transit,2025-09-03 14:35:06
S018558,O006133,Delivered,2025-08-29 17:39:50
S018559,O000981,Pickup,2024-01-01 22:32:41
S018560,O015706,In Transit,2024-07-15 03:37:29
S018561,O019877,In Transit,2024-11-25 20:07:07
S018562,O015384,Pickup,2025-08-28 21:55:48
S018563,O001277,In Transit,2024-09-03 08:54:38
S018564,O004806,Out for Delivery,2025-03-10 01:41:34
S018565,O013774,Out for Delivery,2025-03-18 00:51:57
S018566,O019681,Pickup,2025-07-22 15:11:00
S018567,O006937,Pickup,2024-08-09 21:38:28
S018568,O004409,In Transit,2025-02-21 18:05:48
S018569,O003692,Out for Delivery,2024-06-20 11:03:43
S018570,O007497,Pickup,2025-07-06 12:45:48
S018571,O010467,Delivered,2025-02-21 03:24:12
S018572,O006379,Delivered,2024-09-27 16:42:34
S018573,O017729,Out for Delivery,2024-10-09 23:35:05
S018574,O002538,Delivered,2024-04-20 07:44:01
S018575,O007722,Out for Delivery,2024-04-24 19:29:16
S018576,O011570,In Transit,2024-08-03 01:24:49
S018577,O002654,Pickup,2025-09-09 17:42:47
S018578,O019789,Out for Delivery,2024-05-20 03:46:27
S018579,O003092,Out for Delivery,2024-09-14 12:16:17
S018580,O012515,Pickup,2024-08-04 21:58:20
S018581,O009854,In Transit,2025-11-15 08:59:28
S018582,O012900,In Transit,2024-08-10 06:36:54
S018583,O001155,Pickup,2025-08-02 23:24:39
S018584,O009205,Delivered,2024-04-23 01:13:53
S018585,O011376,In Transit,2024-01-20 17:33:27
S018586,O002482,Out for Delivery,2024-01-31 14:39:24
S018587,O003245,Pickup,2025-03-11 20:35:26
S018588,O006176,In Transit,2024-09-07 15:37:31
S018589,O011616,Out for Delivery,2024-11-23 19:59:03
S018590,O003296,In Transit,2025-07-03 22:11:03
S018591,O010665,Pickup,2025-11-11 21:07:48
S018592,O016709,In Transit,2024-10-06 00:50:18
S018593,O011386,Pickup,2024-04-24 21:56:36
S018594,O014113,Delivered,2025-02-08 03:49:19
S018595,O006604,In Transit,2024-03-15 18:12:27
S018596,O014238,Out for Delivery,2025-06-14 17:27:04
S018597,O004891,In Transit,2024-03-28 13:46:29
S018598,O008936,Out for Delivery,2024-01-09 00:18:38
S018599,O016989,In Transit,2025-01-12 03:30:54
S018600,O008268,Delivered,2024-02-16 23:57:21
S018601,O016137,Delivered,2025-07-09 02:02:21
S018602,O009918,Out for Delivery,2025-09-24 10:41:48
S018603,O013155,In Transit,2025-10-14 01:42:44
S018604,O004349,Delivered,2025-08-24 17:23:14
S018605,O011375,Out for Delivery,2025-05-15 17:26:01
S018606,O003411,Out for Delivery,2024-02-20 05:10:42
S018607,O017731,Out for Delivery,2025-05-29 04:44:25
S018608,O013561,Pickup,2024-06-27 22:22:03
S018609,O013188,Out for Delivery,2024-06-07 03:05:01
S018610,O004693,Pickup,2025-03-23 00:25:46
S018611,O008391,In Transit,2025-07-10 00:56:56
S018612,O005564,Delivered,2024-02-15 18:36:46
S018613,O003624,Delivered,2025-02-18 22:12:41
S018614,O015387,Out for Delivery,2024-06-10 11:31:21
S018615,O013324,Delivered,2025-06-18 11:02:36
S018616,O018775,In Transit,2024-06-16 04:23:59
S018617,O000533,In Transit,2024-12-30 12:42:24
S018618,O015753,Out for Delivery,2024-02-23 07:44:42
S018619,O015437,Pickup,2024-03-26 16:41:44
S018620,O003006,Delivered,2025-01-10 07:21:09
S018621,O002985,Delivered,2024-10-14 09:54:45
S018622,O014945,Delivered,2025-06-22 21:12:35
S018623,O010974,In Transit,2025-06-17 05:40:41
S018624,O015932,Out for Delivery,2025-05-31 18:47:43
S018625,O009702,Pickup,2025-03-31 05:33:17
S018626,O018709,Pickup,2024-05-18 19:06:40
S018627,O009612,Out for Delivery,2024-12-27 11:06:55
S018628,O012959,Delivered,2025-12-09 00:36:46
S018629,O018960,Delivered,2025-11-26 04:48:00
S018630,O008210,Pickup,2024-03-13 22:43:13
S018631,O002836,Out for Delivery,2025-07-13 06:00:19
S018632,O016056,Delivered,2024-12-19 12:50:33
S018633,O000068,Pickup,2024-05-10 12:53:34
S018634,O019257,Pickup,2025-02-15 13:32:47
S018635,O006591,In Transit,2024-05-02 02:13:52
S018636,O007112,Delivered,2024-06-17 19:12:59
S018637,O017498,Out for Delivery,2025-04-07 04:12:19
S018638,O005196,Pickup,2025-11-10 06:11:26
S018639,O005426,Pickup,2024-02-15 13:33:22
S018640,O002495,Delivered,2025-02-28 03:58:52
S018641,O010676,Pickup,2025-09-24 19:47:36
S018642,O014318,Delivered,2024-08-03 21:40:01
S018643,O012550,Out for Delivery,2024-09-08 14:56:16
S018644,O002327,Pickup,2025-09-13 01:10:39
S018645,O000976,Out for Delivery,2025-01-09 11:42:12
S018646,O003070,Delivered,2025-04-29 13:32:02
S018647,O001792,Out for Delivery,2024-03-06 18:13:36
S018648,O017250,In Transit,2025-12-04 17:58:49
S018649,O003622,Pickup,2024-12-18 06:30:54
S018650,O018199,In Transit,2025-02-24 19:44:14
S018651,O019177,In Transit,2024-03-10 04:02:14
S018652,O013187,Pickup,2025-11-06 12:33:17
S018653,O001592,In Transit,2024-02-25 05:04:27
S018654,O006808,Delivered,2024-10-13 20:11:24
S018655,O003518,Delivered,2025-09-03 22:56:54
S018656,O019890,Out for Delivery,2024-10-07 11:32:00
S018657,O011646,Delivered,2025-09-12 05:53:05
S018658,O006567,Pickup,2024-12-21 12:09:29
S018659,O003527,Out for Delivery,2024-06-17 02:10:41
S018660,O010073,Out for Delivery,2024-10-24 00:36:04
S018661,O000134,Out for Delivery,2025-11-27 03:13:59
S018662,O010176,Pickup,2024-01-01 10:17:24
S018663,O012129,Delivered,2025-09-22 04:41:46
S018664,O011995,Delivered,2025-07-15 10:51:25
S018665,O007317,Pickup,2024-08-05 01:30:08
S018666,O010836,Pickup,2024-07-13 04:39:28
S018667,O015678,In Transit,2024-08-26 09:47:25
S018668,O018247,In Transit,2025-08-20 11:30:10
S018669,O018802,In Transit,2025-11-09 05:52:29
S018670,O004895,Delivered,2025-11-20 06:55:48
S018671,O004644,In Transit,2024-02-25 06:16:34
S018672,O001475,In Transit,2024-04-08 09:57:47
S018673,O008689,Out for Delivery,2025-05-23 12:56:51
S018674,O011335,Out for Delivery,2024-11-21 09:18:28
S018675,O005581,Delivered,2024-03-16 14:10:33
S018676,O017327,Pickup,2025-07-07 08:50:32
S018677,O001918,In Transit,2024-10-31 13:52:52
S018678,O018341,Out for Delivery,2024-08-27 18:02:29
S018679,O010193,In Transit,2024-11-15 23:57:37
S018680,O014674,Delivered,2025-07-01 01:47:16
S018681,O012660,In Transit,2025-08-19 10:33:10
S018682,O004953,Out for Delivery,2025-06-29 07:54:47
S018683,O004068,In Transit,2024-09-21 01:32:03
S018684,O017817,Delivered,2025-11-12 02:43:27
S018685,O006829,Out for Delivery,2025-10-05 18:41:26
S018686,O008866,Pickup,2025-02-26 23:55:53
S018687,O002080,Pickup,2024-08-13 19:29:34
S018688,O015689,Pickup,2025-12-29 05:33:22
S018689,O007432,In Transit,2025-06-18 16:39:08
S018690,O001613,In Transit,2024-01-14 00:28:25
S018691,O010817,Delivered,2025-12-05 03:46:03
S018692,O003968,Pickup,2024-12-31 11:24:55
S018693,O005997,Delivered,2024-01-04 13:15:15
S018694,O019562,In Transit,2024-08-04 03:24:55
S018695,O015467,Pickup,2025-09-27 07:02:40
S018696,O005754,Pickup,2025-12-10 16:41:42
S018697,O002194,Delivered,2025-09-26 00:23:13
S018698,O011211,Pickup,2024-08-09 17:10:30
S018699,O004203,Delivered,2025-03-16 23:32:39
S018700,O003335,In Transit,2025-05-30 12:07:53
S018701,O009169,In Transit,2024-03-05 18:29:41
S018702,O015095,In Transit,2024-03-04 05:22:57
S018703,O004820,Pickup,2025-09-21 12:21:38
S018704,O007536,Delivered,2024-05-06 20:59:37
S018705,O005343,In Transit,2024-03-25 00:06:56
S018706,O017878,Out for Delivery,2025-09-15 05:34:09
S018707,O009866,Pickup,2024-04-09 11:43:54
S018708,O004667,Delivered,2025-11-10 10:43:31
S018709,O013624,Out for Delivery,2025-12-01 10:13:42
S018710,O019152,Delivered,2025-10-24 20:40:36
S018711,O016480,In Transit,2024-04-12 00:22:16
S018712,O003111,Out for Delivery,2024-07-20 18:17:56
S018713,O006400,Delivered,2024-07-14 19:19:00
S018714,O000505,In Transit,2024-05-23 14:51:49
S018715,O008280,Pickup,2025-10-04 15:20:30
S018716,O011350,Delivered,2024-06-13 03:22:37
S018717,O001452,Out for Delivery,2025-09-22 00:44:06
S018718,O019976,Out for Delivery,2024-04-06 03:26:13
S018719,O009240,Pickup,2024-04-03 17:16:58
S018720,O016611,Out for Delivery,2024-09-29 00:05:33
S018721,O016943,Out for Delivery,2025-12-21 06:15:56
S018722,O015124,Pickup,2024-10-16 07:15:24
S018723,O001209,Delivered,2025-12-25 10:26:20
S018724,O009191,Pickup,2024-07-04 18:06:31
S018725,O011620,Pickup,2024-04-07 03:29:41
S018726,O011882,Out for Delivery,2025-07-04 08:10:41
S018727,O000163,Delivered,2025-04-20 00:53:14
S018728,O007218,Delivered,2024-12-26 16:28:14
S018729,O015112,Delivered,2024-05-15 13:02:18
S018730,O000292,Pickup,2025-03-26 02:45:43
S018731,O004679,Out for Delivery,2025-03-25 17:52:36
S018732,O016202,Out for Delivery,2025-03-25 22:40:24
S018733,O017149,Delivered,2025-11-25 09:58:39
S018734,O011971,Out for Delivery,2025-02-28 02:18:02
S018735,O009978,Pickup,2024-12-22 18:16:54
S018736,O002210,In Transit,2025-06-08 16:26:52
S018737,O002302,Out for Delivery,2025-03-15 07:00:28
S018738,O003856,Out for Delivery,2025-10-25 21:40:55
S018739,O001732,Delivered,2024-03-09 21:02:26
S018740,O009951,Out for Delivery,2025-01-20 07:00:58
S018741,O005210,Delivered,2025-10-23 00:11:57
S018742,O008480,Delivered,2024-02-01 00:32:50
S018743,O005468,Delivered,2025-09-14 18:42:12
S018744,O013986,Pickup,2025-12-28 12:37:16
S018745,O019166,Out for Delivery,2025-10-01 03:03:27
S018746,O002641,Delivered,2025-01-26 13:20:01
S018747,O001303,Delivered,2025-10-21 20:42:15
S018748,O006393,In Transit,2024-11-19 08:48:34
S018749,O001501,Delivered,2024-03-27 17:18:58
S018750,O007667,Delivered,2024-05-20 08:19:06
S018751,O007688,Pickup,2024-03-30 05:14:26
S018752,O003762,In Transit,2025-11-24 05:09:53
S018753,O018352,Out for Delivery,2025-01-11 03:00:10
S018754,O019681,Pickup,2025-08-01 01:33:33
S018755,O005933,Out for Delivery,2025-04-01 04:40:34
S018756,O000875,Pickup,2024-04-12 02:59:54
S018757,O004174,Out for Delivery,2025-01-12 09:31:17
S018758,O008133,In Transit,2024-06-29 15:43:44
S018759,O001129,Out for Delivery,2025-10-14 00:38:44
S018760,O018528,In Transit,2024-04-12 00:29:00
S018761,O009589,Delivered,2024-06-16 06:05:10
S018762,O011384,Delivered,2025-01-02 04:39:46
S018763,O011035,In Transit,2025-05-25 02:24:24
S018764,O011694,Delivered,2024-03-21 11:26:34
S018765,O015056,Out for Delivery,2024-09-06 09:56:12
S018766,O004599,Pickup,2025-12-31 16:35:51
S018767,O005961,In Transit,2025-04-02 11:44:40
S018768,O016289,Delivered,2025-09-08 08:10:10
S018769,O019183,Delivered,2025-07-03 20:27:28
S018770,O000752,In Transit,2025-09-26 06:04:32
S018771,O016001,In Transit,2024-08-15 15:55:50
S018772,O008435,Out for Delivery,2025-07-08 11:03:02
S018773,O006339,Delivered,2024-03-02 19:35:27
S018774,O010465,Pickup,2025-06-16 06:32:25
S018775,O017202,Delivered,2025-11-27 20:31:31
S018776,O018089,In Transit,2024-08-02 20:31:43
S018777,O002304,In Transit,2024-09-23 05:02:31
S018778,O017186,Pickup,2025-03-09 01:25:10
S018779,O002661,Pickup,2024-02-07 02:42:15
S018780,O005840,Delivered,2025-02-23 02:44:12
S018781,O015694,Out for Delivery,2025-01-21 00:47:17
S018782,O008911,Out for Delivery,2025-08-07 08:14:56
S018783,O008898,Out for Delivery,2024-11-29 11:48:21
S018784,O011150,Out for Delivery,2025-01-18 08:07:26
S018785,O013711,Pickup,2025-08-06 11:54:27
S018786,O012043,Delivered,2025-01-20 00:28:03
S018787,O014997,Delivered,2024-11-02 05:09:59
S018788,O004457,Delivered,2024-04-05 21:38:13
S018789,O004549,Delivered,2025-05-31 13:05:01
S018790,O003401,Delivered,2025-01-02 12:30:17
S018791,O005922,In Transit,2025-08-16 07:13:44
S018792,O016843,Out for Delivery,2024-07-10 14:49:42
S018793,O004022,In Transit,2025-08-15 23:44:08
S018794,O017930,Pickup,2024-03-24 20:23:37
S018795,O006684,Pickup,2025-06-05 10:09:39
S018796,O019930,Pickup,2024-07-18 09:15:23
S018797,O014623,In Transit,2024-03-15 10:22:47
S018798,O003321,Delivered,2024-12-22 08:28:37
S018799,O005187,Delivered,2024-10-01 02:06:07
S018800,O008568,Out for Delivery,2025-08-11 13:30:45
S018801,O010157,In Transit,2025-12-02 13:29:32
S018802,O004161,Pickup,2025-10-05 18:13:52
S018803,O016018,In Transit,2024-05-01 18:22:03
S018804,O011421,In Transit,2025-04-24 23:11:22
S018805,O010467,Out for Delivery,2024-04-16 07:15:02
S018806,O003501,Out for Delivery,2024-04-03 16:42:09
S018807,O005076,Pickup,2025-09-26 22:58:39
S018808,O017555,Delivered,2025-11-27 14:31:07
S018809,O007733,Out for Delivery,2025-03-05 15:35:05
S018810,O001548,Out for Delivery,2025-01-07 16:45:36
S018811,O005516,Pickup,2025-10-17 09:19:24
S018812,O011273,Delivered,2024-12-20 08:35:37
S018813,O016786,Delivered,2025-03-03 03:17:56
S018814,O011413,In Transit,2025-05-11 19:14:11
S018815,O017244,Pickup,2025-01-19 19:29:28
S018816,O005833,Delivered,2025-10-02 05:32:47
S018817,O013350,Pickup,2025-04-29 15:33:22
S018818,O017211,Pickup,2025-12-21 17:27:27
S018819,O002386,In Transit,2024-11-21 06:51:39
S018820,O005066,In Transit,2025-09-19 11:56:25
S018821,O008373,Pickup,2025-02-26 21:30:15
S018822,O003549,Pickup,2024-02-24 23:45:43
S018823,O001281,Out for Delivery,2025-06-24 10:06:52
S018824,O016988,Pickup,2025-10-23 12:06:04
S018825,O015435,Pickup,2024-05-15 16:16:03
S018826,O013789,Delivered,2025-02-21 04:09:09
S018827,O013598,In Transit,2024-08-25 14:54:22
S018828,O006477,In Transit,2024-01-17 16:49:42
S018829,O006127,Pickup,2025-04-06 10:46:03
S018830,O010224,Out for Delivery,2024-10-04 11:52:57
S018831,O006046,Delivered,2024-01-12 16:30:21
S018832,O002316,Delivered,2025-02-28 15:07:12
S018833,O008839,Delivered,2024-09-27 21:02:28
S018834,O006798,Pickup,2024-04-16 12:11:24
S018835,O017736,Pickup,2024-04-25 00:46:25
S018836,O000049,Out for Delivery,2025-10-26 09:25:40
S018837,O000614,Pickup,2024-05-25 13:43:40
S018838,O009007,Out for Delivery,2025-10-22 06:18:12
S018839,O014056,Delivered,2025-11-26 04:44:01
S018840,O000971,Out for Delivery,2025-04-26 03:13:09
S018841,O010760,In Transit,2024-11-08 17:01:17
S018842,O012593,Pickup,2025-11-09 21:31:13
S018843,O016690,Pickup,2024-06-29 14:01:24
S018844,O017968,In Transit,2024-03-01 20:27:01
S018845,O007133,Pickup,2025-02-06 17:57:57
S018846,O011918,In Transit,2025-12-27 15:07:36
S018847,O019987,Pickup,2024-09-09 02:24:04
S018848,O013337,In Transit,2025-07-09 01:23:49
S018849,O009633,Delivered,2025-12-18 14:28:27
S018850,O019039,Pickup,2024-09-17 14:30:22
S018851,O001021,Delivered,2025-05-29 16:04:20
S018852,O017799,Out for Delivery,2024-08-09 12:23:38
S018853,O016584,Out for Delivery,2025-08-13 10:42:57
S018854,O006099,Pickup,2025-03-06 08:55:31
S018855,O009275,Out for Delivery,2025-04-18 17:26:07
S018856,O017974,Delivered,2025-11-26 02:38:46
S018857,O008917,Out for Delivery,2024-08-05 06:46:13
S018858,O012588,In Transit,2025-04-06 01:23:43
S018859,O002853,Out for Delivery,2024-11-04 22:41:37
S018860,O012970,In Transit,2025-01-14 06:47:44
S018861,O001095,Pickup,2025-08-14 08:48:16
S018862,O004554,Out for Delivery,2025-12-02 06:54:58
S018863,O013269,In Transit,2025-10-15 08:28:44
S018864,O002197,Pickup,2024-11-16 12:43:37
S018865,O007206,Delivered,2024-06-28 06:12:24
S018866,O014752,In Transit,2024-04-18 07:31:41
S018867,O001280,Out for Delivery,2025-11-27 13:08:47
S018868,O004619,Delivered,2024-09-23 01:45:31
S018869,O016166,Pickup,2025-11-18 04:14:47
S018870,O006391,Out for Delivery,2025-01-23 07:37:59
S018871,O013898,Delivered,2024-12-04 03:54:47
S018872,O019138,Delivered,2025-09-08 14:12:20
S018873,O015899,Pickup,2025-12-15 04:58:26
S018874,O000895,Pickup,2025-01-09 14:29:10
S018875,O000750,In Transit,2024-05-24 15:34:12
S018876,O008783,In Transit,2025-06-10 04:59:22
S018877,O005558,In Transit,2024-05-29 23:50:22
S018878,O016003,Pickup,2024-01-19 15:17:43
S018879,O013577,Pickup,2024-04-18 02:07:54
S018880,O012279,In Transit,2025-11-07 21:56:21
S018881,O008626,Delivered,2024-04-19 13:01:31
S018882,O019860,In Transit,2024-06-02 16:40:02
S018883,O002838,Pickup,2025-08-05 05:38:27
S018884,O012426,In Transit,2025-04-05 01:57:15
S018885,O011166,Out for Delivery,2025-07-31 05:35:05
S018886,O006775,In Transit,2024-01-08 02:58:52
S018887,O013542,In Transit,2025-10-26 20:06:18
S018888,O008842,Delivered,2025-02-14 18:57:07
S018889,O012060,In Transit,2025-08-27 15:38:21
S018890,O009568,Pickup,2024-12-05 16:54:01
S018891,O010458,Delivered,2025-11-05 02:49:45
S018892,O009393,Out for Delivery,2024-09-05 12:29:36
S018893,O000824,Pickup,2024-11-21 22:09:58
S018894,O002916,In Transit,2024-09-17 23:28:31
S018895,O005765,Pickup,2025-03-04 14:10:46
S018896,O000464,Pickup,2024-10-12 21:53:04
S018897,O003287,In Transit,2025-03-25 11:30:27
S018898,O003790,Delivered,2025-09-05 09:06:15
S018899,O002781,Out for Delivery,2024-08-06 16:54:52
S018900,O006351,Out for Delivery,2024-12-04 17:55:41
S018901,O002212,Pickup,2024-09-17 11:19:52
S018902,O014114,In Transit,2025-08-12 21:18:35
S018903,O010456,Delivered,2024-07-07 05:21:59
S018904,O007737,Out for Delivery,2025-03-23 07:24:35
S018905,O008136,Out for Delivery,2024-01-30 01:01:58
S018906,O017171,Pickup,2025-03-26 03:10:47
S018907,O012767,Pickup,2025-02-14 12:25:44
S018908,O008335,Delivered,2024-05-31 06:50:35
S018909,O013494,Out for Delivery,2025-01-28 09:13:24
S018910,O014041,Out for Delivery,2025-04-05 07:43:19
S018911,O002993,Delivered,2025-06-23 09:03:44
S018912,O016666,Pickup,2025-12-13 14:22:13
S018913,O000658,In Transit,2024-10-11 17:21:19
S018914,O010226,In Transit,2025-02-17 23:24:40
S018915,O011165,Out for Delivery,2025-08-27 07:01:10
S018916,O014963,In Transit,2025-07-10 02:13:07
S018917,O010527,Pickup,2025-07-11 03:32:18
S018918,O018547,Pickup,2024-03-23 21:39:43
S018919,O009339,Delivered,2025-07-15 15:21:27
S018920,O013294,In Transit,2024-05-03 16:45:00
S018921,O017784,In Transit,2025-05-15 12:19:35
S018922,O010866,Delivered,2024-04-11 04:35:41
S018923,O012296,Out for Delivery,2024-07-03 13:12:54
S018924,O001543,Out for Delivery,2025-06-24 16:46:11
S018925,O018167,Delivered,2024-05-24 00:10:13
S018926,O019434,Pickup,2024-01-08 05:58:22
S018927,O017690,Delivered,2024-04-15 17:15:39
S018928,O015151,In Transit,2024-07-10 10:31:58
S018929,O017963,In Transit,2025-10-12 02:23:30
S018930,O013676,Pickup,2024-02-21 11:37:58
S018931,O008849,Out for Delivery,2025-05-07 18:06:31
S018932,O012347,Out for Delivery,2024-07-02 02:07:35
S018933,O013853,Delivered,2025-10-07 14:57:24
S018934,O003744,In Transit,2025-02-22 12:59:15
S018935,O003022,Pickup,2024-05-22 10:30:07
S018936,O017603,In Transit,2024-01-21 02:40:14
S018937,O012983,Pickup,2025-08-20 12:27:22
S018938,O009989,Out for Delivery,2025-02-01 01:35:28
S018939,O009030,Pickup,2024-04-25 05:22:56
S018940,O017801,In Transit,2025-12-02 05:14:33
S018941,O013224,Pickup,2024-11-05 23:07:39
S018942,O001656,In Transit,2025-10-31 06:03:24
S018943,O003325,Pickup,2025-12-26 06:21:25
S018944,O003971,Pickup,2024-06-10 06:42:37
S018945,O006563,Out for Delivery,2024-12-28 15:08:47
S018946,O002691,Delivered,2025-03-04 17:20:08
S018947,O003486,Pickup,2025-02-19 12:33:30
S018948,O003573,Out for Delivery,2025-03-21 04:34:12
S018949,O015668,In Transit,2024-04-06 20:36:29
S018950,O013141,In Transit,2025-10-29 13:20:23
S018951,O015274,Pickup,2024-01-28 01:04:27
S018952,O004637,Delivered,2025-12-24 14:44:22
S018953,O006579,In Transit,2024-09-01 05:26:46
S018954,O017301,Delivered,2025-10-08 15:31:15
S018955,O001887,Pickup,2025-07-11 08:44:55
S018956,O018259,In Transit,2025-06-26 22:51:15
S018957,O000692,In Transit,2024-02-19 03:26:59
S018958,O003811,Delivered,2025-03-17 08:52:10
S018959,O000566,Pickup,2025-07-15 07:43:08
S018960,O017589,Pickup,2025-02-20 11:20:09
S018961,O012751,Delivered,2024-11-15 14:17:55
S018962,O008681,In Transit,2025-07-17 23:20:11
S018963,O000300,In Transit,2024-05-06 03:44:57
S018964,O015915,In Transit,2024-03-16 07:58:35
S018965,O013148,Out for Delivery,2025-12-11 02:25:28
S018966,O015292,Pickup,2025-01-31 23:54:56
S018967,O005144,Out for Delivery,2024-10-01 10:22:21
S018968,O015193,Out for Delivery,2025-03-21 14:52:56
S018969,O015107,Out for Delivery,2024-06-28 13:27:41
S018970,O008279,Out for Delivery,2025-07-13 02:15:05
S018971,O010184,Pickup,2025-12-16 04:45:40
S018972,O018397,Pickup,2024-04-08 09:28:09
S018973,O003786,Out for Delivery,2025-08-12 16:22:42
S018974,O013935,Pickup,2024-01-19 14:24:11
S018975,O002109,Out for Delivery,2025-01-19 17:21:26
S018976,O004882,Pickup,2025-06-02 22:15:45
S018977,O009049,Out for Delivery,2025-01-11 03:09:36
S018978,O006216,Out for Delivery,2025-10-05 01:32:43
S018979,O012713,Delivered,2025-11-20 03:21:19
S018980,O018259,Delivered,2024-04-18 02:05:10
S018981,O010168,Delivered,2025-02-10 03:22:26
S018982,O013829,Pickup,2024-04-02 14:51:34
S018983,O005680,Out for Delivery,2024-08-23 11:21:38
S018984,O011944,Delivered,2025-09-14 20:52:16
S018985,O011986,Delivered,2025-03-06 08:00:46
S018986,O011030,In Transit,2025-11-10 12:24:47
S018987,O004472,Out for Delivery,2025-08-03 01:00:24
S018988,O002535,In Transit,2025-04-10 05:32:55
S018989,O010130,In Transit,2025-11-19 10:21:04
S018990,O000130,Pickup,2025-07-25 04:21:27
S018991,O017281,In Transit,2024-01-25 15:51:16
S018992,O007272,Out for Delivery,2024-09-08 20:50:27
S018993,O007346,Out for Delivery,2025-08-07 07:52:22
S018994,O001375,In Transit,2025-11-28 09:44:39
S018995,O018077,Delivered,2024-03-07 14:15:12
S018996,O011866,In Transit,2024-04-07 18:42:31
S018997,O015412,Delivered,2025-04-17 03:02:37
S018998,O007152,Delivered,2025-06-12 08:26:27
S018999,O008168,Out for Delivery,2024-06-06 13:20:32
S019000,O015086,Pickup,2025-08-04 01:16:30
S019001,O007910,Out for Delivery,2024-05-01 14:30:17
S019002,O003949,Pickup,2025-11-18 13:04:28
S019003,O001562,Pickup,2024-07-21 07:26:58
S019004,O017777,Out for Delivery,2024-06-05 18:46:47
S019005,O005106,Out for Delivery,2024-12-16 01:27:52
S019006,O014718,Delivered,2024-03-15 09:14:53
S019007,O007038,In Transit,2025-11-23 18:42:57
S019008,O001219,Out for Delivery,2024-12-13 22:59:35
S019009,O018918,Pickup,2024-02-08 10:01:30
S019010,O003074,Out for Delivery,2024-11-09 21:50:54
S019011,O009268,In Transit,2025-06-02 08:11:22
S019012,O015310,In Transit,2025-03-12 12:33:51
S019013,O000715,Out for Delivery,2024-10-26 15:47:38
S019014,O008851,Delivered,2025-08-25 08:25:02
S019015,O008386,Pickup,2025-01-11 05:26:17
S019016,O016510,Delivered,2024-12-24 10:31:19
S019017,O016401,Delivered,2024-05-25 00:52:37
S019018,O015369,Out for Delivery,2025-04-04 23:40:47
S019019,O003496,In Transit,2025-06-21 15:50:46
S019020,O001060,Out for Delivery,2024-11-18 02:03:05
S019021,O001394,Out for Delivery,2025-10-01 22:11:38
S019022,O006137,Out for Delivery,2025-04-10 12:22:17
S019023,O011447,Out for Delivery,2025-09-24 01:53:28
S019024,O010026,Pickup,2024-12-14 19:09:27
S019025,O018437,In Transit,2025-02-08 18:17:20
S019026,O005410,Out for Delivery,2024-12-25 14:04:01
S019027,O000339,Out for Delivery,2025-08-18 20:12:27
S019028,O012703,Pickup,2025-04-15 23:47:48
S019029,O006576,In Transit,2024-07-23 15:25:31
S019030,O001003,Delivered,2025-02-11 10:44:03
S019031,O018454,Delivered,2025-12-30 06:09:01
S019032,O007412,In Transit,2024-06-26 17:03:23
S019033,O018793,Pickup,2024-11-24 08:36:19
S019034,O007917,Pickup,2025-06-18 05:10:22
S019035,O012724,Pickup,2024-03-06 09:31:41
S019036,O000069,Delivered,2025-09-07 09:07:24
S019037,O001579,Out for Delivery,2024-12-18 05:50:14
S019038,O015180,Delivered,2024-11-29 12:09:29
S019039,O017716,Delivered,2025-11-05 15:26:37
S019040,O005903,Delivered,2025-02-09 09:16:54
S019041,O002408,Delivered,2024-08-07 18:22:57
S019042,O013896,Delivered,2024-06-25 09:01:44
S019043,O012545,In Transit,2025-02-11 18:43:38
S019044,O004147,In Transit,2025-12-08 04:06:24
S019045,O010692,Out for Delivery,2025-02-06 20:03:46
S019046,O010604,Out for Delivery,2024-01-20 11:14:02
S019047,O008012,In Transit,2025-05-19 11:51:43
S019048,O016761,Pickup,2024-01-27 06:51:10
S019049,O003321,In Transit,2025-03-25 02:45:18
S019050,O001234,Delivered,2025-06-18 19:10:48
S019051,O011468,Delivered,2025-05-09 02:07:59
S019052,O001813,Pickup,2025-12-15 20:33:57
S019053,O009306,Out for Delivery,2024-10-25 22:05:52
S019054,O003018,Pickup,2024-08-31 09:23:06
S019055,O008846,Out for Delivery,2025-04-18 07:18:36
S019056,O009599,Delivered,2024-07-05 07:39:38
S019057,O015858,Out for Delivery,2024-02-15 16:04:45
S019058,O001452,Delivered,2025-08-22 13:26:49
S019059,O004524,Pickup,2025-06-30 14:14:35
S019060,O007905,Out for Delivery,2025-08-13 09:01:36
S019061,O018537,In Transit,2024-09-27 16:37:30
S019062,O003736,Pickup,2025-09-22 13:37:14
S019063,O017342,Out for Delivery,2024-10-31 18:59:31
S019064,O008258,Delivered,2025-07-29 06:07:42
S019065,O016437,Out for Delivery,2025-08-10 13:38:08
S019066,O017153,In Transit,2024-07-18 22:36:10
S019067,O001251,Out for Delivery,2024-05-07 14:15:23
S019068,O000681,Delivered,2024-10-07 08:06:34
S019069,O003124,Pickup,2025-08-07 21:34:48
S019070,O013156,In Transit,2024-08-02 13:09:00
S019071,O016411,Delivered,2025-02-24 04:43:01
S019072,O017476,In Transit,2024-06-28 10:32:40
S019073,O007254,Pickup,2025-12-19 03:22:14
S019074,O004603,In Transit,2024-08-09 02:50:02
S019075,O015332,In Transit,2025-03-25 21:34:11
S019076,O010416,Delivered,2025-03-10 16:45:28
S019077,O012884,Pickup,2025-08-25 09:09:28
S019078,O016295,Pickup,2025-12-28 21:55:44
S019079,O007850,Pickup,2025-03-07 01:12:30
S019080,O016375,Pickup,2024-08-30 14:41:38
S019081,O009098,In Transit,2025-05-16 21:25:16
S019082,O006130,Delivered,2025-12-12 12:46:34
S019083,O019182,Pickup,2025-12-09 04:44:46
S019084,O007687,Out for Delivery,2025-01-11 06:56:07
S019085,O003078,In Transit,2025-10-18 13:25:57
S019086,O003018,Delivered,2025-12-12 20:53:11
S019087,O010668,Pickup,2024-09-16 03:40:24
S019088,O006948,Pickup,2024-10-04 16:31:02
S019089,O012269,In Transit,2025-11-27 14:45:57
S019090,O004989,Delivered,2025-12-12 02:41:01
S019091,O010103,In Transit,2025-04-08 18:31:21
S019092,O007359,In Transit,2025-09-25 21:52:53
S019093,O017025,Delivered,2024-05-01 03:11:06
S019094,O007361,Out for Delivery,2025-07-30 03:05:55
S019095,O011149,Out for Delivery,2024-04-20 01:46:52
S019096,O003917,Out for Delivery,2024-07-22 06:02:04
S019097,O017162,In Transit,2025-11-19 21:14:12
S019098,O005035,In Transit,2024-01-07 18:25:48
S019099,O006767,Out for Delivery,2025-06-11 10:27:14
S019100,O012579,Out for Delivery,2025-10-21 14:14:04
S019101,O014423,Delivered,2025-12-27 16:39:16
S019102,O010622,Out for Delivery,2024-08-29 11:31:53
S019103,O014208,In Transit,2025-12-24 23:19:53
S019104,O003667,Out for Delivery,2024-04-19 09:47:30
S019105,O003233,Pickup,2024-09-24 15:18:19
S019106,O004023,In Transit,2025-11-01 16:27:59
S019107,O011943,In Transit,2025-06-15 09:06:38
S019108,O018924,Pickup,2024-11-04 14:55:06
S019109,O011306,In Transit,2025-06-27 16:44:24
S019110,O011164,Out for Delivery,2025-10-31 12:12:24
S019111,O015429,Out for Delivery,2025-04-13 14:56:16
S019112,O011380,Pickup,2025-06-24 16:06:57
S019113,O003890,Pickup,2024-04-17 03:33:10
S019114,O012416,In Transit,2024-02-13 08:04:50
S019115,O009641,Pickup,2025-09-15 02:26:22
S019116,O005382,Delivered,2025-05-08 18:30:23
S019117,O003543,Delivered,2024-06-15 16:38:22
S019118,O003873,Out for Delivery,2024-09-14 18:16:22
S019119,O008355,In Transit,2025-12-24 17:06:05
S019120,O011641,Out for Delivery,2025-07-24 00:18:16
S019121,O008601,Out for Delivery,2024-11-18 01:37:18
S019122,O015781,Delivered,2024-02-10 15:36:49
S019123,O009383,In Transit,2025-07-16 12:36:51
S019124,O001270,In Transit,2024-02-25 06:47:26
S019125,O001994,Pickup,2025-04-17 16:47:02
S019126,O012770,Out for Delivery,2024-09-19 12:18:07
S019127,O019604,Delivered,2024-09-27 12:21:04
S019128,O015393,Out for Delivery,2025-06-02 17:26:58
S019129,O002234,In Transit,2025-07-07 05:57:59
S019130,O006698,In Transit,2024-05-02 10:42:08
S019131,O009320,Delivered,2024-05-28 12:51:05
S019132,O018813,In Transit,2024-10-18 03:40:48
S019133,O016035,Pickup,2025-11-23 19:41:15
S019134,O004578,Pickup,2024-10-22 14:24:08
S019135,O009429,Pickup,2025-04-19 08:51:33
S019136,O009957,Pickup,2024-06-25 23:06:07
S019137,O016322,Out for Delivery,2024-08-03 00:33:38
S019138,O016582,Delivered,2024-07-15 10:00:09
S019139,O009447,Out for Delivery,2025-02-20 18:25:52
S019140,O011522,Delivered,2025-10-31 13:53:45
S019141,O009202,Delivered,2025-10-11 04:45:06
S019142,O002978,Pickup,2025-03-31 16:01:47
S019143,O015326,Pickup,2025-07-15 14:34:49
S019144,O009112,Out for Delivery,2024-02-13 18:31:33
S019145,O012679,In Transit,2024-03-12 17:35:13
S019146,O008110,Delivered,2024-06-27 15:39:24
S019147,O016537,Out for Delivery,2025-12-21 18:40:55
S019148,O014980,Pickup,2025-05-11 23:53:19
S019149,O011645,Delivered,2025-05-30 18:38:27
S019150,O008290,Out for Delivery,2024-01-01 04:38:34
S019151,O004668,Pickup,2024-08-17 00:32:28
S019152,O002290,Delivered,2024-04-11 14:32:45
S019153,O008117,In Transit,2024-10-11 04:03:43
S019154,O003015,Pickup,2025-04-03 16:39:30
S019155,O000510,Pickup,2025-08-30 18:46:40
S019156,O014997,In Transit,2024-02-12 12:47:43
S019157,O016408,In Transit,2025-07-20 09:22:04
S019158,O019549,In Transit,2024-05-22 12:47:49
S019159,O001328,In Transit,2025-03-13 05:38:07
S019160,O007956,Pickup,2024-06-17 14:54:40
S019161,O014515,Delivered,2024-05-12 01:54:32
S019162,O004456,Pickup,2025-04-03 13:04:14
S019163,O002867,In Transit,2024-01-12 20:51:24
S019164,O018778,Pickup,2024-10-25 04:35:29
S019165,O002467,Delivered,2025-05-25 10:23:06
S019166,O007371,Delivered,2024-04-09 23:30:14
S019167,O011811,Pickup,2025-12-10 16:11:14
S019168,O006389,Pickup,2025-02-19 23:34:33
S019169,O006427,Delivered,2025-03-13 02:22:53
S019170,O000750,Pickup,2024-05-08 19:59:50
S019171,O013113,In Transit,2025-07-17 23:08:49
S019172,O016546,Pickup,2024-12-28 00:35:37
S019173,O019907,Out for Delivery,2024-12-30 01:28:34
S019174,O009795,Delivered,2024-12-15 21:15:14
S019175,O011911,Delivered,2025-06-12 18:31:19
S019176,O016248,Pickup,2025-07-08 14:01:42
S019177,O003859,Out for Delivery,2024-01-27 16:10:09
S019178,O009694,Out for Delivery,2024-12-19 20:01:09
S019179,O000978,Pickup,2025-04-15 15:01:26
S019180,O002869,Delivered,2024-04-22 07:45:41
S019181,O007892,Out for Delivery,2024-09-07 02:56:19
S019182,O019830,Out for Delivery,2024-12-02 13:26:19
S019183,O000912,Delivered,2025-10-20 21:13:21
S019184,O012232,Out for Delivery,2024-06-09 01:23:02
S019185,O009536,Pickup,2024-08-17 06:21:05
S019186,O008828,Out for Delivery,2024-12-27 07:52:49
S019187,O004745,Out for Delivery,2024-09-16 00:31:26
S019188,O002673,Out for Delivery,2025-09-01 18:52:47
S019189,O014736,Out for Delivery,2024-04-09 11:02:29
S019190,O010186,Out for Delivery,2025-04-05 07:35:48
S019191,O001622,In Transit,2025-06-02 15:40:56
S019192,O003362,Delivered,2025-10-24 22:12:11
S019193,O001444,In Transit,2024-01-13 01:44:37
S019194,O011603,Out for Delivery,2025-12-01 16:26:33
S019195,O016861,Delivered,2024-10-24 01:35:22
S019196,O004170,Out for Delivery,2024-06-03 00:16:35
S019197,O014651,In Transit,2024-08-10 12:07:17
S019198,O006746,Out for Delivery,2025-06-12 13:02:30
S019199,O019428,In Transit,2024-07-13 15:11:51
S019200,O018105,Pickup,2024-01-21 18:05:47
S019201,O004038,Out for Delivery,2024-09-13 21:32:02
S019202,O013639,Delivered,2025-12-28 03:33:40
S019203,O016228,Out for Delivery,2025-12-03 22:30:58
S019204,O009581,Delivered,2025-06-13 02:05:48
S019205,O010382,Out for Delivery,2024-06-01 10:19:03
S019206,O008945,In Transit,2025-06-07 08:23:34
S019207,O008942,Pickup,2025-11-22 03:01:45
S019208,O018780,Out for Delivery,2025-07-02 23:00:23
S019209,O006041,Out for Delivery,2024-12-29 19:11:01
S019210,O011010,Delivered,2025-11-14 11:26:55
S019211,O010155,In Transit,2024-01-05 01:16:36
S019212,O007793,Delivered,2025-05-08 15:32:04
S019213,O018704,In Transit,2024-12-18 03:52:11
S019214,O005237,Out for Delivery,2024-02-01 21:27:09
S019215,O010376,Delivered,2024-05-09 03:31:10
S019216,O012272,Pickup,2025-03-26 01:37:51
S019217,O002936,Out for Delivery,2025-03-17 22:58:23
S019218,O004314,In Transit,2024-06-11 01:19:50
S019219,O004458,Out for Delivery,2025-11-03 12:50:37
S019220,O003424,Out for Delivery,2024-10-06 06:35:24
S019221,O004837,Out for Delivery,2025-08-29 10:18:32
S019222,O012803,In Transit,2024-01-26 18:09:09
S019223,O018530,Pickup,2025-06-03 12:05:04
S019224,O010103,Pickup,2024-02-15 06:51:56
S019225,O001064,In Transit,2025-01-09 03:17:40
S019226,O009481,Delivered,2024-08-10 01:19:59
S019227,O012309,Delivered,2024-11-18 22:49:23
S019228,O001603,Delivered,2024-01-08 23:58:13
S019229,O003435,Out for Delivery,2024-07-27 22:08:46
S019230,O006765,Delivered,2025-01-20 19:56:26
S019231,O019586,In Transit,2025-03-24 19:09:13
S019232,O008731,In Transit,2024-05-11 15:42:07
S019233,O009363,Delivered,2024-10-13 22:36:53
S019234,O001539,Delivered,2025-07-24 07:23:55
S019235,O016068,Out for Delivery,2024-09-20 15:53:14
S019236,O001864,In Transit,2025-03-09 16:35:16
S019237,O009528,Delivered,2025-02-06 17:33:05
S019238,O009979,Pickup,2025-06-25 13:14:49
S019239,O005263,In Transit,2025-03-26 23:14:11
S019240,O003931,Pickup,2024-04-26 22:18:57
S019241,O014877,In Transit,2025-08-23 23:07:50
S019242,O012424,Delivered,2025-04-19 02:32:46
S019243,O010642,Out for Delivery,2025-08-04 17:43:12
S019244,O012126,In Transit,2024-04-29 06:03:57
S019245,O008168,In Transit,2024-03-02 14:34:53
S019246,O019350,Pickup,2025-09-01 16:01:02
S019247,O006489,Pickup,2025-07-09 13:21:36
S019248,O002660,Pickup,2025-05-12 10:15:45
S019249,O003741,In Transit,2024-05-07 17:33:44
S019250,O002227,Pickup,2025-05-13 01:14:13
S019251,O004677,Out for Delivery,2024-05-29 03:16:30
S019252,O002912,Delivered,2024-05-17 18:14:15
S019253,O005962,In Transit,2024-09-20 12:47:57
S019254,O012815,Delivered,2025-08-28 14:40:12
S019255,O001292,Pickup,2024-09-26 06:13:51
S019256,O013034,In Transit,2025-03-15 23:59:33
S019257,O011061,Pickup,2024-12-18 13:48:40
S019258,O014921,Out for Delivery,2025-08-18 17:46:39
S019259,O008947,Out for Delivery,2025-11-13 05:29:01
S019260,O001372,In Transit,2024-08-30 19:34:15
S019261,O011333,In Transit,2025-03-18 02:33:08
S019262,O016679,Out for Delivery,2025-10-20 13:06:13
S019263,O019626,In Transit,2025-07-21 13:07:59
S019264,O000219,Delivered,2024-01-06 12:49:39
S019265,O009878,Pickup,2025-03-18 17:28:48
S019266,O017280,In Transit,2025-05-21 20:11:44
S019267,O004532,In Transit,2024-08-07 16:18:34
S019268,O015593,In Transit,2024-02-11 00:04:44
S019269,O010320,Delivered,2025-06-12 21:39:21
S019270,O009537,Pickup,2025-12-16 23:39:53
S019271,O012977,Pickup,2024-11-24 11:20:48
S019272,O005273,Pickup,2024-05-05 02:15:37
S019273,O019923,Delivered,2025-07-28 14:21:21
S019274,O002723,Out for Delivery,2024-02-12 19:04:48
S019275,O017257,Delivered,2025-01-24 19:12:06
S019276,O017937,Out for Delivery,2025-07-11 11:49:12
S019277,O004133,Out for Delivery,2024-11-04 14:28:23
S019278,O005019,Pickup,2024-07-16 04:05:51
S019279,O017309,Delivered,2024-01-21 12:44:01
S019280,O017706,Out for Delivery,2025-08-10 07:57:44
S019281,O004986,Delivered,2024-01-09 22:43:40
S019282,O003766,In Transit,2024-12-25 04:53:50
S019283,O009611,Delivered,2025-04-12 01:52:36
S019284,O006376,Out for Delivery,2025-02-04 00:51:08
S019285,O001030,Pickup,2025-09-06 21:46:10
S019286,O017684,Delivered,2025-08-17 04:58:14
S019287,O011641,Out for Delivery,2024-05-23 03:18:43
S019288,O013928,Delivered,2025-04-09 08:50:28
S019289,O001500,Delivered,2024-04-17 11:29:30
S019290,O015776,Delivered,2025-10-12 15:26:04
S019291,O003148,Out for Delivery,2025-03-25 20:45:58
S019292,O003827,Delivered,2024-11-11 06:25:16
S019293,O005979,Out for Delivery,2025-02-23 11:59:11
S019294,O016441,Out for Delivery,2025-02-18 01:06:29
S019295,O010008,Pickup,2025-12-03 03:46:01
S019296,O007844,Out for Delivery,2024-10-10 18:44:01
S019297,O017324,Pickup,2025-07-30 18:22:53
S019298,O016460,Pickup,2025-06-08 09:54:48
S019299,O018144,Out for Delivery,2024-08-22 03:29:07
S019300,O004025,Delivered,2025-01-07 17:00:01
S019301,O015307,Pickup,2025-09-13 17:41:08
S019302,O016303,In Transit,2025-01-28 07:08:39
S019303,O008985,Out for Delivery,2024-10-24 08:55:47
S019304,O014925,Out for Delivery,2024-04-18 18:21:05
S019305,O007700,Pickup,2024-09-16 19:57:36
S019306,O015768,In Transit,2025-02-09 23:55:21
S019307,O005497,Delivered,2025-10-21 05:01:50
S019308,O006395,Delivered,2024-11-24 04:06:25
S019309,O008014,Delivered,2024-10-16 05:34:07
S019310,O016199,Delivered,2025-06-21 08:47:06
S019311,O018164,Pickup,2025-07-01 09:39:44
S019312,O012750,Pickup,2025-12-05 03:35:01
S019313,O018016,In Transit,2025-01-04 01:34:40
S019314,O013075,Pickup,2024-03-15 07:32:51
S019315,O010808,In Transit,2024-06-07 12:32:46
S019316,O017091,Pickup,2025-10-02 22:47:21
S019317,O010430,Out for Delivery,2025-08-14 09:54:57
S019318,O010203,In Transit,2024-05-24 14:27:37
S019319,O013366,Pickup,2024-03-04 06:16:28
S019320,O001012,Pickup,2025-04-19 05:47:04
S019321,O002856,In Transit,2024-02-29 10:35:22
S019322,O011909,Delivered,2025-05-29 13:10:08
S019323,O008921,In Transit,2025-03-28 23:26:50
S019324,O015281,In Transit,2024-03-04 05:37:59
S019325,O011642,Pickup,2024-02-22 16:11:16
S019326,O008534,Delivered,2024-04-23 09:15:54
S019327,O019555,Out for Delivery,2025-11-26 11:38:43
S019328,O017212,Out for Delivery,2024-11-13 03:57:33
S019329,O016301,Pickup,2025-12-31 17:46:25
S019330,O001164,Delivered,2024-12-05 11:39:51
S019331,O005047,In Transit,2024-11-06 22:41:20
S019332,O011138,Delivered,2025-12-02 11:55:01
S019333,O015221,Delivered,2025-05-10 04:55:59
S019334,O001601,Pickup,2024-08-01 06:24:01
S019335,O005398,Delivered,2024-04-04 23:12:33
S019336,O001596,Out for Delivery,2024-06-05 08:52:02
S019337,O004606,Out for Delivery,2025-12-01 04:47:01
S019338,O001353,Pickup,2024-02-13 07:17:22
S019339,O007722,Delivered,2025-09-22 15:17:38
S019340,O011342,Delivered,2024-04-15 19:24:55
S019341,O004551,Out for Delivery,2025-05-23 08:37:43
S019342,O012521,Delivered,2025-06-26 09:30:52
S019343,O010918,Out for Delivery,2024-02-02 11:00:37
S019344,O002650,Out for Delivery,2024-06-07 11:02:46
S019345,O019512,Out for Delivery,2024-08-14 00:40:48
S019346,O008985,Delivered,2024-11-20 08:19:01
S019347,O002909,In Transit,2024-08-20 23:31:52
S019348,O004380,Delivered,2024-04-01 07:19:52
S019349,O019880,Delivered,2024-02-08 02:39:22
S019350,O003111,Out for Delivery,2025-01-10 06:59:50
S019351,O014613,Delivered,2024-07-09 19:48:00
S019352,O001599,Pickup,2024-08-13 23:28:47
S019353,O008170,Delivered,2025-12-25 06:08:26
S019354,O002254,Delivered,2024-03-08 03:36:50
S019355,O000332,Delivered,2025-11-16 11:56:27
S019356,O011014,In Transit,2024-09-30 03:45:44
S019357,O003236,Pickup,2025-10-17 23:10:54
S019358,O015607,Delivered,2025-11-15 02:56:21
S019359,O019436,In Transit,2025-12-25 14:00:37
S019360,O002323,In Transit,2024-09-08 01:57:35
S019361,O005881,Pickup,2024-09-18 19:03:42
S019362,O017777,In Transit,2025-05-30 06:16:32
S019363,O011129,In Transit,2025-05-03 15:29:15
S019364,O003496,Pickup,2025-09-01 07:03:45
S019365,O018356,Delivered,2025-02-27 00:56:10
S019366,O019001,Out for Delivery,2024-09-02 02:18:23
S019367,O005630,Delivered,2024-12-21 17:17:19
S019368,O008183,In Transit,2025-12-20 05:11:36
S019369,O016898,In Transit,2025-07-24 14:30:37
S019370,O017060,In Transit,2024-03-28 00:27:56
S019371,O018138,Delivered,2025-07-16 11:14:28
S019372,O004690,In Transit,2024-01-10 07:50:23
S019373,O016512,Out for Delivery,2025-07-20 01:57:00
S019374,O003340,Delivered,2024-10-25 12:36:54
S019375,O003376,In Transit,2024-10-31 18:10:35
S019376,O014520,Pickup,2025-08-24 21:07:11
S019377,O006827,Delivered,2024-11-22 03:50:25
S019378,O008153,In Transit,2025-02-28 07:38:16
S019379,O003523,Out for Delivery,2024-07-16 15:13:21
S019380,O004884,Delivered,2024-05-10 21:33:45
S019381,O012944,Delivered,2024-09-14 22:16:49
S019382,O011541,In Transit,2024-01-27 18:26:13
S019383,O003285,Out for Delivery,2025-01-17 01:30:54
S019384,O010255,Pickup,2025-02-06 16:52:28
S019385,O002166,Out for Delivery,2025-04-05 03:58:24
S019386,O015799,In Transit,2024-08-05 19:21:09
S019387,O018727,Pickup,2025-06-12 04:30:24
S019388,O013768,Out for Delivery,2025-08-15 20:16:26
S019389,O005171,Pickup,2024-03-27 08:23:08
S019390,O005813,Out for Delivery,2025-07-24 20:36:46
S019391,O011495,Out for Delivery,2024-07-24 15:19:04
S019392,O016455,Pickup,2024-01-07 06:24:58
S019393,O007328,Out for Delivery,2024-08-28 00:19:27
S019394,O006519,Out for Delivery,2025-02-08 04:42:33
S019395,O001934,Pickup,2024-10-06 23:42:31
S019396,O017248,Pickup,2025-06-18 16:59:54
S019397,O018906,Delivered,2024-03-17 00:44:16
S019398,O016753,In Transit,2024-06-06 22:11:05
S019399,O007424,In Transit,2025-04-25 04:23:12
S019400,O006794,In Transit,2025-05-24 03:02:38
S019401,O017245,Out for Delivery,2025-12-25 08:42:15
S019402,O009479,Pickup,2024-09-21 21:10:30
S019403,O008541,Delivered,2024-09-09 01:54:48
S019404,O008909,Pickup,2024-05-24 00:16:57
S019405,O004896,Out for Delivery,2025-07-11 18:48:58
S019406,O012310,Pickup,2025-01-25 15:37:34
S019407,O012915,In Transit,2025-12-01 00:38:36
S019408,O006696,Delivered,2025-07-23 05:59:57
S019409,O005236,Pickup,2025-09-16 13:26:03
S019410,O008489,Out for Delivery,2024-10-29 17:33:47
S019411,O013826,In Transit,2024-12-19 23:43:41
S019412,O014421,Delivered,2024-01-11 10:16:58
S019413,O009184,Out for Delivery,2025-06-24 17:29:49
S019414,O016429,In Transit,2025-07-04 19:15:04
S019415,O005295,Pickup,2024-09-12 20:03:38
S019416,O007921,In Transit,2024-09-28 07:59:09
S019417,O000783,Delivered,2025-11-28 19:23:00
S019418,O002776,Pickup,2024-01-01 07:24:06
S019419,O014877,Pickup,2025-09-19 03:36:35
S019420,O004109,Out for Delivery,2024-05-05 19:15:17
S019421,O009825,Delivered,2025-12-13 21:03:14
S019422,O005387,Out for Delivery,2025-12-21 22:52:09
S019423,O013242,Pickup,2024-12-14 07:52:12
S019424,O002871,Out for Delivery,2025-06-28 05:29:45
S019425,O012148,Pickup,2025-07-01 19:58:23
S019426,O007966,Out for Delivery,2025-08-30 10:30:18
S019427,O017528,Pickup,2024-06-02 10:05:01
S019428,O018902,Pickup,2024-11-13 21:54:59
S019429,O007046,Delivered,2024-12-14 02:33:55
S019430,O008896,Delivered,2024-11-24 17:07:46
S019431,O001631,Out for Delivery,2024-08-08 02:25:05
S019432,O011333,In Transit,2024-07-06 11:54:49
S019433,O009167,Delivered,2024-08-29 04:51:36
S019434,O008532,Delivered,2025-12-24 01:33:50
S019435,O010298,Pickup,2025-01-19 23:12:53
S019436,O013436,Delivered,2024-02-02 18:43:56
S019437,O017025,Pickup,2024-05-19 03:45:15
S019438,O004938,Out for Delivery,2025-04-02 07:23:53
S019439,O016473,Pickup,2024-11-25 16:11:51
S019440,O018272,Pickup,2024-05-19 16:39:51
S019441,O013893,In Transit,2025-04-11 08:05:33
S019442,O012252,In Transit,2025-03-03 07:49:55
S019443,O015347,Delivered,2025-12-03 16:51:34
S019444,O011670,In Transit,2025-04-30 22:21:00
S019445,O014372,In Transit,2025-06-16 16:44:03
S019446,O003969,Out for Delivery,2025-01-18 10:28:10
S019447,O016539,Out for Delivery,2025-10-17 07:19:28
S019448,O013400,Pickup,2025-12-23 08:31:04
S019449,O000490,In Transit,2025-06-13 03:00:13
S019450,O010798,Delivered,2024-11-02 04:25:21
S019451,O009042,Delivered,2024-02-13 05:00:04
S019452,O013265,Delivered,2025-12-20 12:28:26
S019453,O014107,Out for Delivery,2025-06-30 00:13:46
S019454,O007063,In Transit,2024-08-19 17:52:43
S019455,O012012,In Transit,2024-02-23 16:57:31
S019456,O018495,Delivered,2025-03-12 03:56:44
S019457,O012074,Delivered,2024-01-15 15:58:20
S019458,O012307,In Transit,2024-01-05 18:48:30
S019459,O011206,Delivered,2025-03-28 00:35:04
S019460,O000330,Delivered,2025-04-22 06:15:14
S019461,O012965,Pickup,2025-05-22 13:11:11
S019462,O004644,Pickup,2025-08-23 16:19:42
S019463,O019352,In Transit,2024-03-25 17:56:28
S019464,O010647,Delivered,2024-03-27 21:03:55
S019465,O006371,Delivered,2025-10-17 00:48:49
S019466,O006120,In Transit,2024-12-15 05:16:49
S019467,O009289,Out for Delivery,2024-12-04 08:13:21
S019468,O007749,Delivered,2024-04-06 08:42:24
S019469,O014245,Out for Delivery,2024-11-08 14:22:58
S019470,O004003,Pickup,2024-10-13 15:49:51
S019471,O002803,Delivered,2024-08-05 05:35:13
S019472,O003009,In Transit,2024-02-20 16:12:21
S019473,O008946,Out for Delivery,2024-05-08 03:44:07
S019474,O016037,Pickup,2024-05-28 19:58:07
S019475,O005901,Out for Delivery,2025-07-11 09:30:59
S019476,O001037,Out for Delivery,2025-12-06 08:18:01
S019477,O008908,In Transit,2025-11-03 03:28:14
S019478,O011083,Delivered,2025-04-17 16:13:43
S019479,O014049,Out for Delivery,2025-07-20 13:52:08
S019480,O002566,Pickup,2024-02-13 14:02:04
S019481,O005662,Out for Delivery,2024-02-21 18:05:03
S019482,O011862,Out for Delivery,2025-11-21 06:03:59
S019483,O014182,Delivered,2024-06-02 18:07:18
S019484,O000931,Pickup,2024-08-17 16:17:31
S019485,O008502,Pickup,2025-05-02 14:08:35
S019486,O016263,In Transit,2025-03-31 23:06:19
S019487,O019319,Pickup,2024-01-05 16:57:40
S019488,O018925,Pickup,2025-11-16 02:24:26
S019489,O003412,Delivered,2025-07-08 03:32:16
S019490,O008537,In Transit,2024-08-09 06:28:33
S019491,O012919,Out for Delivery,2025-11-09 12:06:00
S019492,O004795,Out for Delivery,2025-08-12 00:25:45
S019493,O006229,Out for Delivery,2024-11-07 15:28:24
S019494,O008832,Delivered,2024-10-08 17:10:24
S019495,O009382,Delivered,2024-12-26 10:43:42
S019496,O014243,Out for Delivery,2025-02-04 01:46:19
S019497,O008409,Delivered,2024-02-02 12:51:17
S019498,O012510,In Transit,2025-10-22 10:32:39
S019499,O016699,In Transit,2025-12-19 13:17:18
S019500,O013268,In Transit,2024-03-22 09:40:45
S019501,O001661,In Transit,2025-07-03 07:05:27
S019502,O005091,In Transit,2024-06-21 12:54:24
S019503,O004822,In Transit,2025-09-30 20:49:24
S019504,O007396,In Transit,2025-03-27 05:45:58
S019505,O007972,Out for Delivery,2024-01-02 20:24:52
S019506,O000066,Pickup,2024-08-22 21:49:29
S019507,O008420,Pickup,2024-01-19 00:02:51
S019508,O006201,Out for Delivery,2025-11-29 23:46:29
S019509,O015893,In Transit,2025-10-07 11:39:00
S019510,O008513,Delivered,2024-01-10 07:34:17
S019511,O006296,Pickup,2025-11-12 07:26:51
S019512,O019614,Pickup,2024-04-16 20:25:44
S019513,O002067,Delivered,2025-08-12 14:20:09
S019514,O012025,Pickup,2025-11-10 23:00:09
S019515,O018845,Delivered,2024-11-18 10:30:14
S019516,O007929,In Transit,2024-10-06 18:18:33
S019517,O000687,Delivered,2024-12-15 19:56:56
S019518,O013312,Out for Delivery,2025-11-20 05:08:02
S019519,O000650,In Transit,2025-05-22 20:51:10
S019520,O009686,Pickup,2024-07-17 17:20:06
S019521,O010514,Out for Delivery,2025-02-05 10:18:17
S019522,O008353,Delivered,2024-03-29 18:26:59
S019523,O010484,In Transit,2025-02-11 00:02:26
S019524,O015141,Out for Delivery,2024-10-26 07:20:19
S019525,O018046,In Transit,2024-10-01 21:29:17
S019526,O003631,Out for Delivery,2025-05-12 06:59:51
S019527,O016277,Pickup,2025-04-30 08:56:25
S019528,O004886,Pickup,2024-10-12 12:34:31
S019529,O002832,Out for Delivery,2024-04-11 05:03:51
S019530,O004184,In Transit,2024-09-30 05:42:28
S019531,O010880,Out for Delivery,2024-10-19 20:02:58
S019532,O018353,Out for Delivery,2025-11-29 12:13:07
S019533,O018907,Pickup,2024-11-30 08:51:22
S019534,O005516,Delivered,2024-11-20 20:44:29
S019535,O015162,Delivered,2025-11-01 10:15:33
S019536,O007953,In Transit,2025-06-15 18:32:27
S019537,O001474,Delivered,2025-02-23 22:44:52
S019538,O012701,Pickup,2024-08-19 17:00:29
S019539,O000779,In Transit,2024-06-11 05:51:01
S019540,O004207,Out for Delivery,2024-09-30 06:22:09
S019541,O012351,Pickup,2024-02-19 21:34:36
S019542,O016077,In Transit,2024-08-07 17:16:07
S019543,O013501,Out for Delivery,2025-08-26 23:33:35
S019544,O000620,In Transit,2024-04-02 19:47:33
S019545,O009673,Delivered,2024-09-30 06:35:48
S019546,O008644,Delivered,2024-11-28 11:23:44
S019547,O017870,Delivered,2024-01-14 19:04:35
S019548,O018364,Pickup,2024-08-22 02:55:04
S019549,O002451,Out for Delivery,2025-01-16 07:56:02
S019550,O014796,In Transit,2024-02-08 04:18:24
S019551,O013374,In Transit,2025-12-02 00:48:30
S019552,O002571,In Transit,2024-07-26 07:45:29
S019553,O018381,In Transit,2024-12-28 17:40:29
S019554,O006174,Delivered,2024-08-20 17:40:00
S019555,O002145,Delivered,2024-12-27 20:18:11
S019556,O003248,Out for Delivery,2024-04-05 17:33:06
S019557,O016428,In Transit,2024-07-17 06:39:16
S019558,O004199,Delivered,2024-01-11 10:25:33
S019559,O017327,In Transit,2024-02-11 16:55:28
S019560,O019866,In Transit,2025-01-15 23:36:18
S019561,O008890,Pickup,2025-03-26 15:39:56
S019562,O005335,In Transit,2025-08-03 23:25:00
S019563,O003049,In Transit,2024-10-01 03:00:41
S019564,O004416,Out for Delivery,2025-06-13 09:25:57
S019565,O009714,Out for Delivery,2024-08-05 04:07:03
S019566,O016324,Out for Delivery,2024-05-13 05:10:24
S019567,O003897,Out for Delivery,2025-06-27 11:36:55
S019568,O018236,Out for Delivery,2024-04-17 08:34:36
S019569,O002945,Pickup,2024-02-19 16:24:19
S019570,O018483,Out for Delivery,2024-10-30 19:50:08
S019571,O014929,In Transit,2024-03-02 02:30:38
S019572,O005892,Pickup,2024-06-17 19:31:06
S019573,O017866,Pickup,2025-07-18 19:50:40
S019574,O009796,In Transit,2025-04-19 01:53:31
S019575,O011598,Out for Delivery,2024-03-21 03:05:48
S019576,O004084,Delivered,2025-01-22 00:26:50
S019577,O004239,Pickup,2025-12-27 17:59:02
S019578,O010307,Pickup,2025-01-13 16:12:07
S019579,O013384,In Transit,2024-01-13 17:51:38
S019580,O000716,In Transit,2024-05-25 12:57:19
S019581,O001567,Delivered,2024-06-18 19:55:18
S019582,O001361,Pickup,2025-10-10 21:54:53
S019583,O007048,In Transit,2025-02-11 16:27:02
S019584,O007564,Pickup,2024-03-31 23:30:10
S019585,O016165,Pickup,2024-04-22 04:15:05
S019586,O005856,Delivered,2025-12-10 08:39:55
S019587,O006770,Out for Delivery,2025-09-20 22:47:31
S019588,O001121,Pickup,2025-07-23 09:58:45
S019589,O015368,Delivered,2024-07-11 21:32:38
S019590,O000139,Out for Delivery,2024-02-19 15:54:32
S019591,O004392,Delivered,2025-12-30 16:24:17
S019592,O010189,In Transit,2025-08-28 11:45:50
S019593,O010610,Out for Delivery,2024-04-04 09:07:30
S019594,O017396,Pickup,2025-02-17 18:20:35
S019595,O002491,Pickup,2025-06-17 15:28:46
S019596,O006933,Pickup,2025-08-28 15:28:46
S019597,O014641,Delivered,2025-06-11 13:57:01
S019598,O004505,Pickup,2025-06-17 13:38:00
S019599,O018465,Pickup,2025-03-15 23:51:46
S019600,O014171,Pickup,2025-01-30 06:28:52
S019601,O000092,Delivered,2024-12-18 16:32:05
S019602,O000827,Delivered,2024-04-20 18:00:09
S019603,O011189,Pickup,2024-08-29 17:31:55
S019604,O006336,Pickup,2025-11-22 12:58:07
S019605,O013225,In Transit,2024-12-15 07:14:12
S019606,O011142,Delivered,2024-09-03 23:51:27
S019607,O010102,In Transit,2024-07-05 18:49:59
S019608,O016184,In Transit,2024-12-24 15:17:56
S019609,O016091,Delivered,2025-06-29 15:09:49
S019610,O012993,Pickup,2024-09-19 17:17:16
S019611,O010324,Out for Delivery,2025-08-29 02:25:42
S019612,O003393,In Transit,2024-04-01 14:31:47
S019613,O005202,Pickup,2025-01-03 07:55:29
S019614,O000063,Out for Delivery,2025-09-22 01:29:43
S019615,O003900,In Transit,2025-03-14 22:52:03
S019616,O008411,Delivered,2025-09-28 20:53:54
S019617,O002831,Out for Delivery,2025-01-06 05:24:11
S019618,O005771,Pickup,2025-07-21 00:41:43
S019619,O019883,In Transit,2025-06-22 14:19:58
S019620,O016522,Out for Delivery,2024-02-11 15:33:09
S019621,O000335,Out for Delivery,2025-09-16 21:08:20
S019622,O013207,In Transit,2025-10-22 12:46:49
S019623,O003627,In Transit,2025-09-23 03:09:28
S019624,O012255,Pickup,2025-07-08 18:22:20
S019625,O008533,In Transit,2025-11-15 02:05:56
S019626,O005649,Delivered,2024-07-31 02:38:02
S019627,O010218,Out for Delivery,2024-01-19 09:26:07
S019628,O004461,Delivered,2025-11-19 04:48:35
S019629,O012527,Pickup,2024-02-09 06:12:51
S019630,O007147,Pickup,2024-03-13 09:30:51
S019631,O001564,Delivered,2024-07-26 03:41:19
S019632,O018547,Out for Delivery,2025-07-17 00:51:30
S019633,O005990,Delivered,2024-01-20 23:20:40
S019634,O004108,Out for Delivery,2025-07-31 02:37:41
S019635,O001090,Delivered,2025-04-20 16:00:44
S019636,O003044,In Transit,2025-09-25 06:00:33
S019637,O000020,In Transit,2025-03-13 21:19:05
S019638,O016358,Out for Delivery,2025-08-14 04:46:55
S019639,O009541,In Transit,2025-06-11 16:28:30
S019640,O005893,Out for Delivery,2024-08-31 22:31:53
S019641,O013798,In Transit,2024-01-28 07:39:31
S019642,O004065,Pickup,2024-06-20 04:29:58
S019643,O007806,In Transit,2024-02-17 08:32:57
S019644,O003569,Out for Delivery,2024-12-04 09:00:36
S019645,O003903,In Transit,2025-04-13 08:42:15
S019646,O018063,Pickup,2024-12-06 14:57:05
S019647,O001235,Out for Delivery,2025-02-10 09:14:18
S019648,O009268,Delivered,2024-11-16 01:56:50
S019649,O004303,In Transit,2025-12-05 17:36:40
S019650,O000370,Pickup,2024-12-20 04:09:29
S019651,O004670,Out for Delivery,2024-05-17 19:55:05
S019652,O018083,Pickup,2025-09-22 04:54:22
S019653,O014485,Delivered,2024-05-16 12:13:13
S019654,O010097,Out for Delivery,2025-07-09 16:44:27
S019655,O005981,Delivered,2025-10-02 12:29:57
S019656,O013459,In Transit,2025-10-07 16:18:41
S019657,O001261,Delivered,2024-07-08 13:06:41
S019658,O016988,In Transit,2025-10-21 18:21:04
S019659,O009955,Pickup,2025-03-06 21:14:35
S019660,O010657,Out for Delivery,2025-06-12 17:57:20
S019661,O005300,Out for Delivery,2025-10-06 23:58:06
S019662,O000715,In Transit,2024-10-28 04:17:40
S019663,O001305,Delivered,2025-10-31 13:32:04
S019664,O005963,Out for Delivery,2024-11-22 11:52:57
S019665,O018198,Delivered,2025-02-24 20:00:55
S019666,O002696,Delivered,2024-04-10 07:04:35
S019667,O006348,Pickup,2024-04-29 11:05:12
S019668,O017637,Delivered,2025-12-12 12:16:20
S019669,O008535,Delivered,2025-11-07 08:56:23
S019670,O009751,Pickup,2025-06-21 19:21:59
S019671,O003437,Pickup,2024-08-09 06:30:50
S019672,O005806,Pickup,2025-03-08 15:26:15
S019673,O015192,Delivered,2024-12-03 04:58:27
S019674,O012038,Pickup,2025-11-24 20:14:29
S019675,O007219,Pickup,2024-11-13 10:31:41
S019676,O015762,In Transit,2025-09-24 09:56:41
S019677,O014272,In Transit,2024-09-28 12:20:31
S019678,O006261,Delivered,2025-04-20 02:10:32
S019679,O007804,In Transit,2024-08-12 11:41:19
S019680,O013335,In Transit,2024-11-29 17:31:30
S019681,O004339,Out for Delivery,2024-11-25 18:53:10
S019682,O000107,In Transit,2024-11-11 12:00:36
S019683,O012009,In Transit,2025-08-22 21:42:01
S019684,O015457,Delivered,2025-05-10 23:45:10
S019685,O002080,Delivered,2024-06-01 20:10:20
S019686,O003128,Out for Delivery,2024-07-26 12:55:20
S019687,O004344,Out for Delivery,2024-02-26 07:07:54
S019688,O009980,Out for Delivery,2025-10-12 07:58:39
S019689,O010606,Out for Delivery,2024-02-22 05:36:53
S019690,O002731,In Transit,2024-12-12 03:58:45
S019691,O018867,Delivered,2025-11-04 19:17:35
S019692,O001694,Pickup,2024-01-24 06:04:59
S019693,O012840,Out for Delivery,2025-03-24 18:18:42
S019694,O009759,Out for Delivery,2024-11-23 15:39:20
S019695,O007054,In Transit,2025-04-30 14:58:48
S019696,O000275,Pickup,2025-11-22 11:36:02
S019697,O012431,Out for Delivery,2024-09-04 09:47:12
S019698,O002898,In Transit,2024-04-24 07:34:42
S019699,O004338,Pickup,2024-01-16 18:58:27
S019700,O018633,Delivered,2024-03-29 03:42:46
S019701,O006543,Delivered,2025-09-27 11:58:53
S019702,O010658,Pickup,2024-02-23 18:46:10
S019703,O016439,In Transit,2025-04-01 12:23:11
S019704,O014739,In Transit,2025-10-03 17:33:20
S019705,O011615,Delivered,2025-08-31 03:30:43
S019706,O009601,In Transit,2025-04-08 23:24:47
S019707,O008170,In Transit,2024-10-19 19:17:00
S019708,O003122,Delivered,2024-06-12 09:18:36
S019709,O000076,Delivered,2024-10-27 22:39:37
S019710,O004277,Out for Delivery,2025-05-18 15:10:24
S019711,O010099,Pickup,2025-10-16 04:36:02
S019712,O006406,Pickup,2024-07-11 22:26:33
S019713,O016023,Delivered,2025-07-03 03:18:21
S019714,O012506,In Transit,2024-07-13 01:11:52
S019715,O002331,Out for Delivery,2024-12-01 22:00:21
S019716,O005911,Delivered,2024-04-21 06:19:23
S019717,O001719,Pickup,2025-11-17 16:20:32
S019718,O014070,Delivered,2025-12-24 23:01:26
S019719,O014027,In Transit,2024-07-09 08:19:46
S019720,O002246,Pickup,2025-01-04 01:39:49
S019721,O003541,Delivered,2025-04-13 13:51:28
S019722,O008480,Out for Delivery,2025-12-16 20:07:23
S019723,O009023,Delivered,2024-11-28 22:27:00
S019724,O000175,In Transit,2025-10-16 10:38:08
S019725,O019502,In Transit,2025-03-06 00:42:41
S019726,O003912,Out for Delivery,2024-08-26 18:00:45
S019727,O018486,In Transit,2025-10-14 00:22:56
S019728,O014606,Pickup,2024-08-16 06:11:03
S019729,O012891,Delivered,2025-03-22 08:06:24
S019730,O003026,Out for Delivery,2024-03-20 04:01:59
S019731,O018625,Pickup,2024-01-02 13:58:17
S019732,O012125,In Transit,2024-02-19 18:53:20
S019733,O008507,Out for Delivery,2024-03-01 02:45:50
S019734,O012055,Delivered,2025-11-16 07:27:06
S019735,O008116,Pickup,2024-06-17 22:10:19
S019736,O010759,Out for Delivery,2024-08-20 16:47:43
S019737,O019348,Out for Delivery,2025-10-15 15:06:04
S019738,O009327,Out for Delivery,2024-01-21 04:26:06
S019739,O001681,Pickup,2024-01-05 18:41:20
S019740,O010164,Delivered,2025-09-08 20:45:05
S019741,O007077,Delivered,2024-10-27 16:59:35
S019742,O008902,Out for Delivery,2025-04-12 04:32:00
S019743,O015598,Delivered,2024-09-26 01:16:45
S019744,O000421,Pickup,2025-05-11 14:06:01
S019745,O004632,Out for Delivery,2024-08-31 01:36:55
S019746,O016153,Pickup,2025-10-10 01:56:09
S019747,O015721,Pickup,2025-06-16 10:04:01
S019748,O010411,In Transit,2024-12-19 22:32:48
S019749,O008834,Out for Delivery,2025-04-04 08:09:09
S019750,O017852,Pickup,2025-08-20 09:16:30
S019751,O009297,Pickup,2024-11-04 20:37:30
S019752,O004580,Out for Delivery,2024-06-02 23:31:17
S019753,O013983,Delivered,2024-06-01 13:24:15
S019754,O017381,Pickup,2025-02-19 13:33:49
S019755,O015538,Out for Delivery,2025-09-03 22:27:26
S019756,O017166,In Transit,2024-09-14 10:42:25
S019757,O013220,Delivered,2024-01-10 09:58:31
S019758,O002805,Pickup,2024-10-05 09:29:19
S019759,O014653,Pickup,2025-08-13 19:13:06
S019760,O009778,Out for Delivery,2025-10-24 13:54:54
S019761,O012614,Pickup,2024-12-23 21:30:43
S019762,O002006,In Transit,2025-04-26 15:02:43
S019763,O019051,Delivered,2025-06-13 17:12:32
S019764,O011503,Out for Delivery,2025-01-20 23:44:36
S019765,O004973,In Transit,2025-10-05 13:47:05
S019766,O009505,Out for Delivery,2025-12-23 10:00:28
S019767,O010037,Out for Delivery,2025-07-11 11:15:07
S019768,O002874,Pickup,2024-12-11 03:35:09
S019769,O016572,In Transit,2024-11-06 01:21:02
S019770,O014934,In Transit,2024-05-12 15:28:04
S019771,O007559,Delivered,2024-01-31 19:03:58
S019772,O018699,In Transit,2025-12-17 15:40:14
S019773,O007622,Pickup,2024-02-08 16:10:18
S019774,O010142,Delivered,2025-04-21 14:46:10
S019775,O007504,Out for Delivery,2024-09-25 16:02:10
S019776,O002305,Pickup,2024-01-07 22:28:39
S019777,O010181,Pickup,2024-06-13 08:35:05
S019778,O017425,Out for Delivery,2025-11-19 10:05:43
S019779,O009985,Pickup,2025-01-08 02:53:21
S019780,O007780,Delivered,2024-02-15 04:29:28
S019781,O019122,Pickup,2025-07-25 01:56:08
S019782,O018225,Pickup,2025-12-07 09:26:31
S019783,O015257,Out for Delivery,2024-09-06 16:30:46
S019784,O005192,Pickup,2024-01-24 13:53:16
S019785,O006133,Pickup,2025-05-04 03:05:26
S019786,O000748,Pickup,2024-10-25 20:58:46
S019787,O006913,In Transit,2024-05-16 13:19:05
S019788,O011860,Out for Delivery,2025-01-08 07:40:28
S019789,O001731,In Transit,2024-09-28 21:46:45
S019790,O013110,Pickup,2025-04-04 21:42:55
S019791,O017047,Out for Delivery,2025-07-24 05:56:45
S019792,O012055,Delivered,2024-12-09 14:34:29
S019793,O003794,In Transit,2024-03-12 17:53:22
S019794,O015040,Pickup,2025-07-02 00:50:49
S019795,O018449,Delivered,2025-12-18 10:08:30
S019796,O001207,Delivered,2024-10-21 04:21:42
S019797,O019007,Delivered,2025-05-05 11:03:19
S019798,O018552,In Transit,2024-10-02 10:03:54
S019799,O017170,Delivered,2024-04-29 14:41:20
S019800,O010712,Delivered,2024-12-16 07:09:51
S019801,O017480,Pickup,2025-02-26 11:49:26
S019802,O002850,Out for Delivery,2025-06-09 21:54:08
S019803,O014911,Delivered,2025-02-01 10:12:21
S019804,O006888,Delivered,2025-05-12 23:14:44
S019805,O018956,Out for Delivery,2025-01-01 22:09:39
S019806,O003851,Out for Delivery,2025-12-29 14:07:55
S019807,O005361,Pickup,2025-09-05 14:55:10
S019808,O001412,Out for Delivery,2024-02-22 20:40:36
S019809,O015206,Delivered,2025-08-24 23:46:33
S019810,O014522,Delivered,2025-02-02 11:18:58
S019811,O008597,In Transit,2024-10-10 07:09:53
S019812,O010141,In Transit,2025-02-24 03:57:38
S019813,O010014,Out for Delivery,2025-03-30 04:10:31
S019814,O002489,Pickup,2025-09-30 13:37:48
S019815,O010997,In Transit,2024-10-15 15:01:59
S019816,O014329,Delivered,2024-03-12 09:57:51
S019817,O012374,Out for Delivery,2024-09-08 19:12:01
S019818,O010039,In Transit,2025-05-24 18:55:05
S019819,O019194,Out for Delivery,2025-04-01 19:21:52
S019820,O013849,Pickup,2025-12-14 19:48:34
S019821,O011483,Pickup,2024-01-03 08:01:52
S019822,O001962,Delivered,2024-02-17 20:24:57
S019823,O001879,Out for Delivery,2025-01-02 14:14:05
S019824,O013991,Pickup,2025-09-30 00:20:41
S019825,O004373,Pickup,2024-08-03 16:22:09
S019826,O002995,Out for Delivery,2025-05-27 07:53:19
S019827,O001834,In Transit,2025-09-18 09:09:41
S019828,O016556,In Transit,2025-12-15 20:47:13
S019829,O012161,Pickup,2025-09-22 19:20:29
S019830,O017335,In Transit,2024-02-08 02:25:20
S019831,O013263,Delivered,2024-06-29 09:51:42
S019832,O018070,Delivered,2025-01-13 20:20:36
S019833,O017272,In Transit,2025-02-13 17:06:40
S019834,O015600,Out for Delivery,2025-03-03 04:29:29
S019835,O014039,Delivered,2025-04-20 06:17:02
S019836,O010169,Pickup,2024-02-13 16:26:55
S019837,O015516,Delivered,2024-08-19 01:57:29
S019838,O002584,Pickup,2025-11-25 11:29:47
S019839,O009207,Pickup,2025-02-20 13:48:55
S019840,O017874,Delivered,2025-03-31 09:02:01
S019841,O003556,In Transit,2025-01-30 23:25:14
S019842,O019066,Out for Delivery,2025-04-17 20:13:34
S019843,O016367,Delivered,2024-05-20 08:53:00
S019844,O011376,Delivered,2025-09-21 03:38:40
S019845,O010681,In Transit,2025-03-02 21:26:56
S019846,O011179,Out for Delivery,2024-02-06 22:23:36
S019847,O014417,Pickup,2025-09-04 23:09:12
S019848,O008495,In Transit,2025-06-06 18:57:20
S019849,O015013,Pickup,2025-03-11 13:00:48
S019850,O010961,Pickup,2025-03-18 22:45:18
S019851,O017749,Delivered,2024-02-24 02:30:28
S019852,O009826,Pickup,2025-08-25 12:30:57
S019853,O010775,In Transit,2024-09-09 11:15:22
S019854,O006854,Out for Delivery,2025-10-19 18:57:07
S019855,O019166,Pickup,2025-10-08 18:56:58
S019856,O011409,Out for Delivery,2024-06-28 15:21:53
S019857,O003158,Out for Delivery,2024-08-02 09:52:07
S019858,O017769,Delivered,2024-07-20 10:40:53
S019859,O003352,Pickup,2025-11-15 09:05:23
S019860,O008377,Out for Delivery,2025-03-18 23:04:12
S019861,O012272,Out for Delivery,2025-11-20 19:36:26
S019862,O010894,Pickup,2024-07-03 21:50:52
S019863,O015398,Delivered,2025-07-01 09:56:51
S019864,O015159,Delivered,2025-01-22 14:15:17
S019865,O007178,Out for Delivery,2025-05-25 01:41:45
S019866,O015895,Out for Delivery,2024-10-07 09:27:02
S019867,O016054,In Transit,2025-03-14 19:52:40
S019868,O016527,In Transit,2025-03-09 08:21:53
S019869,O001652,Delivered,2025-12-07 15:24:19
S019870,O001806,Out for Delivery,2024-03-27 12:13:21
S019871,O017172,Out for Delivery,2024-05-09 00:18:58
S019872,O002988,Delivered,2025-03-18 04:29:58
S019873,O001937,In Transit,2024-02-01 06:01:30
S019874,O001854,In Transit,2024-05-07 15:39:17
S019875,O005910,Delivered,2025-05-27 20:43:08
S019876,O007837,In Transit,2025-05-18 22:53:23
S019877,O001212,Out for Delivery,2025-06-19 17:06:51
S019878,O019193,Out for Delivery,2024-06-22 06:23:47
S019879,O018946,Out for Delivery,2024-01-27 16:14:42
S019880,O017797,Out for Delivery,2025-12-28 05:31:00
S019881,O002763,Pickup,2024-01-19 17:22:12
S019882,O013365,Out for Delivery,2025-05-28 20:59:08
S019883,O008123,Delivered,2024-04-10 00:36:39
S019884,O010168,Out for Delivery,2025-07-24 22:01:57
S019885,O018659,In Transit,2024-10-14 03:06:50
S019886,O004463,Pickup,2025-07-20 03:23:02
S019887,O003559,Pickup,2024-08-25 16:09:40
S019888,O017801,Delivered,2024-06-15 12:27:09
S019889,O007201,In Transit,2025-06-02 03:55:10
S019890,O018644,Delivered,2024-10-11 04:22:54
S019891,O001479,Out for Delivery,2024-03-13 12:02:16
S019892,O017656,Out for Delivery,2025-10-10 03:28:13
S019893,O018208,In Transit,2024-07-14 05:03:09
S019894,O005471,Delivered,2024-06-27 23:12:55
S019895,O013322,Out for Delivery,2024-10-04 15:00:29
S019896,O016409,In Transit,2025-03-20 07:42:24
S019897,O010628,Out for Delivery,2024-03-21 07:00:35
S019898,O009449,Delivered,2024-04-24 21:52:53
S019899,O015710,Pickup,2024-04-07 08:55:06
S019900,O014555,In Transit,2025-03-20 16:37:37
S019901,O015108,In Transit,2025-03-02 12:39:06
S019902,O018133,Out for Delivery,2024-10-25 14:44:49
S019903,O010044,Pickup,2025-06-10 20:24:30
S019904,O009143,In Transit,2024-02-19 22:30:43
S019905,O009159,Out for Delivery,2024-04-26 08:10:34
S019906,O003546,Pickup,2025-02-17 07:45:45
S019907,O018452,Delivered,2024-02-10 01:18:24
S019908,O001855,Delivered,2025-01-17 09:20:52
S019909,O002858,Delivered,2024-09-08 18:28:08
S019910,O016126,Delivered,2024-04-12 12:15:58
S019911,O014442,Pickup,2024-07-11 15:28:24
S019912,O009422,Pickup,2024-11-23 06:57:14
S019913,O012694,Delivered,2025-10-12 07:01:55
S019914,O012451,In Transit,2025-02-08 05:18:51
S019915,O018654,Pickup,2025-01-30 05:31:24
S019916,O003476,Pickup,2025-07-31 10:46:50
S019917,O002184,Out for Delivery,2025-04-18 20:29:56
S019918,O006400,Pickup,2025-08-22 14:10:51
S019919,O018031,In Transit,2024-03-24 17:38:17
S019920,O017236,Pickup,2025-11-07 11:58:36
S019921,O017097,In Transit,2024-10-21 18:17:53
S019922,O013799,Out for Delivery,2024-07-03 13:26:10
S019923,O008796,In Transit,2024-12-13 06:58:34
S019924,O007745,Pickup,2024-06-09 11:25:21
S019925,O000459,Pickup,2024-10-17 18:56:39
S019926,O011490,Out for Delivery,2024-08-03 10:12:49
S019927,O009926,Pickup,2025-09-23 01:47:51
S019928,O018867,Delivered,2025-01-03 12:43:25
S019929,O016396,Pickup,2024-12-06 15:24:52
S019930,O005870,Delivered,2025-12-30 02:22:44
S019931,O016895,In Transit,2025-08-29 05:08:10
S019932,O014203,In Transit,2025-01-04 11:19:45
S019933,O014841,Delivered,2024-01-15 12:18:22
S019934,O018728,In Transit,2024-06-15 03:50:49
S019935,O004566,In Transit,2024-11-15 16:43:00
S019936,O005323,Pickup,2025-11-01 06:04:34
S019937,O011743,Out for Delivery,2025-01-10 15:49:24
S019938,O004756,In Transit,2024-04-28 23:03:16
S019939,O009199,Out for Delivery,2024-06-07 14:43:44
S019940,O015047,Delivered,2024-10-10 14:26:56
S019941,O000611,Delivered,2025-02-20 20:18:39
S019942,O017369,Out for Delivery,2024-12-14 04:49:32
S019943,O000079,In Transit,2025-10-09 01:35:43
S019944,O011000,In Transit,2025-08-10 03:28:02
S019945,O017884,Pickup,2024-08-16 05:42:47
S019946,O017673,Delivered,2025-09-03 04:32:13
S019947,O007622,Delivered,2024-08-20 07:51:33
S019948,O019321,Delivered,2024-01-05 09:50:14
S019949,O004320,Out for Delivery,2024-03-27 19:41:10
S019950,O002646,In Transit,2024-10-18 03:00:40
S019951,O011860,Delivered,2025-04-06 16:50:10
S019952,O012517,Pickup,2024-06-06 09:44:12
S019953,O001265,Pickup,2025-05-27 11:40:05
S019954,O000684,In Transit,2025-11-15 06:53:17
S019955,O000480,Out for Delivery,2024-05-05 22:41:11
S019956,O007132,Delivered,2024-08-14 21:36:57
S019957,O017003,In Transit,2024-12-10 05:55:05
S019958,O019250,Delivered,2025-06-27 21:12:15
S019959,O006711,Out for Delivery,2025-05-25 19:41:30
S019960,O008204,In Transit,2024-02-28 00:30:38
S019961,O002779,Pickup,2025-02-06 11:00:37
S019962,O007410,Out for Delivery,2025-01-12 23:35:34
S019963,O001729,In Transit,2025-07-25 13:50:16
S019964,O011205,Out for Delivery,2025-06-11 19:10:36
S019965,O012743,Out for Delivery,2024-07-27 03:42:54
S019966,O009082,Delivered,2025-02-14 04:07:35
S019967,O013440,Pickup,2024-06-06 00:40:19
S019968,O010838,In Transit,2024-03-18 08:55:12
S019969,O008051,In Transit,2025-08-19 01:47:25
S019970,O008922,Delivered,2024-11-12 14:43:24
S019971,O018270,In Transit,2025-09-29 23:43:34
S019972,O003822,Pickup,2025-01-18 13:50:36
S019973,O005305,Delivered,2025-06-06 16:06:55
S019974,O007631,In Transit,2024-07-07 18:17:53
S019975,O016371,In Transit,2025-11-10 15:12:15
S019976,O007684,Pickup,2025-04-13 12:55:07
S019977,O013012,In Transit,2024-05-17 14:56:41
S019978,O015035,Delivered,2025-09-19 17:34:14
S019979,O010865,Out for Delivery,2025-03-04 12:57:53
S019980,O011500,Out for Delivery,2025-01-16 04:18:45
S019981,O007043,Out for Delivery,2025-06-02 14:49:53
S019982,O004736,Delivered,2024-01-06 16:36:12
S019983,O015234,Delivered,2025-09-08 00:13:24
S019984,O018919,Pickup,2024-10-27 11:24:23
S019985,O011829,Pickup,2024-04-22 12:02:57
S019986,O016632,Delivered,2025-07-22 13:17:35
S019987,O007810,In Transit,2024-03-06 18:03:31
S019988,O005010,In Transit,2024-08-10 13:01:01
S019989,O004330,In Transit,2024-09-01 17:10:41
S019990,O004792,Out for Delivery,2024-06-29 12:21:19
S019991,O006124,Pickup,2025-01-02 11:55:59
S019992,O014519,Delivered,2025-05-10 12:21:31
S019993,O012998,Out for Delivery,2024-10-21 19:16:43
S019994,O003561,Delivered,2024-08-04 02:52:19
S019995,O019725,Out for Delivery,2024-01-09 03:36:31
S019996,O012393,Delivered,2025-10-01 17:05:02
S019997,O006281,Pickup,2025-09-13 21:50:43
S019998,O011725,Delivered,2025-06-17 23:57:35
S019999,O009667,In Transit,2024-04-11 21:07:11
S020000,O013679,Pickup,2025-10-23 06:28:13
