maintenance_id,vehicle_id,maintenance_date,maintenance_type,cost,status
M000001,V0004,2024-02-04,General Service,40107.65,Completed
M000002,V0023,2025-09-27,Brake Service,48643.23,Completed
M000003,V0043,2025-06-29,Tyre Replacement,33282.31,Completed
M000004,V0007,2024-05-17,Engine Service,49527.54,Completed
M000005,V0011,2025-07-13,General Service,29150.42,Pending
M000006,V0047,2025-04-07,General Service,28580.23,Completed
M000007,V0075,2025-05-15,Brake Service,46017.43,Completed
M000008,V0014,2024-06-30,Oil Change,25536.67,Completed
M000009,V0068,2025-07-25,Brake Service,49214.59,Completed
M000010,V0034,2025-06-08,Oil Change,14869.41,Completed
M000011,V0014,2024-12-12,Tyre Replacement,40450.45,Pending
M000012,V0082,2024-07-29,Battery Replacement,31802.95,Completed
M000013,V0073,2024-05-18,General Service,48233.86,Completed
M000014,V0069,2024-08-26,Battery Replacement,42606.64,Completed
M000015,V0094,2024-12-09,Battery Replacement,9346.17,Completed
M000016,V0003,2024-04-05,General Service,23866.94,Completed
M000017,V0094,2025-12-06,Oil Change,46838.2,Pending
M000018,V0046,2024-06-04,Brake Service,43196.63,Pending
M000019,V0069,2025-03-11,Battery Replacement,2957.57,Completed
M000020,V0050,2024-01-12,Brake Service,34915.93,Completed
M000021,V0034,2024-05-12,Brake Service,13807.41,Completed
M000022,V0032,2024-05-29,Battery Replacement,39264.92,Completed
M000023,V0014,2025-01-03,Oil Change,2396.65,Completed
M000024,V0021,2024-07-23,General Service,25588.46,Completed
M000025,V0004,2025-03-15,Oil Change,7027.7,Pending
M000026,V0045,2025-02-13,Battery Replacement,43401.37,Completed
M000027,V0054,2024-12-23,General Service,38070.58,Completed
M000028,V0024,2025-02-15,Battery Replacement,30814.73,Completed
M000029,V0033,2024-03-27,Oil Change,20774.17,Pending
M000030,V0084,2025-11-19,Oil Change,17379.7,Completed
M000031,V0066,2025-11-27,Battery Replacement,3494.9,Completed
M000032,V0042,2025-09-09,Brake Service,18454.71,Completed
M000033,V0065,2025-11-21,Oil Change,40061.17,Completed
M000034,V0033,2024-09-09,Engine Service,33518.67,Completed
M000035,V0009,2024-03-10,Brake Service,29315.52,Completed
M000036,V0062,2025-07-05,Oil Change,17278.47,Completed
M000037,V0076,2024-11-18,General Service,41562.42,Completed
M000038,V0026,2025-03-22,Battery Replacement,42204.29,Pending
M000039,V0060,2024-07-05,Oil Change,32763.45,Pending
M000040,V0038,2025-02-13,Brake Service,35265.16,Completed
M000041,V0074,2025-02-22,Oil Change,26758.07,Completed
M000042,V0046,2025-06-02,Tyre Replacement,47146.66,Completed
M000043,V0024,2024-09-26,Brake Service,25488.76,Pending
M000044,V0010,2025-03-23,Oil Change,25043.71,Pending
M000045,V0055,2024-01-22,Tyre Replacement,9863.65,Pending
M000046,V0032,2024-04-09,Oil Change,28128.73,Completed
M000047,V0055,2025-10-16,Engine Service,14444.63,Completed
M000048,V0074,2025-09-01,General Service,1872.63,Completed
M000049,V0015,2025-09-22,General Service,11333.83,Pending
M000050,V0070,2025-01-25,General Service,37882.11,Completed
M000051,V0085,2025-10-07,General Service,46028.49,Completed
M000052,V0035,2025-12-03,Engine Service,48541.49,Completed
M000053,V0023,2025-11-25,Brake Service,15502.18,Completed
M000054,V0075,2024-03-10,Oil Change,11899.65,Completed
M000055,V0036,2024-07-22,Engine Service,12111.57,Completed
M000056,V0014,2024-08-11,Battery Replacement,28447.86,Completed
M000057,V0088,2024-12-17,Tyre Replacement,43768.73,Completed
M000058,V0022,2025-01-28,General Service,47357.18,Completed
M000059,V0023,2025-04-13,General Service,19967.04,Completed
M000060,V0010,2025-08-06,Engine Service,515.65,Completed
M000061,V0010,2024-11-14,Battery Replacement,10791.46,Completed
M000062,V0013,2024-12-31,Brake Service,49070.2,Completed
M000063,V0009,2025-11-08,Engine Service,21754.17,Pending
M000064,V0054,2024-08-19,Tyre Replacement,38119.32,Completed
M000065,V0054,2025-07-27,Brake Service,17709.39,Pending
M000066,V0085,2024-10-06,General Service,5603.44,Pending
M000067,V0008,2024-10-21,Engine Service,36061.55,Completed
M000068,V0004,2024-11-28,Brake Service,19096.67,Completed
M000069,V0072,2025-10-28,Tyre Replacement,16043.99,Pending
M000070,V0009,2024-08-06,Engine Service,13142.43,Completed
M000071,V0065,2024-06-22,Engine Service,30566.43,Pending
M000072,V0039,2024-05-10,Engine Service,26916.87,Completed
M000073,V0041,2025-08-09,Battery Replacement,44044.81,Pending
M000074,V0082,2024-05-11,Battery Replacement,28770.32,Pending
M000075,V0088,2025-02-03,General Service,46397.31,Completed
M000076,V0006,2025-06-03,Tyre Replacement,3265.05,Completed
M000077,V0093,2024-07-16,Tyre Replacement,13274.21,Completed
M000078,V0085,2025-04-14,General Service,35564.38,Completed
M000079,V0097,2025-07-22,Oil Change,15324.57,Pending
M000080,V0035,2024-01-23,Oil Change,49243.49,Pending
M000081,V0079,2025-10-15,Oil Change,13973.07,Pending
M000082,V0077,2024-05-13,Tyre Replacement,12389.52,Completed
M000083,V0003,2025-01-21,Brake Service,30142.04,Completed
M000084,V0015,2025-03-15,Brake Service,6928.63,Completed
M000085,V0067,2024-07-11,Brake Service,44431.33,Completed
M000086,V0002,2025-05-22,Brake Service,1421.86,Completed
M000087,V0017,2025-03-11,Engine Service,26514.17,Pending
M000088,V0010,2024-05-07,Engine Service,24733.87,Completed
M000089,V0078,2025-02-26,Brake Service,13931.73,Completed
M000090,V0070,2024-04-10,Brake Service,18306.3,Completed
M000091,V0025,2025-09-25,Brake Service,2967.24,Completed
M000092,V0034,2024-04-14,Oil Change,8205.65,Completed
M000093,V0074,2024-05-06,Tyre Replacement,42339.69,Pending
M000094,V0010,2025-05-16,Engine Service,47317.72,Completed
M000095,V0066,2024-02-29,Battery Replacement,24217.72,Completed
M000096,V0090,2024-09-07,General Service,24941.82,Completed
M000097,V0003,2024-05-07,General Service,17418.02,Pending
M000098,V0022,2025-01-09,Engine Service,24645.94,Completed
M000099,V0050,2025-09-02,Brake Service,33997.12,Pending
M000100,V0038,2025-11-13,General Service,21752.65,Pending
M000101,V0052,2024-05-07,Tyre Replacement,12296.82,Pending
M000102,V0099,2025-07-26,Battery Replacement,41646.59,Pending
M000103,V0044,2025-09-27,General Service,10252.81,Pending
M000104,V0090,2024-09-05,Battery Replacement,23621.22,Pending
M000105,V0071,2025-04-23,Tyre Replacement,15172.04,Completed
M000106,V0076,2025-07-18,General Service,16099.33,Completed
M000107,V0011,2025-08-12,Engine Service,37490.25,Completed
M000108,V0050,2024-06-06,Brake Service,40780.31,Completed
M000109,V0002,2024-11-27,Brake Service,36338.01,Completed
M000110,V0049,2025-07-27,Tyre Replacement,27160.66,Completed
M000111,V0017,2024-09-05,Engine Service,16818.93,Completed
M000112,V0027,2025-11-07,Battery Replacement,47243.14,Pending
M000113,V0036,2025-01-26,Oil Change,40890.31,Pending
M000114,V0078,2024-09-12,Engine Service,11279.3,Pending
M000115,V0043,2024-03-24,Engine Service,18942.44,Completed
M000116,V0064,2025-11-14,Oil Change,8010.7,Pending
M000117,V0011,2025-10-15,Tyre Replacement,2261.69,Pending
M000118,V0006,2025-12-22,Brake Service,23544.53,Completed
M000119,V0020,2024-03-15,Oil Change,24686.72,Completed
M000120,V0080,2024-05-25,Oil Change,34960.13,Pending
M000121,V0050,2024-06-10,Brake Service,6661.6,Completed
M000122,V0017,2024-04-29,Engine Service,47393.55,Completed
M000123,V0005,2024-10-08,General Service,22201.41,Completed
M000124,V0100,2025-06-10,Engine Service,44008.17,Pending
M000125,V0002,2024-03-01,General Service,9766.93,Pending
M000126,V0016,2024-06-17,General Service,35454.74,Completed
M000127,V0043,2025-07-26,Oil Change,48862.83,Completed
M000128,V0001,2024-02-27,Brake Service,18416.71,Completed
M000129,V0005,2025-08-12,General Service,32661.05,Pending
M000130,V0058,2024-07-15,Tyre Replacement,38751.51,Completed
M000131,V0008,2025-09-04,General Service,3106.82,Pending
M000132,V0079,2024-03-08,Engine Service,6165.38,Completed
M000133,V0018,2024-06-22,Brake Service,9225.85,Completed
M000134,V0031,2024-03-14,Battery Replacement,43937.37,Pending
M000135,V0065,2024-05-21,Battery Replacement,23480.51,Completed
M000136,V0007,2025-06-02,General Service,28998.23,Completed
M000137,V0040,2024-06-12,Brake Service,36743.53,Completed
M000138,V0087,2024-04-16,General Service,38738.02,Completed
M000139,V0093,2024-07-08,Engine Service,43580.68,Completed
M000140,V0052,2025-04-11,Oil Change,30543.57,Completed
M000141,V0034,2024-08-22,Tyre Replacement,37482.84,Completed
M000142,V0064,2025-03-29,Engine Service,2212.05,Pending
M000143,V0072,2025-07-20,Engine Service,11835.08,Completed
M000144,V0076,2024-10-17,Battery Replacement,43325.55,Completed
M000145,V0078,2025-09-03,General Service,15331.24,Completed
M000146,V0025,2025-07-28,Oil Change,37848.18,Completed
M000147,V0039,2024-11-19,General Service,33988.66,Pending
M000148,V0021,2024-01-19,General Service,28365.75,Pending
M000149,V0077,2025-07-26,Tyre Replacement,43776.45,Completed
M000150,V0043,2025-07-01,Brake Service,1943.53,Completed
M000151,V0078,2025-01-17,Oil Change,20774.8,Completed
M000152,V0027,2024-11-24,Tyre Replacement,7124.62,Completed
M000153,V0037,2025-01-09,Battery Replacement,39920.53,Completed
M000154,V0056,2024-02-17,Engine Service,27495.04,Completed
M000155,V0090,2025-12-23,General Service,21222.03,Completed
M000156,V0041,2024-07-06,Brake Service,38039.26,Pending
M000157,V0076,2025-05-02,Battery Replacement,40260.03,Completed
M000158,V0021,2024-05-02,Brake Service,44641.24,Completed
M000159,V0007,2024-10-14,Brake Service,12195.57,Pending
M000160,V0067,2025-02-28,Tyre Replacement,8805.71,Completed
M000161,V0090,2024-05-11,Tyre Replacement,11991.44,Completed
M000162,V0061,2024-02-27,Engine Service,23780.38,Completed
M000163,V0031,2025-05-05,Engine Service,35698.84,Completed
M000164,V0084,2025-01-26,General Service,45457.99,Completed
M000165,V0064,2024-01-04,Oil Change,16871.51,Completed
M000166,V0082,2025-11-10,Brake Service,9862.9,Completed
M000167,V0009,2024-07-29,Brake Service,16119.76,Pending
M000168,V0030,2024-02-19,Engine Service,13629.92,Pending
M000169,V0077,2025-12-24,Brake Service,12762.2,Completed
M000170,V0075,2025-11-05,Battery Replacement,47259.46,Completed
M000171,V0022,2025-10-31,Battery Replacement,14804.26,Completed
M000172,V0066,2025-04-06,Brake Service,35873.8,Completed
M000173,V0087,2025-05-31,Engine Service,42978.69,Completed
M000174,V0057,2025-04-14,General Service,36639.85,Completed
M000175,V0037,2025-07-20,Engine Service,4321.4,Completed
M000176,V0090,2024-01-03,Engine Service,723.86,Completed
M000177,V0006,2024-02-23,Battery Replacement,47158.38,Pending
M000178,V0060,2024-05-08,Tyre Replacement,21495.16,Completed
M000179,V0023,2024-09-16,Brake Service,24442.01,Completed
M000180,V0073,2025-07-12,Brake Service,37307.0,Completed
M000181,V0046,2025-11-25,Tyre Replacement,45716.35,Completed
M000182,V0050,2025-12-07,Engine Service,39064.63,Completed
M000183,V0016,2025-01-12,Oil Change,10533.01,Completed
M000184,V0079,2024-01-26,Tyre Replacement,4698.85,Completed
M000185,V0074,2024-03-25,Oil Change,13507.72,Completed
M000186,V0052,2025-05-17,General Service,38031.92,Pending
M000187,V0030,2025-07-24,Brake Service,32795.82,Pending
M000188,V0093,2024-01-10,Oil Change,30595.08,Completed
M000189,V0012,2025-12-03,Tyre Replacement,40598.56,Pending
M000190,V0019,2024-11-10,Engine Service,45404.63,Pending
M000191,V0029,2025-04-03,Battery Replacement,3721.95,Completed
M000192,V0059,2024-08-09,Engine Service,6685.09,Completed
M000193,V0039,2024-11-15,Brake Service,23964.38,Completed
M000194,V0087,2025-02-01,Tyre Replacement,22966.36,Completed
M000195,V0015,2025-09-06,Tyre Replacement,6132.54,Completed
M000196,V0092,2025-01-24,Engine Service,17205.73,Pending
M000197,V0042,2025-07-31,Brake Service,11028.48,Pending
M000198,V0049,2025-04-18,General Service,6115.08,Completed
M000199,V0098,2024-06-13,Battery Replacement,6689.94,Completed
M000200,V0005,2024-10-03,Tyre Replacement,18830.7,Pending
M000201,V0071,2024-12-20,Engine Service,34711.5,Pending
M000202,V0011,2024-04-04,Tyre Replacement,40687.15,Completed
M000203,V0071,2024-04-27,Brake Service,41220.43,Completed
M000204,V0018,2024-11-21,General Service,25813.19,Completed
M000205,V0037,2024-12-10,General Service,7317.48,Pending
M000206,V0087,2025-04-23,Oil Change,11310.65,Completed
M000207,V0076,2025-06-23,Tyre Replacement,40838.61,Completed
M000208,V0015,2025-02-14,General Service,48927.58,Pending
M000209,V0081,2024-04-09,Oil Change,3298.85,Pending
M000210,V0076,2024-05-25,Engine Service,36168.16,Pending
M000211,V0063,2024-05-18,Battery Replacement,24223.31,Pending
M000212,V0004,2024-08-21,Brake Service,1066.58,Completed
M000213,V0057,2025-06-14,Tyre Replacement,30298.68,Completed
M000214,V0041,2024-04-23,Battery Replacement,19498.09,Pending
M000215,V0085,2025-05-15,Engine Service,42529.98,Completed
M000216,V0057,2025-10-05,Battery Replacement,44104.8,Pending
M000217,V0054,2025-10-16,Brake Service,16599.26,Pending
M000218,V0016,2024-09-02,Brake Service,44208.82,Completed
M000219,V0020,2024-09-24,Tyre Replacement,41033.53,Pending
M000220,V0011,2025-07-21,Battery Replacement,11212.47,Pending
M000221,V0008,2024-12-08,General Service,22340.44,Completed
M000222,V0022,2024-11-28,Battery Replacement,13370.97,Completed
M000223,V0048,2025-02-27,Tyre Replacement,41452.42,Completed
M000224,V0092,2024-05-06,General Service,15784.91,Completed
M000225,V0036,2024-01-02,Tyre Replacement,12067.89,Completed
M000226,V0003,2024-01-26,Oil Change,24308.93,Completed
M000227,V0097,2025-02-22,Tyre Replacement,39206.28,Pending
M000228,V0019,2024-11-03,General Service,6400.74,Pending
M000229,V0023,2024-03-01,Brake Service,5081.16,Pending
M000230,V0084,2025-11-26,Brake Service,10778.59,Completed
M000231,V0001,2025-10-13,Brake Service,13206.81,Completed
M000232,V0019,2024-12-21,Engine Service,43547.03,Completed
M000233,V0011,2024-03-23,Tyre Replacement,33967.76,Completed
M000234,V0074,2025-12-03,Battery Replacement,8462.54,Completed
M000235,V0081,2024-11-24,Tyre Replacement,3528.8,Completed
M000236,V0008,2024-05-10,Battery Replacement,18178.92,Pending
M000237,V0021,2024-03-20,Tyre Replacement,40473.06,Pending
M000238,V0009,2024-12-27,General Service,8377.1,Completed
M000239,V0014,2025-09-27,Battery Replacement,16395.07,Completed
M000240,V0066,2024-11-28,Engine Service,25124.41,Pending
M000241,V0028,2025-11-13,Battery Replacement,15654.22,Pending
M000242,V0027,2025-10-12,Battery Replacement,26921.63,Completed
M000243,V0007,2025-09-24,Oil Change,7325.2,Completed
M000244,V0094,2024-08-01,Oil Change,32690.84,Completed
M000245,V0062,2024-05-24,Oil Change,13751.25,Pending
M000246,V0033,2024-08-13,Tyre Replacement,40964.56,Completed
M000247,V0028,2025-01-01,Battery Replacement,20462.75,Completed
M000248,V0007,2024-08-08,Oil Change,17726.21,Completed
M000249,V0076,2024-08-13,Brake Service,29715.42,Completed
M000250,V0099,2025-11-11,General Service,34040.32,Completed
M000251,V0046,2025-04-29,General Service,13317.7,Pending
M000252,V0059,2025-12-24,Brake Service,3859.11,Completed
M000253,V0067,2025-07-13,Battery Replacement,48585.54,Completed
M000254,V0042,2024-03-03,Oil Change,9359.11,Completed
M000255,V0060,2024-08-19,Battery Replacement,16151.95,Completed
M000256,V0055,2024-07-22,Tyre Replacement,694.84,Pending
M000257,V0017,2025-01-26,Engine Service,38696.95,Completed
M000258,V0039,2024-01-02,Brake Service,32843.36,Completed
M000259,V0068,2024-03-25,Battery Replacement,26524.53,Completed
M000260,V0079,2024-09-01,Brake Service,25192.52,Completed
M000261,V0080,2024-09-23,Tyre Replacement,9546.73,Pending
M000262,V0088,2025-07-23,General Service,22331.5,Completed
M000263,V0047,2025-11-15,Tyre Replacement,33045.79,Pending
M000264,V0100,2024-02-09,Engine Service,49960.39,Pending
M000265,V0086,2024-11-03,Oil Change,37716.63,Pending
M000266,V0062,2025-12-05,Engine Service,27505.7,Completed
M000267,V0097,2025-01-12,Oil Change,38521.9,Completed
M000268,V0029,2024-03-05,General Service,37980.59,Completed
M000269,V0059,2024-03-27,Tyre Replacement,17577.35,Completed
M000270,V0024,2024-05-08,Battery Replacement,27603.34,Completed
M000271,V0001,2025-10-31,Oil Change,40921.97,Completed
M000272,V0005,2025-06-03,Brake Service,43387.74,Completed
M000273,V0041,2024-12-28,Oil Change,1589.54,Completed
M000274,V0054,2024-02-21,Brake Service,22147.07,Completed
M000275,V0039,2024-06-17,Brake Service,40392.22,Completed
M000276,V0053,2025-07-27,Engine Service,43831.19,Completed
M000277,V0023,2025-11-28,Battery Replacement,28619.61,Completed
M000278,V0037,2025-06-06,Tyre Replacement,2603.83,Pending
M000279,V0005,2024-12-19,General Service,34481.15,Completed
M000280,V0045,2024-09-21,Brake Service,39358.16,Pending
M000281,V0038,2025-01-13,Tyre Replacement,34141.48,Pending
M000282,V0083,2025-09-20,Brake Service,6177.34,Completed
M000283,V0076,2024-05-02,Engine Service,805.22,Pending
M000284,V0009,2025-05-22,Battery Replacement,10595.11,Pending
M000285,V0096,2025-07-15,Battery Replacement,27666.27,Completed
M000286,V0020,2025-09-06,Engine Service,2318.74,Completed
M000287,V0073,2025-02-07,General Service,37487.31,Completed
M000288,V0088,2025-08-16,Battery Replacement,47000.78,Pending
M000289,V0010,2025-10-31,Tyre Replacement,37935.25,Completed
M000290,V0004,2025-03-21,General Service,24347.77,Completed
M000291,V0055,2025-02-04,Brake Service,39190.81,Completed
M000292,V0054,2024-06-11,Brake Service,30381.35,Completed
M000293,V0054,2025-12-19,Brake Service,23270.8,Completed
M000294,V0046,2025-10-19,General Service,42654.99,Completed
M000295,V0042,2024-05-26,Battery Replacement,48239.15,Completed
M000296,V0062,2025-04-25,General Service,1654.38,Pending
M000297,V0090,2024-01-10,Tyre Replacement,43990.17,Completed
M000298,V0061,2024-09-05,Oil Change,20256.52,Completed
M000299,V0034,2024-12-04,Battery Replacement,28381.92,Pending
M000300,V0029,2024-10-30,Battery Replacement,3785.41,Completed
M000301,V0020,2024-01-18,Oil Change,16262.45,Completed
M000302,V0085,2024-06-28,Tyre Replacement,48761.18,Completed
M000303,V0038,2025-07-20,Brake Service,37351.65,Completed
M000304,V0093,2025-12-09,Oil Change,2757.59,Completed
M000305,V0094,2025-05-25,Brake Service,25083.86,Pending
M000306,V0076,2024-01-21,Brake Service,43989.52,Completed
M000307,V0058,2025-12-29,Engine Service,10466.02,Completed
M000308,V0033,2025-06-21,Engine Service,46368.5,Completed
M000309,V0009,2024-03-20,Engine Service,29358.63,Completed
M000310,V0099,2024-09-26,Battery Replacement,34739.31,Completed
M000311,V0019,2024-11-18,Oil Change,39084.03,Completed
M000312,V0089,2024-09-29,Tyre Replacement,6271.9,Completed
M000313,V0065,2025-03-18,Tyre Replacement,37028.98,Completed
M000314,V0091,2025-03-08,General Service,5642.45,Pending
M000315,V0030,2024-05-31,Brake Service,10115.55,Completed
M000316,V0016,2024-10-24,Battery Replacement,43307.37,Pending
M000317,V0014,2025-03-06,Oil Change,40192.22,Pending
M000318,V0008,2025-05-12,Engine Service,4046.35,Completed
M000319,V0010,2025-08-13,Battery Replacement,7251.8,Completed
M000320,V0002,2024-10-22,General Service,39753.69,Pending
M000321,V0044,2025-08-22,Oil Change,1781.41,Completed
M000322,V0086,2025-02-11,Brake Service,13074.23,Completed
M000323,V0075,2024-05-24,Battery Replacement,36267.14,Completed
M000324,V0050,2025-04-11,Battery Replacement,29531.8,Completed
M000325,V0030,2024-06-02,Brake Service,7273.69,Completed
M000326,V0044,2024-03-20,Oil Change,35899.36,Completed
M000327,V0024,2024-04-09,Battery Replacement,28027.21,Pending
M000328,V0031,2024-06-24,General Service,38179.92,Completed
M000329,V0063,2025-07-31,Tyre Replacement,46657.97,Completed
M000330,V0032,2024-10-16,Oil Change,22817.44,Pending
M000331,V0066,2025-03-24,Tyre Replacement,2321.15,Completed
M000332,V0001,2024-06-11,Battery Replacement,44236.0,Completed
M000333,V0054,2025-08-07,Engine Service,48116.29,Completed
M000334,V0040,2025-09-14,Brake Service,16166.15,Pending
M000335,V0085,2025-03-17,General Service,26371.27,Completed
M000336,V0030,2025-04-03,Engine Service,40369.73,Completed
M000337,V0001,2025-01-22,General Service,1416.01,Completed
M000338,V0007,2025-06-09,Tyre Replacement,2256.43,Completed
M000339,V0063,2025-05-25,Oil Change,5877.8,Pending
M000340,V0045,2025-02-04,Brake Service,29120.82,Pending
M000341,V0010,2024-04-21,Tyre Replacement,30917.4,Completed
M000342,V0040,2024-07-15,Brake Service,38036.83,Completed
M000343,V0088,2025-05-23,Tyre Replacement,37157.22,Completed
M000344,V0027,2024-04-17,Brake Service,43117.95,Completed
M000345,V0006,2024-12-11,Brake Service,46259.21,Completed
M000346,V0043,2025-04-06,Oil Change,29408.86,Completed
M000347,V0010,2024-05-08,Battery Replacement,8083.14,Completed
M000348,V0001,2025-01-27,General Service,10473.19,Pending
M000349,V0050,2025-08-31,Battery Replacement,1673.77,Completed
M000350,V0084,2024-07-13,Tyre Replacement,22121.76,Completed
M000351,V0016,2024-05-16,Tyre Replacement,10563.3,Pending
M000352,V0033,2024-10-12,Oil Change,15442.39,Pending
M000353,V0055,2024-01-02,Oil Change,2632.54,Pending
M000354,V0093,2025-12-14,General Service,20056.71,Completed
M000355,V0065,2025-06-13,Engine Service,13050.31,Completed
M000356,V0086,2024-12-20,Engine Service,825.08,Completed
M000357,V0057,2025-02-01,Tyre Replacement,7713.96,Completed
M000358,V0005,2024-05-08,Tyre Replacement,959.72,Completed
M000359,V0066,2025-12-27,General Service,21383.41,Completed
M000360,V0003,2025-12-04,General Service,38105.52,Completed
M000361,V0016,2024-11-04,Brake Service,35935.65,Pending
M000362,V0081,2024-06-01,General Service,23912.96,Completed
M000363,V0076,2025-06-17,General Service,41699.91,Pending
M000364,V0002,2025-10-27,Brake Service,36330.64,Completed
M000365,V0035,2024-03-05,Oil Change,34105.54,Completed
M000366,V0066,2024-09-15,Brake Service,30406.25,Pending
M000367,V0088,2024-12-26,Engine Service,47636.32,Completed
M000368,V0099,2025-05-15,Oil Change,17364.56,Completed
M000369,V0071,2024-12-10,Battery Replacement,25473.75,Completed
M000370,V0095,2024-05-13,General Service,17670.29,Pending
M000371,V0011,2025-10-12,Battery Replacement,8104.5,Completed
M000372,V0069,2024-03-01,Battery Replacement,38360.08,Completed
M000373,V0067,2024-01-27,Engine Service,16327.01,Completed
M000374,V0038,2024-04-08,Tyre Replacement,47214.58,Completed
M000375,V0032,2024-06-20,Brake Service,2735.84,Completed
M000376,V0094,2025-09-17,Battery Replacement,24183.97,Completed
M000377,V0013,2024-10-26,Engine Service,2571.36,Completed
M000378,V0096,2025-03-15,General Service,23976.24,Completed
M000379,V0029,2024-08-16,Tyre Replacement,36883.95,Completed
M000380,V0054,2024-05-17,Battery Replacement,48075.21,Pending
M000381,V0003,2025-08-05,General Service,19034.58,Completed
M000382,V0042,2025-08-09,Brake Service,26000.56,Pending
M000383,V0086,2024-08-21,Tyre Replacement,3485.06,Completed
M000384,V0058,2025-08-23,Tyre Replacement,45442.16,Completed
M000385,V0076,2024-11-08,Tyre Replacement,22991.79,Pending
M000386,V0007,2024-05-12,Engine Service,49740.19,Completed
M000387,V0005,2024-02-26,General Service,39725.56,Pending
M000388,V0002,2024-03-22,General Service,9549.79,Pending
M000389,V0066,2024-09-02,Engine Service,9715.94,Completed
M000390,V0049,2024-07-17,Battery Replacement,13982.88,Pending
M000391,V0070,2024-10-31,Tyre Replacement,30117.51,Completed
M000392,V0076,2024-12-25,Brake Service,30151.42,Completed
M000393,V0018,2024-02-05,Battery Replacement,12654.21,Completed
M000394,V0009,2025-12-05,General Service,46487.73,Pending
M000395,V0031,2024-11-21,General Service,19187.71,Pending
M000396,V0090,2025-06-24,Engine Service,10554.85,Completed
M000397,V0010,2025-12-11,Battery Replacement,40506.71,Pending
M000398,V0066,2024-03-26,Oil Change,15320.02,Pending
M000399,V0035,2024-05-29,Tyre Replacement,10665.66,Pending
M000400,V0077,2024-08-03,Battery Replacement,25000.85,Completed
M000401,V0088,2025-07-04,Brake Service,47154.87,Completed
M000402,V0052,2025-03-19,Engine Service,34849.08,Completed
M000403,V0017,2024-09-01,General Service,40243.66,Pending
M000404,V0097,2025-11-26,Tyre Replacement,7856.74,Completed
M000405,V0089,2024-04-30,Brake Service,29105.2,Pending
M000406,V0060,2025-11-12,Battery Replacement,26572.76,Completed
M000407,V0026,2024-04-08,Tyre Replacement,47094.55,Completed
M000408,V0046,2024-05-12,Battery Replacement,18346.65,Completed
M000409,V0079,2024-11-10,Engine Service,48301.04,Completed
M000410,V0096,2025-01-28,Tyre Replacement,602.53,Completed
M000411,V0037,2025-01-17,Battery Replacement,21558.26,Completed
M000412,V0005,2025-11-30,Brake Service,33545.86,Pending
M000413,V0024,2024-12-18,Brake Service,3789.7,Pending
M000414,V0096,2024-07-05,General Service,19382.45,Completed
M000415,V0039,2025-10-24,Oil Change,33919.75,Completed
M000416,V0024,2024-12-07,Battery Replacement,8162.88,Pending
M000417,V0088,2025-08-20,Brake Service,31715.32,Completed
M000418,V0012,2025-07-28,Battery Replacement,23464.58,Completed
M000419,V0047,2024-04-28,General Service,19942.36,Pending
M000420,V0082,2024-03-10,Battery Replacement,5520.72,Completed
M000421,V0075,2025-04-12,Tyre Replacement,27259.04,Pending
M000422,V0060,2024-12-19,Brake Service,31378.15,Completed
M000423,V0015,2025-09-07,Oil Change,42009.85,Pending
M000424,V0074,2025-06-02,Engine Service,47440.22,Completed
M000425,V0057,2024-03-03,Engine Service,35088.28,Pending
M000426,V0044,2025-12-29,Tyre Replacement,2079.97,Pending
M000427,V0096,2024-04-23,General Service,45055.81,Completed
M000428,V0003,2024-08-16,Brake Service,36784.83,Completed
M000429,V0052,2025-01-14,Engine Service,19452.31,Completed
M000430,V0010,2025-04-13,General Service,32287.52,Completed
M000431,V0025,2024-10-31,Battery Replacement,9497.6,Completed
M000432,V0062,2025-11-24,Tyre Replacement,13205.29,Completed
M000433,V0017,2024-05-01,Brake Service,16727.75,Completed
M000434,V0028,2024-12-14,Battery Replacement,23462.21,Completed
M000435,V0044,2024-10-11,Battery Replacement,47608.33,Completed
M000436,V0016,2025-12-18,Battery Replacement,34590.29,Pending
M000437,V0091,2025-04-21,Engine Service,3037.17,Completed
M000438,V0078,2024-08-26,Oil Change,12051.87,Completed
M000439,V0060,2024-05-08,Battery Replacement,15331.35,Completed
M000440,V0091,2025-11-21,Battery Replacement,1303.1,Pending
M000441,V0046,2025-09-23,Engine Service,27427.67,Completed
M000442,V0014,2025-04-17,Oil Change,40395.07,Pending
M000443,V0050,2025-07-23,Engine Service,45357.23,Pending
M000444,V0056,2025-07-11,General Service,48188.41,Pending
M000445,V0060,2025-09-01,Engine Service,46446.07,Completed
M000446,V0081,2024-03-01,Engine Service,11204.43,Completed
M000447,V0069,2025-08-06,Engine Service,7375.97,Completed
M000448,V0060,2024-08-25,Oil Change,8698.31,Pending
M000449,V0041,2024-09-25,General Service,35676.33,Completed
M000450,V0053,2025-03-28,Engine Service,43607.72,Pending
M000451,V0068,2025-02-04,Battery Replacement,46133.7,Pending
M000452,V0003,2025-06-25,Oil Change,20116.61,Completed
M000453,V0059,2025-05-29,Tyre Replacement,42268.4,Pending
M000454,V0090,2025-10-27,Oil Change,10393.01,Completed
M000455,V0082,2024-02-09,General Service,9248.11,Completed
M000456,V0100,2025-09-14,Tyre Replacement,18843.47,Pending
M000457,V0012,2024-09-04,General Service,7952.92,Pending
M000458,V0097,2024-12-11,General Service,36502.31,Completed
M000459,V0076,2024-03-30,Tyre Replacement,37154.18,Pending
M000460,V0019,2024-12-05,Tyre Replacement,13280.58,Completed
M000461,V0090,2025-11-01,General Service,4635.43,Completed
M000462,V0078,2024-04-09,Brake Service,3322.21,Pending
M000463,V0003,2024-12-20,Oil Change,19330.43,Completed
M000464,V0080,2024-01-03,Oil Change,38847.58,Completed
M000465,V0095,2025-09-24,Brake Service,16788.32,Completed
M000466,V0018,2025-05-05,Battery Replacement,47212.69,Pending
M000467,V0033,2025-06-02,Engine Service,40159.6,Pending
M000468,V0096,2024-08-20,Tyre Replacement,2062.0,Pending
M000469,V0027,2025-09-08,Brake Service,19287.97,Completed
M000470,V0002,2024-08-15,Brake Service,49791.35,Completed
M000471,V0047,2024-09-22,Battery Replacement,7625.01,Completed
M000472,V0090,2024-07-10,Oil Change,21556.12,Completed
M000473,V0013,2025-10-13,Tyre Replacement,18263.36,Pending
M000474,V0013,2025-04-23,Brake Service,47848.1,Completed
M000475,V0094,2025-01-11,Brake Service,29484.01,Completed
M000476,V0065,2024-10-24,Tyre Replacement,711.65,Pending
M000477,V0029,2024-01-08,Battery Replacement,3481.53,Completed
M000478,V0099,2025-03-05,Tyre Replacement,2386.08,Completed
M000479,V0005,2024-10-14,Tyre Replacement,7701.26,Pending
M000480,V0025,2024-02-13,Engine Service,18246.27,Completed
M000481,V0052,2025-09-19,Tyre Replacement,15007.24,Completed
M000482,V0016,2024-11-07,Tyre Replacement,48628.96,Completed
M000483,V0085,2025-10-22,General Service,13663.73,Completed
M000484,V0090,2025-01-03,Brake Service,36054.47,Pending
M000485,V0086,2024-11-07,Tyre Replacement,13762.39,Completed
M000486,V0070,2025-04-15,General Service,40062.09,Completed
M000487,V0076,2024-05-14,General Service,5053.4,Completed
M000488,V0034,2024-03-24,Engine Service,43524.82,Pending
M000489,V0064,2025-03-11,Battery Replacement,14698.38,Completed
M000490,V0011,2024-09-18,Battery Replacement,12682.24,Completed
M000491,V0052,2025-10-30,Engine Service,47886.05,Pending
M000492,V0072,2025-08-04,Battery Replacement,1055.54,Completed
M000493,V0029,2025-05-16,Battery Replacement,34392.44,Completed
M000494,V0025,2024-03-20,Oil Change,13849.86,Completed
M000495,V0018,2025-11-11,Brake Service,5603.09,Completed
M000496,V0007,2025-07-29,Tyre Replacement,18598.55,Pending
M000497,V0082,2024-07-10,Battery Replacement,28312.81,Completed
M000498,V0090,2024-07-10,Engine Service,16926.84,Pending
M000499,V0060,2025-04-13,Battery Replacement,41866.79,Completed
M000500,V0007,2025-02-18,Brake Service,10354.05,Completed
M000501,V0075,2025-10-03,Oil Change,34663.7,Completed
M000502,V0029,2024-07-30,Oil Change,40373.05,Pending
M000503,V0068,2025-06-30,Battery Replacement,44761.54,Pending
M000504,V0087,2025-04-10,Engine Service,11247.5,Pending
M000505,V0006,2025-02-14,Engine Service,40714.43,Pending
M000506,V0007,2024-09-10,Engine Service,21918.66,Completed
M000507,V0092,2024-12-28,Engine Service,37944.4,Completed
M000508,V0013,2025-07-15,General Service,6246.79,Pending
M000509,V0023,2025-03-10,Battery Replacement,41974.21,Completed
M000510,V0080,2024-06-01,Tyre Replacement,31268.25,Pending
M000511,V0058,2024-05-23,Tyre Replacement,39033.24,Pending
M000512,V0056,2024-03-04,Oil Change,28353.62,Pending
M000513,V0010,2025-09-19,Oil Change,38827.19,Pending
M000514,V0005,2024-03-14,Battery Replacement,9901.67,Pending
M000515,V0050,2024-07-11,General Service,30897.44,Completed
M000516,V0091,2025-07-18,Engine Service,26270.43,Pending
M000517,V0081,2024-02-04,Tyre Replacement,10071.36,Completed
M000518,V0074,2025-01-01,Engine Service,37540.66,Completed
M000519,V0050,2025-05-15,Engine Service,14389.78,Completed
M000520,V0043,2025-02-04,Tyre Replacement,32498.35,Pending
M000521,V0036,2025-09-30,Battery Replacement,29290.57,Completed
M000522,V0054,2025-12-13,Tyre Replacement,35891.82,Pending
M000523,V0004,2025-01-25,Brake Service,25169.47,Completed
M000524,V0019,2024-08-16,Tyre Replacement,43747.08,Completed
M000525,V0040,2025-01-09,Tyre Replacement,25903.27,Completed
M000526,V0077,2025-11-20,Oil Change,9538.06,Completed
M000527,V0020,2025-11-18,Oil Change,25832.4,Completed
M000528,V0010,2025-06-02,Tyre Replacement,38779.75,Completed
M000529,V0051,2025-08-26,Engine Service,1213.6,Pending
M000530,V0070,2025-04-24,Battery Replacement,42321.83,Completed
M000531,V0039,2024-01-31,Engine Service,40405.03,Completed
M000532,V0032,2025-03-09,Engine Service,30638.87,Completed
M000533,V0093,2024-05-30,Oil Change,5686.64,Pending
M000534,V0049,2024-10-05,Oil Change,4058.5,Completed
M000535,V0011,2025-12-10,Brake Service,35227.61,Completed
M000536,V0028,2024-05-12,Brake Service,44531.42,Pending
M000537,V0100,2025-12-09,Engine Service,44441.26,Completed
M000538,V0091,2025-10-03,Tyre Replacement,46148.2,Pending
M000539,V0051,2025-04-01,Engine Service,32256.15,Completed
M000540,V0048,2025-10-25,Oil Change,31307.03,Completed
M000541,V0073,2025-05-21,Oil Change,1625.45,Completed
M000542,V0042,2025-08-03,General Service,23842.06,Completed
M000543,V0013,2024-01-01,Tyre Replacement,45472.94,Completed
M000544,V0068,2025-03-26,Brake Service,40719.16,Completed
M000545,V0073,2025-02-07,Battery Replacement,9225.55,Completed
M000546,V0030,2025-04-17,Brake Service,3325.3,Pending
M000547,V0017,2024-09-27,Brake Service,9456.4,Completed
M000548,V0090,2024-08-29,General Service,39732.73,Completed
M000549,V0068,2025-11-14,General Service,12874.71,Pending
M000550,V0067,2024-04-22,Tyre Replacement,33683.57,Completed
M000551,V0006,2025-09-01,Oil Change,42812.92,Completed
M000552,V0068,2024-01-18,Engine Service,22748.84,Pending
M000553,V0068,2025-07-03,Brake Service,8928.94,Completed
M000554,V0021,2024-01-25,Tyre Replacement,19472.53,Completed
M000555,V0036,2024-07-07,Oil Change,25159.16,Pending
M000556,V0100,2025-05-24,Engine Service,46546.2,Completed
M000557,V0001,2024-03-28,Battery Replacement,37674.03,Completed
M000558,V0005,2024-12-12,Brake Service,35720.68,Pending
M000559,V0012,2025-06-22,Battery Replacement,27925.47,Pending
M000560,V0068,2025-04-29,General Service,12224.48,Pending
M000561,V0057,2025-05-26,Battery Replacement,42233.8,Completed
M000562,V0054,2025-09-11,Tyre Replacement,41951.56,Completed
M000563,V0009,2024-10-30,Battery Replacement,36158.76,Completed
M000564,V0016,2025-08-13,Oil Change,1805.74,Completed
M000565,V0027,2025-04-12,Tyre Replacement,2040.94,Completed
M000566,V0006,2025-11-14,Engine Service,18645.29,Completed
M000567,V0083,2024-09-10,General Service,4949.54,Pending
M000568,V0082,2025-11-28,General Service,31305.43,Completed
M000569,V0050,2024-05-09,Tyre Replacement,49866.86,Pending
M000570,V0075,2025-09-11,Engine Service,24031.63,Completed
M000571,V0097,2024-09-15,Battery Replacement,31745.05,Completed
M000572,V0035,2024-01-15,Battery Replacement,32299.31,Completed
M000573,V0075,2025-04-27,Brake Service,2153.52,Completed
M000574,V0038,2025-04-21,Engine Service,26596.31,Pending
M000575,V0051,2025-07-21,Tyre Replacement,46014.25,Completed
M000576,V0088,2025-02-14,General Service,39280.48,Pending
M000577,V0051,2024-11-10,General Service,36453.76,Pending
M000578,V0028,2025-02-08,Engine Service,41588.52,Completed
M000579,V0077,2025-03-14,Brake Service,28440.5,Pending
M000580,V0092,2025-07-11,Battery Replacement,14964.22,Pending
M000581,V0050,2024-02-22,Tyre Replacement,11232.91,Completed
M000582,V0068,2025-03-01,Oil Change,40507.8,Completed
M000583,V0085,2025-05-17,General Service,2283.47,Pending
M000584,V0085,2024-09-08,General Service,32978.66,Completed
M000585,V0090,2024-05-10,Brake Service,31214.98,Pending
M000586,V0071,2025-12-29,Engine Service,34667.96,Pending
M000587,V0043,2025-05-02,Tyre Replacement,48427.98,Pending
M000588,V0064,2025-04-27,Oil Change,22666.37,Pending
M000589,V0086,2025-08-14,Brake Service,46702.61,Completed
M000590,V0098,2024-04-27,Oil Change,26466.33,Completed
M000591,V0056,2024-11-16,Battery Replacement,36758.05,Completed
M000592,V0041,2025-05-11,Battery Replacement,29617.46,Completed
M000593,V0054,2024-08-21,Engine Service,17517.64,Completed
M000594,V0035,2025-11-20,General Service,32954.71,Completed
M000595,V0085,2025-10-24,Oil Change,17512.25,Completed
M000596,V0014,2025-02-23,Engine Service,17802.71,Completed
M000597,V0085,2024-04-06,Oil Change,13307.93,Completed
M000598,V0078,2025-01-27,Tyre Replacement,25248.32,Completed
M000599,V0019,2025-12-19,Tyre Replacement,30936.93,Pending
M000600,V0033,2024-08-08,Brake Service,12023.99,Completed
M000601,V0077,2025-11-14,Engine Service,22478.12,Completed
M000602,V0088,2024-05-25,Brake Service,25393.4,Completed
M000603,V0003,2024-01-22,Oil Change,28961.77,Completed
M000604,V0006,2025-07-03,General Service,25764.4,Pending
M000605,V0082,2025-12-07,Tyre Replacement,18056.1,Completed
M000606,V0026,2024-12-09,Oil Change,44714.02,Pending
M000607,V0087,2025-10-07,Oil Change,7067.2,Completed
M000608,V0023,2025-10-08,General Service,38984.53,Completed
M000609,V0084,2025-03-18,Oil Change,41691.31,Completed
M000610,V0041,2024-06-10,Brake Service,9404.7,Pending
M000611,V0045,2024-02-23,Oil Change,29181.49,Pending
M000612,V0011,2025-05-08,Engine Service,19211.49,Pending
M000613,V0067,2025-02-11,Oil Change,45244.6,Completed
M000614,V0004,2024-12-30,Brake Service,39391.26,Pending
M000615,V0037,2025-12-06,General Service,43785.43,Pending
M000616,V0089,2025-06-29,Engine Service,32682.04,Pending
M000617,V0015,2024-01-05,Tyre Replacement,41768.4,Completed
M000618,V0007,2025-10-11,General Service,34459.5,Completed
M000619,V0055,2025-01-06,General Service,24332.78,Completed
M000620,V0035,2025-11-09,Engine Service,37552.0,Pending
M000621,V0009,2024-12-02,Tyre Replacement,27037.49,Completed
M000622,V0082,2024-06-23,Engine Service,35227.37,Completed
M000623,V0015,2024-11-12,Battery Replacement,16976.96,Pending
M000624,V0021,2025-08-07,Oil Change,44940.13,Completed
M000625,V0044,2025-08-20,Oil Change,10028.64,Pending
M000626,V0086,2024-02-12,Battery Replacement,34442.79,Completed
M000627,V0091,2025-04-15,General Service,1297.04,Pending
M000628,V0021,2025-03-13,General Service,10601.62,Completed
M000629,V0049,2024-10-14,Oil Change,29711.86,Completed
M000630,V0078,2024-01-10,Oil Change,28225.32,Completed
M000631,V0031,2025-02-15,Battery Replacement,11965.79,Completed
M000632,V0075,2024-05-23,Brake Service,46667.99,Completed
M000633,V0043,2025-09-01,General Service,19451.9,Pending
M000634,V0055,2024-11-21,Battery Replacement,23930.97,Completed
M000635,V0095,2024-06-25,General Service,27577.22,Pending
M000636,V0023,2025-10-11,General Service,47773.96,Completed
M000637,V0034,2025-10-17,Tyre Replacement,776.77,Completed
M000638,V0038,2024-07-24,Engine Service,14372.26,Completed
M000639,V0060,2025-02-03,Oil Change,40331.65,Pending
M000640,V0027,2025-09-01,Engine Service,38465.13,Completed
M000641,V0020,2024-05-29,Engine Service,7028.87,Pending
M000642,V0012,2025-02-04,Battery Replacement,28551.64,Completed
M000643,V0056,2025-09-10,Oil Change,18262.05,Completed
M000644,V0081,2025-05-28,Engine Service,47866.25,Completed
M000645,V0094,2025-02-13,Oil Change,15981.44,Pending
M000646,V0015,2024-02-21,Oil Change,36604.12,Completed
M000647,V0038,2025-03-06,General Service,19064.82,Completed
M000648,V0010,2024-09-12,Battery Replacement,30829.38,Completed
M000649,V0046,2024-02-28,Oil Change,25574.24,Completed
M000650,V0096,2024-01-05,Battery Replacement,37634.03,Completed
M000651,V0063,2024-04-07,Brake Service,15752.75,Completed
M000652,V0094,2024-10-09,Engine Service,8280.15,Completed
M000653,V0088,2025-11-07,Engine Service,28025.77,Completed
M000654,V0007,2025-08-24,Battery Replacement,44516.97,Completed
M000655,V0025,2024-03-20,General Service,1682.04,Completed
M000656,V0020,2024-06-06,Brake Service,47940.95,Completed
M000657,V0085,2025-04-21,Tyre Replacement,5117.28,Completed
M000658,V0044,2025-07-19,Oil Change,4949.73,Completed
M000659,V0094,2024-12-27,Tyre Replacement,6525.0,Pending
M000660,V0074,2024-06-17,Battery Replacement,2230.81,Completed
M000661,V0085,2024-09-22,Tyre Replacement,32170.18,Pending
M000662,V0072,2024-12-27,Engine Service,39347.37,Completed
M000663,V0041,2025-07-04,Oil Change,12690.88,Completed
M000664,V0055,2024-01-03,Oil Change,11395.31,Completed
M000665,V0021,2025-01-04,Battery Replacement,38937.57,Completed
M000666,V0078,2025-08-15,Battery Replacement,38035.12,Pending
M000667,V0099,2024-02-02,Brake Service,41026.52,Completed
M000668,V0024,2025-04-07,Oil Change,27725.96,Pending
M000669,V0087,2025-04-16,Battery Replacement,14528.69,Completed
M000670,V0082,2024-04-26,Engine Service,17591.35,Pending
M000671,V0011,2024-06-08,Tyre Replacement,40010.21,Completed
M000672,V0007,2025-06-27,General Service,29764.02,Pending
M000673,V0012,2024-06-22,Oil Change,37648.54,Completed
M000674,V0093,2025-09-21,Oil Change,27801.61,Completed
M000675,V0041,2025-04-11,Engine Service,35983.46,Completed
M000676,V0045,2024-05-21,Tyre Replacement,49319.57,Completed
M000677,V0047,2024-07-20,General Service,36157.56,Completed
M000678,V0039,2025-08-31,Brake Service,16182.57,Completed
M000679,V0036,2024-05-27,Engine Service,12783.82,Completed
M000680,V0096,2025-09-17,Oil Change,28951.62,Completed
M000681,V0013,2025-05-21,Engine Service,26581.39,Completed
M000682,V0025,2024-01-18,Brake Service,41512.32,Completed
M000683,V0064,2024-07-22,Engine Service,30127.47,Completed
M000684,V0016,2025-12-01,Battery Replacement,41195.87,Completed
M000685,V0100,2024-02-26,Tyre Replacement,23867.07,Completed
M000686,V0060,2025-02-17,Engine Service,13193.03,Completed
M000687,V0055,2024-11-19,Brake Service,17182.33,Completed
M000688,V0032,2024-11-12,General Service,44653.69,Completed
M000689,V0057,2025-01-03,Brake Service,27962.64,Pending
M000690,V0067,2024-06-19,General Service,33604.19,Completed
M000691,V0047,2024-03-22,Tyre Replacement,11719.44,Completed
M000692,V0044,2025-08-16,General Service,5816.53,Completed
M000693,V0015,2025-12-29,Brake Service,30586.39,Completed
M000694,V0033,2024-04-12,General Service,31284.33,Completed
M000695,V0040,2025-06-21,Battery Replacement,15862.08,Completed
M000696,V0073,2024-02-10,Oil Change,12487.61,Completed
M000697,V0035,2024-06-09,Engine Service,41056.57,Completed
M000698,V0077,2024-06-13,Brake Service,10061.76,Pending
M000699,V0020,2024-09-05,General Service,25659.18,Completed
M000700,V0089,2024-06-10,Brake Service,24082.15,Completed
M000701,V0079,2024-03-30,Oil Change,30138.78,Pending
M000702,V0047,2025-05-26,Battery Replacement,9862.34,Pending
M000703,V0022,2024-02-01,Battery Replacement,12867.41,Pending
M000704,V0060,2024-01-05,Brake Service,44595.0,Completed
M000705,V0014,2024-02-13,Tyre Replacement,11652.03,Completed
M000706,V0005,2025-04-28,Engine Service,11725.7,Pending
M000707,V0056,2025-09-20,Battery Replacement,30379.24,Pending
M000708,V0097,2024-08-23,Oil Change,41999.86,Completed
M000709,V0017,2024-10-22,General Service,41596.74,Completed
M000710,V0082,2024-03-10,General Service,2057.27,Completed
M000711,V0051,2025-04-10,Tyre Replacement,4000.26,Pending
M000712,V0056,2025-02-02,General Service,6736.09,Completed
M000713,V0010,2025-05-04,Tyre Replacement,13107.27,Completed
M000714,V0016,2024-10-05,General Service,46554.6,Completed
M000715,V0062,2025-12-11,Battery Replacement,29191.18,Completed
M000716,V0078,2024-04-27,Engine Service,22134.29,Completed
M000717,V0046,2024-02-06,Brake Service,24259.73,Completed
M000718,V0077,2024-05-29,Battery Replacement,10459.43,Completed
M000719,V0028,2024-04-28,Tyre Replacement,45044.36,Completed
M000720,V0016,2025-03-09,Brake Service,17400.92,Completed
M000721,V0016,2025-09-10,Engine Service,23075.76,Completed
M000722,V0013,2024-08-08,Tyre Replacement,9770.81,Completed
M000723,V0097,2024-08-12,General Service,29222.64,Completed
M000724,V0086,2025-10-21,General Service,5140.23,Pending
M000725,V0081,2024-08-25,Oil Change,47655.53,Pending
M000726,V0040,2025-02-16,Brake Service,30326.25,Pending
M000727,V0075,2025-10-29,Brake Service,20530.82,Completed
M000728,V0045,2025-03-15,Oil Change,41332.81,Pending
M000729,V0011,2025-12-26,Battery Replacement,13961.07,Completed
M000730,V0085,2025-07-27,Battery Replacement,27800.64,Completed
M000731,V0037,2025-09-05,Brake Service,27174.59,Completed
M000732,V0059,2025-11-14,Tyre Replacement,10275.71,Completed
M000733,V0070,2025-01-03,Oil Change,29765.79,Pending
M000734,V0078,2024-08-20,General Service,23481.13,Completed
M000735,V0039,2024-07-21,General Service,10166.09,Completed
M000736,V0098,2024-05-22,Battery Replacement,12807.96,Pending
M000737,V0097,2025-01-30,Engine Service,22247.26,Completed
M000738,V0063,2025-09-21,Oil Change,12205.94,Completed
M000739,V0028,2024-09-12,Oil Change,14083.23,Completed
M000740,V0100,2024-07-16,Engine Service,42115.16,Pending
M000741,V0085,2025-05-22,Engine Service,30768.59,Pending
M000742,V0035,2025-04-16,Engine Service,28921.43,Pending
M000743,V0022,2025-05-07,General Service,24373.34,Completed
M000744,V0018,2025-05-24,Engine Service,5862.23,Completed
M000745,V0033,2025-08-29,General Service,43931.25,Pending
M000746,V0034,2025-12-23,Battery Replacement,20691.91,Completed
M000747,V0041,2024-06-09,Brake Service,25734.29,Completed
M000748,V0081,2024-07-16,Battery Replacement,48404.39,Completed
M000749,V0019,2025-02-05,Oil Change,46321.52,Completed
M000750,V0013,2025-04-08,Engine Service,26966.5,Completed
M000751,V0099,2024-06-06,Brake Service,24161.4,Completed
M000752,V0040,2024-11-13,Engine Service,7675.54,Pending
M000753,V0019,2025-02-26,Oil Change,23388.63,Pending
M000754,V0013,2025-12-12,Engine Service,26221.38,Pending
M000755,V0007,2025-01-04,Engine Service,27429.35,Pending
M000756,V0097,2025-08-14,Brake Service,45450.22,Pending
M000757,V0054,2024-07-12,Oil Change,41505.47,Completed
M000758,V0002,2025-07-20,Engine Service,46081.04,Completed
M000759,V0002,2025-01-04,Oil Change,46049.12,Completed
M000760,V0044,2025-06-17,Brake Service,7334.08,Completed
M000761,V0061,2025-06-11,Oil Change,32956.31,Pending
M000762,V0020,2025-05-28,Engine Service,24263.23,Pending
M000763,V0069,2025-01-05,General Service,41259.08,Completed
M000764,V0020,2024-01-19,Tyre Replacement,18638.23,Completed
M000765,V0043,2024-11-08,Brake Service,11715.66,Completed
M000766,V0044,2025-02-03,Oil Change,5162.01,Completed
M000767,V0028,2024-02-11,Engine Service,12205.99,Completed
M000768,V0055,2025-04-03,Engine Service,47881.29,Completed
M000769,V0076,2024-12-20,General Service,2158.44,Completed
M000770,V0001,2024-03-12,Brake Service,16336.95,Completed
M000771,V0055,2025-10-15,Engine Service,44147.74,Completed
M000772,V0014,2024-06-29,Battery Replacement,48947.29,Completed
M000773,V0070,2025-04-26,General Service,35721.19,Completed
M000774,V0059,2025-01-24,Oil Change,30323.78,Pending
M000775,V0010,2025-02-17,Engine Service,25551.09,Completed
M000776,V0021,2025-04-29,Brake Service,29405.19,Completed
M000777,V0072,2025-06-30,General Service,39359.94,Pending
M000778,V0058,2024-07-31,General Service,10611.31,Completed
M000779,V0093,2025-07-11,Tyre Replacement,11543.64,Completed
M000780,V0085,2025-01-09,Engine Service,31327.89,Pending
M000781,V0073,2025-11-03,General Service,47361.71,Completed
M000782,V0055,2024-02-13,Tyre Replacement,28305.59,Completed
M000783,V0082,2025-02-09,General Service,9425.32,Completed
M000784,V0064,2024-10-04,Engine Service,15463.8,Completed
M000785,V0080,2025-08-07,Engine Service,49726.53,Completed
M000786,V0023,2024-08-24,Engine Service,25958.26,Pending
M000787,V0080,2024-05-04,Engine Service,25789.53,Pending
M000788,V0017,2024-02-14,Battery Replacement,25776.07,Pending
M000789,V0084,2024-01-03,Battery Replacement,7299.47,Completed
M000790,V0048,2024-05-21,Oil Change,42187.92,Completed
M000791,V0022,2024-09-05,Brake Service,26151.92,Completed
M000792,V0093,2024-07-25,Engine Service,31216.95,Pending
M000793,V0037,2025-01-02,Tyre Replacement,1447.34,Completed
M000794,V0005,2024-12-18,Tyre Replacement,3684.05,Pending
M000795,V0012,2025-01-02,Engine Service,38805.82,Pending
M000796,V0002,2024-07-06,Battery Replacement,28809.64,Completed
M000797,V0042,2024-11-29,General Service,16729.83,Completed
M000798,V0035,2024-10-29,Brake Service,8333.54,Completed
M000799,V0090,2025-04-29,Tyre Replacement,8854.12,Pending
M000800,V0020,2025-05-09,General Service,13495.93,Completed
M000801,V0098,2024-09-28,Brake Service,7871.1,Completed
M000802,V0063,2025-12-12,Tyre Replacement,33651.75,Completed
M000803,V0027,2025-05-31,Brake Service,14268.7,Completed
M000804,V0099,2025-06-14,Tyre Replacement,17498.64,Pending
M000805,V0036,2024-05-25,Battery Replacement,1084.49,Pending
M000806,V0051,2024-11-07,Engine Service,48423.83,Completed
M000807,V0041,2025-03-20,Brake Service,31880.02,Completed
M000808,V0005,2024-03-29,Oil Change,42818.97,Completed
M000809,V0038,2025-02-09,General Service,43675.06,Pending
M000810,V0039,2025-11-27,Oil Change,44249.57,Completed
M000811,V0069,2024-12-18,Engine Service,32785.65,Completed
M000812,V0053,2024-05-24,Tyre Replacement,47904.45,Completed
M000813,V0040,2024-08-22,Oil Change,5666.63,Completed
M000814,V0009,2024-11-23,Brake Service,2998.78,Pending
M000815,V0024,2024-08-18,Brake Service,39252.63,Completed
M000816,V0085,2024-04-14,Brake Service,13630.44,Completed
M000817,V0072,2025-03-30,Engine Service,19254.67,Completed
M000818,V0082,2025-02-01,Engine Service,700.89,Completed
M000819,V0099,2024-07-23,General Service,21390.71,Pending
M000820,V0045,2025-05-01,Tyre Replacement,15036.32,Completed
M000821,V0020,2025-04-24,Battery Replacement,26796.9,Pending
M000822,V0042,2024-03-25,Brake Service,22355.85,Pending
M000823,V0065,2025-12-08,Oil Change,32389.77,Pending
M000824,V0066,2024-08-10,General Service,33543.23,Completed
M000825,V0057,2025-01-22,Tyre Replacement,44241.44,Completed
M000826,V0098,2024-10-27,Battery Replacement,1571.45,Pending
M000827,V0073,2025-06-08,Tyre Replacement,25323.45,Pending
M000828,V0018,2025-08-12,Tyre Replacement,31331.89,Completed
M000829,V0055,2025-05-04,Oil Change,27476.08,Completed
M000830,V0097,2025-04-01,Oil Change,15185.54,Pending
M000831,V0086,2025-06-05,Tyre Replacement,42787.8,Completed
M000832,V0003,2025-01-12,General Service,14601.52,Completed
M000833,V0004,2024-10-06,Oil Change,33334.99,Pending
M000834,V0093,2025-06-02,General Service,41087.81,Completed
M000835,V0007,2025-02-09,Oil Change,25217.89,Pending
M000836,V0077,2024-04-10,Oil Change,16345.59,Completed
M000837,V0081,2025-01-13,General Service,10613.31,Completed
M000838,V0039,2025-05-29,General Service,22878.2,Pending
M000839,V0071,2024-10-22,Brake Service,38373.47,Pending
M000840,V0041,2025-09-11,Engine Service,23323.52,Completed
M000841,V0021,2025-02-25,Engine Service,28344.69,Pending
M000842,V0035,2024-08-30,Brake Service,33061.2,Completed
M000843,V0095,2024-03-30,General Service,47751.4,Pending
M000844,V0007,2024-06-06,Tyre Replacement,12944.9,Completed
M000845,V0064,2025-08-02,Brake Service,38608.85,Completed
M000846,V0006,2024-12-06,General Service,27600.58,Pending
M000847,V0039,2025-03-24,Brake Service,48709.03,Completed
M000848,V0088,2025-03-03,Engine Service,3349.75,Pending
M000849,V0004,2025-02-19,Tyre Replacement,11126.81,Completed
M000850,V0077,2025-11-30,General Service,42052.84,Completed
M000851,V0018,2025-02-14,Brake Service,6277.07,Pending
M000852,V0085,2025-05-15,Engine Service,28782.02,Completed
M000853,V0098,2024-11-22,Brake Service,3421.44,Completed
M000854,V0069,2024-04-23,Tyre Replacement,42590.82,Completed
M000855,V0092,2025-12-01,Engine Service,16148.25,Pending
M000856,V0059,2025-08-15,Tyre Replacement,11202.92,Pending
M000857,V0039,2024-10-05,Brake Service,2004.91,Completed
M000858,V0072,2024-05-26,Engine Service,48210.29,Completed
M000859,V0069,2025-08-07,General Service,48727.97,Pending
M000860,V0058,2025-02-15,Engine Service,21668.45,Pending
M000861,V0007,2024-07-10,Tyre Replacement,36522.79,Completed
M000862,V0037,2025-07-15,Brake Service,2070.27,Completed
M000863,V0075,2025-01-18,Tyre Replacement,11779.18,Completed
M000864,V0086,2025-03-09,Tyre Replacement,12870.26,Completed
M000865,V0086,2025-02-11,Engine Service,27305.57,Pending
M000866,V0001,2025-05-24,Brake Service,10065.92,Completed
M000867,V0070,2024-11-14,Oil Change,32951.37,Pending
M000868,V0009,2024-11-13,Battery Replacement,16861.81,Completed
M000869,V0006,2025-07-18,Tyre Replacement,11970.8,Completed
M000870,V0086,2024-05-14,Tyre Replacement,44146.68,Completed
M000871,V0009,2025-05-13,Oil Change,4129.59,Pending
M000872,V0048,2024-10-12,General Service,44780.72,Completed
M000873,V0026,2024-10-19,Battery Replacement,14617.46,Completed
M000874,V0065,2024-09-20,Oil Change,49224.21,Pending
M000875,V0090,2024-01-09,Engine Service,5775.36,Completed
M000876,V0007,2025-05-02,General Service,45771.17,Completed
M000877,V0082,2025-10-04,General Service,11182.54,Completed
M000878,V0026,2025-07-30,General Service,38210.72,Pending
M000879,V0072,2024-12-06,General Service,11137.34,Pending
M000880,V0005,2025-12-09,Brake Service,5834.9,Completed
M000881,V0028,2025-01-01,Engine Service,30384.02,Pending
M000882,V0086,2024-03-25,Tyre Replacement,1478.02,Completed
M000883,V0062,2024-09-17,Brake Service,16454.43,Completed
M000884,V0084,2025-08-10,General Service,32864.62,Pending
M000885,V0051,2025-08-14,Brake Service,16374.15,Completed
M000886,V0017,2025-02-02,Oil Change,3222.84,Completed
M000887,V0048,2024-01-16,Engine Service,41915.47,Pending
M000888,V0093,2024-01-02,Engine Service,30875.19,Completed
M000889,V0029,2024-05-11,Engine Service,15372.66,Pending
M000890,V0076,2024-12-03,Brake Service,27755.06,Completed
M000891,V0075,2025-01-10,General Service,48304.35,Completed
M000892,V0003,2025-03-08,General Service,40412.46,Completed
M000893,V0098,2025-10-19,Brake Service,27908.36,Completed
M000894,V0006,2025-10-21,Battery Replacement,38071.64,Pending
M000895,V0077,2025-09-11,Engine Service,37728.43,Pending
M000896,V0094,2025-02-01,Battery Replacement,34890.81,Pending
M000897,V0021,2024-04-14,Brake Service,9889.71,Completed
M000898,V0022,2025-11-21,Engine Service,11848.05,Completed
M000899,V0077,2024-07-18,Battery Replacement,9509.4,Completed
M000900,V0086,2025-09-03,Brake Service,2225.17,Pending
M000901,V0095,2025-07-14,Engine Service,26964.11,Completed
M000902,V0018,2024-04-29,Brake Service,5259.28,Completed
M000903,V0040,2025-08-15,Brake Service,843.74,Pending
M000904,V0016,2024-06-23,Brake Service,48600.51,Pending
M000905,V0033,2025-12-11,Oil Change,11152.89,Pending
M000906,V0048,2024-11-19,Battery Replacement,17900.01,Pending
M000907,V0087,2025-01-15,General Service,40533.11,Pending
M000908,V0058,2025-03-15,Brake Service,37366.17,Completed
M000909,V0017,2024-09-27,Oil Change,29226.99,Completed
M000910,V0072,2025-05-22,Tyre Replacement,37136.34,Completed
M000911,V0017,2025-08-09,Brake Service,2641.72,Completed
M000912,V0059,2025-04-05,Oil Change,12653.83,Pending
M000913,V0007,2025-06-04,Brake Service,9828.16,Completed
M000914,V0078,2024-11-24,Oil Change,28989.25,Pending
M000915,V0100,2024-09-15,Oil Change,39062.11,Completed
M000916,V0009,2024-05-22,Engine Service,4220.67,Pending
M000917,V0056,2025-09-10,Battery Replacement,19659.41,Completed
M000918,V0009,2024-09-11,Brake Service,18973.01,Completed
M000919,V0065,2024-02-14,Oil Change,7116.35,Pending
M000920,V0056,2024-06-06,Tyre Replacement,16512.45,Completed
M000921,V0083,2025-07-13,Battery Replacement,28684.31,Pending
M000922,V0007,2024-08-24,Brake Service,18400.41,Completed
M000923,V0075,2025-09-02,Tyre Replacement,17890.69,Completed
M000924,V0034,2024-06-14,Brake Service,36701.78,Pending
M000925,V0071,2025-10-15,General Service,35710.23,Completed
M000926,V0011,2025-11-01,Oil Change,31871.26,Completed
M000927,V0028,2025-04-23,Brake Service,46100.26,Pending
M000928,V0076,2025-10-23,Engine Service,18558.73,Completed
M000929,V0059,2024-10-24,Oil Change,8274.84,Completed
M000930,V0068,2024-08-05,Battery Replacement,4588.92,Pending
M000931,V0044,2024-10-12,Engine Service,33147.44,Completed
M000932,V0088,2025-02-10,Oil Change,27026.28,Completed
M000933,V0097,2024-03-21,Battery Replacement,14378.56,Completed
M000934,V0088,2025-11-25,Tyre Replacement,40368.19,Pending
M000935,V0070,2025-05-18,General Service,25538.22,Completed
M000936,V0050,2025-09-26,Brake Service,7254.29,Completed
M000937,V0063,2025-12-08,Oil Change,26201.11,Pending
M000938,V0070,2025-06-03,General Service,539.07,Pending
M000939,V0004,2024-12-03,Battery Replacement,15312.62,Pending
M000940,V0009,2025-02-26,Battery Replacement,27308.68,Completed
M000941,V0075,2024-09-19,Tyre Replacement,27860.12,Pending
M000942,V0010,2024-11-19,Battery Replacement,16095.28,Completed
M000943,V0075,2025-03-08,Engine Service,28007.2,Completed
M000944,V0069,2024-06-05,General Service,35412.04,Completed
M000945,V0059,2025-06-24,General Service,14905.09,Completed
M000946,V0068,2025-04-01,Engine Service,43799.65,Pending
M000947,V0004,2024-09-21,Oil Change,3296.35,Completed
M000948,V0073,2025-06-05,Tyre Replacement,46501.77,Completed
M000949,V0045,2025-06-08,Brake Service,3058.21,Pending
M000950,V0082,2024-10-10,Tyre Replacement,11218.61,Completed
M000951,V0040,2025-05-17,General Service,33767.75,Pending
M000952,V0096,2025-08-12,Engine Service,21502.01,Completed
M000953,V0045,2024-07-26,Tyre Replacement,14869.04,Pending
M000954,V0032,2025-10-17,Engine Service,16692.59,Completed
M000955,V0065,2024-08-26,Battery Replacement,42777.56,Completed
M000956,V0019,2025-06-15,Battery Replacement,38835.98,Completed
M000957,V0015,2024-12-09,Tyre Replacement,5888.2,Completed
M000958,V0015,2024-12-21,General Service,12847.49,Completed
M000959,V0042,2025-04-24,General Service,34063.34,Completed
M000960,V0017,2025-01-28,Engine Service,28073.25,Completed
M000961,V0022,2025-02-27,Tyre Replacement,34953.41,Completed
M000962,V0050,2025-05-16,Oil Change,1823.93,Completed
M000963,V0060,2024-10-13,General Service,49514.54,Completed
M000964,V0028,2025-04-07,Oil Change,38676.22,Pending
M000965,V0070,2025-12-27,Tyre Replacement,45639.62,Completed
M000966,V0055,2024-07-22,Engine Service,31515.47,Completed
M000967,V0064,2024-04-22,Engine Service,20036.63,Completed
M000968,V0073,2024-11-13,Tyre Replacement,47093.11,Pending
M000969,V0093,2024-03-21,Tyre Replacement,27182.66,Pending
M000970,V0030,2025-06-29,Engine Service,10897.79,Completed
M000971,V0022,2024-12-20,Oil Change,13857.3,Completed
M000972,V0045,2024-11-11,General Service,19418.1,Completed
M000973,V0024,2024-06-06,General Service,22699.11,Pending
M000974,V0035,2024-10-21,Oil Change,6113.12,Completed
M000975,V0018,2024-09-07,Tyre Replacement,32024.45,Completed
M000976,V0068,2024-05-01,Tyre Replacement,7825.17,Completed
M000977,V0093,2025-07-10,Brake Service,7407.42,Completed
M000978,V0070,2025-01-07,Tyre Replacement,26179.96,Completed
M000979,V0050,2024-05-02,General Service,24713.23,Completed
M000980,V0086,2025-06-23,Engine Service,46392.51,Completed
M000981,V0055,2024-05-07,General Service,35252.95,Completed
M000982,V0070,2024-10-30,Oil Change,4947.17,Pending
M000983,V0009,2025-06-07,Oil Change,23934.3,Pending
M000984,V0071,2024-11-19,Brake Service,1843.14,Completed
M000985,V0085,2024-05-26,Battery Replacement,7087.73,Completed
M000986,V0007,2024-09-30,General Service,21961.45,Completed
M000987,V0021,2025-08-26,Battery Replacement,17906.02,Completed
M000988,V0028,2024-04-28,General Service,45573.47,Completed
M000989,V0022,2024-06-16,Engine Service,19066.45,Pending
M000990,V0086,2025-06-16,Oil Change,22562.53,Completed
M000991,V0099,2025-01-14,General Service,6654.66,Completed
M000992,V0073,2024-02-27,Battery Replacement,7545.96,Pending
M000993,V0089,2024-06-25,Brake Service,19840.97,Completed
M000994,V0066,2024-10-09,General Service,5861.35,Pending
M000995,V0016,2025-02-09,Oil Change,31656.46,Completed
M000996,V0007,2025-03-14,Engine Service,27566.02,Completed
M000997,V0095,2024-11-16,Tyre Replacement,21765.12,Completed
M000998,V0048,2024-01-21,General Service,12054.13,Completed
M000999,V0089,2025-08-22,General Service,39973.89,Pending
M001000,V0057,2024-05-25,General Service,37547.96,Completed
M001001,V0076,2024-06-08,Oil Change,43065.67,Completed
M001002,V0067,2025-03-28,Battery Replacement,19277.12,Completed
M001003,V0084,2024-05-03,General Service,17773.26,Pending
M001004,V0048,2024-06-29,Brake Service,49799.02,Completed
M001005,V0097,2025-01-15,Brake Service,5388.03,Completed
M001006,V0060,2025-04-08,Engine Service,4183.96,Completed
M001007,V0055,2024-05-30,Tyre Replacement,7853.01,Completed
M001008,V0055,2025-06-25,Oil Change,5029.22,Completed
M001009,V0033,2024-01-05,Oil Change,25647.94,Completed
M001010,V0044,2024-09-10,Tyre Replacement,48705.47,Completed
M001011,V0032,2024-05-15,General Service,6289.33,Completed
M001012,V0017,2024-07-23,General Service,12215.23,Pending
M001013,V0074,2024-12-25,Tyre Replacement,24018.45,Completed
M001014,V0006,2025-09-10,Oil Change,24809.86,Pending
M001015,V0052,2024-06-03,Oil Change,37883.14,Pending
M001016,V0013,2024-12-04,General Service,26822.12,Completed
M001017,V0013,2025-08-08,Brake Service,1716.2,Completed
M001018,V0008,2025-07-27,Engine Service,14017.65,Completed
M001019,V0015,2025-08-14,Battery Replacement,37924.8,Completed
M001020,V0037,2025-12-17,Battery Replacement,38270.09,Completed
M001021,V0010,2025-08-23,Battery Replacement,1919.84,Pending
M001022,V0073,2025-06-14,Brake Service,29516.69,Completed
M001023,V0041,2024-07-16,Brake Service,48647.84,Pending
M001024,V0057,2025-11-12,Tyre Replacement,7552.97,Completed
M001025,V0008,2024-05-16,Tyre Replacement,49371.21,Pending
M001026,V0024,2024-06-01,Battery Replacement,31073.26,Completed
M001027,V0012,2024-10-04,Battery Replacement,48680.48,Completed
M001028,V0092,2024-04-02,Tyre Replacement,2613.53,Pending
M001029,V0025,2024-12-22,Brake Service,44764.15,Completed
M001030,V0085,2024-07-22,Oil Change,22374.01,Pending
M001031,V0053,2024-01-04,Oil Change,38932.59,Completed
M001032,V0002,2025-04-27,Tyre Replacement,10168.64,Completed
M001033,V0002,2024-08-10,Oil Change,33169.48,Pending
M001034,V0041,2024-07-20,Tyre Replacement,45028.97,Completed
M001035,V0001,2025-11-17,Oil Change,30196.6,Completed
M001036,V0013,2024-04-24,Brake Service,46989.5,Pending
M001037,V0003,2025-05-30,Engine Service,45374.98,Completed
M001038,V0091,2025-10-05,General Service,5452.2,Pending
M001039,V0017,2024-11-14,Oil Change,1252.85,Completed
M001040,V0008,2025-05-21,Oil Change,33644.2,Pending
M001041,V0008,2024-09-18,Brake Service,26069.9,Completed
M001042,V0071,2024-07-29,Tyre Replacement,33065.25,Completed
M001043,V0001,2024-02-03,Brake Service,48211.81,Completed
M001044,V0064,2025-12-03,Oil Change,27849.21,Completed
M001045,V0012,2025-08-08,Battery Replacement,3915.34,Completed
M001046,V0040,2025-02-20,Oil Change,13959.45,Pending
M001047,V0062,2024-04-06,Battery Replacement,24059.85,Completed
M001048,V0060,2025-04-14,Oil Change,3670.05,Pending
M001049,V0028,2024-05-09,General Service,27175.21,Completed
M001050,V0037,2025-06-09,Tyre Replacement,10891.75,Completed
M001051,V0017,2024-08-23,General Service,48567.18,Completed
M001052,V0041,2025-06-02,Oil Change,14128.61,Pending
M001053,V0081,2024-04-20,Engine Service,6391.62,Completed
M001054,V0074,2024-10-11,Engine Service,10909.49,Pending
M001055,V0024,2025-06-09,General Service,23572.84,Completed
M001056,V0097,2024-11-06,Engine Service,2219.17,Completed
M001057,V0083,2024-06-18,General Service,29584.15,Pending
M001058,V0028,2025-02-14,Engine Service,11262.89,Completed
M001059,V0073,2025-12-26,General Service,28079.46,Completed
M001060,V0067,2024-07-31,General Service,5667.2,Completed
M001061,V0039,2024-04-27,Engine Service,43227.69,Pending
M001062,V0065,2024-03-18,Tyre Replacement,29708.47,Completed
M001063,V0052,2025-06-21,Oil Change,9564.68,Pending
M001064,V0035,2025-09-24,Oil Change,1793.28,Completed
M001065,V0010,2025-01-18,Brake Service,39371.42,Completed
M001066,V0067,2024-04-19,Oil Change,34400.52,Completed
M001067,V0092,2025-07-05,Battery Replacement,30227.83,Completed
M001068,V0044,2025-10-25,Battery Replacement,23938.28,Completed
M001069,V0069,2025-07-10,Battery Replacement,6377.47,Completed
M001070,V0038,2024-06-08,Oil Change,29551.54,Pending
M001071,V0054,2024-12-19,Oil Change,17971.39,Completed
M001072,V0077,2024-09-22,General Service,28411.33,Completed
M001073,V0078,2025-07-26,Engine Service,34451.27,Completed
M001074,V0038,2025-03-18,Tyre Replacement,21237.6,Completed
M001075,V0048,2025-08-10,Oil Change,21992.05,Completed
M001076,V0087,2025-02-06,Brake Service,20020.34,Pending
M001077,V0019,2024-08-19,Battery Replacement,28192.86,Completed
M001078,V0062,2024-03-15,Oil Change,22874.72,Completed
M001079,V0091,2025-01-24,Engine Service,1629.44,Completed
M001080,V0062,2024-12-20,Tyre Replacement,19346.27,Pending
M001081,V0053,2024-03-14,Brake Service,46691.4,Pending
M001082,V0057,2025-05-02,Brake Service,25686.58,Completed
M001083,V0006,2024-11-24,Brake Service,39279.85,Completed
M001084,V0050,2024-08-13,General Service,24000.2,Completed
M001085,V0031,2025-05-21,Battery Replacement,12891.22,Completed
M001086,V0003,2024-11-25,Engine Service,20027.23,Completed
M001087,V0081,2024-07-30,Oil Change,24746.81,Completed
M001088,V0003,2024-04-22,Battery Replacement,15487.06,Completed
M001089,V0028,2025-10-19,Engine Service,20430.6,Pending
M001090,V0067,2025-01-31,Tyre Replacement,7818.11,Pending
M001091,V0097,2025-06-01,Battery Replacement,21845.21,Completed
M001092,V0007,2024-03-06,General Service,49153.03,Completed
M001093,V0025,2025-04-22,General Service,1951.32,Completed
M001094,V0082,2025-02-15,Engine Service,21489.56,Completed
M001095,V0056,2024-01-18,Engine Service,26083.08,Pending
M001096,V0015,2025-12-02,General Service,4236.21,Completed
M001097,V0059,2025-05-12,Oil Change,48743.78,Completed
M001098,V0020,2024-11-08,Battery Replacement,3122.06,Completed
M001099,V0096,2024-07-01,General Service,23562.11,Completed
M001100,V0002,2024-05-30,Oil Change,44910.62,Completed
M001101,V0068,2025-08-08,Oil Change,11528.96,Pending
M001102,V0013,2024-11-23,Tyre Replacement,5897.51,Pending
M001103,V0052,2025-03-11,Brake Service,36921.63,Completed
M001104,V0007,2024-04-02,General Service,17434.69,Completed
M001105,V0079,2024-01-05,Tyre Replacement,5846.02,Completed
M001106,V0044,2025-01-06,General Service,33989.5,Completed
M001107,V0091,2025-08-31,Tyre Replacement,9004.75,Completed
M001108,V0040,2025-06-21,Tyre Replacement,38256.47,Pending
M001109,V0100,2024-09-16,Brake Service,30931.0,Pending
M001110,V0056,2025-03-10,Battery Replacement,12749.13,Completed
M001111,V0083,2025-04-30,Brake Service,15386.63,Pending
M001112,V0048,2024-04-26,Brake Service,8291.51,Pending
M001113,V0058,2025-03-29,General Service,31711.0,Completed
M001114,V0073,2025-12-03,Engine Service,47254.2,Completed
M001115,V0003,2025-04-14,Tyre Replacement,47401.17,Completed
M001116,V0076,2025-05-16,Tyre Replacement,14821.37,Completed
M001117,V0082,2024-07-31,Oil Change,35340.18,Completed
M001118,V0010,2024-08-05,Oil Change,39346.88,Completed
M001119,V0010,2025-12-05,Brake Service,17762.63,Completed
M001120,V0096,2024-09-23,General Service,19359.83,Completed
M001121,V0067,2024-05-25,Engine Service,980.52,Pending
M001122,V0037,2024-02-16,Brake Service,47717.5,Completed
M001123,V0015,2025-06-24,Brake Service,33665.38,Completed
M001124,V0040,2025-08-30,Engine Service,28353.55,Completed
M001125,V0089,2024-04-07,Oil Change,10521.02,Completed
M001126,V0013,2025-09-23,General Service,756.54,Completed
M001127,V0080,2025-12-05,Oil Change,27060.25,Pending
M001128,V0068,2024-05-12,Engine Service,16900.74,Completed
M001129,V0069,2024-02-07,Engine Service,14198.57,Pending
M001130,V0095,2025-04-01,Engine Service,37184.82,Pending
M001131,V0022,2024-04-01,Engine Service,32600.3,Completed
M001132,V0005,2025-11-17,Brake Service,5844.41,Pending
M001133,V0020,2024-08-09,General Service,41658.67,Completed
M001134,V0009,2025-07-31,Tyre Replacement,23775.19,Completed
M001135,V0094,2025-07-31,Engine Service,34392.47,Completed
M001136,V0001,2024-06-27,Battery Replacement,11423.27,Completed
M001137,V0079,2024-01-28,Brake Service,41560.22,Completed
M001138,V0085,2024-07-10,Tyre Replacement,33388.09,Completed
M001139,V0056,2025-11-14,General Service,35504.2,Completed
M001140,V0099,2025-08-16,Battery Replacement,27285.32,Pending
M001141,V0073,2024-05-22,Brake Service,21071.09,Completed
M001142,V0060,2024-01-30,Battery Replacement,7196.05,Pending
M001143,V0074,2024-08-07,Battery Replacement,46445.16,Pending
M001144,V0091,2025-11-28,Oil Change,42461.91,Pending
M001145,V0002,2025-08-22,Tyre Replacement,1273.81,Completed
M001146,V0024,2024-02-03,Brake Service,44288.52,Completed
M001147,V0009,2025-08-28,Engine Service,13521.41,Pending
M001148,V0093,2024-12-03,General Service,32239.81,Completed
M001149,V0073,2025-11-12,Tyre Replacement,7665.24,Completed
M001150,V0094,2024-08-13,Engine Service,12095.52,Completed
M001151,V0075,2024-03-02,Brake Service,4424.79,Completed
M001152,V0019,2025-01-16,Engine Service,3450.49,Pending
M001153,V0045,2024-08-23,General Service,6274.89,Pending
M001154,V0060,2024-12-17,Battery Replacement,43107.82,Completed
M001155,V0041,2025-11-24,Battery Replacement,38756.23,Completed
M001156,V0052,2025-05-28,General Service,6554.57,Completed
M001157,V0099,2024-03-04,Tyre Replacement,13479.69,Completed
M001158,V0080,2025-03-25,Oil Change,30407.54,Pending
M001159,V0042,2024-10-30,Engine Service,40383.9,Completed
M001160,V0086,2024-03-18,Engine Service,4475.97,Completed
M001161,V0020,2024-12-26,Tyre Replacement,45300.5,Completed
M001162,V0093,2024-09-06,Engine Service,33289.58,Completed
M001163,V0063,2025-05-07,General Service,12456.19,Pending
M001164,V0032,2024-04-13,Engine Service,49409.45,Pending
M001165,V0064,2024-10-11,Oil Change,31209.69,Completed
M001166,V0047,2025-02-25,Engine Service,26074.1,Completed
M001167,V0062,2025-02-06,Oil Change,47157.18,Completed
M001168,V0024,2025-02-05,Brake Service,47587.7,Completed
M001169,V0098,2024-10-26,Oil Change,40622.92,Completed
M001170,V0018,2025-05-27,Oil Change,46355.59,Completed
M001171,V0010,2024-05-12,Brake Service,4416.73,Completed
M001172,V0072,2024-02-24,Brake Service,45955.46,Completed
M001173,V0045,2025-05-21,Brake Service,39946.92,Completed
M001174,V0072,2025-08-31,Oil Change,48338.09,Completed
M001175,V0035,2024-08-26,Engine Service,41897.78,Pending
M001176,V0092,2025-01-04,General Service,34591.95,Pending
M001177,V0055,2024-05-05,Tyre Replacement,11970.47,Completed
M001178,V0039,2024-04-03,Oil Change,15828.99,Completed
M001179,V0041,2025-12-01,Brake Service,47075.94,Pending
M001180,V0045,2025-12-17,Oil Change,6907.6,Pending
M001181,V0097,2025-11-22,Tyre Replacement,40504.24,Pending
M001182,V0035,2025-06-20,Tyre Replacement,37022.37,Completed
M001183,V0064,2025-11-25,Tyre Replacement,43542.48,Completed
M001184,V0013,2024-10-07,Engine Service,46284.24,Pending
M001185,V0025,2025-08-31,Tyre Replacement,33309.73,Completed
M001186,V0031,2024-03-26,Oil Change,40373.04,Completed
M001187,V0097,2024-12-05,General Service,16617.73,Completed
M001188,V0019,2024-01-20,Brake Service,30482.73,Completed
M001189,V0060,2025-08-25,Engine Service,15256.0,Completed
M001190,V0085,2024-04-03,Tyre Replacement,28175.38,Completed
M001191,V0012,2024-06-01,Tyre Replacement,5179.74,Completed
M001192,V0088,2024-05-21,Oil Change,18758.65,Pending
M001193,V0008,2025-06-11,Battery Replacement,19196.32,Completed
M001194,V0035,2025-05-16,Brake Service,13990.8,Completed
M001195,V0067,2025-02-07,Engine Service,28001.74,Completed
M001196,V0006,2024-11-26,Oil Change,4188.03,Pending
M001197,V0018,2025-02-12,General Service,29960.19,Pending
M001198,V0075,2025-10-03,Oil Change,35407.19,Completed
M001199,V0070,2024-05-09,Brake Service,46645.42,Completed
M001200,V0087,2024-02-27,Oil Change,35493.99,Completed
M001201,V0080,2025-05-30,Oil Change,6062.2,Completed
M001202,V0015,2025-12-22,General Service,38373.89,Completed
M001203,V0077,2025-02-28,Brake Service,42132.63,Completed
M001204,V0051,2024-10-16,Tyre Replacement,11761.2,Pending
M001205,V0058,2024-02-25,Brake Service,9675.97,Pending
M001206,V0020,2024-04-16,General Service,10450.98,Completed
M001207,V0044,2025-10-30,Tyre Replacement,45902.35,Completed
M001208,V0087,2025-09-29,General Service,36622.75,Completed
M001209,V0046,2024-12-02,General Service,33326.79,Pending
M001210,V0004,2025-05-29,Battery Replacement,39283.66,Completed
M001211,V0007,2025-01-24,Battery Replacement,47207.31,Pending
M001212,V0062,2024-03-02,Battery Replacement,35508.66,Completed
M001213,V0088,2025-11-08,Battery Replacement,40584.87,Completed
M001214,V0097,2024-05-16,Oil Change,19616.3,Completed
M001215,V0069,2024-03-19,Tyre Replacement,550.01,Completed
M001216,V0091,2024-06-12,Brake Service,18920.32,Completed
M001217,V0079,2024-03-02,Brake Service,10732.26,Completed
M001218,V0087,2025-05-14,Oil Change,5083.58,Completed
M001219,V0050,2025-12-03,Oil Change,43469.53,Pending
M001220,V0032,2024-07-11,Tyre Replacement,18008.44,Pending
M001221,V0012,2025-09-07,Engine Service,13081.58,Completed
M001222,V0005,2025-03-28,Battery Replacement,40685.66,Completed
M001223,V0048,2024-11-23,Oil Change,40450.51,Pending
M001224,V0017,2025-11-20,General Service,7798.4,Completed
M001225,V0084,2025-11-30,Brake Service,38601.39,Completed
M001226,V0085,2024-01-27,Oil Change,49281.21,Completed
M001227,V0083,2024-11-08,Oil Change,39883.22,Completed
M001228,V0051,2025-08-31,Oil Change,45887.64,Completed
M001229,V0016,2025-05-03,Oil Change,21565.76,Completed
M001230,V0048,2024-05-25,Tyre Replacement,42188.35,Completed
M001231,V0050,2025-08-24,Oil Change,22901.55,Completed
M001232,V0002,2024-07-26,General Service,39395.38,Completed
M001233,V0046,2025-05-15,Oil Change,28087.94,Completed
M001234,V0006,2024-08-18,Tyre Replacement,36859.5,Pending
M001235,V0069,2025-08-12,Tyre Replacement,25103.49,Pending
M001236,V0072,2024-06-02,Engine Service,30399.82,Completed
M001237,V0048,2025-05-20,Battery Replacement,34704.45,Completed
M001238,V0015,2024-10-12,Battery Replacement,5672.71,Completed
M001239,V0061,2024-01-13,General Service,33645.89,Completed
M001240,V0012,2025-10-13,Tyre Replacement,41497.06,Completed
M001241,V0048,2025-10-11,Brake Service,1514.05,Completed
M001242,V0012,2024-05-16,Tyre Replacement,14615.86,Completed
M001243,V0012,2024-10-08,General Service,25193.32,Pending
M001244,V0043,2024-01-13,Battery Replacement,14241.76,Pending
M001245,V0022,2025-12-13,Oil Change,48495.88,Completed
M001246,V0079,2024-12-18,Brake Service,37486.15,Pending
M001247,V0050,2024-09-13,General Service,37742.95,Completed
M001248,V0054,2024-03-10,Engine Service,15257.65,Pending
M001249,V0035,2024-04-13,Oil Change,9115.38,Completed
M001250,V0003,2025-05-14,Brake Service,22561.08,Completed
M001251,V0008,2024-11-03,Engine Service,4598.59,Completed
M001252,V0075,2025-06-08,Battery Replacement,22162.47,Completed
M001253,V0074,2025-09-29,Battery Replacement,19000.75,Completed
M001254,V0048,2025-01-15,Oil Change,47527.0,Completed
M001255,V0059,2025-05-25,General Service,18716.63,Completed
M001256,V0084,2024-10-29,Engine Service,20427.73,Completed
M001257,V0074,2025-04-19,Battery Replacement,35526.29,Completed
M001258,V0004,2024-05-01,Brake Service,36368.27,Pending
M001259,V0058,2025-05-18,Oil Change,14580.06,Pending
M001260,V0046,2025-10-19,Engine Service,44265.6,Completed
M001261,V0081,2025-04-04,Battery Replacement,38710.06,Completed
M001262,V0038,2024-11-07,General Service,38170.52,Completed
M001263,V0041,2024-04-20,Battery Replacement,42720.04,Pending
M001264,V0073,2024-12-05,Engine Service,37250.46,Pending
M001265,V0025,2025-05-08,Oil Change,34106.36,Completed
M001266,V0013,2025-01-27,General Service,29189.72,Completed
M001267,V0065,2025-04-28,Tyre Replacement,2297.3,Completed
M001268,V0033,2025-03-13,Brake Service,18691.58,Completed
M001269,V0070,2025-03-16,General Service,43443.23,Completed
M001270,V0038,2024-01-29,Tyre Replacement,32400.06,Completed
M001271,V0019,2024-06-13,Tyre Replacement,19321.05,Pending
M001272,V0058,2025-09-03,General Service,9810.0,Completed
M001273,V0039,2024-12-01,General Service,39325.7,Completed
M001274,V0069,2024-04-27,Tyre Replacement,30700.53,Completed
M001275,V0068,2025-08-08,Engine Service,18304.37,Completed
M001276,V0060,2024-09-08,Oil Change,25895.65,Completed
M001277,V0038,2025-12-05,General Service,3778.41,Pending
M001278,V0076,2024-01-03,Tyre Replacement,44455.43,Completed
M001279,V0086,2025-07-10,General Service,43221.23,Completed
M001280,V0048,2024-07-01,General Service,7756.72,Pending
M001281,V0005,2024-07-15,Engine Service,27762.51,Completed
M001282,V0073,2024-04-19,Tyre Replacement,7703.27,Completed
M001283,V0020,2024-03-11,Tyre Replacement,6271.19,Pending
M001284,V0059,2024-03-24,Oil Change,35473.71,Completed
M001285,V0072,2025-05-03,Brake Service,28035.17,Pending
M001286,V0085,2024-01-28,Tyre Replacement,33282.63,Pending
M001287,V0094,2025-12-10,General Service,31672.7,Completed
M001288,V0048,2024-04-29,Battery Replacement,41125.9,Pending
M001289,V0039,2024-09-29,Engine Service,6047.59,Completed
M001290,V0028,2025-01-17,Oil Change,16603.17,Completed
M001291,V0001,2024-09-18,Battery Replacement,48549.78,Completed
M001292,V0076,2024-04-24,Tyre Replacement,18385.31,Completed
M001293,V0017,2024-03-07,Brake Service,44829.95,Completed
M001294,V0098,2024-08-23,General Service,18409.96,Completed
M001295,V0003,2025-01-18,Oil Change,42893.37,Completed
M001296,V0019,2024-09-15,Tyre Replacement,31150.72,Completed
M001297,V0033,2025-12-02,Brake Service,26391.06,Completed
M001298,V0077,2024-01-30,Tyre Replacement,20829.97,Completed
M001299,V0001,2024-10-25,Battery Replacement,19203.27,Completed
M001300,V0019,2025-01-27,Engine Service,38881.74,Pending
M001301,V0027,2024-11-02,Oil Change,27512.06,Completed
M001302,V0084,2024-02-27,Battery Replacement,39568.36,Completed
M001303,V0072,2024-03-22,General Service,8061.9,Completed
M001304,V0022,2024-03-05,Tyre Replacement,16421.5,Completed
M001305,V0035,2025-09-18,Brake Service,33727.94,Pending
M001306,V0001,2025-02-04,Brake Service,2518.08,Completed
M001307,V0066,2025-08-20,General Service,18914.62,Pending
M001308,V0073,2025-01-13,Oil Change,44470.43,Pending
M001309,V0032,2025-02-01,Oil Change,47702.74,Completed
M001310,V0057,2025-01-09,Battery Replacement,35225.97,Completed
M001311,V0081,2024-02-06,Brake Service,21990.01,Pending
M001312,V0016,2024-01-28,Battery Replacement,24844.33,Pending
M001313,V0087,2025-10-21,Engine Service,32922.71,Pending
M001314,V0004,2024-04-17,General Service,13936.79,Completed
M001315,V0002,2025-09-11,Battery Replacement,17290.88,Pending
M001316,V0086,2024-04-11,General Service,26462.57,Completed
M001317,V0077,2024-03-16,Oil Change,40350.23,Completed
M001318,V0078,2025-05-07,Battery Replacement,34079.67,Pending
M001319,V0025,2024-06-14,Tyre Replacement,28625.06,Completed
M001320,V0061,2024-01-29,Battery Replacement,41259.8,Completed
M001321,V0028,2025-01-27,Battery Replacement,25975.18,Completed
M001322,V0067,2024-02-22,Tyre Replacement,47947.92,Completed
M001323,V0050,2024-10-15,General Service,15013.56,Pending
M001324,V0034,2024-06-18,Tyre Replacement,9294.73,Completed
M001325,V0047,2024-10-23,Tyre Replacement,5789.11,Completed
M001326,V0009,2024-01-22,Battery Replacement,10070.04,Pending
M001327,V0026,2024-01-07,Battery Replacement,19875.23,Completed
M001328,V0092,2025-03-24,General Service,36192.3,Pending
M001329,V0009,2025-05-24,Engine Service,6878.46,Pending
M001330,V0036,2024-01-12,General Service,41793.24,Completed
M001331,V0005,2024-07-19,Brake Service,6344.24,Pending
M001332,V0033,2025-04-29,Brake Service,30616.29,Completed
M001333,V0090,2025-05-04,General Service,45949.4,Pending
M001334,V0095,2024-10-23,Brake Service,12072.0,Completed
M001335,V0083,2024-10-16,General Service,37509.26,Completed
M001336,V0075,2025-06-02,Oil Change,48738.71,Completed
M001337,V0018,2024-06-30,General Service,16135.45,Pending
M001338,V0096,2025-01-13,Battery Replacement,48648.06,Completed
M001339,V0098,2024-07-03,Oil Change,3841.8,Pending
M001340,V0020,2025-09-13,Oil Change,26493.49,Pending
M001341,V0062,2025-12-26,Battery Replacement,33977.16,Completed
M001342,V0065,2025-08-29,Engine Service,40170.75,Completed
M001343,V0059,2024-03-15,Tyre Replacement,44602.61,Completed
M001344,V0097,2024-08-15,Tyre Replacement,29929.7,Completed
M001345,V0071,2024-08-01,Oil Change,29646.65,Completed
M001346,V0055,2025-05-26,General Service,49598.93,Completed
M001347,V0089,2024-04-16,Battery Replacement,37660.56,Completed
M001348,V0010,2024-12-08,Engine Service,31394.88,Pending
M001349,V0075,2025-03-26,Oil Change,13047.4,Pending
M001350,V0006,2024-11-16,Brake Service,44289.28,Completed
M001351,V0076,2024-07-16,General Service,33749.97,Completed
M001352,V0059,2025-06-01,Brake Service,36379.73,Completed
M001353,V0035,2024-12-31,Oil Change,4072.19,Pending
M001354,V0035,2024-11-28,Tyre Replacement,8721.57,Completed
M001355,V0048,2025-01-11,Tyre Replacement,33438.33,Pending
M001356,V0058,2024-02-13,Brake Service,8705.98,Completed
M001357,V0069,2024-10-17,Engine Service,21966.37,Pending
M001358,V0031,2025-03-06,Tyre Replacement,17083.24,Pending
M001359,V0045,2024-07-30,Brake Service,2527.26,Completed
M001360,V0044,2024-08-17,Brake Service,33353.73,Pending
M001361,V0075,2024-07-21,General Service,15796.45,Pending
M001362,V0030,2025-04-21,Tyre Replacement,11572.82,Completed
M001363,V0030,2024-02-20,Tyre Replacement,7676.99,Completed
M001364,V0098,2024-03-04,Engine Service,35675.39,Completed
M001365,V0008,2024-07-18,Battery Replacement,1005.87,Completed
M001366,V0081,2025-12-24,Tyre Replacement,10555.42,Completed
M001367,V0033,2024-03-31,General Service,30127.66,Pending
M001368,V0002,2025-08-09,Engine Service,33153.44,Completed
M001369,V0034,2025-04-05,General Service,8445.48,Completed
M001370,V0038,2025-12-05,General Service,32882.98,Pending
M001371,V0046,2024-11-06,Tyre Replacement,17268.71,Completed
M001372,V0004,2024-03-11,Battery Replacement,10007.36,Completed
M001373,V0046,2024-12-22,General Service,5801.51,Completed
M001374,V0082,2025-03-07,Battery Replacement,49024.96,Completed
M001375,V0014,2024-05-24,Tyre Replacement,22274.02,Pending
M001376,V0006,2025-01-07,Engine Service,39917.82,Completed
M001377,V0030,2025-04-08,Battery Replacement,33573.52,Completed
M001378,V0063,2025-10-07,Engine Service,48708.88,Completed
M001379,V0023,2024-11-20,Brake Service,38136.08,Completed
M001380,V0062,2025-06-11,Engine Service,32064.02,Pending
M001381,V0050,2024-07-08,Battery Replacement,33161.12,Completed
M001382,V0071,2025-10-08,General Service,35685.98,Completed
M001383,V0046,2024-05-08,Oil Change,9310.07,Pending
M001384,V0032,2025-03-28,Oil Change,20486.61,Completed
M001385,V0010,2025-02-23,Engine Service,44914.16,Completed
M001386,V0018,2025-11-09,Tyre Replacement,42440.59,Pending
M001387,V0045,2024-04-02,Oil Change,18737.53,Pending
M001388,V0029,2024-01-14,Oil Change,20678.02,Completed
M001389,V0094,2024-05-22,General Service,26691.48,Pending
M001390,V0023,2024-05-24,Oil Change,20155.47,Completed
M001391,V0097,2025-06-16,Engine Service,3702.27,Completed
M001392,V0047,2025-11-08,General Service,41923.72,Completed
M001393,V0096,2025-01-02,Engine Service,23375.63,Pending
M001394,V0010,2025-10-01,Engine Service,26338.84,Completed
M001395,V0091,2025-05-30,General Service,10138.53,Completed
M001396,V0006,2025-05-22,Tyre Replacement,7513.39,Pending
M001397,V0089,2025-03-16,Battery Replacement,41769.55,Completed
M001398,V0086,2025-02-17,General Service,49874.57,Pending
M001399,V0090,2025-10-31,Tyre Replacement,15516.17,Pending
M001400,V0089,2025-04-30,General Service,46197.52,Completed
M001401,V0019,2025-02-18,Tyre Replacement,19535.61,Completed
M001402,V0094,2024-05-23,Tyre Replacement,27185.64,Pending
M001403,V0091,2025-06-27,Oil Change,14921.84,Completed
M001404,V0040,2024-10-09,Oil Change,20416.54,Pending
M001405,V0099,2024-07-07,Battery Replacement,4341.47,Pending
M001406,V0046,2025-11-25,Battery Replacement,3923.44,Completed
M001407,V0030,2025-10-17,Battery Replacement,34882.66,Completed
M001408,V0009,2025-10-20,Engine Service,5699.24,Completed
M001409,V0001,2024-05-16,General Service,11827.16,Pending
M001410,V0090,2024-01-17,Brake Service,667.51,Completed
M001411,V0019,2024-10-03,Engine Service,5983.68,Pending
M001412,V0053,2024-05-16,Oil Change,16232.93,Pending
M001413,V0065,2025-01-02,Brake Service,49327.66,Completed
M001414,V0014,2025-04-16,General Service,30780.92,Completed
M001415,V0050,2024-07-03,General Service,45218.0,Completed
M001416,V0015,2025-09-13,Oil Change,29757.88,Pending
M001417,V0061,2024-09-06,General Service,16795.91,Completed
M001418,V0091,2025-06-20,Engine Service,3290.35,Completed
M001419,V0026,2025-08-22,Tyre Replacement,40972.1,Pending
M001420,V0092,2025-05-28,Brake Service,1677.13,Completed
M001421,V0079,2025-01-13,Battery Replacement,6171.46,Completed
M001422,V0017,2024-12-08,Oil Change,23953.31,Pending
M001423,V0006,2025-04-16,General Service,46782.5,Completed
M001424,V0095,2025-05-21,General Service,6728.1,Completed
M001425,V0098,2024-10-11,General Service,9854.91,Completed
M001426,V0064,2025-12-19,Oil Change,37881.94,Completed
M001427,V0056,2025-08-30,Brake Service,36775.55,Completed
M001428,V0009,2024-02-26,Engine Service,28640.27,Completed
M001429,V0031,2024-11-14,Battery Replacement,10597.23,Completed
M001430,V0084,2024-04-12,Brake Service,26937.77,Completed
M001431,V0084,2025-04-24,Oil Change,20270.82,Completed
M001432,V0043,2025-06-21,Tyre Replacement,21446.66,Completed
M001433,V0092,2025-11-07,Oil Change,17246.44,Completed
M001434,V0002,2024-11-28,Brake Service,43424.01,Completed
M001435,V0058,2025-11-07,Engine Service,39065.73,Completed
M001436,V0092,2025-08-27,Tyre Replacement,31959.01,Completed
M001437,V0096,2025-06-19,Oil Change,8350.04,Completed
M001438,V0099,2024-03-25,Tyre Replacement,27870.19,Completed
M001439,V0042,2024-12-14,Tyre Replacement,31844.03,Completed
M001440,V0016,2025-04-01,Engine Service,42789.59,Completed
M001441,V0081,2024-04-27,Battery Replacement,48233.39,Completed
M001442,V0092,2025-06-19,Brake Service,20925.35,Completed
M001443,V0013,2025-11-29,Brake Service,38726.56,Completed
M001444,V0086,2024-12-04,Brake Service,43582.82,Completed
M001445,V0055,2024-11-28,Oil Change,23294.64,Completed
M001446,V0037,2025-09-13,Engine Service,23733.62,Completed
M001447,V0085,2025-12-24,Engine Service,31411.05,Pending
M001448,V0057,2024-01-26,Engine Service,20403.68,Completed
M001449,V0090,2025-10-19,Engine Service,41013.85,Completed
M001450,V0056,2025-07-03,Oil Change,33594.45,Pending
M001451,V0030,2025-06-01,Brake Service,25562.36,Pending
M001452,V0055,2025-03-30,Oil Change,49498.88,Pending
M001453,V0095,2024-10-15,Brake Service,42951.73,Completed
M001454,V0033,2024-03-14,General Service,33081.84,Completed
M001455,V0043,2025-10-05,Engine Service,5988.22,Completed
M001456,V0018,2024-09-23,Brake Service,23056.75,Completed
M001457,V0035,2024-10-16,General Service,19032.81,Completed
M001458,V0078,2025-08-05,Oil Change,9090.22,Completed
M001459,V0046,2025-05-04,Tyre Replacement,7075.65,Completed
M001460,V0093,2025-03-16,Battery Replacement,49697.29,Pending
M001461,V0037,2024-10-27,Battery Replacement,36452.65,Pending
M001462,V0009,2025-10-18,Tyre Replacement,21555.54,Completed
M001463,V0074,2024-05-14,Battery Replacement,44702.93,Pending
M001464,V0047,2025-07-08,Battery Replacement,11433.78,Pending
M001465,V0047,2024-04-28,Brake Service,48408.72,Pending
M001466,V0090,2025-08-24,Oil Change,18969.0,Completed
M001467,V0026,2025-09-18,General Service,10356.77,Completed
M001468,V0039,2024-05-28,Engine Service,46434.47,Pending
M001469,V0041,2024-11-12,Battery Replacement,38792.36,Completed
M001470,V0056,2025-03-12,Brake Service,31836.24,Completed
M001471,V0037,2025-05-07,Engine Service,41292.05,Completed
M001472,V0015,2025-02-21,Tyre Replacement,40906.02,Pending
M001473,V0006,2025-12-10,Brake Service,31509.35,Completed
M001474,V0027,2025-03-30,Tyre Replacement,17544.01,Completed
M001475,V0088,2024-10-19,Brake Service,48558.66,Completed
M001476,V0063,2024-01-31,Brake Service,35191.43,Completed
M001477,V0061,2025-11-04,Tyre Replacement,46243.5,Completed
M001478,V0018,2024-12-14,Engine Service,45105.79,Completed
M001479,V0033,2025-06-24,Oil Change,26874.15,Pending
M001480,V0066,2024-10-07,Tyre Replacement,10143.06,Completed
M001481,V0019,2025-02-06,Oil Change,33354.9,Completed
M001482,V0087,2025-02-04,Oil Change,2668.13,Completed
M001483,V0076,2025-06-07,Oil Change,38474.77,Pending
M001484,V0089,2024-11-14,Oil Change,6673.54,Completed
M001485,V0090,2024-08-03,Tyre Replacement,43199.26,Completed
M001486,V0052,2025-05-11,Oil Change,28234.88,Completed
M001487,V0086,2024-07-11,General Service,8571.56,Completed
M001488,V0095,2024-10-25,Battery Replacement,37498.16,Completed
M001489,V0048,2024-03-20,General Service,30396.95,Completed
M001490,V0043,2024-09-18,Tyre Replacement,34245.97,Completed
M001491,V0091,2025-01-23,Battery Replacement,35458.22,Pending
M001492,V0023,2024-01-03,Engine Service,26315.88,Completed
M001493,V0015,2024-05-26,Brake Service,40770.85,Completed
M001494,V0080,2024-08-31,Oil Change,30643.89,Completed
M001495,V0089,2025-12-08,General Service,40693.97,Completed
M001496,V0035,2024-06-28,General Service,5683.58,Completed
M001497,V0025,2024-09-24,Tyre Replacement,43263.77,Completed
M001498,V0037,2024-11-15,Engine Service,32212.93,Completed
M001499,V0005,2024-08-10,Brake Service,35254.01,Completed
M001500,V0097,2025-07-08,General Service,12833.43,Completed
M001501,V0070,2024-06-07,General Service,29783.25,Completed
M001502,V0038,2024-06-05,Engine Service,14478.59,Completed
M001503,V0010,2025-10-07,Brake Service,13322.11,Pending
M001504,V0048,2024-05-11,Oil Change,39040.22,Completed
M001505,V0035,2024-12-20,Battery Replacement,11160.79,Completed
M001506,V0052,2025-01-12,Battery Replacement,8195.18,Pending
M001507,V0032,2025-07-05,Engine Service,9460.18,Completed
M001508,V0010,2024-06-11,Brake Service,3724.31,Completed
M001509,V0051,2024-09-03,Engine Service,34522.98,Completed
M001510,V0013,2025-09-03,Oil Change,29772.09,Completed
M001511,V0053,2025-10-10,Battery Replacement,41618.99,Completed
M001512,V0054,2025-03-19,Oil Change,4744.54,Completed
M001513,V0076,2024-04-29,Battery Replacement,37004.88,Completed
M001514,V0067,2024-03-24,Brake Service,38346.19,Completed
M001515,V0089,2025-05-28,Tyre Replacement,44169.16,Pending
M001516,V0077,2025-10-02,Brake Service,25987.82,Completed
M001517,V0058,2025-03-23,Brake Service,41387.8,Completed
M001518,V0044,2025-06-17,Engine Service,41337.09,Pending
M001519,V0073,2025-01-26,General Service,43171.06,Pending
M001520,V0021,2025-09-20,Tyre Replacement,26488.5,Pending
M001521,V0003,2025-02-22,Oil Change,40550.71,Completed
M001522,V0027,2024-01-08,Oil Change,1388.07,Completed
M001523,V0081,2024-03-25,Tyre Replacement,18883.67,Completed
M001524,V0059,2024-05-15,General Service,28908.81,Completed
M001525,V0038,2025-07-11,Battery Replacement,41375.36,Pending
M001526,V0012,2024-12-31,Brake Service,4736.34,Completed
M001527,V0032,2024-11-14,Battery Replacement,34780.4,Completed
M001528,V0061,2025-07-29,General Service,48851.59,Completed
M001529,V0004,2024-12-14,Battery Replacement,45875.95,Completed
M001530,V0031,2025-01-30,Engine Service,45867.22,Completed
M001531,V0007,2024-08-13,Oil Change,23968.56,Pending
M001532,V0073,2025-07-22,Tyre Replacement,4616.49,Completed
M001533,V0048,2025-08-18,Brake Service,31453.92,Completed
M001534,V0059,2024-08-20,Brake Service,7685.1,Pending
M001535,V0032,2025-09-22,Oil Change,43186.65,Completed
M001536,V0027,2024-08-31,Oil Change,17701.31,Pending
M001537,V0034,2024-04-14,Tyre Replacement,48912.33,Completed
M001538,V0005,2024-03-26,Tyre Replacement,7490.0,Completed
M001539,V0016,2025-04-18,Oil Change,20374.48,Completed
M001540,V0026,2025-07-29,Battery Replacement,8698.3,Completed
M001541,V0062,2025-09-02,Battery Replacement,41354.74,Completed
M001542,V0024,2024-12-14,Battery Replacement,47613.95,Completed
M001543,V0012,2024-12-05,Tyre Replacement,40817.69,Completed
M001544,V0068,2025-01-08,Engine Service,2505.31,Pending
M001545,V0069,2024-07-07,Tyre Replacement,5601.07,Pending
M001546,V0040,2025-08-24,Tyre Replacement,20140.04,Pending
M001547,V0021,2024-06-16,General Service,6524.57,Completed
M001548,V0076,2024-09-02,Battery Replacement,45147.48,Completed
M001549,V0094,2024-12-11,Oil Change,28738.83,Completed
M001550,V0038,2024-12-29,Oil Change,25245.81,Completed
M001551,V0016,2024-10-12,Engine Service,10046.19,Completed
M001552,V0073,2024-01-20,Oil Change,47372.06,Completed
M001553,V0098,2024-01-16,Battery Replacement,5988.91,Completed
M001554,V0047,2024-10-17,General Service,4941.98,Completed
M001555,V0036,2025-12-10,Brake Service,29150.36,Pending
M001556,V0035,2024-05-10,Tyre Replacement,17298.93,Pending
M001557,V0090,2024-05-06,Battery Replacement,2228.14,Completed
M001558,V0053,2025-04-24,Battery Replacement,40891.38,Completed
M001559,V0005,2025-09-06,General Service,48562.37,Completed
M001560,V0013,2024-10-01,Tyre Replacement,25771.63,Pending
M001561,V0017,2024-11-21,Engine Service,3121.34,Completed
M001562,V0073,2024-04-02,Brake Service,21708.11,Completed
M001563,V0045,2024-07-05,Brake Service,43501.1,Completed
M001564,V0068,2025-06-05,General Service,15691.27,Pending
M001565,V0068,2024-12-10,Engine Service,36691.05,Pending
M001566,V0082,2025-11-13,Brake Service,38951.24,Completed
M001567,V0037,2025-11-11,Engine Service,49132.48,Completed
M001568,V0081,2024-05-04,Engine Service,26923.59,Completed
M001569,V0076,2024-12-29,Tyre Replacement,25348.78,Pending
M001570,V0023,2025-04-06,Engine Service,6548.7,Completed
M001571,V0052,2024-08-11,Oil Change,40642.92,Pending
M001572,V0011,2025-11-02,Battery Replacement,2989.22,Pending
M001573,V0099,2025-02-14,Tyre Replacement,11880.1,Completed
M001574,V0017,2024-12-14,General Service,30450.11,Completed
M001575,V0065,2025-04-09,Battery Replacement,19550.19,Completed
M001576,V0092,2025-04-19,Brake Service,48105.04,Pending
M001577,V0013,2025-02-07,Brake Service,23688.93,Completed
M001578,V0095,2025-05-01,Tyre Replacement,7103.18,Completed
M001579,V0092,2024-09-04,Oil Change,26194.35,Pending
M001580,V0086,2024-08-13,Brake Service,45537.28,Completed
M001581,V0081,2025-01-27,General Service,39470.25,Completed
M001582,V0092,2025-10-21,Brake Service,18488.88,Completed
M001583,V0034,2025-10-20,Engine Service,45045.6,Completed
M001584,V0100,2024-02-17,Engine Service,6876.66,Completed
M001585,V0046,2024-12-16,Tyre Replacement,49398.62,Completed
M001586,V0004,2024-08-23,Oil Change,27217.18,Completed
M001587,V0100,2024-01-14,Battery Replacement,6923.5,Pending
M001588,V0020,2025-12-22,General Service,40568.98,Completed
M001589,V0083,2025-11-22,Tyre Replacement,5447.42,Completed
M001590,V0006,2024-04-07,Tyre Replacement,30975.45,Completed
M001591,V0035,2024-05-26,General Service,18320.58,Completed
M001592,V0075,2025-06-02,Battery Replacement,48869.84,Completed
M001593,V0002,2024-08-31,Battery Replacement,22429.53,Completed
M001594,V0024,2024-04-23,General Service,19808.82,Pending
M001595,V0033,2024-07-13,Brake Service,14404.9,Completed
M001596,V0038,2025-08-14,Engine Service,48068.39,Completed
M001597,V0074,2024-01-02,General Service,39172.8,Completed
M001598,V0100,2025-08-19,General Service,45174.98,Pending
M001599,V0048,2024-01-26,Battery Replacement,44070.99,Pending
M001600,V0024,2024-07-19,Tyre Replacement,1509.61,Completed
M001601,V0009,2025-06-12,Engine Service,27680.8,Pending
M001602,V0003,2024-04-20,General Service,30899.8,Completed
M001603,V0048,2025-05-22,General Service,37436.87,Completed
M001604,V0082,2024-04-14,Tyre Replacement,20403.92,Completed
M001605,V0056,2025-06-27,Tyre Replacement,40293.51,Completed
M001606,V0039,2024-05-27,Battery Replacement,28327.99,Completed
M001607,V0027,2024-01-27,Oil Change,30912.43,Pending
M001608,V0047,2024-05-27,Battery Replacement,32993.82,Pending
M001609,V0030,2025-09-16,Engine Service,9962.94,Completed
M001610,V0008,2025-11-03,Battery Replacement,1412.9,Completed
M001611,V0021,2024-09-27,Engine Service,4616.39,Pending
M001612,V0008,2025-01-09,Tyre Replacement,11601.86,Completed
M001613,V0004,2024-09-21,Engine Service,25807.58,Completed
M001614,V0098,2024-09-05,Brake Service,3535.18,Completed
M001615,V0051,2025-11-02,Oil Change,36550.14,Completed
M001616,V0046,2024-10-30,Battery Replacement,30517.58,Pending
M001617,V0099,2024-09-02,Battery Replacement,32967.6,Completed
M001618,V0055,2024-05-10,General Service,24100.37,Completed
M001619,V0047,2025-06-15,Tyre Replacement,13943.1,Pending
M001620,V0095,2024-08-12,Brake Service,2544.06,Completed
M001621,V0084,2025-05-01,Oil Change,29315.04,Completed
M001622,V0076,2025-09-02,Tyre Replacement,34355.71,Completed
M001623,V0045,2024-12-28,Tyre Replacement,40035.31,Completed
M001624,V0050,2025-06-16,Battery Replacement,35984.77,Completed
M001625,V0018,2025-11-30,Engine Service,12712.19,Pending
M001626,V0078,2025-06-02,Battery Replacement,29707.17,Pending
M001627,V0096,2024-06-02,Tyre Replacement,4464.4,Completed
M001628,V0047,2025-06-16,Battery Replacement,33488.99,Completed
M001629,V0081,2024-10-08,Battery Replacement,34851.84,Completed
M001630,V0085,2025-12-26,Engine Service,38566.61,Completed
M001631,V0090,2024-03-11,Engine Service,4343.28,Completed
M001632,V0053,2024-10-27,Engine Service,31472.06,Pending
M001633,V0042,2025-01-09,General Service,5826.37,Completed
M001634,V0035,2024-05-05,Brake Service,6072.57,Completed
M001635,V0001,2025-08-12,Battery Replacement,4606.31,Pending
M001636,V0026,2024-08-09,General Service,22265.24,Pending
M001637,V0022,2025-12-19,General Service,37478.29,Completed
M001638,V0075,2025-02-08,Tyre Replacement,13110.82,Completed
M001639,V0060,2025-04-12,Engine Service,23785.33,Completed
M001640,V0073,2024-05-14,Oil Change,38287.94,Pending
M001641,V0055,2024-12-17,Oil Change,5583.52,Completed
M001642,V0097,2024-05-18,Tyre Replacement,37609.09,Completed
M001643,V0099,2024-09-23,Brake Service,42404.32,Completed
M001644,V0009,2024-06-30,Engine Service,16214.26,Completed
M001645,V0014,2024-03-29,Battery Replacement,31537.18,Completed
M001646,V0029,2024-04-12,Battery Replacement,19729.25,Pending
M001647,V0070,2024-09-27,General Service,2798.67,Completed
M001648,V0057,2025-01-21,Tyre Replacement,45555.46,Completed
M001649,V0099,2025-05-30,Engine Service,16671.34,Completed
M001650,V0051,2024-11-24,Battery Replacement,47500.33,Completed
M001651,V0054,2025-10-13,Oil Change,41952.84,Completed
M001652,V0079,2024-11-08,Battery Replacement,18547.41,Pending
M001653,V0025,2024-04-14,Battery Replacement,21268.31,Pending
M001654,V0032,2025-02-01,Oil Change,791.28,Completed
M001655,V0050,2024-02-23,Battery Replacement,28831.18,Pending
M001656,V0074,2024-03-25,General Service,18409.5,Pending
M001657,V0086,2024-04-03,Engine Service,15684.35,Completed
M001658,V0042,2024-08-21,Brake Service,11663.3,Completed
M001659,V0021,2024-10-21,Brake Service,36341.43,Completed
M001660,V0056,2025-06-05,Oil Change,1408.36,Pending
M001661,V0039,2024-05-05,Brake Service,10622.04,Pending
M001662,V0095,2024-04-26,General Service,14816.98,Pending
M001663,V0001,2025-07-19,Oil Change,42707.75,Pending
M001664,V0091,2025-07-03,General Service,42230.86,Completed
M001665,V0058,2025-05-15,Brake Service,12631.87,Completed
M001666,V0087,2024-05-05,Engine Service,5156.47,Pending
M001667,V0061,2025-07-02,Oil Change,33132.32,Completed
M001668,V0001,2024-07-23,General Service,28298.02,Completed
M001669,V0091,2024-01-01,Oil Change,24604.36,Completed
M001670,V0021,2024-10-24,General Service,24359.04,Pending
M001671,V0043,2024-04-05,Battery Replacement,40727.52,Pending
M001672,V0093,2024-03-12,Engine Service,36197.08,Completed
M001673,V0039,2025-09-22,Tyre Replacement,2109.55,Completed
M001674,V0037,2024-06-16,Oil Change,39463.37,Completed
M001675,V0093,2025-12-21,Engine Service,31264.85,Pending
M001676,V0075,2025-01-17,Engine Service,18565.64,Completed
M001677,V0056,2024-12-10,General Service,1830.25,Completed
M001678,V0013,2024-10-26,General Service,17476.14,Completed
M001679,V0030,2025-05-30,Engine Service,17884.49,Completed
M001680,V0008,2025-07-30,Tyre Replacement,34554.14,Pending
M001681,V0075,2024-02-04,Oil Change,48949.86,Pending
M001682,V0023,2024-09-29,Battery Replacement,30003.49,Pending
M001683,V0077,2024-05-19,Tyre Replacement,3177.11,Completed
M001684,V0049,2024-09-14,Engine Service,29364.26,Completed
M001685,V0080,2025-01-07,General Service,6886.07,Completed
M001686,V0077,2025-11-05,Brake Service,11461.0,Completed
M001687,V0041,2024-08-31,Battery Replacement,2497.06,Completed
M001688,V0043,2025-07-18,Brake Service,13098.82,Pending
M001689,V0084,2024-04-03,Engine Service,9725.63,Pending
M001690,V0021,2024-05-02,Engine Service,44030.48,Pending
M001691,V0012,2025-10-08,Oil Change,40905.81,Completed
M001692,V0050,2024-02-23,Oil Change,10535.87,Pending
M001693,V0035,2024-05-17,Oil Change,42869.45,Pending
M001694,V0068,2025-05-12,Tyre Replacement,1135.53,Completed
M001695,V0083,2025-08-03,Tyre Replacement,7859.23,Completed
M001696,V0002,2025-01-31,General Service,44947.87,Pending
M001697,V0062,2025-09-23,Brake Service,18775.12,Pending
M001698,V0018,2025-01-21,Oil Change,24665.29,Completed
M001699,V0026,2024-01-26,General Service,12679.68,Completed
M001700,V0028,2025-11-14,Tyre Replacement,29684.55,Completed
M001701,V0071,2024-12-21,Battery Replacement,26142.16,Pending
M001702,V0097,2024-05-03,Tyre Replacement,22174.99,Completed
M001703,V0068,2025-03-15,Battery Replacement,1805.59,Completed
M001704,V0052,2024-08-11,Engine Service,38788.58,Completed
M001705,V0034,2025-11-28,Battery Replacement,23160.72,Completed
M001706,V0069,2024-01-13,Engine Service,46048.77,Completed
M001707,V0055,2024-06-09,Battery Replacement,10984.57,Completed
M001708,V0083,2024-01-07,Engine Service,38114.6,Pending
M001709,V0054,2025-05-24,Battery Replacement,942.08,Completed
M001710,V0039,2024-04-29,Battery Replacement,37563.51,Completed
M001711,V0003,2025-07-16,Battery Replacement,43547.35,Completed
M001712,V0006,2025-03-07,Engine Service,2758.04,Pending
M001713,V0012,2024-11-05,Engine Service,13267.97,Completed
M001714,V0011,2025-10-31,Oil Change,26626.66,Completed
M001715,V0011,2025-09-19,Tyre Replacement,47551.21,Pending
M001716,V0099,2025-06-16,Oil Change,41435.27,Completed
M001717,V0055,2024-07-06,Brake Service,29546.07,Pending
M001718,V0073,2024-10-29,Engine Service,43921.25,Completed
M001719,V0005,2024-05-18,General Service,25667.26,Completed
M001720,V0064,2024-12-18,Brake Service,24055.21,Completed
M001721,V0017,2025-03-16,General Service,3423.91,Completed
M001722,V0066,2025-11-11,Battery Replacement,44532.12,Completed
M001723,V0058,2025-12-26,Battery Replacement,1355.25,Pending
M001724,V0095,2025-02-21,General Service,20749.52,Pending
M001725,V0019,2024-06-02,Battery Replacement,17899.07,Pending
M001726,V0014,2024-10-14,Brake Service,11203.71,Completed
M001727,V0083,2024-08-24,General Service,13560.06,Completed
M001728,V0009,2025-06-25,Oil Change,23422.89,Completed
M001729,V0038,2024-11-19,Engine Service,7230.2,Completed
M001730,V0040,2025-08-17,Brake Service,9750.63,Completed
M001731,V0020,2024-11-08,Oil Change,2004.95,Completed
M001732,V0015,2024-07-24,Tyre Replacement,6812.12,Completed
M001733,V0095,2024-07-27,Brake Service,32451.03,Completed
M001734,V0024,2024-11-23,General Service,22055.91,Completed
M001735,V0072,2024-07-10,Tyre Replacement,42935.2,Completed
M001736,V0099,2025-03-30,Tyre Replacement,47958.37,Completed
M001737,V0073,2024-09-05,General Service,8038.73,Completed
M001738,V0087,2025-02-22,General Service,6637.35,Completed
M001739,V0057,2025-02-19,Tyre Replacement,16361.09,Completed
M001740,V0020,2025-06-22,Engine Service,36140.03,Completed
M001741,V0065,2025-11-23,General Service,47234.05,Pending
M001742,V0068,2025-03-30,Engine Service,48426.84,Pending
M001743,V0079,2024-05-14,Engine Service,13345.7,Completed
M001744,V0017,2025-10-11,Tyre Replacement,21708.4,Pending
M001745,V0054,2024-05-30,Oil Change,42863.32,Pending
M001746,V0040,2025-12-10,Engine Service,19140.03,Completed
M001747,V0044,2024-03-01,Oil Change,36338.88,Completed
M001748,V0073,2025-07-11,Battery Replacement,11809.81,Pending
M001749,V0090,2024-01-16,Engine Service,32091.82,Pending
M001750,V0088,2024-07-10,General Service,47543.96,Completed
M001751,V0008,2024-01-03,Tyre Replacement,6082.57,Completed
M001752,V0036,2024-11-18,Battery Replacement,49340.94,Completed
M001753,V0017,2025-02-07,Tyre Replacement,41601.11,Completed
M001754,V0022,2024-10-23,Tyre Replacement,15385.46,Pending
M001755,V0018,2025-07-14,Engine Service,35901.14,Pending
M001756,V0064,2024-06-11,Brake Service,4806.57,Pending
M001757,V0100,2025-10-26,Tyre Replacement,5960.39,Completed
M001758,V0094,2024-06-28,Brake Service,19165.26,Pending
M001759,V0013,2024-11-23,Battery Replacement,22064.75,Completed
M001760,V0038,2025-11-14,Oil Change,8259.82,Completed
M001761,V0085,2024-10-31,Oil Change,38052.93,Completed
M001762,V0083,2024-09-21,Engine Service,32007.09,Completed
M001763,V0063,2025-11-22,Tyre Replacement,28330.43,Completed
M001764,V0081,2024-07-07,Brake Service,14344.08,Completed
M001765,V0003,2025-08-22,General Service,43156.83,Completed
M001766,V0075,2024-06-22,Tyre Replacement,18418.06,Completed
M001767,V0060,2025-05-17,Tyre Replacement,47161.58,Completed
M001768,V0024,2024-10-09,Engine Service,38197.83,Pending
M001769,V0026,2024-05-27,Engine Service,5502.93,Completed
M001770,V0100,2024-05-11,Tyre Replacement,48077.16,Completed
M001771,V0021,2024-09-12,Engine Service,20466.66,Completed
M001772,V0023,2025-12-03,Battery Replacement,44049.24,Completed
M001773,V0095,2024-02-08,Brake Service,15428.74,Completed
M001774,V0078,2025-01-05,General Service,28925.04,Pending
M001775,V0028,2025-08-25,Engine Service,35511.75,Pending
M001776,V0067,2025-10-01,Oil Change,16005.52,Completed
M001777,V0098,2025-10-24,Battery Replacement,4052.16,Completed
M001778,V0008,2024-10-07,Oil Change,33578.33,Completed
M001779,V0069,2024-11-03,Battery Replacement,682.41,Completed
M001780,V0027,2025-10-03,Brake Service,45904.11,Completed
M001781,V0074,2025-07-15,Battery Replacement,49942.97,Completed
M001782,V0080,2024-07-24,Battery Replacement,4962.29,Completed
M001783,V0050,2024-10-17,Engine Service,47337.57,Pending
M001784,V0040,2025-12-22,Engine Service,20192.77,Pending
M001785,V0004,2025-07-19,Tyre Replacement,42922.93,Completed
M001786,V0062,2024-07-22,Engine Service,48673.99,Completed
M001787,V0036,2025-04-06,Oil Change,4943.66,Completed
M001788,V0063,2025-11-08,Engine Service,38166.04,Pending
M001789,V0097,2025-07-26,Battery Replacement,5520.9,Completed
M001790,V0028,2025-09-13,Engine Service,31673.15,Completed
M001791,V0076,2024-08-05,Brake Service,1835.11,Completed
M001792,V0017,2025-06-28,Brake Service,11225.15,Completed
M001793,V0086,2025-10-04,Engine Service,41344.13,Completed
M001794,V0100,2024-03-01,Tyre Replacement,27542.01,Completed
M001795,V0063,2024-12-19,Brake Service,12943.51,Pending
M001796,V0009,2025-09-01,Oil Change,28963.97,Completed
M001797,V0014,2025-01-10,Tyre Replacement,14176.83,Pending
M001798,V0068,2024-02-12,Tyre Replacement,19407.62,Pending
M001799,V0049,2025-02-18,Brake Service,29847.15,Completed
M001800,V0089,2024-06-30,Engine Service,18008.68,Pending
M001801,V0026,2024-08-13,Tyre Replacement,36213.61,Completed
M001802,V0008,2025-11-05,Brake Service,48927.55,Completed
M001803,V0077,2025-01-01,General Service,30873.87,Completed
M001804,V0050,2025-11-01,Oil Change,2511.04,Pending
M001805,V0024,2024-12-12,Tyre Replacement,8943.47,Pending
M001806,V0021,2024-10-11,Oil Change,46950.59,Completed
M001807,V0045,2024-11-17,General Service,34459.7,Pending
M001808,V0080,2024-07-21,Engine Service,19413.82,Pending
M001809,V0064,2024-07-09,General Service,34013.45,Pending
M001810,V0002,2024-10-28,General Service,24504.69,Completed
M001811,V0089,2025-09-03,General Service,13847.56,Completed
M001812,V0015,2025-12-20,Tyre Replacement,8774.48,Completed
M001813,V0016,2025-03-17,Tyre Replacement,31991.4,Completed
M001814,V0005,2024-01-16,Engine Service,13650.08,Completed
M001815,V0009,2025-10-19,Battery Replacement,7211.7,Completed
M001816,V0029,2024-07-18,Oil Change,22313.32,Completed
M001817,V0022,2025-05-30,Battery Replacement,3234.35,Completed
M001818,V0076,2025-11-29,General Service,18426.07,Completed
M001819,V0073,2025-11-22,Battery Replacement,45229.62,Completed
M001820,V0079,2024-11-26,Brake Service,27365.51,Pending
M001821,V0092,2024-12-12,Oil Change,49220.6,Completed
M001822,V0029,2024-05-02,General Service,35379.23,Completed
M001823,V0011,2024-07-16,Brake Service,36042.02,Completed
M001824,V0082,2024-01-25,General Service,45641.4,Pending
M001825,V0061,2025-01-23,Battery Replacement,1890.29,Completed
M001826,V0046,2025-09-25,Brake Service,32003.99,Pending
M001827,V0078,2025-06-30,Engine Service,15487.72,Completed
M001828,V0096,2025-02-20,General Service,8423.75,Completed
M001829,V0053,2025-10-20,Engine Service,1458.86,Completed
M001830,V0094,2025-09-21,Battery Replacement,17977.45,Pending
M001831,V0023,2025-12-30,Engine Service,5184.61,Completed
M001832,V0025,2025-04-23,Tyre Replacement,17242.24,Completed
M001833,V0091,2024-02-05,Oil Change,10471.19,Pending
M001834,V0043,2024-11-22,Battery Replacement,23693.9,Completed
M001835,V0090,2025-06-25,Oil Change,39974.47,Completed
M001836,V0055,2025-11-18,Engine Service,26320.35,Pending
M001837,V0016,2025-07-23,Engine Service,13442.7,Completed
M001838,V0069,2025-03-20,Tyre Replacement,38583.34,Completed
M001839,V0019,2024-01-10,General Service,48942.61,Completed
M001840,V0074,2024-07-30,Tyre Replacement,30321.84,Completed
M001841,V0011,2024-08-20,Oil Change,3946.08,Completed
M001842,V0060,2025-07-16,Tyre Replacement,24782.58,Pending
M001843,V0082,2025-12-13,General Service,34239.04,Completed
M001844,V0079,2024-05-19,Engine Service,2551.18,Pending
M001845,V0078,2025-12-21,Engine Service,14893.45,Completed
M001846,V0093,2025-07-16,General Service,25507.38,Completed
M001847,V0027,2025-01-24,Tyre Replacement,38642.76,Completed
M001848,V0034,2024-01-13,Oil Change,17662.51,Completed
M001849,V0008,2025-04-06,Brake Service,41890.82,Pending
M001850,V0053,2024-08-26,General Service,26707.01,Completed
M001851,V0093,2024-09-28,Oil Change,30491.1,Pending
M001852,V0021,2024-08-15,Engine Service,11701.07,Completed
M001853,V0063,2025-02-08,General Service,39876.64,Pending
M001854,V0009,2024-12-11,Brake Service,13519.85,Completed
M001855,V0089,2024-06-17,Battery Replacement,30363.89,Completed
M001856,V0093,2025-07-19,General Service,2199.23,Pending
M001857,V0083,2024-02-06,Oil Change,33166.11,Completed
M001858,V0019,2024-07-06,Brake Service,34467.69,Pending
M001859,V0074,2024-12-14,Tyre Replacement,18630.55,Completed
M001860,V0089,2025-08-06,Brake Service,12047.5,Completed
M001861,V0029,2025-10-22,Engine Service,17313.03,Pending
M001862,V0017,2024-02-25,Tyre Replacement,32862.36,Completed
M001863,V0047,2024-03-18,General Service,29610.02,Pending
M001864,V0066,2025-06-18,Engine Service,32970.95,Completed
M001865,V0039,2025-01-03,Battery Replacement,28654.47,Pending
M001866,V0025,2024-11-20,Brake Service,46969.87,Completed
M001867,V0099,2025-10-18,Battery Replacement,44991.03,Completed
M001868,V0027,2025-08-30,Tyre Replacement,3515.88,Completed
M001869,V0075,2025-07-13,Battery Replacement,39517.51,Completed
M001870,V0095,2025-07-30,Battery Replacement,25463.48,Pending
M001871,V0002,2024-09-11,General Service,21845.9,Completed
M001872,V0039,2024-04-08,Tyre Replacement,38624.75,Completed
M001873,V0009,2025-01-29,Oil Change,18922.37,Pending
M001874,V0022,2024-06-22,Brake Service,1402.96,Completed
M001875,V0088,2024-11-25,Tyre Replacement,5670.07,Pending
M001876,V0016,2025-07-08,Tyre Replacement,33371.48,Completed
M001877,V0063,2024-12-10,Oil Change,21699.91,Pending
M001878,V0008,2024-11-29,General Service,20321.07,Completed
M001879,V0004,2025-12-05,General Service,13894.17,Completed
M001880,V0018,2024-02-21,Battery Replacement,38769.11,Pending
M001881,V0016,2025-07-06,Tyre Replacement,26444.7,Completed
M001882,V0066,2025-11-11,Battery Replacement,24101.48,Completed
M001883,V0029,2025-01-18,Oil Change,17798.54,Completed
M001884,V0035,2025-11-09,Tyre Replacement,31101.74,Completed
M001885,V0039,2024-01-19,Oil Change,8048.42,Pending
M001886,V0092,2025-02-19,Engine Service,18730.79,Completed
M001887,V0064,2024-02-17,Battery Replacement,24556.51,Completed
M001888,V0076,2025-03-21,Battery Replacement,43130.07,Completed
M001889,V0032,2025-11-22,Tyre Replacement,37510.6,Completed
M001890,V0007,2025-07-30,Oil Change,28518.43,Completed
M001891,V0025,2025-06-12,Tyre Replacement,23721.5,Completed
M001892,V0010,2024-04-01,Tyre Replacement,36952.94,Pending
M001893,V0017,2025-03-28,General Service,36721.45,Completed
M001894,V0080,2024-08-05,Oil Change,20644.69,Pending
M001895,V0033,2025-04-17,General Service,18911.23,Completed
M001896,V0015,2025-09-19,Tyre Replacement,25708.33,Completed
M001897,V0096,2024-08-04,Battery Replacement,49343.68,Pending
M001898,V0087,2025-03-23,Tyre Replacement,15453.49,Completed
M001899,V0001,2025-07-19,Brake Service,46374.92,Completed
M001900,V0035,2025-07-03,Battery Replacement,40751.17,Pending
M001901,V0019,2025-09-12,Engine Service,15750.69,Pending
M001902,V0025,2025-03-15,Engine Service,35269.14,Completed
M001903,V0016,2025-10-17,Oil Change,719.55,Completed
M001904,V0100,2024-09-30,General Service,37433.33,Completed
M001905,V0014,2025-02-04,Oil Change,47841.08,Completed
M001906,V0005,2024-06-30,Engine Service,18910.79,Pending
M001907,V0041,2025-10-09,General Service,22197.41,Pending
M001908,V0028,2025-06-24,Battery Replacement,48049.81,Completed
M001909,V0005,2025-04-01,Oil Change,15792.15,Completed
M001910,V0005,2025-11-23,General Service,4141.8,Pending
M001911,V0036,2024-02-27,Tyre Replacement,30562.13,Completed
M001912,V0100,2024-03-29,Oil Change,14451.07,Completed
M001913,V0069,2024-11-15,Engine Service,1125.0,Completed
M001914,V0017,2025-06-24,Engine Service,34656.27,Pending
M001915,V0018,2024-05-01,Battery Replacement,10348.66,Completed
M001916,V0095,2025-04-21,Tyre Replacement,46667.79,Pending
M001917,V0082,2025-08-25,General Service,31509.8,Pending
M001918,V0017,2024-11-11,Engine Service,27320.02,Pending
M001919,V0062,2024-08-16,Tyre Replacement,12784.99,Completed
M001920,V0032,2024-07-05,General Service,10667.24,Completed
M001921,V0034,2025-12-17,General Service,33741.42,Pending
M001922,V0014,2024-01-25,Engine Service,35943.01,Completed
M001923,V0094,2025-02-03,Engine Service,20725.91,Completed
M001924,V0063,2025-08-14,Brake Service,43340.65,Pending
M001925,V0048,2025-04-11,General Service,45379.61,Pending
M001926,V0048,2024-07-26,Tyre Replacement,46793.68,Completed
M001927,V0086,2024-12-17,Tyre Replacement,3357.55,Pending
M001928,V0082,2024-07-22,Tyre Replacement,40273.29,Completed
M001929,V0059,2025-02-01,Engine Service,41634.7,Pending
M001930,V0086,2025-03-23,General Service,8777.14,Completed
M001931,V0056,2025-09-06,Engine Service,14817.75,Completed
M001932,V0074,2025-05-30,Battery Replacement,15519.43,Completed
M001933,V0039,2024-08-03,General Service,28373.48,Pending
M001934,V0091,2025-04-29,Tyre Replacement,5975.86,Completed
M001935,V0030,2024-10-26,Engine Service,4836.5,Completed
M001936,V0054,2025-01-02,General Service,38153.34,Pending
M001937,V0005,2024-02-10,General Service,44842.73,Completed
M001938,V0036,2025-11-26,Engine Service,2934.44,Completed
M001939,V0001,2025-02-13,Battery Replacement,30569.56,Completed
M001940,V0049,2024-08-02,Brake Service,26059.36,Completed
M001941,V0021,2024-09-15,Tyre Replacement,12874.65,Pending
M001942,V0054,2024-06-16,Tyre Replacement,29466.95,Completed
M001943,V0008,2025-08-27,Brake Service,30427.24,Completed
M001944,V0060,2025-04-13,Battery Replacement,26144.93,Completed
M001945,V0021,2024-05-12,Tyre Replacement,9213.59,Pending
M001946,V0024,2025-10-06,Brake Service,15614.2,Completed
M001947,V0057,2024-07-09,Engine Service,12199.29,Completed
M001948,V0013,2024-01-17,Engine Service,5299.07,Pending
M001949,V0009,2024-10-01,Tyre Replacement,12219.26,Completed
M001950,V0076,2024-10-14,Tyre Replacement,10918.12,Pending
M001951,V0015,2024-12-09,Battery Replacement,28451.92,Pending
M001952,V0068,2024-01-07,Brake Service,36924.92,Completed
M001953,V0098,2024-04-20,Engine Service,26289.19,Pending
M001954,V0051,2025-12-22,Brake Service,12184.95,Completed
M001955,V0028,2024-03-04,Tyre Replacement,24241.22,Completed
M001956,V0004,2025-06-18,General Service,32865.35,Completed
M001957,V0051,2025-04-19,Battery Replacement,24829.91,Completed
M001958,V0019,2025-11-19,General Service,37091.26,Completed
M001959,V0064,2024-08-12,Oil Change,19901.27,Completed
M001960,V0073,2024-09-05,Brake Service,32048.15,Pending
M001961,V0052,2025-06-02,General Service,21099.14,Pending
M001962,V0046,2024-07-20,Battery Replacement,5017.27,Pending
M001963,V0060,2025-05-24,Battery Replacement,10440.85,Pending
M001964,V0047,2025-11-27,Brake Service,24140.36,Completed
M001965,V0050,2024-04-16,Oil Change,3664.82,Pending
M001966,V0070,2024-09-05,Oil Change,8487.22,Completed
M001967,V0040,2025-08-01,Brake Service,7751.43,Completed
M001968,V0087,2024-04-09,Tyre Replacement,25130.56,Pending
M001969,V0044,2024-04-23,Engine Service,25709.56,Pending
M001970,V0032,2025-06-14,Brake Service,35478.68,Completed
M001971,V0044,2025-03-18,General Service,23418.94,Pending
M001972,V0099,2024-03-23,General Service,23206.97,Completed
M001973,V0005,2025-03-15,General Service,6893.74,Completed
M001974,V0059,2024-03-23,General Service,23855.16,Pending
M001975,V0005,2024-03-16,General Service,20978.8,Completed
M001976,V0041,2024-03-06,General Service,47303.96,Completed
M001977,V0037,2024-06-18,Engine Service,15904.83,Completed
M001978,V0038,2024-10-08,Tyre Replacement,29809.66,Completed
M001979,V0081,2025-01-26,Oil Change,42070.48,Pending
M001980,V0094,2025-04-26,Tyre Replacement,48763.96,Pending
M001981,V0055,2025-07-24,Battery Replacement,33825.69,Completed
M001982,V0023,2024-03-13,Oil Change,43944.96,Completed
M001983,V0032,2024-11-17,General Service,21070.61,Completed
M001984,V0085,2025-03-31,General Service,31577.34,Pending
M001985,V0014,2024-09-20,General Service,23018.49,Completed
M001986,V0016,2025-06-13,Engine Service,24939.34,Completed
M001987,V0012,2024-07-17,Tyre Replacement,36604.06,Pending
M001988,V0094,2024-04-30,Oil Change,38563.34,Completed
M001989,V0043,2024-04-06,Engine Service,40446.83,Completed
M001990,V0035,2025-12-31,Engine Service,14239.97,Completed
M001991,V0091,2025-12-03,Tyre Replacement,41761.18,Completed
M001992,V0091,2025-05-01,Battery Replacement,48679.41,Completed
M001993,V0092,2025-07-26,General Service,32267.12,Completed
M001994,V0064,2024-10-25,General Service,20625.4,Completed
M001995,V0060,2025-02-28,General Service,10976.44,Completed
M001996,V0082,2024-10-26,Tyre Replacement,47866.28,Completed
M001997,V0020,2024-02-04,Battery Replacement,30763.83,Pending
M001998,V0038,2025-10-31,Oil Change,28001.76,Completed
M001999,V0066,2025-11-16,Battery Replacement,13299.81,Completed
M002000,V0031,2024-10-11,Brake Service,38286.4,Completed
M002001,V0041,2025-07-04,General Service,39890.23,Completed
M002002,V0089,2025-11-07,Brake Service,5516.46,Completed
M002003,V0011,2025-04-19,Engine Service,29289.49,Pending
M002004,V0095,2025-08-07,Engine Service,25544.48,Pending
M002005,V0060,2024-10-16,General Service,16171.89,Completed
M002006,V0002,2024-10-23,Engine Service,19896.04,Completed
M002007,V0088,2025-08-24,Oil Change,44642.14,Pending
M002008,V0098,2024-02-07,Oil Change,21154.61,Completed
M002009,V0053,2024-03-07,General Service,31636.88,Completed
M002010,V0089,2024-01-02,Brake Service,29750.02,Pending
M002011,V0029,2024-10-21,General Service,2044.55,Pending
M002012,V0043,2024-10-04,Oil Change,36458.58,Pending
M002013,V0028,2024-03-07,Battery Replacement,14482.06,Pending
M002014,V0050,2025-01-23,Battery Replacement,14802.89,Pending
M002015,V0058,2025-06-11,General Service,40332.44,Completed
M002016,V0039,2025-02-07,Oil Change,43322.41,Completed
M002017,V0004,2025-01-23,Tyre Replacement,29413.22,Completed
M002018,V0098,2025-12-07,Oil Change,1191.87,Pending
M002019,V0072,2024-06-15,General Service,47216.76,Pending
M002020,V0085,2024-10-16,Brake Service,30130.4,Completed
M002021,V0024,2025-12-24,Battery Replacement,24243.46,Completed
M002022,V0022,2025-10-15,Oil Change,9789.81,Completed
M002023,V0063,2025-11-09,Oil Change,23504.55,Pending
M002024,V0064,2024-09-02,General Service,7005.7,Pending
M002025,V0054,2025-08-19,Brake Service,20149.45,Completed
M002026,V0019,2024-09-02,Engine Service,5774.85,Completed
M002027,V0072,2024-03-30,Brake Service,28767.32,Completed
M002028,V0025,2024-09-17,Oil Change,39580.39,Completed
M002029,V0048,2024-08-22,Tyre Replacement,31066.23,Completed
M002030,V0042,2025-02-16,Tyre Replacement,38490.68,Pending
M002031,V0040,2024-06-05,Tyre Replacement,23488.25,Completed
M002032,V0042,2024-10-04,Oil Change,19430.04,Pending
M002033,V0004,2025-02-27,Engine Service,10050.01,Pending
M002034,V0043,2025-04-25,Tyre Replacement,38058.7,Completed
M002035,V0071,2024-05-06,Brake Service,11352.72,Completed
M002036,V0022,2024-04-02,Battery Replacement,23253.61,Pending
M002037,V0041,2025-12-29,General Service,2716.38,Completed
M002038,V0074,2024-02-28,Tyre Replacement,42567.78,Completed
M002039,V0068,2025-12-19,Tyre Replacement,24522.39,Completed
M002040,V0074,2025-10-29,Tyre Replacement,11600.48,Pending
M002041,V0071,2024-07-16,Engine Service,3336.7,Completed
M002042,V0067,2024-05-30,Oil Change,15874.91,Completed
M002043,V0072,2025-06-29,Battery Replacement,30774.87,Completed
M002044,V0047,2024-09-10,Battery Replacement,6671.79,Pending
M002045,V0097,2024-05-04,Engine Service,41319.57,Completed
M002046,V0036,2025-12-23,Tyre Replacement,16289.71,Completed
M002047,V0051,2024-10-04,Battery Replacement,3973.4,Completed
M002048,V0048,2024-04-25,General Service,9995.36,Completed
M002049,V0074,2024-04-26,Tyre Replacement,21041.43,Pending
M002050,V0053,2024-11-17,Oil Change,20276.54,Completed
M002051,V0045,2024-06-22,General Service,38622.07,Pending
M002052,V0001,2025-10-25,Engine Service,6217.84,Completed
M002053,V0061,2025-06-21,Engine Service,22662.38,Pending
M002054,V0069,2024-03-05,Oil Change,27274.92,Pending
M002055,V0044,2025-11-13,Engine Service,37833.31,Pending
M002056,V0076,2025-03-30,General Service,32134.87,Completed
M002057,V0080,2024-05-30,General Service,17876.85,Completed
M002058,V0047,2025-10-31,Engine Service,24620.42,Pending
M002059,V0068,2025-11-17,Tyre Replacement,43091.01,Completed
M002060,V0035,2024-08-25,Engine Service,7774.57,Completed
M002061,V0025,2025-11-12,Brake Service,32832.49,Completed
M002062,V0091,2024-05-11,Engine Service,17928.21,Pending
M002063,V0003,2024-12-15,General Service,28285.36,Pending
M002064,V0089,2024-05-15,Brake Service,14736.04,Completed
M002065,V0035,2024-05-18,Oil Change,27186.69,Completed
M002066,V0087,2024-12-11,Engine Service,2516.46,Completed
M002067,V0053,2024-11-10,General Service,30097.56,Completed
M002068,V0074,2025-05-02,General Service,34017.31,Completed
M002069,V0066,2024-05-04,Brake Service,24548.94,Completed
M002070,V0003,2025-01-01,Tyre Replacement,7910.47,Pending
M002071,V0012,2024-01-21,Oil Change,16829.32,Completed
M002072,V0044,2025-02-18,Engine Service,23649.42,Completed
M002073,V0002,2025-01-13,Tyre Replacement,11671.29,Pending
M002074,V0003,2025-09-28,Oil Change,10120.86,Completed
M002075,V0005,2024-04-09,General Service,6076.52,Completed
M002076,V0068,2024-07-10,Oil Change,32329.76,Pending
M002077,V0036,2024-04-25,Battery Replacement,32062.42,Completed
M002078,V0057,2024-09-18,Engine Service,28166.21,Completed
M002079,V0054,2024-01-27,Battery Replacement,35941.71,Completed
M002080,V0053,2024-04-21,Tyre Replacement,3036.79,Completed
M002081,V0087,2025-10-09,General Service,13922.17,Pending
M002082,V0100,2024-06-12,Battery Replacement,4483.27,Completed
M002083,V0079,2025-09-18,Battery Replacement,48885.75,Pending
M002084,V0018,2024-11-15,Brake Service,9284.9,Completed
M002085,V0027,2024-05-10,Oil Change,46278.44,Pending
M002086,V0037,2024-07-26,Battery Replacement,27806.15,Completed
M002087,V0018,2024-08-21,Engine Service,1147.35,Pending
M002088,V0093,2025-10-14,Brake Service,12950.45,Completed
M002089,V0100,2025-04-28,Tyre Replacement,16788.12,Completed
M002090,V0028,2025-05-15,Tyre Replacement,10009.68,Completed
M002091,V0007,2024-03-15,Tyre Replacement,45017.31,Completed
M002092,V0071,2025-07-21,Tyre Replacement,39512.25,Pending
M002093,V0004,2024-10-12,Brake Service,18489.95,Pending
M002094,V0040,2024-06-18,Brake Service,17384.29,Completed
M002095,V0074,2025-09-26,Oil Change,3763.31,Completed
M002096,V0053,2024-04-11,Oil Change,12356.2,Pending
M002097,V0089,2024-08-24,Engine Service,42808.25,Completed
M002098,V0002,2024-04-30,Oil Change,1544.48,Completed
M002099,V0055,2025-02-06,Oil Change,12137.31,Completed
M002100,V0044,2024-03-06,Tyre Replacement,16610.2,Completed
M002101,V0018,2025-04-23,Engine Service,13995.9,Completed
M002102,V0057,2024-02-07,Battery Replacement,18671.58,Completed
M002103,V0090,2025-02-04,General Service,18324.06,Completed
M002104,V0074,2024-07-15,Tyre Replacement,16002.09,Completed
M002105,V0059,2025-01-21,General Service,38457.16,Pending
M002106,V0061,2024-03-22,Battery Replacement,19331.45,Pending
M002107,V0060,2024-06-17,Brake Service,31458.93,Completed
M002108,V0098,2024-11-23,Engine Service,25786.17,Completed
M002109,V0044,2024-10-30,Engine Service,36206.79,Completed
M002110,V0083,2025-04-16,General Service,44287.41,Pending
M002111,V0053,2024-06-27,Tyre Replacement,43278.15,Pending
M002112,V0095,2024-11-02,Brake Service,29600.35,Completed
M002113,V0037,2025-07-04,Engine Service,35784.41,Pending
M002114,V0063,2024-03-24,Brake Service,22304.34,Pending
M002115,V0029,2025-07-20,Oil Change,26144.32,Completed
M002116,V0021,2025-04-27,Engine Service,42360.58,Completed
M002117,V0096,2025-01-15,Brake Service,6764.25,Pending
M002118,V0035,2024-05-27,Battery Replacement,3759.87,Completed
M002119,V0053,2024-09-14,Tyre Replacement,36758.75,Completed
M002120,V0036,2024-09-22,Engine Service,25620.18,Pending
M002121,V0070,2024-02-21,Oil Change,1112.68,Pending
M002122,V0078,2024-09-23,Tyre Replacement,48662.16,Completed
M002123,V0039,2024-08-05,Battery Replacement,33769.23,Completed
M002124,V0019,2025-11-24,Battery Replacement,6478.24,Completed
M002125,V0033,2024-05-24,Battery Replacement,32188.88,Completed
M002126,V0051,2024-11-28,Battery Replacement,30058.2,Completed
M002127,V0090,2025-08-15,Oil Change,6633.92,Pending
M002128,V0018,2025-04-08,Oil Change,49519.78,Completed
M002129,V0098,2025-06-28,Engine Service,15299.21,Completed
M002130,V0012,2025-09-10,General Service,46139.92,Completed
M002131,V0002,2024-03-03,Tyre Replacement,19505.82,Completed
M002132,V0080,2025-10-06,Engine Service,29803.46,Completed
M002133,V0031,2025-06-23,Tyre Replacement,6632.33,Completed
M002134,V0100,2024-05-12,General Service,4197.89,Completed
M002135,V0040,2025-07-05,General Service,33086.28,Completed
M002136,V0051,2024-01-07,Battery Replacement,42405.89,Pending
M002137,V0090,2024-06-01,General Service,3808.9,Completed
M002138,V0051,2025-08-05,Oil Change,1440.51,Pending
M002139,V0057,2025-11-26,Oil Change,20754.96,Completed
M002140,V0067,2024-07-25,Tyre Replacement,3163.0,Completed
M002141,V0034,2024-05-04,Brake Service,20455.41,Completed
M002142,V0098,2024-02-22,Engine Service,47396.71,Pending
M002143,V0062,2025-05-11,Battery Replacement,14996.54,Completed
M002144,V0049,2025-06-29,Tyre Replacement,24403.83,Completed
M002145,V0066,2025-07-12,Tyre Replacement,39110.25,Pending
M002146,V0038,2024-07-01,Battery Replacement,38459.64,Completed
M002147,V0065,2024-05-31,General Service,9489.28,Completed
M002148,V0023,2024-06-29,Battery Replacement,3051.76,Completed
M002149,V0069,2025-04-10,General Service,37057.66,Completed
M002150,V0018,2024-12-06,Engine Service,26772.18,Completed
M002151,V0038,2024-09-02,Tyre Replacement,34273.29,Completed
M002152,V0077,2025-10-21,Engine Service,29536.7,Completed
M002153,V0043,2024-12-01,General Service,534.06,Pending
M002154,V0009,2025-09-23,Tyre Replacement,49883.23,Completed
M002155,V0004,2024-04-12,Tyre Replacement,34808.37,Completed
M002156,V0097,2025-05-05,Oil Change,13493.68,Completed
M002157,V0075,2025-09-01,Tyre Replacement,28149.73,Pending
M002158,V0007,2025-12-24,Oil Change,15111.11,Pending
M002159,V0057,2024-05-05,Battery Replacement,9325.18,Completed
M002160,V0054,2025-02-25,Battery Replacement,49388.61,Pending
M002161,V0053,2024-05-05,General Service,13122.28,Pending
M002162,V0012,2025-08-08,Brake Service,28335.64,Completed
M002163,V0070,2025-01-04,Brake Service,7895.23,Completed
M002164,V0002,2025-03-17,Battery Replacement,39912.36,Pending
M002165,V0083,2024-05-22,Engine Service,32880.67,Completed
M002166,V0045,2025-02-27,Engine Service,5421.29,Completed
M002167,V0073,2024-09-17,Tyre Replacement,1624.54,Completed
M002168,V0070,2024-04-25,General Service,33299.22,Pending
M002169,V0024,2025-03-16,Oil Change,19100.42,Completed
M002170,V0084,2025-01-24,Brake Service,16765.51,Pending
M002171,V0004,2024-10-01,Battery Replacement,4980.06,Pending
M002172,V0071,2025-05-08,General Service,37745.1,Completed
M002173,V0031,2025-07-07,General Service,3869.37,Pending
M002174,V0092,2025-04-26,Battery Replacement,43017.1,Pending
M002175,V0011,2024-12-25,Engine Service,33543.48,Completed
M002176,V0016,2024-02-18,General Service,28833.91,Completed
M002177,V0030,2025-05-30,Battery Replacement,40816.85,Completed
M002178,V0040,2024-06-21,Oil Change,47065.32,Completed
M002179,V0100,2025-09-11,Oil Change,37439.3,Pending
M002180,V0003,2024-10-31,Brake Service,47576.79,Pending
M002181,V0078,2024-07-04,Brake Service,45168.81,Completed
M002182,V0024,2024-10-21,Battery Replacement,26824.18,Completed
M002183,V0062,2025-09-29,Battery Replacement,21414.85,Completed
M002184,V0014,2025-12-08,Battery Replacement,46030.22,Pending
M002185,V0046,2025-02-14,Oil Change,4953.11,Completed
M002186,V0023,2025-11-11,Brake Service,13775.37,Pending
M002187,V0007,2024-02-20,General Service,47256.3,Completed
M002188,V0091,2025-07-26,Tyre Replacement,6392.05,Completed
M002189,V0025,2025-11-20,Oil Change,36909.1,Completed
M002190,V0030,2024-07-30,Tyre Replacement,28663.69,Pending
M002191,V0006,2025-06-20,Brake Service,15779.41,Completed
M002192,V0060,2025-12-01,Tyre Replacement,11334.27,Pending
M002193,V0013,2025-02-28,Battery Replacement,41327.29,Pending
M002194,V0054,2024-05-23,Brake Service,7075.99,Completed
M002195,V0035,2025-02-11,Engine Service,17294.37,Completed
M002196,V0050,2025-07-23,General Service,3607.64,Completed
M002197,V0001,2025-04-01,Engine Service,45021.09,Pending
M002198,V0021,2025-10-07,Brake Service,34653.46,Pending
M002199,V0067,2024-12-25,Brake Service,30837.18,Pending
M002200,V0063,2025-10-10,Tyre Replacement,26996.09,Completed
M002201,V0045,2025-11-16,Battery Replacement,18451.84,Completed
M002202,V0082,2025-09-01,Engine Service,14441.49,Pending
M002203,V0011,2025-06-08,Tyre Replacement,28044.99,Completed
M002204,V0043,2025-11-26,Oil Change,16500.89,Pending
M002205,V0010,2025-10-22,Battery Replacement,5546.97,Completed
M002206,V0001,2024-01-26,Brake Service,5913.13,Pending
M002207,V0075,2025-12-06,Tyre Replacement,37753.24,Completed
M002208,V0012,2024-12-22,General Service,40341.66,Completed
M002209,V0046,2025-09-29,Oil Change,10953.35,Completed
M002210,V0080,2024-01-07,Engine Service,35830.99,Completed
M002211,V0044,2025-12-06,Battery Replacement,3363.64,Completed
M002212,V0096,2025-05-29,General Service,48276.19,Completed
M002213,V0092,2024-10-26,Brake Service,1858.16,Completed
M002214,V0032,2024-07-18,Battery Replacement,45684.29,Completed
M002215,V0028,2024-09-13,Oil Change,20017.37,Completed
M002216,V0039,2024-03-19,Brake Service,32902.54,Pending
M002217,V0087,2025-07-06,General Service,27112.89,Completed
M002218,V0065,2024-07-19,Battery Replacement,38219.31,Pending
M002219,V0041,2025-05-26,Tyre Replacement,42805.52,Pending
M002220,V0013,2024-01-09,Brake Service,35268.93,Pending
M002221,V0015,2024-11-15,Tyre Replacement,48066.12,Completed
M002222,V0064,2025-01-14,Tyre Replacement,24438.44,Completed
M002223,V0094,2024-02-25,General Service,27101.06,Completed
M002224,V0053,2025-11-09,Tyre Replacement,26508.97,Completed
M002225,V0089,2024-04-30,Brake Service,30931.45,Completed
M002226,V0071,2025-02-28,Tyre Replacement,32229.63,Completed
M002227,V0026,2024-10-08,Oil Change,43770.77,Completed
M002228,V0097,2025-01-06,Oil Change,3534.77,Pending
M002229,V0010,2025-11-10,Tyre Replacement,47433.95,Completed
M002230,V0073,2024-01-15,Battery Replacement,19013.4,Completed
M002231,V0072,2024-09-16,Engine Service,19624.66,Pending
M002232,V0024,2024-06-29,Oil Change,14070.61,Completed
M002233,V0065,2025-11-21,Oil Change,17056.11,Pending
M002234,V0032,2025-09-09,Tyre Replacement,7288.44,Completed
M002235,V0045,2025-06-04,Battery Replacement,21705.28,Pending
M002236,V0046,2024-10-19,Tyre Replacement,21287.59,Pending
M002237,V0049,2024-12-25,General Service,27570.83,Completed
M002238,V0026,2024-07-12,General Service,39597.81,Pending
M002239,V0093,2024-04-29,Brake Service,6979.97,Pending
M002240,V0077,2024-01-23,Oil Change,12601.51,Completed
M002241,V0021,2025-09-15,Brake Service,17996.89,Pending
M002242,V0031,2025-08-30,Tyre Replacement,26166.04,Completed
M002243,V0020,2025-10-07,Battery Replacement,1049.11,Completed
M002244,V0054,2024-07-05,Battery Replacement,43851.33,Completed
M002245,V0017,2024-04-12,Tyre Replacement,24763.35,Completed
M002246,V0076,2024-11-29,Battery Replacement,30777.74,Pending
M002247,V0074,2024-03-22,General Service,45364.49,Completed
M002248,V0035,2025-08-23,General Service,35385.4,Completed
M002249,V0008,2025-09-13,Brake Service,13472.13,Completed
M002250,V0082,2024-03-03,General Service,33924.7,Completed
M002251,V0058,2025-03-15,Brake Service,13973.04,Pending
M002252,V0091,2024-06-18,General Service,35074.14,Completed
M002253,V0065,2025-09-15,Engine Service,32213.41,Pending
M002254,V0092,2025-05-20,Battery Replacement,48628.63,Completed
M002255,V0032,2025-10-30,Oil Change,38071.57,Completed
M002256,V0035,2025-03-27,Oil Change,2484.37,Pending
M002257,V0077,2025-02-02,General Service,31639.8,Completed
M002258,V0010,2025-07-04,Engine Service,16279.7,Completed
M002259,V0094,2025-06-23,Battery Replacement,38137.61,Pending
M002260,V0005,2025-07-26,Oil Change,9278.27,Pending
M002261,V0063,2024-06-08,Battery Replacement,23294.49,Pending
M002262,V0018,2024-07-20,Engine Service,13922.3,Completed
M002263,V0079,2024-02-03,Oil Change,22564.17,Completed
M002264,V0008,2024-02-07,Battery Replacement,20086.32,Completed
M002265,V0069,2025-11-08,Battery Replacement,34470.24,Completed
M002266,V0047,2024-08-07,Engine Service,537.4,Pending
M002267,V0063,2025-10-06,Brake Service,44760.59,Pending
M002268,V0003,2024-06-09,Engine Service,3147.8,Completed
M002269,V0037,2024-05-09,Tyre Replacement,3731.01,Completed
M002270,V0099,2024-12-16,Oil Change,32956.22,Pending
M002271,V0012,2024-02-11,Battery Replacement,21737.95,Completed
M002272,V0002,2024-01-18,General Service,39990.86,Pending
M002273,V0035,2024-04-05,Engine Service,45214.82,Completed
M002274,V0084,2024-03-21,Engine Service,561.23,Completed
M002275,V0048,2024-02-12,Battery Replacement,42195.71,Completed
M002276,V0064,2025-12-02,Oil Change,28035.84,Completed
M002277,V0093,2025-06-26,Brake Service,21758.88,Completed
M002278,V0028,2025-05-13,Brake Service,8208.46,Completed
M002279,V0066,2024-10-19,Tyre Replacement,25422.84,Completed
M002280,V0071,2024-03-01,Engine Service,19687.57,Completed
M002281,V0078,2025-04-09,Oil Change,40255.95,Completed
M002282,V0097,2024-09-09,Tyre Replacement,22857.28,Completed
M002283,V0025,2024-11-21,Battery Replacement,27648.68,Completed
M002284,V0056,2025-07-19,General Service,45223.79,Pending
M002285,V0042,2025-07-20,Brake Service,23103.99,Completed
M002286,V0014,2024-08-09,Engine Service,1971.62,Completed
M002287,V0081,2025-04-24,Tyre Replacement,49562.66,Completed
M002288,V0021,2024-07-18,Engine Service,32526.76,Pending
M002289,V0099,2025-11-15,Brake Service,46767.3,Pending
M002290,V0010,2024-01-26,Oil Change,19248.38,Pending
M002291,V0031,2025-01-19,Oil Change,3451.81,Completed
M002292,V0088,2025-01-27,Tyre Replacement,31988.17,Completed
M002293,V0048,2025-07-04,Brake Service,7413.15,Completed
M002294,V0022,2025-03-01,Brake Service,32679.13,Pending
M002295,V0075,2024-10-24,Tyre Replacement,13370.63,Completed
M002296,V0039,2024-03-31,Battery Replacement,2860.38,Pending
M002297,V0070,2024-08-16,General Service,38183.07,Completed
M002298,V0078,2025-12-31,Engine Service,42397.3,Pending
M002299,V0097,2024-02-22,Engine Service,14198.34,Pending
M002300,V0010,2025-04-06,Brake Service,1863.64,Pending
M002301,V0094,2025-12-28,Battery Replacement,21711.41,Completed
M002302,V0054,2025-05-02,Battery Replacement,23459.92,Completed
M002303,V0100,2025-06-18,Brake Service,46914.57,Pending
M002304,V0005,2025-08-24,Oil Change,39544.59,Pending
M002305,V0065,2024-09-30,Engine Service,5555.09,Pending
M002306,V0043,2025-10-23,Brake Service,3577.18,Pending
M002307,V0037,2025-09-18,Tyre Replacement,41969.63,Completed
M002308,V0064,2024-07-26,General Service,46371.84,Pending
M002309,V0033,2025-07-03,Engine Service,13089.46,Completed
M002310,V0085,2025-06-26,Engine Service,48990.88,Completed
M002311,V0017,2025-12-24,Brake Service,23741.29,Pending
M002312,V0039,2025-04-08,General Service,36801.48,Completed
M002313,V0096,2025-05-09,Oil Change,15151.38,Completed
M002314,V0023,2024-05-03,Brake Service,25618.48,Pending
M002315,V0063,2024-06-16,Tyre Replacement,16568.63,Completed
M002316,V0018,2024-03-07,Battery Replacement,48545.75,Pending
M002317,V0005,2025-07-04,Engine Service,2032.81,Completed
M002318,V0004,2025-08-26,General Service,2332.4,Completed
M002319,V0077,2025-12-27,Tyre Replacement,14732.89,Pending
M002320,V0094,2025-04-28,Brake Service,24207.03,Completed
M002321,V0071,2024-09-22,Brake Service,22951.93,Completed
M002322,V0002,2024-04-29,Tyre Replacement,45305.54,Completed
M002323,V0004,2025-01-07,Brake Service,46304.3,Completed
M002324,V0042,2024-12-08,Brake Service,14739.21,Completed
M002325,V0002,2025-03-07,Tyre Replacement,47196.13,Completed
M002326,V0072,2024-08-22,Brake Service,821.47,Completed
M002327,V0043,2024-08-25,Oil Change,11439.82,Completed
M002328,V0040,2025-01-23,Brake Service,38312.91,Pending
M002329,V0097,2024-01-23,Tyre Replacement,44351.14,Pending
M002330,V0065,2024-12-14,Engine Service,4185.45,Completed
M002331,V0001,2025-09-04,Oil Change,13134.37,Pending
M002332,V0098,2024-09-10,Battery Replacement,14222.09,Completed
M002333,V0075,2025-02-03,Tyre Replacement,42325.79,Pending
M002334,V0046,2024-09-10,Engine Service,31676.21,Completed
M002335,V0041,2024-01-07,Brake Service,25006.01,Completed
M002336,V0100,2024-09-25,Oil Change,6767.75,Completed
M002337,V0056,2024-11-14,Battery Replacement,15837.99,Pending
M002338,V0082,2024-10-21,Brake Service,17608.86,Pending
M002339,V0009,2024-10-16,Engine Service,45526.32,Pending
M002340,V0033,2024-08-03,Brake Service,1365.69,Completed
M002341,V0079,2025-01-04,Brake Service,44108.81,Completed
M002342,V0080,2024-08-21,Brake Service,2004.36,Pending
M002343,V0087,2024-07-29,Engine Service,11460.74,Completed
M002344,V0040,2024-10-25,Tyre Replacement,33426.44,Completed
M002345,V0091,2024-10-17,Engine Service,17201.66,Completed
M002346,V0074,2024-01-31,Engine Service,16473.29,Completed
M002347,V0047,2024-08-04,Tyre Replacement,45116.69,Pending
M002348,V0089,2024-04-07,Oil Change,12646.61,Completed
M002349,V0083,2024-01-20,Brake Service,3117.55,Completed
M002350,V0089,2024-11-11,General Service,48702.32,Pending
M002351,V0071,2024-05-29,Brake Service,6581.1,Completed
M002352,V0034,2025-05-25,General Service,39445.35,Completed
M002353,V0091,2025-04-22,Engine Service,36068.65,Completed
M002354,V0079,2025-08-01,Brake Service,29038.64,Completed
M002355,V0036,2025-08-04,General Service,22622.62,Completed
M002356,V0072,2025-11-09,Tyre Replacement,22343.4,Completed
M002357,V0062,2024-06-09,Tyre Replacement,26616.06,Completed
M002358,V0047,2024-10-04,Tyre Replacement,36866.65,Completed
M002359,V0095,2024-09-30,Brake Service,20046.74,Completed
M002360,V0002,2025-02-24,General Service,26470.59,Completed
M002361,V0056,2024-10-02,Battery Replacement,10085.67,Completed
M002362,V0038,2024-09-14,Brake Service,16043.18,Completed
M002363,V0081,2024-05-23,Battery Replacement,48288.78,Completed
M002364,V0030,2024-05-26,Brake Service,36525.4,Pending
M002365,V0003,2025-04-13,Tyre Replacement,12500.64,Completed
M002366,V0088,2025-01-25,Tyre Replacement,45674.77,Pending
M002367,V0049,2024-07-14,Oil Change,24213.14,Pending
M002368,V0095,2024-12-04,Battery Replacement,20752.01,Pending
M002369,V0039,2025-08-27,Oil Change,24370.0,Completed
M002370,V0095,2024-05-01,Oil Change,6115.39,Completed
M002371,V0042,2025-03-09,Engine Service,49971.67,Completed
M002372,V0072,2024-11-23,Oil Change,8579.01,Completed
M002373,V0097,2025-09-12,Brake Service,10178.36,Completed
M002374,V0032,2024-03-06,Brake Service,38999.84,Completed
M002375,V0022,2025-06-27,Battery Replacement,28438.03,Completed
M002376,V0041,2025-05-07,Tyre Replacement,26990.03,Completed
M002377,V0069,2024-06-21,Oil Change,14433.37,Completed
M002378,V0054,2025-10-31,Battery Replacement,42497.13,Completed
M002379,V0036,2024-11-26,Brake Service,31171.69,Pending
M002380,V0031,2025-07-23,Brake Service,29685.04,Completed
M002381,V0087,2025-04-30,Tyre Replacement,1570.35,Pending
M002382,V0081,2024-09-24,Battery Replacement,38076.44,Completed
M002383,V0002,2025-11-15,General Service,29870.16,Completed
M002384,V0043,2025-05-10,Tyre Replacement,37409.04,Completed
M002385,V0035,2025-08-17,Brake Service,2101.06,Pending
M002386,V0086,2024-04-26,Tyre Replacement,1596.33,Completed
M002387,V0094,2025-09-20,Battery Replacement,11490.73,Completed
M002388,V0008,2024-08-26,Brake Service,31620.99,Pending
M002389,V0027,2024-10-05,Engine Service,12973.22,Pending
M002390,V0020,2024-10-28,Engine Service,35868.68,Completed
M002391,V0078,2025-11-08,Oil Change,12670.7,Pending
M002392,V0011,2024-12-24,Brake Service,13926.6,Pending
M002393,V0039,2025-04-16,Battery Replacement,31558.77,Pending
M002394,V0012,2025-08-23,Tyre Replacement,45982.99,Pending
M002395,V0029,2024-01-08,Brake Service,21835.57,Completed
M002396,V0100,2025-08-15,Oil Change,12756.47,Pending
M002397,V0004,2024-11-06,Tyre Replacement,8349.97,Completed
M002398,V0054,2025-08-24,Tyre Replacement,20605.2,Pending
M002399,V0092,2024-06-07,General Service,47764.43,Completed
M002400,V0023,2024-02-22,Battery Replacement,30683.34,Pending
M002401,V0066,2025-07-20,Tyre Replacement,30013.76,Pending
M002402,V0096,2025-08-17,Oil Change,6060.76,Completed
M002403,V0064,2024-01-21,Battery Replacement,18117.36,Completed
M002404,V0036,2025-06-10,Brake Service,35252.03,Completed
M002405,V0008,2024-08-14,Tyre Replacement,14452.42,Completed
M002406,V0075,2025-04-08,Battery Replacement,39830.52,Pending
M002407,V0029,2024-12-14,Engine Service,16617.58,Pending
M002408,V0074,2025-07-05,Engine Service,2261.44,Completed
M002409,V0045,2025-02-17,Engine Service,47434.37,Completed
M002410,V0026,2025-03-26,Battery Replacement,15791.33,Completed
M002411,V0080,2025-03-02,Brake Service,42242.25,Completed
M002412,V0037,2024-03-19,Battery Replacement,47557.08,Pending
M002413,V0030,2024-12-13,Brake Service,19151.5,Completed
M002414,V0090,2024-08-02,Tyre Replacement,27887.18,Completed
M002415,V0077,2024-12-02,Oil Change,29345.13,Completed
M002416,V0070,2025-12-06,Oil Change,24127.81,Completed
M002417,V0037,2024-10-05,Tyre Replacement,1358.69,Completed
M002418,V0033,2024-06-26,Battery Replacement,35732.92,Completed
M002419,V0063,2024-09-09,Tyre Replacement,7799.52,Completed
M002420,V0069,2024-07-09,Battery Replacement,21677.03,Completed
M002421,V0011,2025-12-13,General Service,42475.81,Completed
M002422,V0010,2025-01-25,General Service,44057.88,Completed
M002423,V0003,2024-05-19,General Service,23319.08,Pending
M002424,V0024,2025-09-07,Brake Service,38842.1,Pending
M002425,V0069,2025-11-15,Battery Replacement,33510.03,Pending
M002426,V0022,2024-10-16,Tyre Replacement,17683.08,Completed
M002427,V0079,2025-11-10,Tyre Replacement,20010.93,Completed
M002428,V0032,2024-12-28,Oil Change,26565.6,Completed
M002429,V0015,2024-08-07,Tyre Replacement,24373.43,Completed
M002430,V0079,2025-01-26,General Service,24293.8,Completed
M002431,V0069,2024-01-01,Brake Service,12973.57,Completed
M002432,V0047,2025-09-24,Tyre Replacement,15608.77,Pending
M002433,V0006,2024-11-02,Oil Change,10348.28,Pending
M002434,V0037,2025-10-18,General Service,18030.43,Pending
M002435,V0037,2025-03-18,Oil Change,696.68,Completed
M002436,V0087,2025-06-24,Battery Replacement,16848.1,Completed
M002437,V0049,2025-06-05,Tyre Replacement,33761.18,Completed
M002438,V0005,2025-02-06,Brake Service,33026.39,Completed
M002439,V0076,2024-07-02,Oil Change,10793.84,Completed
M002440,V0051,2024-12-29,Engine Service,9570.66,Completed
M002441,V0034,2025-11-13,Engine Service,11826.67,Pending
M002442,V0029,2024-10-20,Oil Change,3249.4,Completed
M002443,V0035,2025-02-14,General Service,45210.54,Completed
M002444,V0024,2025-07-27,Battery Replacement,11852.55,Completed
M002445,V0099,2024-08-19,Engine Service,1649.94,Completed
M002446,V0051,2025-01-26,Brake Service,27162.38,Completed
M002447,V0051,2025-06-02,Brake Service,39465.18,Completed
M002448,V0027,2025-09-11,Oil Change,44758.24,Completed
M002449,V0074,2025-06-25,Engine Service,44792.5,Completed
M002450,V0029,2025-04-10,Engine Service,32642.0,Pending
M002451,V0033,2024-11-10,Tyre Replacement,20386.32,Completed
M002452,V0074,2025-09-10,Oil Change,30574.14,Completed
M002453,V0046,2024-12-06,Tyre Replacement,46140.56,Completed
M002454,V0018,2024-03-03,Oil Change,15701.29,Pending
M002455,V0086,2025-02-09,Brake Service,5875.19,Completed
M002456,V0038,2025-03-15,Brake Service,6424.52,Pending
M002457,V0051,2025-08-29,General Service,46369.17,Completed
M002458,V0068,2024-11-17,Brake Service,6919.29,Completed
M002459,V0071,2024-02-12,Tyre Replacement,22658.19,Completed
M002460,V0039,2024-06-22,Tyre Replacement,42054.54,Completed
M002461,V0066,2024-07-23,Brake Service,35969.06,Completed
M002462,V0079,2024-11-11,General Service,46422.17,Completed
M002463,V0021,2024-03-07,Engine Service,42335.64,Completed
M002464,V0060,2024-01-12,Engine Service,9517.92,Completed
M002465,V0024,2025-08-27,Battery Replacement,8932.57,Completed
M002466,V0058,2024-06-17,Tyre Replacement,6138.88,Completed
M002467,V0037,2024-07-14,Battery Replacement,1619.72,Pending
M002468,V0075,2024-12-21,Tyre Replacement,20912.7,Completed
M002469,V0039,2025-01-02,Brake Service,37091.2,Completed
M002470,V0025,2025-01-16,Brake Service,31272.62,Completed
M002471,V0036,2025-06-18,Battery Replacement,2123.09,Pending
M002472,V0017,2025-04-21,Tyre Replacement,39357.54,Completed
M002473,V0057,2024-03-04,General Service,12022.96,Pending
M002474,V0056,2025-11-07,Engine Service,19933.67,Completed
M002475,V0067,2025-04-12,Brake Service,31255.82,Pending
M002476,V0099,2025-10-02,General Service,2006.64,Pending
M002477,V0058,2024-03-23,Oil Change,48594.6,Pending
M002478,V0059,2024-10-03,Engine Service,24731.33,Pending
M002479,V0047,2024-02-28,Brake Service,2217.38,Completed
M002480,V0057,2024-03-07,Tyre Replacement,41612.88,Completed
M002481,V0076,2024-01-04,Tyre Replacement,13681.15,Pending
M002482,V0081,2025-02-26,Tyre Replacement,18403.26,Completed
M002483,V0020,2025-12-01,Engine Service,24746.21,Completed
M002484,V0094,2025-05-08,Oil Change,761.02,Completed
M002485,V0048,2025-03-21,General Service,11688.46,Completed
M002486,V0098,2024-09-06,Tyre Replacement,9385.95,Completed
M002487,V0018,2024-09-15,Oil Change,35530.06,Completed
M002488,V0100,2025-08-27,Brake Service,41559.07,Pending
M002489,V0060,2024-08-22,General Service,42994.96,Pending
M002490,V0079,2024-01-09,Engine Service,12625.89,Pending
M002491,V0059,2024-01-19,Brake Service,15028.34,Completed
M002492,V0085,2025-06-23,General Service,5903.88,Completed
M002493,V0080,2025-04-07,Tyre Replacement,20843.91,Completed
M002494,V0066,2024-09-30,Tyre Replacement,15186.25,Completed
M002495,V0008,2025-09-19,Engine Service,47774.95,Completed
M002496,V0016,2025-06-21,General Service,39303.03,Completed
M002497,V0092,2024-10-16,Brake Service,1313.96,Pending
M002498,V0004,2024-07-17,Oil Change,44207.99,Completed
M002499,V0078,2024-12-09,Tyre Replacement,46936.52,Completed
M002500,V0033,2025-06-12,Battery Replacement,30754.2,Completed
M002501,V0052,2025-07-29,General Service,9414.86,Completed
M002502,V0093,2025-07-05,Tyre Replacement,46351.68,Completed
M002503,V0018,2025-01-19,Battery Replacement,22999.04,Completed
M002504,V0027,2025-12-17,Tyre Replacement,15620.05,Pending
M002505,V0062,2024-12-26,Engine Service,20554.09,Pending
M002506,V0066,2024-11-16,Oil Change,37204.58,Completed
M002507,V0073,2024-12-02,General Service,9604.33,Completed
M002508,V0079,2025-09-18,Brake Service,43242.66,Completed
M002509,V0075,2024-05-19,Engine Service,7054.46,Completed
M002510,V0050,2025-01-28,Engine Service,34594.74,Completed
M002511,V0082,2024-11-29,Oil Change,7555.28,Completed
M002512,V0004,2024-11-20,Battery Replacement,14155.7,Completed
M002513,V0025,2025-07-28,Oil Change,21070.6,Completed
M002514,V0092,2025-02-26,Oil Change,7876.89,Completed
M002515,V0041,2024-06-01,Oil Change,3669.77,Pending
M002516,V0041,2025-07-07,Oil Change,29363.62,Completed
M002517,V0022,2025-07-08,Battery Replacement,42481.12,Completed
M002518,V0014,2024-12-09,Brake Service,36615.83,Completed
M002519,V0001,2024-07-13,Brake Service,11006.4,Pending
M002520,V0023,2024-02-28,Battery Replacement,13625.41,Pending
M002521,V0013,2025-10-25,Brake Service,10539.2,Completed
M002522,V0025,2025-10-27,Tyre Replacement,11988.93,Completed
M002523,V0086,2025-08-08,Brake Service,9197.15,Completed
M002524,V0088,2025-12-24,Tyre Replacement,10651.27,Completed
M002525,V0025,2024-09-06,Oil Change,8034.72,Pending
M002526,V0032,2025-07-07,Brake Service,12635.22,Completed
M002527,V0080,2025-02-21,Brake Service,11556.5,Completed
M002528,V0052,2024-05-20,Tyre Replacement,43188.01,Completed
M002529,V0053,2025-09-25,Oil Change,37335.83,Completed
M002530,V0053,2025-07-25,General Service,20042.06,Pending
M002531,V0091,2024-01-02,Brake Service,49723.91,Pending
M002532,V0058,2025-06-10,Oil Change,8690.91,Completed
M002533,V0098,2025-03-01,Oil Change,3867.81,Completed
M002534,V0045,2024-03-04,Tyre Replacement,6314.24,Completed
M002535,V0084,2024-03-10,Brake Service,34732.97,Completed
M002536,V0033,2024-10-14,General Service,46588.52,Pending
M002537,V0066,2024-05-23,Battery Replacement,36576.03,Completed
M002538,V0046,2025-07-19,Tyre Replacement,25253.87,Pending
M002539,V0080,2024-06-24,Engine Service,14444.85,Completed
M002540,V0091,2024-04-01,Tyre Replacement,42929.63,Completed
M002541,V0053,2025-09-10,Tyre Replacement,40276.58,Completed
M002542,V0091,2025-08-25,Brake Service,6435.4,Completed
M002543,V0046,2025-09-02,Engine Service,48049.51,Pending
M002544,V0083,2024-05-10,Tyre Replacement,9827.75,Pending
M002545,V0016,2025-04-08,Tyre Replacement,38226.18,Completed
M002546,V0002,2025-02-07,Brake Service,37725.13,Pending
M002547,V0010,2025-02-02,Battery Replacement,34590.33,Pending
M002548,V0023,2025-08-15,Battery Replacement,13749.12,Completed
M002549,V0043,2024-11-09,Battery Replacement,23389.0,Completed
M002550,V0005,2025-04-19,Oil Change,26512.02,Pending
M002551,V0009,2024-06-06,Oil Change,13353.35,Completed
M002552,V0077,2024-02-11,Engine Service,10749.43,Pending
M002553,V0079,2025-05-08,Tyre Replacement,15537.33,Completed
M002554,V0055,2024-03-07,Engine Service,40948.12,Completed
M002555,V0052,2025-01-22,Tyre Replacement,10690.99,Pending
M002556,V0069,2024-12-07,General Service,37187.99,Completed
M002557,V0087,2024-08-29,Tyre Replacement,34944.75,Completed
M002558,V0025,2024-04-20,Engine Service,16720.89,Completed
M002559,V0004,2024-01-04,General Service,24205.34,Completed
M002560,V0079,2024-01-24,General Service,35658.55,Completed
M002561,V0090,2025-05-29,Engine Service,38735.33,Pending
M002562,V0029,2025-12-17,Tyre Replacement,5809.34,Pending
M002563,V0008,2024-06-08,Battery Replacement,32762.78,Completed
M002564,V0058,2024-04-29,Engine Service,26284.96,Pending
M002565,V0001,2025-05-30,General Service,46244.2,Pending
M002566,V0074,2024-04-24,Tyre Replacement,39521.8,Completed
M002567,V0072,2025-07-02,Tyre Replacement,22206.96,Pending
M002568,V0033,2024-08-29,Brake Service,45247.24,Pending
M002569,V0038,2024-09-24,Oil Change,32805.66,Completed
M002570,V0068,2025-02-12,Engine Service,36313.0,Completed
M002571,V0014,2024-06-01,Tyre Replacement,37649.81,Pending
M002572,V0082,2025-02-21,Engine Service,28403.6,Completed
M002573,V0085,2024-07-24,Engine Service,43586.39,Pending
M002574,V0045,2025-02-14,General Service,26687.2,Completed
M002575,V0065,2024-01-13,Tyre Replacement,25746.35,Completed
M002576,V0014,2024-09-17,Brake Service,44676.68,Completed
M002577,V0029,2025-04-24,Brake Service,39039.14,Completed
M002578,V0015,2025-06-21,Oil Change,37435.81,Completed
M002579,V0007,2025-12-13,Battery Replacement,15957.72,Completed
M002580,V0042,2025-10-03,General Service,45308.33,Pending
M002581,V0050,2024-07-09,Engine Service,26138.97,Pending
M002582,V0001,2025-02-14,Oil Change,21972.96,Completed
M002583,V0069,2024-03-02,Brake Service,10445.86,Completed
M002584,V0078,2024-06-06,Battery Replacement,40819.57,Completed
M002585,V0047,2024-03-24,Oil Change,36710.34,Completed
M002586,V0019,2025-11-13,General Service,43708.47,Pending
M002587,V0001,2024-03-22,Engine Service,21716.27,Completed
M002588,V0085,2025-02-24,Engine Service,9647.52,Completed
M002589,V0065,2024-03-17,General Service,13734.34,Pending
M002590,V0094,2025-01-23,Brake Service,42298.88,Completed
M002591,V0031,2024-08-30,Tyre Replacement,4562.5,Completed
M002592,V0099,2025-12-06,General Service,39765.45,Pending
M002593,V0078,2024-02-12,Oil Change,46527.35,Pending
M002594,V0011,2025-12-22,Tyre Replacement,27835.5,Pending
M002595,V0029,2024-03-29,Brake Service,43751.15,Completed
M002596,V0090,2025-11-27,Battery Replacement,31887.35,Pending
M002597,V0085,2025-02-13,Oil Change,20749.0,Completed
M002598,V0059,2024-11-28,Engine Service,7306.26,Completed
M002599,V0086,2025-02-03,Tyre Replacement,37545.83,Completed
M002600,V0091,2025-04-19,Brake Service,37228.67,Pending
M002601,V0053,2024-09-19,Battery Replacement,32701.49,Completed
M002602,V0041,2024-03-03,General Service,4702.7,Pending
M002603,V0097,2025-03-13,Battery Replacement,2233.24,Pending
M002604,V0045,2025-06-01,Oil Change,25446.32,Pending
M002605,V0070,2024-02-15,Brake Service,3639.83,Pending
M002606,V0019,2024-03-30,General Service,35017.99,Completed
M002607,V0071,2025-02-03,Battery Replacement,47584.74,Completed
M002608,V0044,2024-01-08,Oil Change,37518.69,Completed
M002609,V0086,2025-08-29,Oil Change,12287.86,Completed
M002610,V0065,2024-09-08,Oil Change,48160.92,Completed
M002611,V0100,2025-03-06,Oil Change,13154.44,Completed
M002612,V0001,2024-10-10,Battery Replacement,38970.62,Completed
M002613,V0004,2024-09-19,Engine Service,4266.13,Pending
M002614,V0042,2025-09-12,Brake Service,38246.34,Pending
M002615,V0082,2025-05-13,Battery Replacement,33039.46,Pending
M002616,V0018,2025-06-16,General Service,25002.98,Completed
M002617,V0088,2024-03-11,Tyre Replacement,34151.89,Completed
M002618,V0096,2025-10-10,Brake Service,41704.23,Completed
M002619,V0084,2025-02-11,Oil Change,26612.76,Completed
M002620,V0007,2024-06-15,Oil Change,9590.72,Pending
M002621,V0063,2024-08-03,Brake Service,13858.12,Completed
M002622,V0071,2024-07-27,Brake Service,49828.14,Pending
M002623,V0083,2025-12-25,Engine Service,3498.43,Pending
M002624,V0062,2024-03-01,General Service,19324.85,Completed
M002625,V0090,2024-07-30,Brake Service,12007.39,Pending
M002626,V0017,2024-08-27,General Service,20547.51,Completed
M002627,V0059,2024-08-21,Oil Change,18129.1,Completed
M002628,V0042,2025-10-23,Engine Service,12373.21,Completed
M002629,V0053,2025-08-17,Tyre Replacement,49470.39,Completed
M002630,V0039,2024-04-24,Battery Replacement,3160.91,Completed
M002631,V0092,2025-05-05,Oil Change,25062.85,Completed
M002632,V0017,2024-10-14,Engine Service,23828.52,Pending
M002633,V0030,2025-05-06,General Service,42066.49,Pending
M002634,V0017,2024-12-10,Tyre Replacement,26776.09,Completed
M002635,V0065,2025-06-04,Brake Service,882.42,Completed
M002636,V0091,2025-04-13,Engine Service,23723.4,Completed
M002637,V0047,2025-07-08,Engine Service,17362.65,Completed
M002638,V0080,2025-08-21,Engine Service,13408.99,Pending
M002639,V0077,2024-08-11,Engine Service,23437.93,Pending
M002640,V0070,2025-12-29,General Service,30895.96,Completed
M002641,V0024,2025-05-12,Battery Replacement,26329.28,Completed
M002642,V0014,2025-04-19,Tyre Replacement,30991.28,Completed
M002643,V0004,2024-10-09,Tyre Replacement,8211.51,Completed
M002644,V0096,2025-07-15,Engine Service,39119.63,Completed
M002645,V0023,2024-08-01,Tyre Replacement,5529.85,Pending
M002646,V0012,2025-10-19,Battery Replacement,42247.69,Completed
M002647,V0003,2025-12-17,Battery Replacement,20599.16,Pending
M002648,V0045,2025-02-28,General Service,21882.57,Pending
M002649,V0048,2025-09-28,Tyre Replacement,10138.93,Completed
M002650,V0064,2024-02-06,Engine Service,21245.3,Pending
M002651,V0029,2025-07-23,Oil Change,41009.59,Completed
M002652,V0025,2025-11-17,Tyre Replacement,30677.85,Pending
M002653,V0024,2025-07-13,Brake Service,7734.97,Pending
M002654,V0059,2025-11-29,Oil Change,4363.09,Completed
M002655,V0042,2024-08-28,Oil Change,47371.12,Completed
M002656,V0023,2025-12-02,Battery Replacement,11335.35,Completed
M002657,V0025,2025-01-22,Engine Service,45700.24,Completed
M002658,V0094,2024-05-20,Tyre Replacement,35362.72,Completed
M002659,V0041,2024-08-12,Battery Replacement,18599.46,Completed
M002660,V0003,2024-11-28,General Service,24879.73,Pending
M002661,V0024,2024-09-13,General Service,16587.71,Pending
M002662,V0059,2025-11-27,General Service,3400.12,Pending
M002663,V0056,2025-07-03,General Service,25118.16,Completed
M002664,V0065,2024-03-10,Battery Replacement,25310.09,Pending
M002665,V0070,2025-02-09,General Service,1636.27,Completed
M002666,V0083,2025-11-10,Brake Service,2715.79,Completed
M002667,V0053,2025-09-04,Engine Service,31317.77,Completed
M002668,V0065,2025-10-02,Engine Service,17944.66,Completed
M002669,V0086,2024-05-04,General Service,16139.28,Pending
M002670,V0043,2025-02-25,General Service,19914.44,Completed
M002671,V0006,2025-04-27,Oil Change,8548.92,Completed
M002672,V0081,2025-02-08,Tyre Replacement,27635.31,Completed
M002673,V0038,2024-01-10,Engine Service,1200.96,Completed
M002674,V0012,2025-01-09,Tyre Replacement,35099.48,Pending
M002675,V0029,2024-09-01,Tyre Replacement,22127.82,Completed
M002676,V0084,2025-06-01,Oil Change,5187.81,Completed
M002677,V0033,2025-01-28,Oil Change,20044.45,Completed
M002678,V0048,2025-12-02,Tyre Replacement,32633.95,Completed
M002679,V0091,2024-04-08,Engine Service,35451.72,Completed
M002680,V0031,2024-03-05,Oil Change,35114.98,Completed
M002681,V0076,2025-08-02,Tyre Replacement,34633.81,Pending
M002682,V0036,2024-12-20,Battery Replacement,26986.96,Completed
M002683,V0022,2024-09-13,Oil Change,7365.61,Completed
M002684,V0095,2024-05-10,Tyre Replacement,16710.48,Pending
M002685,V0036,2025-01-14,Battery Replacement,36681.53,Completed
M002686,V0064,2024-11-10,Engine Service,848.98,Pending
M002687,V0035,2025-10-25,Tyre Replacement,28871.83,Completed
M002688,V0024,2024-11-21,Battery Replacement,6516.91,Completed
M002689,V0085,2025-03-11,General Service,37394.35,Completed
M002690,V0016,2025-04-01,Oil Change,30696.68,Pending
M002691,V0040,2025-10-15,Engine Service,16755.7,Completed
M002692,V0019,2025-01-12,General Service,7638.59,Pending
M002693,V0050,2025-02-09,Brake Service,4978.95,Completed
M002694,V0085,2024-11-11,General Service,16999.79,Pending
M002695,V0012,2025-11-22,Engine Service,46341.92,Pending
M002696,V0076,2025-03-27,Oil Change,24410.33,Pending
M002697,V0009,2024-12-11,Brake Service,24479.66,Completed
M002698,V0008,2025-06-19,Oil Change,25844.62,Completed
M002699,V0017,2024-09-12,Brake Service,9645.03,Completed
M002700,V0083,2024-04-30,Oil Change,24699.49,Pending
M002701,V0043,2024-05-06,Battery Replacement,23988.25,Completed
M002702,V0029,2025-06-01,Tyre Replacement,15280.91,Completed
M002703,V0089,2025-01-24,General Service,38244.74,Completed
M002704,V0088,2025-07-14,Engine Service,14780.25,Completed
M002705,V0053,2025-08-19,Brake Service,27580.48,Completed
M002706,V0016,2025-09-15,Battery Replacement,14921.75,Pending
M002707,V0083,2024-09-10,Tyre Replacement,29930.55,Completed
M002708,V0041,2025-06-20,Oil Change,27299.84,Pending
M002709,V0044,2025-12-28,Brake Service,9988.79,Completed
M002710,V0063,2025-09-11,Oil Change,9079.67,Completed
M002711,V0006,2025-08-31,Tyre Replacement,31550.86,Completed
M002712,V0048,2025-01-11,General Service,2712.18,Completed
M002713,V0098,2025-01-14,Battery Replacement,10261.7,Completed
M002714,V0046,2024-12-26,Engine Service,9343.94,Completed
M002715,V0003,2024-08-14,General Service,36389.52,Completed
M002716,V0071,2025-02-24,Tyre Replacement,3186.76,Completed
M002717,V0066,2025-05-11,Tyre Replacement,36823.68,Completed
M002718,V0071,2024-03-19,Engine Service,3321.14,Pending
M002719,V0015,2024-03-31,General Service,35577.75,Pending
M002720,V0003,2025-08-19,Brake Service,46183.23,Completed
M002721,V0038,2025-04-25,Battery Replacement,42044.12,Completed
M002722,V0080,2024-05-01,General Service,24209.12,Completed
M002723,V0011,2024-01-26,Oil Change,13386.79,Pending
M002724,V0067,2024-09-04,Tyre Replacement,43952.61,Completed
M002725,V0095,2025-12-06,Tyre Replacement,15496.78,Completed
M002726,V0093,2025-04-05,Engine Service,39118.57,Pending
M002727,V0071,2025-03-04,Engine Service,32434.0,Pending
M002728,V0059,2024-09-10,Brake Service,45855.24,Completed
M002729,V0046,2024-01-05,Battery Replacement,36746.36,Completed
M002730,V0091,2024-11-28,Battery Replacement,17101.78,Pending
M002731,V0022,2025-02-15,Tyre Replacement,41259.77,Pending
M002732,V0070,2025-11-04,Oil Change,45876.99,Completed
M002733,V0003,2025-02-06,Battery Replacement,38921.88,Completed
M002734,V0043,2024-08-27,General Service,46326.75,Completed
M002735,V0013,2025-09-08,Oil Change,43435.2,Completed
M002736,V0052,2025-03-25,Tyre Replacement,34070.09,Completed
M002737,V0040,2025-06-02,Brake Service,21803.02,Completed
M002738,V0083,2025-08-16,Battery Replacement,20948.28,Completed
M002739,V0069,2025-08-09,Oil Change,12577.79,Completed
M002740,V0052,2024-11-20,General Service,12025.2,Pending
M002741,V0021,2025-07-22,Tyre Replacement,38847.79,Completed
M002742,V0050,2025-09-01,Tyre Replacement,15668.61,Completed
M002743,V0006,2025-03-08,General Service,10816.44,Pending
M002744,V0055,2025-12-14,Battery Replacement,48996.51,Completed
M002745,V0023,2024-04-22,General Service,591.35,Completed
M002746,V0070,2024-09-23,Tyre Replacement,35136.8,Completed
M002747,V0065,2024-09-27,Battery Replacement,13010.34,Completed
M002748,V0036,2025-08-24,Engine Service,38020.81,Completed
M002749,V0090,2025-09-04,Tyre Replacement,6154.97,Completed
M002750,V0011,2024-02-28,Engine Service,46877.12,Pending
M002751,V0096,2025-01-31,Engine Service,42506.7,Pending
M002752,V0059,2024-05-20,Engine Service,15631.71,Pending
M002753,V0049,2024-04-20,Oil Change,9585.24,Pending
M002754,V0041,2024-05-29,Oil Change,8187.8,Pending
M002755,V0090,2025-05-09,Oil Change,27825.5,Completed
M002756,V0071,2024-03-15,Engine Service,12780.52,Completed
M002757,V0063,2025-06-16,General Service,17314.5,Pending
M002758,V0037,2025-04-18,Brake Service,40287.33,Completed
M002759,V0053,2024-01-03,Brake Service,47291.69,Completed
M002760,V0050,2025-04-18,Engine Service,22289.74,Completed
M002761,V0056,2025-04-20,Oil Change,47367.71,Completed
M002762,V0018,2024-08-29,Engine Service,4460.68,Completed
M002763,V0037,2024-10-02,Oil Change,4455.95,Completed
M002764,V0033,2025-08-15,Brake Service,34912.61,Pending
M002765,V0088,2024-12-01,Oil Change,14384.04,Completed
M002766,V0091,2025-01-01,Brake Service,9649.82,Pending
M002767,V0004,2025-08-10,General Service,22727.61,Completed
M002768,V0061,2024-01-14,Battery Replacement,41990.82,Pending
M002769,V0099,2025-11-27,Oil Change,36206.15,Pending
M002770,V0083,2025-02-16,Oil Change,47694.8,Pending
M002771,V0013,2024-05-04,Oil Change,38767.74,Completed
M002772,V0036,2024-09-06,Engine Service,20473.84,Pending
M002773,V0039,2024-12-06,Battery Replacement,10180.06,Completed
M002774,V0078,2024-12-13,Oil Change,30971.82,Completed
M002775,V0048,2025-01-05,Oil Change,46319.87,Completed
M002776,V0050,2025-01-28,Battery Replacement,26854.71,Pending
M002777,V0078,2025-05-18,Battery Replacement,22358.08,Completed
M002778,V0001,2024-05-17,General Service,16347.46,Completed
M002779,V0096,2024-02-26,Engine Service,45825.68,Pending
M002780,V0076,2025-04-07,General Service,2537.4,Pending
M002781,V0041,2024-08-05,Engine Service,21845.21,Pending
M002782,V0042,2025-09-20,Battery Replacement,19279.63,Completed
M002783,V0096,2024-08-12,Battery Replacement,1513.73,Pending
M002784,V0075,2024-10-16,General Service,8584.33,Completed
M002785,V0060,2024-06-23,Brake Service,27263.03,Completed
M002786,V0081,2025-01-01,General Service,30628.7,Pending
M002787,V0018,2024-10-05,Engine Service,35694.62,Completed
M002788,V0027,2024-02-07,Oil Change,21765.97,Completed
M002789,V0056,2025-10-10,Tyre Replacement,44442.8,Completed
M002790,V0037,2024-01-07,Brake Service,32446.78,Completed
M002791,V0072,2025-03-28,Tyre Replacement,35708.13,Pending
M002792,V0030,2024-12-02,Oil Change,39025.47,Pending
M002793,V0076,2025-01-10,Tyre Replacement,39075.63,Completed
M002794,V0063,2025-05-19,General Service,48458.21,Completed
M002795,V0060,2024-03-09,Brake Service,46103.33,Completed
M002796,V0038,2025-12-11,General Service,41961.46,Pending
M002797,V0034,2025-03-04,General Service,11728.08,Completed
M002798,V0048,2024-04-06,Engine Service,2405.59,Completed
M002799,V0024,2025-05-18,General Service,7466.06,Completed
M002800,V0079,2025-02-22,Tyre Replacement,6372.47,Pending
M002801,V0042,2025-07-25,Engine Service,6636.07,Pending
M002802,V0026,2025-05-27,Engine Service,47647.09,Completed
M002803,V0054,2025-11-20,Tyre Replacement,41669.84,Completed
M002804,V0053,2024-11-20,Oil Change,19902.56,Completed
M002805,V0002,2024-08-31,Tyre Replacement,32669.03,Pending
M002806,V0076,2024-09-25,General Service,49367.89,Pending
M002807,V0061,2025-05-12,Battery Replacement,6694.57,Completed
M002808,V0005,2024-12-30,Oil Change,47491.61,Completed
M002809,V0095,2024-03-12,Brake Service,5831.62,Completed
M002810,V0039,2025-07-17,General Service,12895.24,Pending
M002811,V0058,2025-11-28,Brake Service,13514.22,Pending
M002812,V0095,2024-12-04,Engine Service,19949.91,Completed
M002813,V0081,2024-08-31,Engine Service,39193.42,Completed
M002814,V0008,2025-09-17,Engine Service,18353.77,Completed
M002815,V0024,2024-04-18,General Service,5608.33,Pending
M002816,V0006,2024-04-26,Oil Change,12764.82,Completed
M002817,V0085,2024-02-08,Engine Service,14850.96,Completed
M002818,V0058,2025-03-14,Engine Service,30818.44,Completed
M002819,V0003,2024-12-26,Tyre Replacement,20684.31,Completed
M002820,V0078,2025-12-10,Engine Service,18957.8,Pending
M002821,V0044,2025-04-27,Battery Replacement,44005.5,Completed
M002822,V0051,2024-01-24,Battery Replacement,40777.6,Completed
M002823,V0005,2024-07-10,Oil Change,7830.66,Completed
M002824,V0024,2025-01-11,Tyre Replacement,14842.51,Completed
M002825,V0078,2025-02-11,General Service,24799.44,Pending
M002826,V0077,2024-10-29,Tyre Replacement,26260.87,Completed
M002827,V0030,2024-04-11,General Service,25758.51,Completed
M002828,V0030,2024-06-14,Engine Service,31898.62,Completed
M002829,V0002,2025-09-28,General Service,30653.01,Completed
M002830,V0016,2024-11-19,Oil Change,9813.98,Completed
M002831,V0025,2024-04-25,Brake Service,7666.78,Completed
M002832,V0054,2025-12-12,Oil Change,17090.44,Completed
M002833,V0044,2025-04-08,Oil Change,13966.45,Completed
M002834,V0042,2025-03-09,Tyre Replacement,3579.78,Completed
M002835,V0062,2025-03-25,Brake Service,2640.77,Completed
M002836,V0044,2025-10-27,Battery Replacement,24178.82,Pending
M002837,V0015,2024-06-19,Oil Change,41275.21,Pending
M002838,V0100,2025-07-12,Battery Replacement,32337.35,Completed
M002839,V0079,2025-01-09,General Service,10626.58,Completed
M002840,V0024,2025-01-22,General Service,1201.62,Completed
M002841,V0051,2024-09-25,Engine Service,30964.77,Completed
M002842,V0040,2024-04-26,Battery Replacement,44966.76,Completed
M002843,V0054,2025-08-04,Battery Replacement,5617.12,Pending
M002844,V0015,2025-05-13,Brake Service,28253.94,Completed
M002845,V0024,2025-09-20,Brake Service,41530.27,Completed
M002846,V0078,2024-04-14,General Service,38939.73,Completed
M002847,V0019,2025-04-25,Engine Service,15857.12,Pending
M002848,V0014,2024-09-02,Tyre Replacement,47570.02,Completed
M002849,V0032,2024-03-07,General Service,4725.35,Completed
M002850,V0009,2025-02-23,Brake Service,1473.38,Pending
M002851,V0088,2024-02-13,Brake Service,17622.58,Completed
M002852,V0048,2025-01-26,Oil Change,2414.05,Pending
M002853,V0034,2025-01-20,General Service,34355.45,Completed
M002854,V0051,2025-05-11,General Service,11692.58,Pending
M002855,V0012,2024-10-12,Battery Replacement,17734.83,Pending
M002856,V0040,2025-01-27,Engine Service,27772.89,Completed
M002857,V0080,2025-04-30,Battery Replacement,28645.46,Completed
M002858,V0066,2025-04-26,Engine Service,27590.12,Pending
M002859,V0027,2024-10-02,General Service,41978.76,Completed
M002860,V0026,2024-01-01,Battery Replacement,19556.32,Completed
M002861,V0006,2025-05-23,General Service,39996.89,Completed
M002862,V0094,2025-10-25,Battery Replacement,14979.24,Completed
M002863,V0029,2024-04-10,General Service,41944.32,Pending
M002864,V0095,2024-04-08,Battery Replacement,7973.97,Completed
M002865,V0027,2024-02-05,General Service,3393.81,Completed
M002866,V0080,2025-09-11,General Service,9137.28,Completed
M002867,V0061,2025-09-28,Oil Change,34915.91,Completed
M002868,V0089,2024-09-29,Engine Service,1584.42,Pending
M002869,V0017,2024-08-10,Battery Replacement,33313.54,Completed
M002870,V0026,2024-03-04,General Service,17494.8,Pending
M002871,V0018,2024-03-25,Battery Replacement,26085.05,Completed
M002872,V0005,2025-07-28,Oil Change,43538.33,Pending
M002873,V0050,2025-03-08,Engine Service,22856.57,Completed
M002874,V0040,2025-10-04,Engine Service,22446.88,Completed
M002875,V0032,2025-04-23,General Service,21479.64,Pending
M002876,V0087,2024-03-20,Battery Replacement,24911.63,Completed
M002877,V0070,2025-03-15,Engine Service,2291.46,Pending
M002878,V0054,2025-03-01,Battery Replacement,7228.84,Pending
M002879,V0037,2025-01-05,Battery Replacement,11575.01,Completed
M002880,V0099,2025-04-25,General Service,28719.0,Completed
M002881,V0039,2025-09-01,Battery Replacement,30502.78,Completed
M002882,V0019,2025-09-04,Oil Change,40024.55,Pending
M002883,V0064,2025-03-09,Brake Service,21781.71,Completed
M002884,V0093,2025-11-28,Battery Replacement,31444.81,Completed
M002885,V0077,2025-05-26,Tyre Replacement,38448.37,Pending
M002886,V0026,2024-03-30,Engine Service,1780.19,Completed
M002887,V0011,2024-08-24,Tyre Replacement,12027.16,Completed
M002888,V0021,2024-08-11,General Service,41193.22,Completed
M002889,V0078,2024-02-20,Tyre Replacement,41748.88,Completed
M002890,V0083,2024-08-02,Brake Service,38958.23,Completed
M002891,V0051,2024-05-07,Brake Service,47056.58,Pending
M002892,V0070,2025-03-07,Brake Service,42424.48,Completed
M002893,V0055,2024-10-27,Tyre Replacement,39798.77,Pending
M002894,V0043,2025-12-10,Oil Change,4917.35,Completed
M002895,V0065,2024-10-08,Brake Service,16958.51,Completed
M002896,V0098,2024-09-25,Engine Service,24910.6,Completed
M002897,V0004,2024-02-13,Battery Replacement,44710.55,Pending
M002898,V0015,2024-05-22,General Service,10292.58,Completed
M002899,V0006,2025-02-23,Battery Replacement,38367.74,Completed
M002900,V0079,2024-02-02,Oil Change,36861.61,Completed
M002901,V0049,2024-01-10,Engine Service,27747.8,Completed
M002902,V0042,2024-04-09,General Service,11266.79,Completed
M002903,V0037,2024-10-01,General Service,40480.24,Completed
M002904,V0062,2024-10-22,Battery Replacement,16778.02,Completed
M002905,V0002,2025-07-11,Engine Service,17338.55,Completed
M002906,V0099,2025-09-06,Brake Service,15760.2,Completed
M002907,V0017,2024-09-20,Oil Change,9872.12,Pending
M002908,V0065,2025-04-03,Battery Replacement,32600.34,Completed
M002909,V0067,2024-04-06,Tyre Replacement,35847.36,Completed
M002910,V0080,2025-02-22,General Service,18979.5,Completed
M002911,V0079,2025-02-08,Engine Service,41768.45,Pending
M002912,V0024,2025-10-11,Engine Service,34276.11,Pending
M002913,V0052,2025-05-11,Battery Replacement,27608.24,Completed
M002914,V0087,2024-06-17,Tyre Replacement,27184.21,Completed
M002915,V0057,2024-05-13,Battery Replacement,39859.8,Completed
M002916,V0073,2024-10-25,Battery Replacement,11609.35,Completed
M002917,V0045,2024-08-14,Engine Service,4602.61,Completed
M002918,V0089,2025-10-23,Engine Service,13225.95,Pending
M002919,V0005,2025-11-09,Tyre Replacement,28352.34,Completed
M002920,V0095,2024-12-15,Engine Service,2608.12,Pending
M002921,V0054,2024-06-16,Brake Service,48280.74,Pending
M002922,V0042,2024-06-13,Brake Service,16951.94,Completed
M002923,V0032,2024-03-13,Oil Change,10510.53,Completed
M002924,V0052,2025-01-01,Oil Change,6934.92,Pending
M002925,V0004,2025-10-25,Engine Service,14372.44,Pending
M002926,V0005,2025-04-09,General Service,39889.82,Pending
M002927,V0008,2025-04-17,General Service,47379.83,Completed
M002928,V0014,2024-03-29,Battery Replacement,7549.82,Pending
M002929,V0017,2025-05-28,Tyre Replacement,8026.65,Completed
M002930,V0018,2024-06-12,Engine Service,25612.32,Pending
M002931,V0030,2024-12-09,Battery Replacement,1772.55,Pending
M002932,V0058,2024-05-31,Battery Replacement,27927.73,Completed
M002933,V0094,2024-02-11,General Service,15876.84,Completed
M002934,V0041,2024-08-19,General Service,17086.22,Completed
M002935,V0015,2025-07-06,Brake Service,37674.6,Completed
M002936,V0031,2025-06-11,General Service,6858.65,Pending
M002937,V0083,2024-11-28,Brake Service,38292.48,Completed
M002938,V0009,2025-07-27,Brake Service,17669.59,Completed
M002939,V0075,2024-06-27,Brake Service,44212.61,Pending
M002940,V0031,2024-12-08,Engine Service,2914.67,Completed
M002941,V0071,2025-04-27,Oil Change,17194.49,Pending
M002942,V0040,2025-04-15,Oil Change,39845.83,Pending
M002943,V0010,2025-01-30,Tyre Replacement,18071.35,Completed
M002944,V0046,2025-06-26,Brake Service,22685.46,Completed
M002945,V0095,2025-10-13,Brake Service,13835.37,Pending
M002946,V0029,2024-07-07,Oil Change,24051.31,Pending
M002947,V0072,2024-02-29,General Service,24687.15,Completed
M002948,V0076,2024-09-24,General Service,45096.49,Completed
M002949,V0094,2024-04-21,Brake Service,23308.32,Completed
M002950,V0086,2024-12-01,Engine Service,49103.35,Completed
M002951,V0033,2024-02-04,Oil Change,18788.09,Completed
M002952,V0051,2025-08-14,Oil Change,16374.15,Pending
M002953,V0088,2024-06-15,General Service,17098.67,Pending
M002954,V0085,2025-02-07,Brake Service,22414.19,Completed
M002955,V0074,2025-11-06,Engine Service,38605.18,Completed
M002956,V0003,2025-01-15,Brake Service,7950.73,Pending
M002957,V0069,2025-11-24,General Service,15255.37,Completed
M002958,V0031,2024-03-26,Tyre Replacement,5425.27,Pending
M002959,V0063,2024-01-18,Tyre Replacement,8543.73,Completed
M002960,V0027,2025-07-20,Brake Service,6747.17,Pending
M002961,V0036,2024-01-21,General Service,2069.38,Completed
M002962,V0050,2025-10-11,Brake Service,45241.78,Completed
M002963,V0003,2025-02-07,Engine Service,30368.98,Pending
M002964,V0061,2025-03-19,Tyre Replacement,17186.34,Pending
M002965,V0039,2024-03-25,Tyre Replacement,39537.75,Completed
M002966,V0089,2025-04-07,Brake Service,32198.75,Pending
M002967,V0100,2025-03-21,Oil Change,3037.44,Completed
M002968,V0005,2025-12-26,Engine Service,41580.94,Completed
M002969,V0045,2025-07-07,Oil Change,36543.95,Completed
M002970,V0076,2025-02-26,Brake Service,13073.88,Completed
M002971,V0047,2024-08-27,General Service,27183.48,Completed
M002972,V0078,2024-02-03,Tyre Replacement,26386.03,Completed
M002973,V0044,2025-02-28,Oil Change,25337.92,Completed
M002974,V0092,2025-02-07,Oil Change,4971.79,Pending
M002975,V0064,2024-01-20,Brake Service,39994.69,Completed
M002976,V0091,2025-04-10,Brake Service,781.21,Pending
M002977,V0082,2024-06-26,General Service,49008.03,Completed
M002978,V0017,2024-06-28,Brake Service,11969.92,Completed
M002979,V0053,2025-11-14,Tyre Replacement,37791.9,Completed
M002980,V0011,2025-06-29,Oil Change,10752.74,Completed
M002981,V0003,2024-03-17,Brake Service,27987.58,Completed
M002982,V0052,2024-01-17,Engine Service,47638.44,Completed
M002983,V0081,2024-10-24,Tyre Replacement,26545.28,Completed
M002984,V0002,2025-05-03,Brake Service,36244.69,Completed
M002985,V0096,2025-11-27,Brake Service,5153.68,Pending
M002986,V0082,2025-03-17,General Service,38607.42,Completed
M002987,V0090,2024-04-13,Battery Replacement,13484.08,Completed
M002988,V0071,2025-11-20,Engine Service,44995.26,Pending
M002989,V0019,2025-02-26,General Service,34805.53,Pending
M002990,V0034,2024-04-04,Engine Service,15596.45,Completed
M002991,V0020,2024-08-28,Tyre Replacement,13681.37,Pending
M002992,V0076,2025-07-21,Battery Replacement,19322.93,Pending
M002993,V0039,2024-08-09,Oil Change,3525.46,Completed
M002994,V0094,2024-06-30,General Service,14007.6,Completed
M002995,V0032,2024-07-19,Battery Replacement,37082.27,Completed
M002996,V0034,2025-12-05,Oil Change,49895.79,Completed
M002997,V0028,2024-06-06,Brake Service,47372.27,Completed
M002998,V0082,2024-08-24,Brake Service,3390.34,Pending
M002999,V0041,2025-09-21,Tyre Replacement,21960.81,Completed
M003000,V0099,2024-06-04,Engine Service,20087.41,Pending
M003001,V0086,2024-12-30,Oil Change,15984.25,Completed
M003002,V0008,2024-05-27,Engine Service,10014.73,Completed
M003003,V0094,2025-04-11,General Service,46672.75,Pending
M003004,V0079,2024-07-02,Tyre Replacement,24330.85,Completed
M003005,V0055,2024-10-07,General Service,42857.9,Pending
M003006,V0056,2025-10-19,Engine Service,26233.22,Completed
M003007,V0079,2025-12-02,Oil Change,33898.17,Completed
M003008,V0096,2024-02-14,Battery Replacement,3440.37,Completed
M003009,V0002,2024-01-03,General Service,25490.37,Completed
M003010,V0055,2025-10-17,Oil Change,25848.01,Completed
M003011,V0053,2024-09-30,Oil Change,24585.03,Completed
M003012,V0028,2025-05-23,Engine Service,7385.42,Completed
M003013,V0053,2025-11-06,Brake Service,13974.38,Completed
M003014,V0068,2024-11-03,Oil Change,48509.09,Completed
M003015,V0074,2024-05-04,Tyre Replacement,28782.92,Completed
M003016,V0038,2025-12-08,Battery Replacement,10209.15,Completed
M003017,V0065,2024-03-21,General Service,36122.07,Completed
M003018,V0023,2024-06-06,Brake Service,14142.3,Completed
M003019,V0054,2025-09-07,Engine Service,14312.34,Completed
M003020,V0070,2024-11-03,General Service,33564.24,Pending
M003021,V0051,2024-02-13,Battery Replacement,11939.6,Completed
M003022,V0051,2025-04-28,Oil Change,38219.99,Completed
M003023,V0040,2024-12-24,General Service,11828.72,Completed
M003024,V0030,2024-11-19,Tyre Replacement,14546.16,Completed
M003025,V0019,2024-09-30,Tyre Replacement,24461.71,Completed
M003026,V0001,2024-01-19,General Service,48026.39,Completed
M003027,V0013,2025-11-20,General Service,35408.78,Pending
M003028,V0073,2025-08-06,Oil Change,20550.91,Completed
M003029,V0052,2024-09-16,Engine Service,4263.75,Pending
M003030,V0077,2024-04-29,Oil Change,38152.04,Completed
M003031,V0044,2025-11-02,Engine Service,10560.59,Completed
M003032,V0078,2024-04-03,Tyre Replacement,8188.11,Pending
M003033,V0053,2024-04-23,Engine Service,29344.38,Pending
M003034,V0068,2025-07-14,Battery Replacement,21505.8,Pending
M003035,V0074,2024-08-20,Tyre Replacement,42847.24,Completed
M003036,V0072,2025-05-23,Battery Replacement,27435.77,Completed
M003037,V0087,2025-12-05,Engine Service,11925.43,Completed
M003038,V0064,2024-01-08,Brake Service,8721.3,Pending
M003039,V0065,2024-08-01,Brake Service,23105.81,Completed
M003040,V0027,2025-09-29,Battery Replacement,21115.08,Completed
M003041,V0043,2024-05-30,Oil Change,37275.43,Completed
M003042,V0048,2024-05-05,Tyre Replacement,9660.87,Pending
M003043,V0071,2024-06-16,Oil Change,8168.26,Pending
M003044,V0022,2025-05-08,Tyre Replacement,33112.23,Pending
M003045,V0064,2025-12-09,Battery Replacement,5923.61,Completed
M003046,V0018,2025-09-30,Brake Service,47609.32,Completed
M003047,V0018,2025-05-16,General Service,7128.23,Completed
M003048,V0097,2025-11-05,Tyre Replacement,3792.36,Pending
M003049,V0026,2024-05-07,Battery Replacement,4078.79,Completed
M003050,V0097,2024-02-05,Tyre Replacement,21800.55,Completed
M003051,V0091,2024-06-26,Battery Replacement,2218.94,Completed
M003052,V0034,2024-02-01,Brake Service,48332.45,Completed
M003053,V0095,2025-11-10,Tyre Replacement,32792.8,Completed
M003054,V0088,2025-11-21,General Service,21057.93,Pending
M003055,V0096,2025-11-30,Tyre Replacement,37761.72,Completed
M003056,V0034,2025-05-03,Tyre Replacement,32931.39,Completed
M003057,V0016,2024-05-16,Engine Service,20259.77,Completed
M003058,V0037,2024-07-05,Engine Service,25034.99,Completed
M003059,V0089,2025-05-18,Battery Replacement,38784.11,Completed
M003060,V0058,2024-12-24,Tyre Replacement,28700.07,Completed
M003061,V0080,2024-07-18,General Service,25572.62,Completed
M003062,V0051,2025-12-22,Brake Service,44072.18,Completed
M003063,V0019,2024-12-09,Battery Replacement,33929.8,Completed
M003064,V0077,2025-06-11,Brake Service,21650.13,Completed
M003065,V0055,2024-02-11,General Service,16418.16,Completed
M003066,V0028,2024-01-24,Engine Service,43552.98,Completed
M003067,V0027,2025-11-14,Brake Service,37529.7,Completed
M003068,V0004,2024-09-04,Oil Change,4144.78,Pending
M003069,V0074,2024-01-23,General Service,44738.11,Completed
M003070,V0038,2025-01-19,Battery Replacement,711.71,Pending
M003071,V0073,2024-08-14,Battery Replacement,10906.72,Completed
M003072,V0073,2024-02-27,Engine Service,14027.99,Completed
M003073,V0060,2024-07-28,Engine Service,11686.72,Pending
M003074,V0050,2025-05-01,Battery Replacement,36594.63,Completed
M003075,V0024,2024-05-26,Tyre Replacement,43343.15,Pending
M003076,V0042,2024-03-02,Engine Service,40318.08,Completed
M003077,V0012,2024-06-20,Battery Replacement,36767.88,Completed
M003078,V0069,2024-01-15,General Service,12185.97,Completed
M003079,V0039,2025-02-07,General Service,17956.2,Completed
M003080,V0069,2025-08-09,Brake Service,1749.32,Pending
M003081,V0038,2024-08-29,Oil Change,2810.07,Pending
M003082,V0098,2024-03-07,Oil Change,6150.46,Pending
M003083,V0081,2025-11-23,Brake Service,36672.94,Pending
M003084,V0080,2024-08-08,Brake Service,28460.68,Completed
M003085,V0019,2024-05-22,Oil Change,28753.8,Completed
M003086,V0072,2025-08-28,General Service,19410.85,Completed
M003087,V0031,2025-03-24,Engine Service,45240.38,Completed
M003088,V0059,2024-04-29,Brake Service,4423.54,Completed
M003089,V0061,2025-09-17,Brake Service,7238.19,Completed
M003090,V0008,2025-11-05,Engine Service,31351.5,Pending
M003091,V0087,2024-12-03,General Service,49610.01,Completed
M003092,V0053,2024-01-14,Battery Replacement,11002.02,Pending
M003093,V0046,2025-08-06,Brake Service,15182.69,Completed
M003094,V0048,2024-11-18,General Service,43085.83,Completed
M003095,V0040,2025-10-30,Battery Replacement,49398.39,Pending
M003096,V0017,2024-01-02,Battery Replacement,23997.38,Pending
M003097,V0036,2025-11-08,Engine Service,23593.77,Pending
M003098,V0047,2024-12-17,Oil Change,11468.3,Pending
M003099,V0001,2025-11-16,Brake Service,26561.75,Completed
M003100,V0003,2025-02-21,Tyre Replacement,28374.91,Pending
M003101,V0075,2025-05-06,General Service,15946.15,Completed
M003102,V0055,2025-05-03,Brake Service,16891.76,Completed
M003103,V0072,2024-07-12,Battery Replacement,2280.33,Completed
M003104,V0088,2024-10-09,Oil Change,14955.44,Pending
M003105,V0026,2024-09-03,Brake Service,11516.91,Completed
M003106,V0095,2024-09-17,Oil Change,14376.37,Completed
M003107,V0042,2025-11-14,Brake Service,48367.45,Pending
M003108,V0086,2025-02-11,Battery Replacement,25391.48,Pending
M003109,V0049,2024-12-02,Oil Change,22661.92,Completed
M003110,V0004,2025-07-20,General Service,35949.28,Completed
M003111,V0043,2024-04-30,Tyre Replacement,18280.08,Completed
M003112,V0064,2024-11-12,Tyre Replacement,42203.45,Completed
M003113,V0049,2025-07-03,Tyre Replacement,21932.36,Completed
M003114,V0039,2025-09-03,General Service,40138.73,Completed
M003115,V0020,2025-01-17,Oil Change,21716.98,Pending
M003116,V0080,2025-12-20,Engine Service,13586.43,Pending
M003117,V0059,2024-11-16,Oil Change,47829.55,Completed
M003118,V0035,2025-03-17,General Service,21218.21,Pending
M003119,V0098,2025-01-04,Tyre Replacement,37278.98,Completed
M003120,V0023,2025-09-04,Engine Service,34817.04,Pending
M003121,V0002,2025-03-21,Engine Service,37964.4,Completed
M003122,V0010,2024-09-20,General Service,16384.82,Completed
M003123,V0028,2024-04-07,Engine Service,29290.09,Completed
M003124,V0063,2025-06-21,General Service,8794.31,Completed
M003125,V0093,2025-12-23,Brake Service,4001.09,Pending
M003126,V0021,2024-03-21,Engine Service,42465.0,Completed
M003127,V0063,2024-10-26,Tyre Replacement,13461.97,Pending
M003128,V0083,2024-05-02,General Service,30228.96,Completed
M003129,V0037,2024-08-04,General Service,1272.85,Completed
M003130,V0078,2025-03-06,Battery Replacement,37430.49,Completed
M003131,V0024,2025-11-21,Engine Service,44887.99,Completed
M003132,V0093,2024-06-27,Battery Replacement,33309.17,Completed
M003133,V0082,2024-06-04,Engine Service,31885.53,Pending
M003134,V0012,2024-03-17,Engine Service,27734.21,Pending
M003135,V0069,2025-12-13,General Service,39256.31,Completed
M003136,V0018,2025-10-06,Battery Replacement,49005.38,Pending
M003137,V0039,2025-01-23,General Service,597.87,Pending
M003138,V0031,2025-06-09,Oil Change,7961.58,Completed
M003139,V0023,2025-03-27,Oil Change,40310.72,Completed
M003140,V0057,2025-08-11,Battery Replacement,21883.56,Pending
M003141,V0018,2025-08-14,Engine Service,29675.48,Completed
M003142,V0061,2024-10-23,Battery Replacement,38592.7,Completed
M003143,V0070,2024-07-26,General Service,19700.23,Pending
M003144,V0030,2024-03-14,Brake Service,2265.84,Pending
M003145,V0025,2024-12-17,Battery Replacement,9370.81,Completed
M003146,V0091,2024-05-23,Battery Replacement,5361.34,Pending
M003147,V0046,2024-08-18,Tyre Replacement,47258.86,Pending
M003148,V0093,2025-01-11,Brake Service,43932.29,Pending
M003149,V0082,2025-09-03,General Service,31461.98,Pending
M003150,V0038,2025-09-03,Tyre Replacement,16603.26,Completed
M003151,V0027,2024-02-21,Oil Change,28896.81,Pending
M003152,V0081,2025-06-08,Tyre Replacement,29454.86,Completed
M003153,V0095,2025-10-11,Oil Change,9139.94,Pending
M003154,V0034,2025-12-16,Battery Replacement,8329.23,Completed
M003155,V0050,2025-02-19,General Service,43847.12,Completed
M003156,V0086,2024-09-01,Battery Replacement,19928.56,Completed
M003157,V0048,2025-11-24,Brake Service,42078.74,Completed
M003158,V0045,2024-09-26,General Service,7914.97,Completed
M003159,V0061,2025-05-18,Brake Service,35217.86,Pending
M003160,V0094,2024-05-30,Brake Service,41208.38,Completed
M003161,V0069,2024-06-20,General Service,16825.35,Completed
M003162,V0099,2024-11-27,Oil Change,5506.13,Completed
M003163,V0046,2024-04-05,General Service,23813.79,Completed
M003164,V0100,2025-06-21,Oil Change,40730.22,Completed
M003165,V0091,2025-09-29,General Service,34804.02,Pending
M003166,V0038,2025-08-05,Engine Service,10969.85,Completed
M003167,V0009,2025-11-07,Battery Replacement,40302.55,Pending
M003168,V0087,2025-10-04,General Service,19852.45,Completed
M003169,V0088,2025-07-30,Battery Replacement,24880.12,Completed
M003170,V0049,2024-05-09,General Service,44286.17,Completed
M003171,V0051,2025-01-05,Tyre Replacement,19063.25,Completed
M003172,V0060,2024-01-17,Battery Replacement,9674.53,Completed
M003173,V0048,2025-10-12,Oil Change,31784.89,Completed
M003174,V0030,2024-09-17,Tyre Replacement,11841.27,Pending
M003175,V0069,2025-04-12,Oil Change,5236.77,Completed
M003176,V0060,2024-01-17,Battery Replacement,24542.66,Completed
M003177,V0043,2024-02-16,Battery Replacement,3081.34,Completed
M003178,V0011,2025-05-10,Engine Service,2156.64,Completed
M003179,V0092,2024-06-22,Engine Service,30075.2,Pending
M003180,V0067,2025-04-27,Oil Change,17066.5,Pending
M003181,V0024,2025-08-25,Oil Change,39038.31,Completed
M003182,V0082,2024-02-27,Brake Service,47078.62,Pending
M003183,V0074,2024-11-19,General Service,18224.0,Pending
M003184,V0007,2024-02-24,Oil Change,45769.31,Completed
M003185,V0055,2024-12-23,Oil Change,29672.61,Completed
M003186,V0085,2025-11-22,Engine Service,45040.52,Completed
M003187,V0078,2024-08-06,Tyre Replacement,2201.28,Completed
M003188,V0096,2025-09-10,Engine Service,13356.16,Pending
M003189,V0019,2024-10-15,Engine Service,26904.55,Pending
M003190,V0028,2024-04-09,Engine Service,40863.91,Completed
M003191,V0047,2025-01-10,Battery Replacement,2717.49,Pending
M003192,V0027,2025-04-15,Battery Replacement,37148.72,Pending
M003193,V0068,2025-08-29,Battery Replacement,49951.94,Completed
M003194,V0048,2024-10-15,Engine Service,19112.7,Pending
M003195,V0052,2024-08-18,Tyre Replacement,46166.11,Pending
M003196,V0022,2025-04-16,Engine Service,14016.69,Completed
M003197,V0083,2024-02-07,General Service,19164.34,Pending
M003198,V0074,2024-09-29,Battery Replacement,26249.45,Completed
M003199,V0097,2025-12-12,Brake Service,28978.85,Pending
M003200,V0043,2024-08-22,Oil Change,31248.89,Completed
M003201,V0083,2025-07-17,General Service,18363.45,Completed
M003202,V0032,2025-06-07,Oil Change,38914.98,Pending
M003203,V0076,2024-04-23,Battery Replacement,49509.9,Completed
M003204,V0030,2024-05-20,Battery Replacement,45717.13,Completed
M003205,V0089,2025-10-10,Tyre Replacement,17841.84,Pending
M003206,V0060,2024-02-18,Brake Service,47235.65,Pending
M003207,V0031,2024-11-29,Brake Service,26812.11,Pending
M003208,V0060,2025-09-05,Tyre Replacement,29395.36,Pending
M003209,V0039,2024-02-28,Battery Replacement,41831.43,Pending
M003210,V0043,2025-06-27,Tyre Replacement,5226.62,Completed
M003211,V0079,2025-11-13,Brake Service,42650.69,Completed
M003212,V0082,2024-09-29,Oil Change,43132.63,Completed
M003213,V0059,2024-07-05,Brake Service,30529.85,Completed
M003214,V0007,2025-12-19,Oil Change,7227.51,Pending
M003215,V0034,2025-03-03,Tyre Replacement,6130.71,Pending
M003216,V0026,2025-02-28,Brake Service,45218.6,Pending
M003217,V0087,2024-06-08,Brake Service,46105.78,Pending
M003218,V0077,2025-07-22,Oil Change,49865.21,Completed
M003219,V0032,2025-02-11,Oil Change,47151.49,Completed
M003220,V0068,2025-07-23,Oil Change,39677.04,Pending
M003221,V0100,2024-03-08,Tyre Replacement,6502.65,Completed
M003222,V0085,2024-01-11,General Service,14032.47,Pending
M003223,V0096,2024-02-20,Tyre Replacement,19088.56,Pending
M003224,V0042,2025-07-26,Battery Replacement,30357.78,Completed
M003225,V0018,2024-02-26,Oil Change,47812.78,Pending
M003226,V0007,2025-09-05,Engine Service,34376.02,Completed
M003227,V0060,2024-05-06,Engine Service,37477.74,Pending
M003228,V0006,2024-02-16,Tyre Replacement,11027.96,Pending
M003229,V0053,2024-03-06,Engine Service,5015.8,Completed
M003230,V0051,2025-11-02,Battery Replacement,8282.11,Completed
M003231,V0098,2025-10-21,Brake Service,6166.39,Completed
M003232,V0044,2024-08-07,Battery Replacement,28651.86,Completed
M003233,V0084,2024-04-20,Battery Replacement,1294.89,Pending
M003234,V0085,2025-07-20,Oil Change,18581.73,Completed
M003235,V0072,2024-11-07,Brake Service,43107.08,Completed
M003236,V0060,2025-10-08,Battery Replacement,7506.99,Completed
M003237,V0089,2024-04-02,Engine Service,26360.78,Completed
M003238,V0096,2024-08-15,Engine Service,11945.45,Completed
M003239,V0030,2024-03-25,Tyre Replacement,12175.51,Pending
M003240,V0017,2025-01-29,Battery Replacement,26247.35,Completed
M003241,V0080,2024-12-20,General Service,48832.53,Completed
M003242,V0047,2025-05-19,Battery Replacement,10489.45,Pending
M003243,V0095,2025-12-24,General Service,7054.5,Completed
M003244,V0057,2024-10-19,General Service,49697.19,Completed
M003245,V0016,2024-12-25,Brake Service,27887.24,Completed
M003246,V0003,2024-12-02,Brake Service,42791.21,Completed
M003247,V0012,2025-03-12,Engine Service,11877.35,Completed
M003248,V0051,2024-07-13,Engine Service,11086.87,Pending
M003249,V0024,2024-05-18,Engine Service,29845.86,Completed
M003250,V0098,2025-09-02,Engine Service,17015.09,Completed
M003251,V0058,2025-04-17,Engine Service,33838.79,Completed
M003252,V0089,2024-05-21,Oil Change,19179.73,Completed
M003253,V0080,2025-04-29,Battery Replacement,37294.06,Completed
M003254,V0052,2025-12-18,Engine Service,17618.69,Pending
M003255,V0015,2024-03-04,Brake Service,29191.01,Pending
M003256,V0026,2025-08-26,General Service,33511.44,Completed
M003257,V0097,2024-01-30,Battery Replacement,43304.0,Completed
M003258,V0001,2024-12-06,Engine Service,24868.6,Pending
M003259,V0047,2025-07-09,Brake Service,29763.74,Pending
M003260,V0099,2024-05-03,Tyre Replacement,9153.88,Completed
M003261,V0036,2024-01-01,Brake Service,37571.23,Completed
M003262,V0024,2025-04-05,General Service,42455.77,Completed
M003263,V0044,2024-09-29,General Service,44464.74,Pending
M003264,V0034,2024-12-26,Tyre Replacement,46815.17,Pending
M003265,V0021,2025-03-05,Tyre Replacement,48960.55,Pending
M003266,V0070,2024-05-18,Brake Service,33072.75,Completed
M003267,V0004,2025-03-13,Brake Service,6504.25,Pending
M003268,V0044,2024-02-07,Brake Service,41457.94,Completed
M003269,V0071,2024-08-23,General Service,23000.43,Pending
M003270,V0058,2024-08-06,Brake Service,33380.87,Completed
M003271,V0084,2024-09-02,Engine Service,19767.35,Completed
M003272,V0094,2024-12-14,Tyre Replacement,30480.15,Completed
M003273,V0089,2025-09-03,General Service,46312.84,Completed
M003274,V0053,2024-03-12,Battery Replacement,34946.28,Pending
M003275,V0056,2024-09-06,Battery Replacement,17928.49,Completed
M003276,V0050,2025-03-03,Brake Service,2304.76,Completed
M003277,V0055,2025-03-13,Battery Replacement,833.16,Completed
M003278,V0021,2024-08-08,Brake Service,21199.07,Pending
M003279,V0029,2024-06-02,Engine Service,4547.3,Pending
M003280,V0007,2025-09-18,Oil Change,49552.87,Pending
M003281,V0050,2024-05-18,Oil Change,14665.25,Pending
M003282,V0027,2024-07-14,Oil Change,38400.26,Pending
M003283,V0071,2024-01-25,General Service,1272.38,Completed
M003284,V0061,2024-02-21,General Service,4637.27,Completed
M003285,V0060,2024-10-08,General Service,30452.1,Completed
M003286,V0061,2025-11-11,Oil Change,14185.05,Completed
M003287,V0074,2024-08-16,Brake Service,34795.78,Completed
M003288,V0099,2025-08-05,Tyre Replacement,21124.51,Pending
M003289,V0087,2025-07-18,General Service,3320.01,Pending
M003290,V0090,2024-03-16,Brake Service,5374.6,Completed
M003291,V0010,2025-01-30,Brake Service,14634.65,Pending
M003292,V0070,2024-09-12,Oil Change,46528.61,Completed
M003293,V0024,2024-09-01,Oil Change,1218.57,Pending
M003294,V0018,2025-05-07,Brake Service,4003.44,Completed
M003295,V0001,2024-08-24,Oil Change,19577.93,Completed
M003296,V0018,2025-02-08,Engine Service,37208.81,Completed
M003297,V0026,2024-02-21,Battery Replacement,17986.23,Pending
M003298,V0016,2025-12-26,Engine Service,21494.94,Pending
M003299,V0080,2025-11-19,Oil Change,2552.73,Completed
M003300,V0069,2025-04-15,Engine Service,12389.08,Pending
M003301,V0076,2024-10-09,General Service,17609.69,Completed
M003302,V0013,2025-08-17,General Service,16367.6,Completed
M003303,V0004,2025-02-06,Battery Replacement,20587.03,Completed
M003304,V0023,2025-05-11,Engine Service,31847.76,Pending
M003305,V0011,2025-10-04,Tyre Replacement,43356.64,Completed
M003306,V0012,2024-08-08,General Service,23524.62,Completed
M003307,V0059,2025-08-08,Engine Service,29422.99,Completed
M003308,V0022,2024-05-27,Tyre Replacement,10565.92,Pending
M003309,V0055,2024-05-08,General Service,33169.99,Completed
M003310,V0023,2024-04-08,Brake Service,11624.68,Pending
M003311,V0001,2024-10-12,Oil Change,6286.93,Completed
M003312,V0026,2024-05-26,Brake Service,16204.78,Completed
M003313,V0023,2024-07-06,General Service,47959.31,Pending
M003314,V0037,2024-11-09,Engine Service,37731.52,Pending
M003315,V0055,2025-10-30,Tyre Replacement,6588.96,Completed
M003316,V0040,2025-08-27,Brake Service,4317.41,Completed
M003317,V0086,2024-01-09,Tyre Replacement,7698.63,Completed
M003318,V0078,2025-01-30,Tyre Replacement,35169.97,Completed
M003319,V0010,2025-07-15,Battery Replacement,2647.91,Completed
M003320,V0046,2025-01-02,Tyre Replacement,12633.97,Completed
M003321,V0020,2025-12-08,General Service,42225.88,Pending
M003322,V0011,2024-03-06,General Service,16575.14,Completed
M003323,V0054,2024-09-25,Brake Service,12306.55,Completed
M003324,V0043,2025-08-02,General Service,36124.37,Pending
M003325,V0089,2025-04-21,Battery Replacement,37999.29,Completed
M003326,V0066,2024-03-13,Brake Service,37970.01,Pending
M003327,V0035,2024-02-15,Oil Change,8343.24,Completed
M003328,V0075,2024-03-24,Engine Service,32135.48,Completed
M003329,V0037,2025-09-12,Battery Replacement,41105.46,Completed
M003330,V0015,2025-03-12,Battery Replacement,37786.31,Pending
M003331,V0025,2025-04-09,Tyre Replacement,31632.58,Completed
M003332,V0094,2025-02-13,Brake Service,33769.78,Completed
M003333,V0088,2024-02-12,Engine Service,42256.63,Pending
M003334,V0010,2025-02-04,Oil Change,5928.76,Completed
M003335,V0088,2025-06-16,Engine Service,47968.95,Completed
M003336,V0051,2025-03-23,Oil Change,10830.84,Completed
M003337,V0004,2024-07-01,Oil Change,24709.63,Completed
M003338,V0064,2024-12-02,Tyre Replacement,33981.55,Pending
M003339,V0045,2025-04-28,Oil Change,15430.44,Completed
M003340,V0065,2024-07-30,Engine Service,28887.1,Completed
M003341,V0002,2024-12-09,Brake Service,1080.01,Completed
M003342,V0096,2025-07-01,Brake Service,18144.01,Completed
M003343,V0029,2025-03-14,Brake Service,39355.75,Pending
M003344,V0035,2025-05-20,Battery Replacement,28689.15,Pending
M003345,V0078,2025-05-04,Oil Change,5744.97,Pending
M003346,V0039,2024-04-18,Brake Service,22311.32,Pending
M003347,V0009,2024-01-14,General Service,39076.02,Pending
M003348,V0089,2024-07-09,Battery Replacement,4889.53,Completed
M003349,V0011,2025-05-18,Battery Replacement,35255.17,Completed
M003350,V0089,2025-02-14,Tyre Replacement,22486.23,Pending
M003351,V0046,2025-03-24,General Service,29044.27,Pending
M003352,V0053,2025-04-30,Tyre Replacement,6373.74,Completed
M003353,V0007,2025-11-11,General Service,32947.26,Completed
M003354,V0031,2024-05-16,Tyre Replacement,22819.23,Completed
M003355,V0009,2024-12-24,General Service,23761.3,Pending
M003356,V0026,2025-03-06,Brake Service,28062.54,Pending
M003357,V0013,2025-02-17,Battery Replacement,21113.32,Pending
M003358,V0090,2024-03-19,Battery Replacement,25320.22,Completed
M003359,V0040,2025-04-07,Oil Change,39674.48,Completed
M003360,V0041,2025-02-09,Battery Replacement,38342.27,Pending
M003361,V0036,2024-03-08,Brake Service,600.0,Completed
M003362,V0020,2024-04-13,Oil Change,31373.7,Completed
M003363,V0085,2024-01-28,Tyre Replacement,21992.84,Completed
M003364,V0034,2025-04-28,Engine Service,31855.38,Completed
M003365,V0071,2025-01-04,Engine Service,6058.92,Completed
M003366,V0075,2025-07-19,Engine Service,17211.09,Completed
M003367,V0060,2024-12-05,Engine Service,21335.6,Pending
M003368,V0021,2024-02-17,Brake Service,26174.01,Completed
M003369,V0097,2025-10-31,Brake Service,44238.48,Completed
M003370,V0040,2025-07-12,Engine Service,18382.25,Completed
M003371,V0023,2024-03-04,General Service,49738.57,Completed
M003372,V0068,2024-09-03,Brake Service,26333.21,Pending
M003373,V0002,2025-08-09,General Service,25636.11,Pending
M003374,V0006,2025-11-01,Oil Change,24332.26,Pending
M003375,V0015,2025-08-30,Brake Service,42909.09,Completed
M003376,V0024,2025-07-31,General Service,17028.91,Pending
M003377,V0071,2025-01-14,Oil Change,10560.78,Pending
M003378,V0031,2025-06-01,Battery Replacement,23488.11,Completed
M003379,V0044,2024-05-06,Oil Change,33425.57,Pending
M003380,V0068,2025-07-31,Brake Service,9904.67,Completed
M003381,V0094,2024-10-21,Battery Replacement,32848.44,Completed
M003382,V0014,2024-08-28,Oil Change,4255.31,Pending
M003383,V0097,2025-10-11,Oil Change,36649.62,Pending
M003384,V0095,2024-10-26,Brake Service,38480.17,Pending
M003385,V0002,2025-02-12,Engine Service,39659.96,Pending
M003386,V0052,2025-11-19,Battery Replacement,9222.67,Completed
M003387,V0076,2025-09-28,Oil Change,36006.8,Completed
M003388,V0019,2024-11-08,Brake Service,18937.97,Completed
M003389,V0084,2025-09-01,Battery Replacement,49714.92,Completed
M003390,V0083,2025-02-05,Oil Change,47311.06,Completed
M003391,V0067,2025-06-30,Engine Service,25625.26,Completed
M003392,V0046,2024-09-08,Battery Replacement,8654.79,Completed
M003393,V0087,2024-01-22,Oil Change,5247.21,Completed
M003394,V0039,2025-09-29,General Service,8642.0,Completed
M003395,V0032,2024-01-30,Battery Replacement,7255.0,Pending
M003396,V0048,2024-11-26,Engine Service,47499.03,Completed
M003397,V0071,2025-09-10,Engine Service,36553.0,Completed
M003398,V0050,2024-12-18,Brake Service,47508.09,Pending
M003399,V0059,2024-06-10,Tyre Replacement,46455.26,Completed
M003400,V0045,2025-12-18,General Service,47882.48,Completed
M003401,V0100,2025-08-17,General Service,7638.37,Completed
M003402,V0098,2024-04-07,Engine Service,34549.35,Completed
M003403,V0093,2025-03-11,Engine Service,7980.24,Completed
M003404,V0043,2024-10-25,Battery Replacement,11428.44,Pending
M003405,V0020,2025-01-02,General Service,5770.03,Completed
M003406,V0054,2024-01-17,General Service,23521.96,Pending
M003407,V0016,2025-12-17,Engine Service,4436.45,Completed
M003408,V0069,2024-07-14,Oil Change,29283.5,Completed
M003409,V0083,2025-12-29,Oil Change,10719.73,Completed
M003410,V0031,2024-10-21,Oil Change,47225.33,Completed
M003411,V0058,2025-08-28,Battery Replacement,1523.11,Pending
M003412,V0095,2024-02-02,General Service,21810.0,Pending
M003413,V0047,2025-01-11,Brake Service,7523.17,Completed
M003414,V0008,2024-07-19,Tyre Replacement,35631.91,Completed
M003415,V0090,2024-10-16,Battery Replacement,2313.63,Completed
M003416,V0010,2025-06-02,Engine Service,11429.82,Completed
M003417,V0031,2024-10-01,Tyre Replacement,33537.0,Completed
M003418,V0057,2024-08-12,Engine Service,22404.22,Pending
M003419,V0031,2024-01-02,Tyre Replacement,43219.67,Pending
M003420,V0046,2024-07-12,General Service,34848.92,Pending
M003421,V0075,2025-07-26,Oil Change,24749.61,Completed
M003422,V0028,2025-08-21,Oil Change,46780.03,Completed
M003423,V0090,2024-11-06,General Service,38272.29,Completed
M003424,V0093,2025-12-02,Battery Replacement,33445.19,Pending
M003425,V0057,2024-08-10,Engine Service,19733.42,Pending
M003426,V0027,2025-07-10,Brake Service,12878.97,Completed
M003427,V0029,2024-01-06,Battery Replacement,8959.43,Completed
M003428,V0017,2024-11-02,Brake Service,3618.29,Completed
M003429,V0095,2024-05-14,General Service,35570.82,Completed
M003430,V0089,2025-08-11,Oil Change,26578.76,Completed
M003431,V0096,2025-11-05,Oil Change,28330.38,Pending
M003432,V0044,2024-09-01,Tyre Replacement,25911.64,Completed
M003433,V0023,2024-08-19,Tyre Replacement,49284.16,Completed
M003434,V0077,2024-09-28,Engine Service,21229.24,Completed
M003435,V0082,2025-02-10,Battery Replacement,44772.61,Pending
M003436,V0071,2024-09-18,Engine Service,22212.94,Pending
M003437,V0028,2025-08-10,Engine Service,14091.29,Completed
M003438,V0075,2024-09-20,Brake Service,3034.78,Completed
M003439,V0039,2025-04-13,Engine Service,43521.88,Completed
M003440,V0076,2025-05-04,Tyre Replacement,19653.34,Completed
M003441,V0051,2024-10-29,Battery Replacement,1165.8,Completed
M003442,V0026,2024-09-13,General Service,21007.11,Completed
M003443,V0084,2025-01-03,Tyre Replacement,42893.5,Completed
M003444,V0065,2024-01-21,Oil Change,47510.3,Pending
M003445,V0012,2025-07-31,Oil Change,39011.18,Completed
M003446,V0058,2024-04-16,Oil Change,49418.1,Pending
M003447,V0011,2024-07-02,General Service,6745.75,Completed
M003448,V0080,2025-12-12,Tyre Replacement,14175.22,Completed
M003449,V0051,2024-09-23,Engine Service,11013.56,Pending
M003450,V0086,2025-05-02,General Service,2766.84,Completed
M003451,V0010,2024-07-20,General Service,44800.55,Pending
M003452,V0006,2025-04-02,Oil Change,37263.97,Completed
M003453,V0094,2025-10-13,Engine Service,24329.34,Pending
M003454,V0026,2025-05-31,Battery Replacement,7528.87,Completed
M003455,V0027,2025-10-27,Battery Replacement,15062.98,Completed
M003456,V0071,2025-09-15,Brake Service,25949.97,Pending
M003457,V0031,2025-01-13,Battery Replacement,48945.48,Completed
M003458,V0018,2024-01-15,Battery Replacement,8473.16,Completed
M003459,V0066,2025-03-27,Oil Change,49896.56,Pending
M003460,V0052,2024-06-24,Brake Service,32940.45,Completed
M003461,V0036,2025-10-27,General Service,4390.05,Completed
M003462,V0015,2024-09-30,Oil Change,43372.1,Completed
M003463,V0080,2024-11-08,Tyre Replacement,7048.29,Completed
M003464,V0035,2025-10-17,Engine Service,49268.42,Pending
M003465,V0078,2025-07-05,Brake Service,15216.63,Completed
M003466,V0006,2024-05-28,Oil Change,43083.39,Pending
M003467,V0047,2025-06-17,Engine Service,10687.9,Completed
M003468,V0081,2024-05-27,Tyre Replacement,42524.92,Completed
M003469,V0017,2024-08-17,General Service,9594.91,Pending
M003470,V0064,2025-08-15,General Service,23968.26,Completed
M003471,V0021,2024-02-10,Engine Service,5554.04,Pending
M003472,V0039,2024-04-24,Brake Service,8600.58,Completed
M003473,V0086,2025-02-17,Battery Replacement,37638.79,Pending
M003474,V0010,2024-09-02,Tyre Replacement,30605.83,Pending
M003475,V0043,2025-07-20,Brake Service,12312.53,Completed
M003476,V0089,2025-06-15,Battery Replacement,501.69,Completed
M003477,V0004,2024-02-12,General Service,17307.34,Pending
M003478,V0086,2025-09-08,Oil Change,14793.49,Completed
M003479,V0079,2025-06-11,Engine Service,25614.01,Completed
M003480,V0002,2025-09-14,General Service,23766.71,Completed
M003481,V0052,2025-12-24,Brake Service,15251.35,Completed
M003482,V0031,2024-12-17,Battery Replacement,32166.4,Completed
M003483,V0002,2024-09-01,Oil Change,33915.71,Pending
M003484,V0085,2025-09-11,Tyre Replacement,9270.39,Pending
M003485,V0003,2024-05-31,Brake Service,36570.91,Pending
M003486,V0001,2024-06-12,Brake Service,41954.05,Pending
M003487,V0058,2025-04-25,Brake Service,29066.27,Completed
M003488,V0096,2024-08-07,Oil Change,26044.31,Pending
M003489,V0045,2024-06-04,Oil Change,33150.17,Completed
M003490,V0036,2025-02-17,Engine Service,30284.51,Pending
M003491,V0052,2024-02-14,Oil Change,9519.53,Completed
M003492,V0063,2025-04-20,Tyre Replacement,42056.16,Completed
M003493,V0052,2024-05-05,Battery Replacement,11408.52,Completed
M003494,V0057,2025-08-30,Oil Change,31594.06,Completed
M003495,V0060,2024-04-06,General Service,48013.81,Completed
M003496,V0100,2025-12-26,Engine Service,24181.99,Completed
M003497,V0030,2025-02-08,Engine Service,7727.03,Pending
M003498,V0042,2025-04-17,Brake Service,40392.3,Completed
M003499,V0041,2024-09-19,Oil Change,26350.16,Completed
M003500,V0033,2025-06-24,Brake Service,6069.12,Completed
M003501,V0039,2024-05-12,Brake Service,15481.05,Pending
M003502,V0063,2025-07-04,Tyre Replacement,33326.94,Pending
M003503,V0018,2025-11-08,Battery Replacement,19778.32,Completed
M003504,V0041,2024-11-13,Oil Change,30756.67,Completed
M003505,V0035,2024-03-06,Battery Replacement,30955.75,Completed
M003506,V0009,2025-09-08,Battery Replacement,47900.93,Completed
M003507,V0017,2024-02-04,Brake Service,32420.97,Pending
M003508,V0033,2024-07-04,Engine Service,2387.6,Completed
M003509,V0050,2025-09-25,Engine Service,16328.04,Pending
M003510,V0012,2025-01-08,Brake Service,8826.01,Completed
M003511,V0019,2025-07-18,General Service,4357.81,Completed
M003512,V0096,2025-12-20,Oil Change,46147.62,Completed
M003513,V0070,2024-11-08,Brake Service,11027.91,Pending
M003514,V0004,2025-04-12,Brake Service,10769.47,Completed
M003515,V0057,2025-12-06,Tyre Replacement,16366.98,Completed
M003516,V0077,2024-05-20,Battery Replacement,4423.7,Pending
M003517,V0093,2024-08-23,Brake Service,21443.55,Completed
M003518,V0082,2025-05-24,Oil Change,16641.06,Completed
M003519,V0063,2024-06-17,Engine Service,34043.5,Completed
M003520,V0014,2024-05-30,Battery Replacement,11608.88,Completed
M003521,V0019,2024-12-09,Tyre Replacement,28549.7,Completed
M003522,V0063,2025-11-19,Engine Service,3781.37,Completed
M003523,V0095,2024-09-10,Battery Replacement,4841.64,Pending
M003524,V0078,2024-03-28,Oil Change,10340.53,Completed
M003525,V0096,2024-11-17,Tyre Replacement,17990.33,Pending
M003526,V0015,2025-12-27,Tyre Replacement,40649.98,Pending
M003527,V0081,2024-12-15,Oil Change,45661.66,Pending
M003528,V0053,2024-07-18,General Service,7784.1,Completed
M003529,V0060,2025-10-19,Brake Service,30059.59,Completed
M003530,V0019,2025-11-11,Oil Change,43217.52,Pending
M003531,V0050,2024-04-16,Tyre Replacement,2479.72,Pending
M003532,V0045,2025-08-19,Battery Replacement,46074.23,Completed
M003533,V0020,2024-12-07,Battery Replacement,16363.31,Completed
M003534,V0042,2024-01-15,Brake Service,1446.02,Pending
M003535,V0003,2024-06-18,General Service,7285.5,Pending
M003536,V0065,2024-02-12,Brake Service,1762.02,Completed
M003537,V0055,2024-11-24,Engine Service,14061.9,Completed
M003538,V0044,2025-04-05,Oil Change,18747.01,Pending
M003539,V0091,2024-07-21,Oil Change,7113.44,Pending
M003540,V0015,2025-12-18,Oil Change,21933.88,Completed
M003541,V0099,2025-05-31,Oil Change,20454.66,Pending
M003542,V0044,2024-04-19,Engine Service,44999.8,Completed
M003543,V0037,2024-03-25,Brake Service,19393.38,Pending
M003544,V0036,2025-02-08,Brake Service,17038.73,Completed
M003545,V0072,2024-03-25,Engine Service,12277.02,Completed
M003546,V0012,2024-12-13,General Service,27114.18,Pending
M003547,V0096,2024-02-27,Oil Change,24856.34,Completed
M003548,V0094,2024-04-14,Battery Replacement,33638.05,Completed
M003549,V0071,2024-11-29,Engine Service,47750.76,Completed
M003550,V0036,2024-01-28,Oil Change,28250.59,Completed
M003551,V0028,2024-07-02,Brake Service,16742.48,Pending
M003552,V0029,2025-10-04,Brake Service,16204.18,Pending
M003553,V0098,2025-08-11,General Service,49451.09,Pending
M003554,V0041,2024-10-03,General Service,20231.66,Pending
M003555,V0091,2025-04-25,Engine Service,34359.74,Completed
M003556,V0059,2024-09-19,Tyre Replacement,24943.03,Completed
M003557,V0092,2025-11-13,Battery Replacement,6099.18,Completed
M003558,V0020,2025-03-09,Brake Service,12798.03,Completed
M003559,V0071,2024-12-30,Oil Change,11448.16,Completed
M003560,V0094,2024-11-10,Oil Change,1526.95,Completed
M003561,V0024,2025-05-07,Battery Replacement,34508.78,Completed
M003562,V0053,2024-01-20,Oil Change,32427.26,Pending
M003563,V0039,2024-07-26,Brake Service,1484.93,Pending
M003564,V0076,2024-02-22,Oil Change,26133.28,Pending
M003565,V0019,2024-11-15,General Service,9735.74,Completed
M003566,V0098,2025-08-04,Oil Change,21492.71,Pending
M003567,V0075,2024-06-20,Battery Replacement,35223.88,Completed
M003568,V0090,2025-06-10,Engine Service,19009.16,Pending
M003569,V0084,2024-06-09,General Service,28071.55,Pending
M003570,V0088,2024-11-13,Battery Replacement,39873.36,Pending
M003571,V0021,2024-03-02,Battery Replacement,34808.83,Pending
M003572,V0003,2025-07-03,Tyre Replacement,18693.09,Completed
M003573,V0069,2025-05-30,Battery Replacement,20184.11,Completed
M003574,V0033,2025-01-05,Battery Replacement,27346.84,Completed
M003575,V0036,2025-03-09,Battery Replacement,11843.58,Completed
M003576,V0008,2025-02-12,Engine Service,25281.48,Pending
M003577,V0074,2025-12-16,General Service,47308.52,Completed
M003578,V0058,2024-01-24,General Service,42373.38,Completed
M003579,V0065,2024-01-08,Brake Service,43882.08,Completed
M003580,V0016,2024-10-26,Brake Service,23585.71,Completed
M003581,V0055,2025-03-21,Oil Change,16723.76,Completed
M003582,V0092,2024-05-04,General Service,38736.09,Pending
M003583,V0041,2025-09-29,Engine Service,18804.98,Pending
M003584,V0038,2024-02-26,Brake Service,3917.45,Pending
M003585,V0089,2024-07-14,Oil Change,33085.68,Completed
M003586,V0048,2025-11-07,Brake Service,21903.68,Pending
M003587,V0087,2025-08-06,General Service,33914.67,Pending
M003588,V0078,2025-01-06,Engine Service,27347.41,Completed
M003589,V0070,2025-10-23,Tyre Replacement,30276.74,Completed
M003590,V0088,2024-01-28,Oil Change,28876.1,Pending
M003591,V0071,2024-11-16,Brake Service,30743.43,Completed
M003592,V0043,2024-11-11,Engine Service,42127.19,Completed
M003593,V0052,2025-04-02,Battery Replacement,28476.81,Pending
M003594,V0034,2024-12-19,Engine Service,28079.97,Pending
M003595,V0023,2024-12-17,Engine Service,7003.74,Pending
M003596,V0060,2024-06-29,Oil Change,33082.58,Completed
M003597,V0052,2024-01-19,Tyre Replacement,49422.73,Completed
M003598,V0100,2025-12-22,Tyre Replacement,10570.1,Pending
M003599,V0009,2024-12-14,Oil Change,4886.76,Completed
M003600,V0013,2024-08-05,Battery Replacement,8888.9,Pending
M003601,V0028,2024-12-13,General Service,48706.62,Pending
M003602,V0089,2024-10-27,Engine Service,36788.99,Pending
M003603,V0005,2025-07-18,General Service,38396.76,Completed
M003604,V0087,2025-12-29,Battery Replacement,19105.99,Completed
M003605,V0014,2024-05-14,General Service,48438.41,Completed
M003606,V0054,2024-03-03,Oil Change,32504.54,Completed
M003607,V0003,2024-01-11,Tyre Replacement,6318.77,Pending
M003608,V0049,2025-12-09,Tyre Replacement,30781.36,Pending
M003609,V0100,2024-01-16,Engine Service,48409.18,Completed
M003610,V0098,2025-09-12,Brake Service,30521.32,Completed
M003611,V0010,2025-01-04,General Service,37743.1,Completed
M003612,V0068,2025-03-04,Battery Replacement,6401.98,Completed
M003613,V0026,2025-10-29,Engine Service,24613.69,Completed
M003614,V0054,2024-11-24,Tyre Replacement,31259.86,Pending
M003615,V0032,2024-10-12,Battery Replacement,30762.31,Pending
M003616,V0099,2025-02-22,Battery Replacement,49735.27,Pending
M003617,V0051,2025-08-11,Engine Service,37626.59,Completed
M003618,V0059,2024-11-13,General Service,20012.91,Pending
M003619,V0061,2024-11-03,Oil Change,20821.39,Completed
M003620,V0092,2024-10-19,Battery Replacement,44858.97,Completed
M003621,V0052,2024-03-07,Brake Service,5822.85,Pending
M003622,V0074,2024-01-25,Tyre Replacement,20347.06,Pending
M003623,V0084,2025-06-02,General Service,19862.22,Completed
M003624,V0076,2025-05-20,Brake Service,33889.98,Completed
M003625,V0018,2024-09-15,Engine Service,3105.1,Pending
M003626,V0071,2025-12-17,Oil Change,21923.73,Completed
M003627,V0017,2025-06-01,Engine Service,10119.28,Completed
M003628,V0014,2024-01-12,Oil Change,42780.62,Pending
M003629,V0012,2025-06-08,Battery Replacement,39874.1,Completed
M003630,V0074,2025-04-28,Tyre Replacement,31612.53,Completed
M003631,V0076,2024-09-30,Brake Service,12554.47,Completed
M003632,V0040,2024-10-11,Engine Service,49198.2,Completed
M003633,V0044,2024-03-08,Tyre Replacement,39581.31,Completed
M003634,V0041,2024-04-15,General Service,38033.4,Completed
M003635,V0005,2025-07-17,Battery Replacement,45588.72,Pending
M003636,V0097,2025-09-09,Tyre Replacement,41599.54,Completed
M003637,V0042,2024-12-19,Engine Service,41575.12,Pending
M003638,V0081,2024-04-24,Engine Service,1140.81,Completed
M003639,V0074,2025-07-15,Tyre Replacement,7917.63,Completed
M003640,V0065,2025-10-11,Battery Replacement,15785.25,Pending
M003641,V0081,2024-03-27,Engine Service,14755.09,Completed
M003642,V0016,2025-05-25,Brake Service,9873.09,Completed
M003643,V0020,2025-07-30,General Service,49612.66,Pending
M003644,V0086,2025-09-08,General Service,16084.16,Pending
M003645,V0007,2025-07-04,Battery Replacement,46605.54,Completed
M003646,V0086,2025-02-11,General Service,2119.54,Completed
M003647,V0009,2024-11-28,Battery Replacement,19492.82,Completed
M003648,V0031,2025-03-24,Tyre Replacement,49663.29,Completed
M003649,V0056,2024-10-15,Brake Service,40160.99,Completed
M003650,V0096,2025-03-19,Tyre Replacement,46039.98,Completed
M003651,V0094,2025-04-16,Tyre Replacement,13210.62,Completed
M003652,V0097,2024-04-10,General Service,45494.15,Completed
M003653,V0067,2024-12-09,Brake Service,49138.5,Completed
M003654,V0045,2025-09-09,Brake Service,21739.72,Completed
M003655,V0083,2024-04-22,Oil Change,21457.54,Completed
M003656,V0077,2025-07-22,Brake Service,19250.3,Completed
M003657,V0048,2024-04-05,Tyre Replacement,30084.01,Completed
M003658,V0069,2025-06-23,Brake Service,23839.91,Pending
M003659,V0087,2024-05-24,Engine Service,43628.79,Completed
M003660,V0002,2025-08-12,Tyre Replacement,39973.2,Completed
M003661,V0001,2025-06-13,Engine Service,47827.25,Completed
M003662,V0067,2025-05-28,Engine Service,49842.32,Completed
M003663,V0043,2024-02-22,Battery Replacement,49673.7,Completed
M003664,V0089,2024-02-10,Engine Service,46768.07,Pending
M003665,V0038,2025-04-20,Engine Service,37787.19,Completed
M003666,V0016,2024-01-28,Engine Service,22995.23,Pending
M003667,V0073,2024-07-31,Battery Replacement,39648.54,Completed
M003668,V0020,2025-09-08,Engine Service,40042.97,Completed
M003669,V0041,2025-03-27,General Service,39906.39,Completed
M003670,V0024,2024-11-24,Battery Replacement,16081.72,Completed
M003671,V0011,2025-10-20,Battery Replacement,39345.84,Pending
M003672,V0018,2025-03-19,Oil Change,43352.49,Completed
M003673,V0078,2025-06-02,Oil Change,36949.16,Completed
M003674,V0006,2025-05-22,Tyre Replacement,7628.31,Completed
M003675,V0017,2025-04-05,Tyre Replacement,34127.41,Completed
M003676,V0028,2025-05-14,General Service,26517.68,Completed
M003677,V0019,2025-11-02,Brake Service,25374.35,Completed
M003678,V0017,2024-05-29,Tyre Replacement,30794.32,Pending
M003679,V0004,2024-05-24,Brake Service,13110.47,Completed
M003680,V0083,2024-11-09,General Service,26717.19,Pending
M003681,V0022,2025-10-11,Battery Replacement,27635.16,Completed
M003682,V0091,2025-04-24,Oil Change,17225.95,Completed
M003683,V0047,2024-06-14,Engine Service,24128.03,Pending
M003684,V0077,2025-02-01,Oil Change,44792.37,Pending
M003685,V0077,2024-05-19,Brake Service,46436.52,Completed
M003686,V0051,2024-09-28,Tyre Replacement,20107.38,Pending
M003687,V0049,2025-10-11,Tyre Replacement,39889.0,Pending
M003688,V0037,2025-09-21,Engine Service,47171.44,Completed
M003689,V0033,2024-11-08,Oil Change,11370.77,Pending
M003690,V0009,2025-04-30,Engine Service,23592.08,Completed
M003691,V0098,2025-05-21,Oil Change,32100.1,Completed
M003692,V0098,2024-01-09,Tyre Replacement,1470.08,Pending
M003693,V0098,2025-09-13,General Service,13486.09,Pending
M003694,V0099,2024-03-21,Engine Service,19864.92,Pending
M003695,V0033,2024-05-27,Battery Replacement,42923.98,Completed
M003696,V0072,2025-09-05,Engine Service,33208.26,Completed
M003697,V0054,2025-11-17,Brake Service,26935.98,Completed
M003698,V0043,2025-01-26,General Service,46401.84,Completed
M003699,V0058,2024-04-21,Oil Change,8998.42,Completed
M003700,V0071,2025-11-19,General Service,40557.94,Completed
M003701,V0098,2024-11-01,Oil Change,37426.0,Pending
M003702,V0009,2025-03-25,Brake Service,45061.78,Completed
M003703,V0040,2025-03-26,Battery Replacement,12479.11,Completed
M003704,V0030,2025-06-06,Engine Service,12170.19,Completed
M003705,V0069,2025-11-18,Brake Service,10634.87,Completed
M003706,V0077,2024-04-06,Tyre Replacement,38641.92,Completed
M003707,V0074,2025-09-24,Tyre Replacement,18226.83,Completed
M003708,V0083,2025-02-22,Tyre Replacement,48758.36,Completed
M003709,V0024,2025-05-26,Battery Replacement,21474.3,Pending
M003710,V0008,2025-05-07,Battery Replacement,33076.18,Completed
M003711,V0089,2024-04-26,General Service,30240.54,Completed
M003712,V0093,2024-02-08,General Service,27196.09,Pending
M003713,V0024,2025-03-29,Brake Service,16704.54,Completed
M003714,V0097,2025-07-18,Tyre Replacement,38502.89,Completed
M003715,V0088,2024-03-04,Engine Service,20490.22,Completed
M003716,V0019,2024-02-29,Tyre Replacement,22042.05,Pending
M003717,V0011,2025-09-08,Tyre Replacement,39738.83,Completed
M003718,V0054,2024-06-24,Tyre Replacement,8344.6,Pending
M003719,V0028,2025-04-07,General Service,643.09,Completed
M003720,V0076,2025-10-30,Battery Replacement,4924.39,Completed
M003721,V0082,2024-10-02,Brake Service,16091.93,Pending
M003722,V0009,2024-12-15,Battery Replacement,49608.18,Completed
M003723,V0052,2025-07-26,Oil Change,33188.96,Pending
M003724,V0011,2024-10-26,Tyre Replacement,26863.63,Completed
M003725,V0018,2024-10-30,Engine Service,20561.85,Pending
M003726,V0048,2025-07-24,Brake Service,3594.6,Completed
M003727,V0086,2024-06-20,Brake Service,2049.43,Completed
M003728,V0034,2024-07-30,Battery Replacement,25042.81,Completed
M003729,V0073,2024-05-10,General Service,33714.9,Completed
M003730,V0052,2024-05-16,Brake Service,14312.69,Completed
M003731,V0012,2025-01-06,Brake Service,2055.45,Pending
M003732,V0045,2024-04-02,Brake Service,28237.06,Completed
M003733,V0035,2025-02-18,Brake Service,22620.19,Completed
M003734,V0011,2024-06-26,Brake Service,23412.44,Pending
M003735,V0078,2024-07-04,Tyre Replacement,1107.83,Completed
M003736,V0075,2024-04-08,General Service,17768.84,Pending
M003737,V0032,2024-01-31,General Service,48991.65,Pending
M003738,V0093,2025-10-22,Tyre Replacement,17214.13,Pending
M003739,V0066,2025-01-02,Battery Replacement,48743.18,Completed
M003740,V0011,2024-11-10,Battery Replacement,21726.38,Pending
M003741,V0097,2024-10-27,Battery Replacement,33152.81,Completed
M003742,V0071,2025-02-21,Brake Service,31673.09,Pending
M003743,V0036,2024-07-19,Engine Service,45501.24,Completed
M003744,V0027,2025-12-23,Oil Change,42925.9,Completed
M003745,V0052,2024-06-09,Oil Change,22220.69,Completed
M003746,V0032,2024-11-29,Brake Service,27638.81,Completed
M003747,V0038,2024-08-22,General Service,48712.37,Pending
M003748,V0054,2025-03-07,Brake Service,5972.16,Completed
M003749,V0065,2025-02-20,Tyre Replacement,6645.15,Pending
M003750,V0083,2025-03-24,Engine Service,29625.67,Completed
M003751,V0069,2024-05-14,Battery Replacement,22147.43,Completed
M003752,V0095,2025-06-10,Brake Service,7463.82,Completed
M003753,V0060,2024-09-09,Engine Service,37952.96,Pending
M003754,V0036,2024-12-19,Brake Service,14846.14,Completed
M003755,V0007,2025-06-18,Brake Service,18557.05,Pending
M003756,V0045,2025-01-28,General Service,43234.87,Completed
M003757,V0033,2025-12-08,Engine Service,22116.46,Completed
M003758,V0071,2024-10-08,Tyre Replacement,49475.14,Pending
M003759,V0086,2025-07-21,General Service,3195.95,Completed
M003760,V0012,2025-10-08,Tyre Replacement,34563.39,Completed
M003761,V0010,2025-10-13,Brake Service,30458.47,Pending
M003762,V0046,2025-03-21,Engine Service,3165.68,Completed
M003763,V0095,2025-01-12,Battery Replacement,3465.91,Completed
M003764,V0073,2025-02-10,Engine Service,7752.16,Completed
M003765,V0068,2024-06-04,Battery Replacement,39073.4,Completed
M003766,V0099,2025-11-20,Oil Change,40095.88,Pending
M003767,V0059,2025-07-08,Tyre Replacement,12014.79,Completed
M003768,V0063,2024-03-28,Oil Change,32902.25,Completed
M003769,V0054,2025-05-22,Oil Change,29031.99,Pending
M003770,V0053,2024-01-11,Tyre Replacement,22512.63,Pending
M003771,V0034,2024-05-01,Oil Change,46641.94,Completed
M003772,V0041,2024-03-27,General Service,3826.71,Pending
M003773,V0048,2024-09-20,Tyre Replacement,7291.85,Completed
M003774,V0064,2025-04-16,Oil Change,31988.6,Pending
M003775,V0027,2025-01-12,General Service,25360.12,Pending
M003776,V0007,2024-08-22,Engine Service,18908.44,Completed
M003777,V0059,2024-03-03,Tyre Replacement,8539.15,Completed
M003778,V0004,2025-07-22,General Service,1094.98,Completed
M003779,V0091,2025-01-26,Brake Service,8722.38,Completed
M003780,V0019,2024-03-28,Brake Service,4471.35,Completed
M003781,V0022,2024-05-29,Tyre Replacement,27755.21,Completed
M003782,V0091,2024-03-23,Oil Change,25263.1,Pending
M003783,V0021,2025-04-07,Engine Service,37008.96,Completed
M003784,V0049,2025-01-11,Tyre Replacement,17835.88,Completed
M003785,V0073,2024-12-16,Battery Replacement,9756.23,Pending
M003786,V0094,2024-07-26,General Service,12496.53,Pending
M003787,V0084,2025-11-02,Oil Change,1883.74,Completed
M003788,V0053,2025-10-12,Tyre Replacement,38801.69,Completed
M003789,V0018,2025-09-28,Oil Change,8443.17,Completed
M003790,V0055,2024-11-07,Oil Change,15755.19,Completed
M003791,V0017,2024-04-30,Brake Service,11045.66,Completed
M003792,V0035,2024-07-13,Engine Service,5586.55,Completed
M003793,V0026,2024-10-16,Tyre Replacement,34285.14,Pending
M003794,V0016,2024-12-13,Tyre Replacement,24965.41,Completed
M003795,V0039,2025-11-06,Battery Replacement,33931.31,Pending
M003796,V0093,2025-05-13,General Service,23797.1,Completed
M003797,V0017,2025-01-06,Tyre Replacement,21233.87,Completed
M003798,V0093,2024-08-18,General Service,43787.21,Completed
M003799,V0040,2024-05-16,Brake Service,32944.07,Completed
M003800,V0035,2025-04-04,Oil Change,27288.53,Completed
M003801,V0086,2025-07-10,Engine Service,33916.34,Completed
M003802,V0026,2025-06-10,General Service,2838.16,Pending
M003803,V0093,2024-11-23,Oil Change,23372.24,Pending
M003804,V0050,2025-07-25,Brake Service,16084.17,Completed
M003805,V0059,2025-11-10,Battery Replacement,30238.99,Completed
M003806,V0032,2024-03-07,Battery Replacement,4650.24,Completed
M003807,V0100,2024-09-14,Brake Service,4689.94,Pending
M003808,V0068,2024-03-09,Oil Change,16098.52,Completed
M003809,V0036,2024-02-05,Oil Change,20513.81,Completed
M003810,V0080,2024-02-29,Oil Change,5906.52,Pending
M003811,V0063,2025-02-13,General Service,7750.31,Completed
M003812,V0085,2025-11-22,Oil Change,29144.65,Completed
M003813,V0087,2025-02-28,General Service,33834.9,Completed
M003814,V0015,2025-08-01,Battery Replacement,20314.58,Completed
M003815,V0089,2025-04-05,Brake Service,7700.01,Completed
M003816,V0026,2025-09-07,Engine Service,49134.88,Completed
M003817,V0060,2024-11-18,Tyre Replacement,18155.54,Pending
M003818,V0047,2024-12-15,Tyre Replacement,19607.43,Completed
M003819,V0012,2025-10-01,Tyre Replacement,3572.13,Pending
M003820,V0008,2025-01-14,Engine Service,23874.5,Pending
M003821,V0089,2025-08-14,General Service,21873.89,Completed
M003822,V0089,2025-12-14,Brake Service,3981.35,Completed
M003823,V0069,2025-03-02,Tyre Replacement,37158.84,Pending
M003824,V0091,2024-07-30,Battery Replacement,48426.49,Pending
M003825,V0049,2024-12-12,Oil Change,15112.36,Completed
M003826,V0004,2025-12-17,Brake Service,47811.71,Completed
M003827,V0038,2024-10-25,Battery Replacement,34611.78,Pending
M003828,V0043,2024-10-02,Tyre Replacement,16599.15,Completed
M003829,V0052,2025-12-19,Oil Change,23024.85,Completed
M003830,V0017,2024-08-09,Oil Change,17955.17,Pending
M003831,V0031,2024-06-08,Battery Replacement,35351.49,Completed
M003832,V0013,2024-03-03,Battery Replacement,37190.89,Completed
M003833,V0043,2024-11-28,General Service,40028.88,Completed
M003834,V0012,2025-01-08,General Service,9413.23,Pending
M003835,V0004,2025-11-09,Battery Replacement,34251.3,Pending
M003836,V0002,2025-06-04,General Service,22703.37,Completed
M003837,V0033,2024-12-15,General Service,823.72,Completed
M003838,V0048,2025-09-16,Oil Change,39134.57,Pending
M003839,V0051,2024-02-10,Battery Replacement,36198.47,Completed
M003840,V0003,2025-04-10,Battery Replacement,20271.46,Completed
M003841,V0052,2024-05-07,Tyre Replacement,1981.86,Pending
M003842,V0073,2024-04-14,General Service,10546.64,Pending
M003843,V0019,2025-09-03,Oil Change,37452.6,Completed
M003844,V0083,2025-02-24,Brake Service,13695.26,Pending
M003845,V0018,2025-05-09,Brake Service,15934.72,Pending
M003846,V0008,2024-10-24,Engine Service,15534.18,Completed
M003847,V0068,2025-08-19,Brake Service,17434.42,Completed
M003848,V0012,2024-06-02,Engine Service,29261.78,Completed
M003849,V0093,2024-03-14,Brake Service,10573.08,Pending
M003850,V0008,2024-10-08,Engine Service,31949.9,Pending
M003851,V0072,2025-09-16,Tyre Replacement,36145.76,Completed
M003852,V0031,2025-12-05,Oil Change,37900.68,Completed
M003853,V0046,2025-10-14,Tyre Replacement,44994.51,Completed
M003854,V0031,2024-05-01,Engine Service,17542.09,Completed
M003855,V0034,2025-06-02,Oil Change,13630.6,Completed
M003856,V0017,2025-02-23,General Service,4323.4,Completed
M003857,V0029,2025-09-22,Oil Change,34383.41,Completed
M003858,V0089,2025-11-28,Engine Service,25030.32,Completed
M003859,V0088,2024-03-17,Engine Service,29773.67,Pending
M003860,V0034,2024-01-16,Tyre Replacement,43021.41,Completed
M003861,V0021,2025-06-18,Oil Change,21142.96,Completed
M003862,V0038,2025-10-23,General Service,17560.54,Completed
M003863,V0071,2025-08-13,Brake Service,5414.1,Pending
M003864,V0026,2024-09-21,Brake Service,33282.83,Completed
M003865,V0016,2025-12-09,Brake Service,38872.42,Completed
M003866,V0001,2024-04-04,Oil Change,27284.43,Completed
M003867,V0014,2025-09-03,Oil Change,49318.54,Completed
M003868,V0100,2025-07-14,Oil Change,35745.23,Completed
M003869,V0079,2025-11-01,Tyre Replacement,48671.8,Completed
M003870,V0025,2024-01-24,Oil Change,49614.71,Pending
M003871,V0050,2024-02-13,Engine Service,18656.51,Pending
M003872,V0099,2025-09-13,Oil Change,35669.78,Completed
M003873,V0094,2025-05-03,Engine Service,5288.78,Pending
M003874,V0072,2024-10-02,Brake Service,8508.85,Completed
M003875,V0005,2025-05-17,Oil Change,34901.4,Completed
M003876,V0018,2025-07-28,General Service,27041.16,Pending
M003877,V0038,2024-07-23,Brake Service,5337.34,Pending
M003878,V0052,2025-08-24,Engine Service,18175.46,Completed
M003879,V0021,2025-09-27,Engine Service,37275.1,Completed
M003880,V0047,2025-04-14,Oil Change,24205.76,Completed
M003881,V0050,2025-12-22,Oil Change,7947.94,Pending
M003882,V0081,2025-08-24,Oil Change,6346.93,Completed
M003883,V0037,2024-09-04,Oil Change,32360.13,Completed
M003884,V0007,2024-07-07,Brake Service,21021.44,Pending
M003885,V0034,2025-03-16,Brake Service,42616.96,Completed
M003886,V0003,2025-07-21,Oil Change,15872.26,Completed
M003887,V0084,2024-08-19,Brake Service,47378.89,Completed
M003888,V0083,2024-03-06,Engine Service,8324.52,Completed
M003889,V0040,2025-07-25,Oil Change,38129.32,Pending
M003890,V0006,2024-10-08,General Service,767.58,Pending
M003891,V0074,2024-04-30,Oil Change,34861.17,Completed
M003892,V0085,2024-05-03,Brake Service,20559.05,Pending
M003893,V0053,2025-07-04,Brake Service,30461.74,Pending
M003894,V0060,2024-03-18,Brake Service,32058.44,Completed
M003895,V0038,2025-08-19,Oil Change,27473.14,Completed
M003896,V0075,2025-02-12,Tyre Replacement,35718.96,Completed
M003897,V0088,2024-05-04,Battery Replacement,27313.23,Completed
M003898,V0014,2025-08-10,Battery Replacement,13805.71,Completed
M003899,V0019,2025-10-10,Battery Replacement,4918.29,Pending
M003900,V0025,2025-06-05,Engine Service,4254.4,Completed
M003901,V0029,2025-02-10,Engine Service,2645.76,Completed
M003902,V0032,2024-11-30,Engine Service,34348.17,Completed
M003903,V0041,2024-07-07,Oil Change,21848.98,Completed
M003904,V0095,2025-12-04,General Service,13086.56,Pending
M003905,V0090,2024-10-27,Engine Service,48458.35,Completed
M003906,V0068,2024-02-10,Brake Service,960.8,Pending
M003907,V0005,2025-10-03,Brake Service,16829.46,Completed
M003908,V0013,2024-07-17,Engine Service,18658.65,Completed
M003909,V0002,2024-09-14,Oil Change,4310.94,Completed
M003910,V0033,2025-12-20,Oil Change,2673.26,Pending
M003911,V0038,2025-05-08,Battery Replacement,12962.21,Completed
M003912,V0034,2025-07-30,Oil Change,1978.04,Pending
M003913,V0097,2024-01-06,Battery Replacement,24150.8,Completed
M003914,V0069,2025-01-26,Brake Service,36351.27,Pending
M003915,V0004,2025-03-01,Tyre Replacement,12290.15,Pending
M003916,V0054,2025-11-20,General Service,30062.74,Completed
M003917,V0058,2024-08-14,Engine Service,36080.31,Completed
M003918,V0096,2024-09-04,Tyre Replacement,24956.3,Pending
M003919,V0080,2024-03-24,Battery Replacement,7482.44,Completed
M003920,V0034,2025-01-12,Engine Service,10994.22,Completed
M003921,V0082,2024-07-27,Tyre Replacement,41133.26,Pending
M003922,V0030,2024-07-02,Oil Change,23549.64,Completed
M003923,V0071,2024-07-29,Engine Service,44676.41,Completed
M003924,V0091,2025-12-05,Tyre Replacement,43305.49,Completed
M003925,V0005,2025-02-27,Oil Change,16219.49,Completed
M003926,V0022,2024-01-29,Engine Service,47874.39,Completed
M003927,V0073,2025-06-18,Oil Change,35029.56,Pending
M003928,V0064,2024-11-17,General Service,31797.1,Pending
M003929,V0040,2024-09-01,Tyre Replacement,11132.87,Completed
M003930,V0054,2024-07-06,Brake Service,41146.29,Pending
M003931,V0001,2025-08-17,Oil Change,25041.01,Pending
M003932,V0034,2024-02-29,General Service,7440.68,Completed
M003933,V0054,2024-03-04,Engine Service,49945.87,Completed
M003934,V0035,2025-09-04,Tyre Replacement,38405.79,Completed
M003935,V0013,2024-09-29,Engine Service,38810.2,Pending
M003936,V0011,2025-03-12,General Service,18485.48,Pending
M003937,V0030,2025-04-10,Engine Service,28751.9,Completed
M003938,V0076,2024-08-13,General Service,25927.08,Completed
M003939,V0001,2025-06-01,Engine Service,48928.29,Pending
M003940,V0009,2025-07-31,Oil Change,48318.77,Completed
M003941,V0033,2025-10-19,Brake Service,45331.54,Completed
M003942,V0086,2024-03-08,General Service,48081.75,Pending
M003943,V0056,2025-06-04,Battery Replacement,10064.51,Completed
M003944,V0096,2024-05-29,Engine Service,28254.51,Completed
M003945,V0094,2025-02-15,Oil Change,42814.81,Pending
M003946,V0074,2025-12-29,Oil Change,25285.0,Completed
M003947,V0038,2025-04-01,Battery Replacement,37003.83,Completed
M003948,V0059,2024-10-08,Oil Change,31315.2,Completed
M003949,V0058,2025-02-20,Oil Change,44643.49,Pending
M003950,V0014,2025-11-14,Tyre Replacement,39378.33,Pending
M003951,V0038,2024-11-07,Oil Change,46617.44,Completed
M003952,V0051,2024-12-03,Engine Service,30150.84,Completed
M003953,V0070,2024-08-17,Brake Service,11153.92,Completed
M003954,V0012,2025-09-11,Battery Replacement,43304.92,Pending
M003955,V0020,2025-07-05,General Service,12776.52,Pending
M003956,V0087,2024-07-11,General Service,30598.97,Pending
M003957,V0058,2024-03-02,General Service,15747.78,Completed
M003958,V0054,2024-07-18,General Service,1114.98,Completed
M003959,V0096,2024-02-29,Oil Change,25029.66,Completed
M003960,V0074,2025-10-25,Brake Service,45930.47,Completed
M003961,V0063,2025-01-03,General Service,40060.15,Completed
M003962,V0022,2025-06-21,Engine Service,10893.68,Completed
M003963,V0010,2025-10-29,Oil Change,44355.2,Completed
M003964,V0047,2024-01-31,General Service,15966.74,Completed
M003965,V0067,2025-10-07,General Service,43014.58,Completed
M003966,V0019,2024-03-13,Battery Replacement,33909.75,Completed
M003967,V0090,2024-02-16,Tyre Replacement,46803.01,Completed
M003968,V0043,2024-12-11,Oil Change,41470.71,Pending
M003969,V0098,2024-09-24,Engine Service,4708.09,Completed
M003970,V0017,2025-01-05,Oil Change,10685.33,Pending
M003971,V0038,2024-05-11,General Service,33372.64,Completed
M003972,V0037,2024-08-02,General Service,21956.76,Pending
M003973,V0012,2024-11-30,General Service,30178.68,Completed
M003974,V0058,2025-07-06,Tyre Replacement,16690.14,Completed
M003975,V0099,2025-08-03,Engine Service,19627.34,Completed
M003976,V0007,2024-12-30,Tyre Replacement,13102.55,Completed
M003977,V0005,2024-07-01,Engine Service,11229.41,Pending
M003978,V0019,2024-05-28,Tyre Replacement,29213.58,Completed
M003979,V0048,2024-10-19,Brake Service,17431.91,Pending
M003980,V0066,2024-02-10,Oil Change,6778.36,Pending
M003981,V0011,2025-01-14,Brake Service,37511.37,Completed
M003982,V0086,2025-01-05,Brake Service,5917.94,Completed
M003983,V0011,2025-08-01,Battery Replacement,39108.36,Pending
M003984,V0067,2025-03-13,General Service,34377.08,Completed
M003985,V0088,2025-06-19,General Service,4729.67,Completed
M003986,V0083,2025-05-04,Brake Service,42281.83,Completed
M003987,V0042,2024-03-18,Oil Change,16666.21,Completed
M003988,V0004,2025-04-16,General Service,7502.83,Completed
M003989,V0029,2024-12-17,Battery Replacement,30750.05,Pending
M003990,V0071,2025-04-09,Brake Service,41928.45,Pending
M003991,V0079,2024-01-17,Battery Replacement,9073.47,Completed
M003992,V0080,2024-08-31,Engine Service,8076.18,Pending
M003993,V0096,2025-09-22,Engine Service,29983.76,Completed
M003994,V0062,2024-05-28,Tyre Replacement,25496.67,Pending
M003995,V0054,2024-06-08,Brake Service,49993.91,Completed
M003996,V0026,2024-04-23,Engine Service,47479.26,Pending
M003997,V0032,2025-10-04,Brake Service,38789.38,Completed
M003998,V0073,2024-11-20,Brake Service,14446.48,Pending
M003999,V0052,2024-05-17,Oil Change,17276.9,Completed
M004000,V0018,2025-05-14,Brake Service,9687.86,Completed
M004001,V0029,2025-12-16,General Service,37491.86,Completed
M004002,V0064,2024-02-07,Brake Service,37630.9,Pending
M004003,V0009,2024-04-16,Brake Service,1389.36,Completed
M004004,V0009,2025-05-24,General Service,20142.93,Completed
M004005,V0035,2025-10-13,Battery Replacement,6731.33,Completed
M004006,V0036,2024-03-13,Engine Service,26993.88,Completed
M004007,V0018,2025-07-01,Tyre Replacement,8021.74,Completed
M004008,V0064,2025-06-18,Brake Service,49195.72,Completed
M004009,V0034,2024-05-09,Tyre Replacement,49701.9,Pending
M004010,V0007,2025-01-17,Battery Replacement,32934.73,Completed
M004011,V0045,2024-12-03,Battery Replacement,38599.28,Completed
M004012,V0079,2025-04-04,Brake Service,34555.01,Completed
M004013,V0021,2024-10-24,Oil Change,28544.09,Completed
M004014,V0093,2024-05-26,Tyre Replacement,18640.18,Completed
M004015,V0017,2025-06-28,Engine Service,23867.9,Completed
M004016,V0049,2025-03-10,Tyre Replacement,41994.89,Completed
M004017,V0044,2024-04-12,General Service,46108.52,Completed
M004018,V0079,2025-11-23,Tyre Replacement,40928.29,Completed
M004019,V0038,2024-07-31,General Service,3801.1,Completed
M004020,V0042,2025-12-15,Oil Change,18528.52,Pending
M004021,V0077,2024-05-22,General Service,17603.57,Completed
M004022,V0068,2025-04-12,Tyre Replacement,34435.24,Completed
M004023,V0036,2025-06-03,Tyre Replacement,17518.64,Pending
M004024,V0055,2024-12-09,Oil Change,45832.91,Completed
M004025,V0098,2024-02-14,General Service,32761.24,Completed
M004026,V0093,2025-08-27,Brake Service,36239.43,Pending
M004027,V0084,2024-11-18,General Service,31817.46,Completed
M004028,V0052,2025-03-16,Tyre Replacement,15940.75,Completed
M004029,V0013,2025-02-06,Engine Service,18828.1,Completed
M004030,V0100,2025-03-26,Engine Service,7594.06,Pending
M004031,V0076,2025-10-28,Battery Replacement,20983.63,Completed
M004032,V0030,2025-02-06,Brake Service,18374.07,Completed
M004033,V0030,2025-09-23,Battery Replacement,14623.92,Completed
M004034,V0037,2024-04-10,Oil Change,3270.13,Completed
M004035,V0029,2025-05-30,Brake Service,46759.7,Completed
M004036,V0058,2025-02-06,Brake Service,47265.69,Completed
M004037,V0069,2025-09-10,Engine Service,39571.05,Pending
M004038,V0032,2025-06-27,General Service,21057.51,Completed
M004039,V0048,2025-10-13,Engine Service,4458.48,Completed
M004040,V0064,2024-01-20,Tyre Replacement,8163.11,Pending
M004041,V0019,2024-12-01,Battery Replacement,32228.46,Completed
M004042,V0067,2025-08-30,Brake Service,22443.05,Completed
M004043,V0060,2025-05-05,Battery Replacement,14657.74,Completed
M004044,V0084,2025-02-09,General Service,22091.86,Pending
M004045,V0010,2024-12-31,Brake Service,12324.62,Completed
M004046,V0033,2024-10-10,Battery Replacement,41737.78,Completed
M004047,V0069,2025-04-11,Brake Service,19753.86,Completed
M004048,V0034,2025-08-27,Tyre Replacement,35461.81,Completed
M004049,V0005,2024-01-30,Oil Change,35523.59,Pending
M004050,V0040,2024-09-03,Tyre Replacement,42797.02,Completed
M004051,V0042,2024-03-05,Oil Change,16283.93,Completed
M004052,V0052,2025-03-18,Brake Service,13461.65,Completed
M004053,V0062,2024-08-08,General Service,14436.04,Pending
M004054,V0069,2025-06-07,General Service,19761.45,Pending
M004055,V0025,2025-05-24,Engine Service,20972.53,Completed
M004056,V0078,2024-12-23,Brake Service,19027.97,Pending
M004057,V0024,2025-08-20,Tyre Replacement,21750.14,Completed
M004058,V0066,2024-06-04,Battery Replacement,46903.06,Completed
M004059,V0012,2025-09-06,Battery Replacement,16501.59,Pending
M004060,V0019,2024-03-17,Oil Change,20428.49,Pending
M004061,V0093,2025-03-14,Oil Change,39838.81,Pending
M004062,V0068,2025-12-29,General Service,5137.97,Completed
M004063,V0082,2025-12-21,Brake Service,14139.51,Pending
M004064,V0084,2024-12-20,Battery Replacement,5202.77,Completed
M004065,V0089,2025-05-29,Oil Change,29108.68,Completed
M004066,V0075,2025-11-30,Oil Change,19091.67,Pending
M004067,V0070,2025-06-29,Battery Replacement,6177.15,Completed
M004068,V0044,2024-08-22,Battery Replacement,45282.64,Pending
M004069,V0048,2025-07-16,Oil Change,4524.51,Pending
M004070,V0091,2024-07-19,Engine Service,2584.04,Completed
M004071,V0004,2024-04-06,Tyre Replacement,14223.1,Completed
M004072,V0072,2025-06-08,General Service,17003.76,Pending
M004073,V0016,2024-10-21,Oil Change,26684.15,Completed
M004074,V0080,2024-09-28,Oil Change,33767.42,Completed
M004075,V0052,2024-04-18,Oil Change,22874.64,Completed
M004076,V0006,2024-02-02,Brake Service,3072.09,Completed
M004077,V0032,2024-10-28,Brake Service,19360.18,Completed
M004078,V0004,2024-11-21,Tyre Replacement,34941.31,Pending
M004079,V0051,2024-11-03,Tyre Replacement,37320.25,Completed
M004080,V0060,2025-03-18,Oil Change,21749.03,Pending
M004081,V0027,2025-06-16,General Service,2276.86,Pending
M004082,V0079,2024-04-13,Oil Change,14060.98,Completed
M004083,V0032,2025-01-13,Oil Change,40711.81,Completed
M004084,V0055,2024-07-10,Oil Change,43702.95,Completed
M004085,V0001,2025-02-01,Brake Service,17400.98,Completed
M004086,V0056,2024-01-03,Battery Replacement,752.32,Pending
M004087,V0060,2025-02-22,Tyre Replacement,36667.84,Completed
M004088,V0024,2024-10-10,Oil Change,2505.94,Completed
M004089,V0022,2025-12-04,Engine Service,2468.86,Pending
M004090,V0025,2024-08-19,Brake Service,28446.05,Completed
M004091,V0085,2025-07-08,Tyre Replacement,37167.58,Completed
M004092,V0029,2024-12-11,General Service,33952.03,Pending
M004093,V0089,2024-01-05,Battery Replacement,37336.49,Completed
M004094,V0006,2025-05-18,Tyre Replacement,7793.78,Completed
M004095,V0005,2024-04-21,Battery Replacement,18923.72,Completed
M004096,V0001,2025-05-21,Oil Change,9203.22,Pending
M004097,V0096,2025-10-17,Brake Service,47184.75,Completed
M004098,V0061,2024-01-28,Engine Service,1461.96,Completed
M004099,V0087,2025-08-30,General Service,15285.39,Completed
M004100,V0025,2025-07-31,Battery Replacement,28043.62,Completed
M004101,V0031,2025-12-15,Tyre Replacement,36745.19,Pending
M004102,V0016,2024-04-21,Oil Change,35445.66,Completed
M004103,V0074,2024-10-03,General Service,26125.85,Pending
M004104,V0058,2025-08-09,Brake Service,29316.51,Completed
M004105,V0023,2025-09-13,Tyre Replacement,36818.05,Completed
M004106,V0013,2025-01-08,General Service,29203.56,Pending
M004107,V0013,2025-07-24,Battery Replacement,7820.72,Pending
M004108,V0068,2025-04-12,Oil Change,40775.19,Completed
M004109,V0036,2025-05-23,Tyre Replacement,8484.31,Completed
M004110,V0062,2025-05-21,Brake Service,46077.22,Pending
M004111,V0076,2024-01-02,General Service,10526.74,Completed
M004112,V0035,2025-10-19,General Service,35269.33,Pending
M004113,V0035,2025-08-26,Tyre Replacement,26938.52,Pending
M004114,V0053,2024-11-12,Oil Change,21776.44,Completed
M004115,V0017,2025-12-21,Engine Service,41152.22,Completed
M004116,V0029,2025-07-05,Battery Replacement,42239.37,Completed
M004117,V0099,2025-05-19,Tyre Replacement,2927.6,Completed
M004118,V0014,2024-11-23,Engine Service,45353.58,Completed
M004119,V0063,2025-04-21,General Service,23154.62,Pending
M004120,V0049,2025-10-23,Engine Service,38531.43,Completed
M004121,V0036,2025-09-01,Oil Change,10244.58,Completed
M004122,V0086,2024-04-20,Oil Change,47877.96,Pending
M004123,V0100,2024-09-08,General Service,31301.09,Completed
M004124,V0069,2025-01-16,Brake Service,15645.92,Completed
M004125,V0010,2024-06-18,Battery Replacement,22230.9,Completed
M004126,V0082,2024-12-08,Oil Change,8089.47,Completed
M004127,V0053,2025-02-04,Battery Replacement,47707.98,Completed
M004128,V0055,2025-03-12,Engine Service,11320.81,Pending
M004129,V0069,2025-09-13,Battery Replacement,5485.18,Pending
M004130,V0038,2024-02-04,Battery Replacement,23392.39,Pending
M004131,V0065,2025-01-26,General Service,40859.31,Pending
M004132,V0026,2025-09-03,Oil Change,19902.89,Completed
M004133,V0085,2025-08-09,Battery Replacement,7751.63,Pending
M004134,V0026,2024-01-01,Engine Service,29758.2,Completed
M004135,V0072,2024-10-24,Battery Replacement,49442.14,Pending
M004136,V0032,2024-08-30,Brake Service,15014.18,Completed
M004137,V0053,2024-02-18,Brake Service,15831.89,Pending
M004138,V0051,2025-02-24,Battery Replacement,22719.89,Completed
M004139,V0017,2024-09-21,Tyre Replacement,5115.63,Completed
M004140,V0040,2025-10-24,Brake Service,40293.37,Completed
M004141,V0097,2025-05-05,Battery Replacement,30197.81,Pending
M004142,V0018,2024-03-30,Tyre Replacement,31259.16,Pending
M004143,V0049,2025-08-02,Tyre Replacement,33095.8,Completed
M004144,V0005,2025-03-26,Engine Service,4970.42,Pending
M004145,V0027,2025-04-25,Engine Service,26399.38,Completed
M004146,V0010,2025-07-27,Battery Replacement,38568.7,Pending
M004147,V0059,2024-08-25,Tyre Replacement,18869.82,Completed
M004148,V0023,2024-07-06,Engine Service,41456.79,Pending
M004149,V0072,2025-03-03,Brake Service,11570.77,Completed
M004150,V0003,2025-04-13,Brake Service,6014.85,Pending
M004151,V0056,2025-07-11,Engine Service,22226.24,Completed
M004152,V0044,2025-02-25,Tyre Replacement,32405.71,Completed
M004153,V0014,2024-01-06,Brake Service,22894.68,Completed
M004154,V0053,2025-02-20,Oil Change,23698.89,Completed
M004155,V0087,2025-08-03,Tyre Replacement,23525.21,Pending
M004156,V0007,2024-10-30,Battery Replacement,1757.83,Pending
M004157,V0081,2024-06-10,Tyre Replacement,2226.64,Completed
M004158,V0062,2024-09-27,Engine Service,47601.9,Completed
M004159,V0047,2024-11-04,Oil Change,2029.26,Completed
M004160,V0078,2024-01-06,Brake Service,3909.85,Pending
M004161,V0004,2025-07-20,Brake Service,4588.16,Pending
M004162,V0080,2025-02-16,Oil Change,25762.47,Pending
M004163,V0066,2025-05-09,General Service,28162.56,Completed
M004164,V0058,2024-09-24,Battery Replacement,41395.9,Completed
M004165,V0040,2025-10-15,Battery Replacement,12060.6,Pending
M004166,V0064,2024-03-02,Tyre Replacement,44996.61,Completed
M004167,V0018,2024-04-14,Oil Change,48538.74,Completed
M004168,V0086,2025-01-07,Engine Service,28482.72,Completed
M004169,V0081,2025-09-30,Brake Service,4642.02,Completed
M004170,V0047,2025-01-15,Tyre Replacement,25421.42,Completed
M004171,V0017,2025-02-18,Oil Change,45633.29,Pending
M004172,V0016,2025-03-28,General Service,27549.59,Completed
M004173,V0045,2024-09-17,Battery Replacement,31182.88,Completed
M004174,V0028,2024-08-18,Brake Service,25256.1,Completed
M004175,V0023,2025-11-08,Battery Replacement,4051.17,Pending
M004176,V0052,2025-05-07,Tyre Replacement,48906.37,Pending
M004177,V0032,2025-06-30,Engine Service,3102.06,Completed
M004178,V0016,2025-09-06,Battery Replacement,36289.06,Completed
M004179,V0023,2024-09-11,Tyre Replacement,36059.25,Completed
M004180,V0013,2024-11-14,Battery Replacement,10789.72,Completed
M004181,V0066,2025-02-22,Battery Replacement,22752.87,Completed
M004182,V0036,2024-03-26,Battery Replacement,8570.25,Pending
M004183,V0018,2024-01-11,Battery Replacement,28733.99,Completed
M004184,V0001,2025-05-10,General Service,14128.25,Completed
M004185,V0075,2025-05-29,Battery Replacement,10693.43,Completed
M004186,V0038,2024-08-08,General Service,19175.17,Completed
M004187,V0063,2024-06-23,Battery Replacement,18250.81,Completed
M004188,V0100,2024-01-20,Brake Service,35067.28,Completed
M004189,V0086,2024-09-25,Tyre Replacement,41294.45,Completed
M004190,V0057,2025-09-21,Engine Service,49564.28,Pending
M004191,V0043,2024-06-07,Brake Service,9609.21,Completed
M004192,V0028,2025-03-22,Battery Replacement,9977.66,Completed
M004193,V0011,2024-07-24,Oil Change,9726.93,Pending
M004194,V0052,2024-09-18,Battery Replacement,41971.12,Pending
M004195,V0043,2024-04-13,Engine Service,13984.72,Pending
M004196,V0036,2024-10-26,Oil Change,45123.72,Completed
M004197,V0046,2024-05-10,Brake Service,34209.94,Pending
M004198,V0002,2024-02-08,Engine Service,40102.14,Completed
M004199,V0061,2024-03-31,General Service,12483.98,Completed
M004200,V0045,2024-06-16,General Service,46008.98,Completed
M004201,V0066,2024-11-04,Brake Service,1954.48,Completed
M004202,V0004,2025-12-11,Tyre Replacement,49360.59,Pending
M004203,V0063,2024-01-16,Oil Change,18219.39,Completed
M004204,V0030,2024-06-22,Tyre Replacement,35989.69,Completed
M004205,V0042,2025-08-04,Tyre Replacement,44798.42,Completed
M004206,V0015,2024-12-12,Oil Change,2820.24,Completed
M004207,V0035,2024-10-05,Engine Service,16511.41,Completed
M004208,V0092,2024-03-24,Tyre Replacement,11103.34,Pending
M004209,V0045,2025-08-02,Battery Replacement,30066.02,Pending
M004210,V0093,2024-12-24,Oil Change,2250.83,Completed
M004211,V0026,2024-10-18,Tyre Replacement,36215.1,Completed
M004212,V0061,2025-02-18,Battery Replacement,48078.04,Completed
M004213,V0055,2024-02-07,General Service,25396.3,Completed
M004214,V0042,2025-07-06,Brake Service,5473.17,Pending
M004215,V0011,2025-02-19,Brake Service,5772.5,Pending
M004216,V0060,2024-09-06,Brake Service,37007.21,Pending
M004217,V0067,2025-12-19,Battery Replacement,37861.28,Completed
M004218,V0021,2025-10-21,Engine Service,34330.68,Completed
M004219,V0030,2024-06-06,Engine Service,9582.01,Pending
M004220,V0039,2025-09-23,Engine Service,20781.81,Completed
M004221,V0061,2024-12-01,Engine Service,31140.49,Completed
M004222,V0053,2024-10-28,Brake Service,27335.4,Completed
M004223,V0086,2024-05-09,Battery Replacement,31616.23,Completed
M004224,V0014,2025-11-03,Tyre Replacement,29288.4,Completed
M004225,V0045,2025-01-28,General Service,20582.78,Pending
M004226,V0023,2025-02-17,Tyre Replacement,8653.21,Completed
M004227,V0010,2025-06-23,Oil Change,648.37,Completed
M004228,V0059,2025-06-22,Brake Service,25700.34,Completed
M004229,V0024,2024-07-04,Brake Service,8461.34,Completed
M004230,V0075,2024-10-30,Tyre Replacement,14402.75,Pending
M004231,V0006,2024-04-25,Oil Change,17788.29,Completed
M004232,V0031,2024-07-28,Engine Service,48376.06,Pending
M004233,V0063,2025-03-24,Brake Service,47385.7,Completed
M004234,V0042,2025-06-05,Oil Change,17337.46,Completed
M004235,V0080,2025-10-12,Engine Service,38099.39,Completed
M004236,V0100,2025-10-01,General Service,18425.56,Completed
M004237,V0035,2025-08-03,General Service,30997.46,Pending
M004238,V0031,2025-06-11,General Service,30436.55,Completed
M004239,V0028,2024-09-06,Engine Service,44529.46,Completed
M004240,V0027,2025-06-24,Engine Service,37310.45,Completed
M004241,V0063,2024-11-14,Brake Service,39838.16,Pending
M004242,V0081,2025-08-11,Engine Service,16857.59,Pending
M004243,V0071,2024-02-21,Engine Service,7070.77,Pending
M004244,V0084,2024-01-03,Battery Replacement,41586.56,Pending
M004245,V0039,2024-07-31,General Service,38350.26,Completed
M004246,V0038,2024-01-27,Oil Change,3690.39,Pending
M004247,V0017,2025-04-25,Oil Change,29700.14,Pending
M004248,V0031,2024-11-03,Oil Change,5937.53,Completed
M004249,V0047,2025-04-23,General Service,24868.84,Pending
M004250,V0080,2025-01-05,Oil Change,31042.31,Pending
M004251,V0088,2024-09-02,Tyre Replacement,43482.63,Completed
M004252,V0004,2025-07-30,Engine Service,42284.63,Completed
M004253,V0086,2024-08-06,Tyre Replacement,34042.63,Completed
M004254,V0071,2024-04-13,Brake Service,17539.97,Completed
M004255,V0097,2024-01-26,Tyre Replacement,43986.98,Completed
M004256,V0039,2024-02-06,Engine Service,1134.01,Completed
M004257,V0060,2025-05-05,Tyre Replacement,26700.9,Completed
M004258,V0046,2025-04-21,Engine Service,22735.19,Pending
M004259,V0075,2024-06-07,Engine Service,39333.06,Pending
M004260,V0066,2024-03-02,Tyre Replacement,32055.29,Completed
M004261,V0047,2024-07-07,Oil Change,18916.72,Completed
M004262,V0079,2024-07-12,General Service,39051.29,Completed
M004263,V0024,2025-08-31,General Service,21719.34,Pending
M004264,V0097,2024-10-31,Engine Service,15910.98,Pending
M004265,V0015,2024-12-14,General Service,37243.39,Completed
M004266,V0008,2024-11-25,Oil Change,14625.81,Completed
M004267,V0065,2024-07-25,Tyre Replacement,5381.04,Completed
M004268,V0085,2025-02-12,Oil Change,29171.68,Completed
M004269,V0032,2024-10-25,Tyre Replacement,40003.91,Pending
M004270,V0014,2024-06-05,Brake Service,8983.23,Pending
M004271,V0066,2024-01-04,Tyre Replacement,25158.58,Completed
M004272,V0051,2024-01-23,Oil Change,39401.56,Completed
M004273,V0032,2025-03-03,Tyre Replacement,27283.77,Completed
M004274,V0012,2024-05-11,Battery Replacement,37895.49,Completed
M004275,V0059,2025-10-21,Oil Change,1386.4,Completed
M004276,V0006,2025-10-11,Brake Service,9625.07,Pending
M004277,V0092,2025-05-17,Oil Change,25693.87,Completed
M004278,V0028,2024-04-30,Battery Replacement,1999.2,Completed
M004279,V0075,2024-10-03,Engine Service,15719.7,Completed
M004280,V0100,2025-05-26,General Service,17019.08,Pending
M004281,V0035,2024-05-05,General Service,1535.16,Pending
M004282,V0021,2024-07-12,Oil Change,24862.01,Completed
M004283,V0037,2025-09-12,Battery Replacement,21342.04,Completed
M004284,V0002,2024-11-21,Battery Replacement,20616.04,Completed
M004285,V0052,2024-07-09,Oil Change,12785.62,Completed
M004286,V0036,2024-06-19,General Service,22144.87,Completed
M004287,V0035,2025-07-02,Engine Service,20392.01,Completed
M004288,V0079,2024-04-11,Tyre Replacement,20224.32,Completed
M004289,V0026,2024-02-08,Brake Service,12312.94,Completed
M004290,V0068,2024-02-12,Tyre Replacement,11586.25,Completed
M004291,V0011,2024-10-01,Engine Service,12513.69,Completed
M004292,V0008,2025-06-28,Tyre Replacement,24194.21,Pending
M004293,V0049,2025-06-18,Tyre Replacement,49492.39,Completed
M004294,V0052,2024-07-20,Battery Replacement,20820.38,Completed
M004295,V0091,2025-10-12,Battery Replacement,10151.71,Completed
M004296,V0024,2025-12-23,Oil Change,19186.04,Completed
M004297,V0004,2025-08-23,Tyre Replacement,34752.21,Pending
M004298,V0011,2024-12-03,Engine Service,39820.48,Completed
M004299,V0059,2025-11-13,General Service,41619.61,Completed
M004300,V0065,2024-05-09,Oil Change,34445.57,Pending
M004301,V0082,2025-08-25,General Service,33283.49,Completed
M004302,V0052,2025-07-31,Tyre Replacement,22983.83,Pending
M004303,V0056,2024-10-02,General Service,15628.17,Completed
M004304,V0088,2024-03-19,Brake Service,21400.59,Completed
M004305,V0027,2025-04-20,Battery Replacement,1093.13,Completed
M004306,V0071,2024-12-12,Engine Service,36241.69,Completed
M004307,V0099,2025-08-14,Brake Service,43124.15,Completed
M004308,V0002,2025-05-10,Engine Service,11112.61,Pending
M004309,V0026,2025-10-31,General Service,24509.99,Pending
M004310,V0069,2025-04-10,Brake Service,31091.57,Pending
M004311,V0038,2024-07-07,Brake Service,25606.38,Completed
M004312,V0092,2025-10-11,Brake Service,29513.56,Completed
M004313,V0077,2024-07-17,Oil Change,42365.44,Pending
M004314,V0034,2025-07-05,General Service,6965.6,Completed
M004315,V0019,2024-12-26,Engine Service,35753.83,Completed
M004316,V0086,2024-04-07,General Service,30737.54,Completed
M004317,V0080,2024-07-15,Oil Change,17457.25,Completed
M004318,V0092,2025-08-17,Battery Replacement,45716.35,Completed
M004319,V0019,2024-11-08,Battery Replacement,6827.61,Pending
M004320,V0093,2025-05-18,Brake Service,22966.31,Completed
M004321,V0091,2024-01-07,General Service,46238.07,Completed
M004322,V0030,2024-12-09,Engine Service,3299.11,Pending
M004323,V0039,2024-08-03,Tyre Replacement,27582.31,Completed
M004324,V0023,2025-10-03,Tyre Replacement,47637.16,Pending
M004325,V0089,2024-06-01,General Service,29677.41,Pending
M004326,V0038,2024-06-14,General Service,18436.21,Pending
M004327,V0053,2025-12-05,Oil Change,9957.42,Completed
M004328,V0094,2024-01-30,Oil Change,37396.29,Pending
M004329,V0081,2024-10-01,Oil Change,23676.79,Pending
M004330,V0097,2024-06-29,Tyre Replacement,48723.81,Completed
M004331,V0085,2025-08-11,Engine Service,44829.11,Completed
M004332,V0026,2025-06-07,Brake Service,8588.72,Pending
M004333,V0011,2025-02-08,Battery Replacement,5263.7,Pending
M004334,V0020,2024-01-13,Tyre Replacement,2594.47,Completed
M004335,V0096,2025-04-23,Oil Change,49486.94,Completed
M004336,V0084,2024-07-17,Battery Replacement,44831.81,Pending
M004337,V0066,2025-01-24,General Service,11390.44,Completed
M004338,V0038,2025-02-24,Battery Replacement,4853.42,Pending
M004339,V0082,2025-10-23,Engine Service,30848.52,Pending
M004340,V0076,2024-01-03,Engine Service,2642.08,Completed
M004341,V0067,2024-06-14,Brake Service,11101.88,Pending
M004342,V0030,2024-03-22,Oil Change,2402.92,Pending
M004343,V0067,2025-07-15,Battery Replacement,1985.1,Completed
M004344,V0008,2024-02-02,Oil Change,12232.03,Completed
M004345,V0098,2025-10-07,Tyre Replacement,47180.91,Completed
M004346,V0090,2024-04-14,Battery Replacement,5021.81,Completed
M004347,V0030,2024-07-17,Tyre Replacement,15317.73,Completed
M004348,V0086,2025-03-02,Brake Service,4113.45,Pending
M004349,V0096,2025-03-05,General Service,5154.68,Completed
M004350,V0047,2024-02-26,Brake Service,36128.5,Pending
M004351,V0067,2025-01-02,Brake Service,19295.25,Pending
M004352,V0046,2025-10-02,General Service,26577.71,Pending
M004353,V0058,2024-09-08,Oil Change,47664.84,Completed
M004354,V0012,2025-12-09,Battery Replacement,46122.21,Pending
M004355,V0086,2024-11-13,Oil Change,4688.12,Completed
M004356,V0088,2025-01-26,Engine Service,41965.39,Completed
M004357,V0046,2024-11-25,General Service,9942.97,Completed
M004358,V0061,2025-09-05,Brake Service,23987.42,Completed
M004359,V0057,2024-09-23,Tyre Replacement,12268.85,Completed
M004360,V0091,2024-10-14,Tyre Replacement,37812.99,Pending
M004361,V0046,2024-04-30,Engine Service,23471.07,Pending
M004362,V0011,2024-03-15,Oil Change,15682.55,Completed
M004363,V0054,2025-10-04,Engine Service,43373.14,Pending
M004364,V0056,2024-01-16,General Service,41602.07,Pending
M004365,V0095,2025-01-04,General Service,10600.96,Pending
M004366,V0073,2024-04-21,General Service,16418.17,Completed
M004367,V0006,2024-12-15,Brake Service,13576.77,Pending
M004368,V0097,2024-04-15,General Service,40553.82,Completed
M004369,V0016,2025-05-27,Engine Service,29342.62,Pending
M004370,V0015,2025-11-22,Oil Change,6112.35,Completed
M004371,V0075,2025-08-15,General Service,33790.34,Pending
M004372,V0018,2025-02-05,Battery Replacement,1307.49,Pending
M004373,V0093,2025-10-30,Battery Replacement,20907.09,Pending
M004374,V0004,2024-10-29,Battery Replacement,30409.23,Completed
M004375,V0006,2025-12-20,General Service,29171.03,Completed
M004376,V0059,2025-01-22,Oil Change,18683.7,Completed
M004377,V0026,2024-04-09,General Service,7477.99,Completed
M004378,V0075,2024-01-27,Engine Service,9703.47,Completed
M004379,V0088,2025-03-11,Brake Service,41942.6,Completed
M004380,V0068,2024-12-26,Engine Service,27368.58,Pending
M004381,V0068,2025-07-12,Battery Replacement,7235.32,Pending
M004382,V0100,2024-02-22,Tyre Replacement,19054.56,Completed
M004383,V0006,2025-12-26,Brake Service,10497.92,Completed
M004384,V0096,2025-02-26,General Service,4040.29,Completed
M004385,V0051,2025-04-27,Battery Replacement,2175.49,Pending
M004386,V0005,2024-04-15,Battery Replacement,39828.68,Completed
M004387,V0021,2025-09-03,General Service,33381.58,Completed
M004388,V0071,2025-05-18,Oil Change,15952.88,Completed
M004389,V0094,2024-04-08,Oil Change,31623.39,Completed
M004390,V0022,2025-03-09,General Service,4110.88,Pending
M004391,V0030,2025-01-24,Oil Change,24443.64,Completed
M004392,V0075,2025-10-05,Tyre Replacement,544.26,Completed
M004393,V0089,2025-07-19,Battery Replacement,12753.7,Completed
M004394,V0050,2024-05-11,Oil Change,19397.77,Completed
M004395,V0086,2025-01-11,Brake Service,20324.24,Completed
M004396,V0099,2024-03-14,Engine Service,3045.16,Completed
M004397,V0089,2025-12-17,Brake Service,3004.65,Completed
M004398,V0009,2024-10-06,Battery Replacement,13569.63,Completed
M004399,V0003,2025-07-15,Engine Service,45182.14,Completed
M004400,V0089,2025-06-01,Battery Replacement,12430.77,Pending
M004401,V0026,2025-08-08,Battery Replacement,15416.16,Completed
M004402,V0005,2025-07-28,Brake Service,4293.89,Completed
M004403,V0005,2024-10-31,Oil Change,26547.44,Completed
M004404,V0014,2025-11-08,Tyre Replacement,37484.54,Completed
M004405,V0053,2025-09-04,Tyre Replacement,35878.6,Pending
M004406,V0017,2025-09-03,Battery Replacement,31617.62,Completed
M004407,V0060,2025-10-26,Tyre Replacement,38660.03,Completed
M004408,V0084,2025-08-10,Oil Change,17676.94,Completed
M004409,V0039,2025-01-11,Tyre Replacement,19263.4,Pending
M004410,V0048,2024-12-13,Oil Change,34645.56,Pending
M004411,V0046,2024-01-15,Tyre Replacement,16345.36,Completed
M004412,V0033,2025-11-07,Battery Replacement,47126.46,Completed
M004413,V0003,2024-02-03,General Service,45964.83,Pending
M004414,V0010,2025-01-21,Oil Change,46419.6,Completed
M004415,V0086,2024-06-25,Engine Service,10718.78,Pending
M004416,V0016,2025-02-25,Battery Replacement,9221.14,Completed
M004417,V0068,2025-11-18,Engine Service,14238.76,Completed
M004418,V0029,2025-12-24,Battery Replacement,44457.72,Completed
M004419,V0001,2024-10-19,General Service,39585.85,Completed
M004420,V0092,2024-03-08,Tyre Replacement,31324.15,Completed
M004421,V0046,2025-09-08,Tyre Replacement,14536.28,Completed
M004422,V0039,2025-09-12,General Service,49785.16,Pending
M004423,V0005,2025-04-29,Tyre Replacement,8247.98,Completed
M004424,V0055,2024-07-03,Battery Replacement,5597.17,Completed
M004425,V0029,2025-06-17,Battery Replacement,16366.68,Pending
M004426,V0065,2024-09-07,Tyre Replacement,30252.75,Completed
M004427,V0054,2025-03-12,General Service,3779.43,Completed
M004428,V0088,2024-06-24,Oil Change,20375.76,Completed
M004429,V0067,2025-03-03,Engine Service,29521.62,Completed
M004430,V0052,2025-12-23,Battery Replacement,41261.05,Completed
M004431,V0047,2024-08-24,Battery Replacement,1164.74,Completed
M004432,V0012,2024-02-16,Brake Service,847.52,Completed
M004433,V0029,2024-01-09,Engine Service,42410.01,Pending
M004434,V0071,2024-08-12,Tyre Replacement,21244.59,Completed
M004435,V0008,2024-09-13,Tyre Replacement,2413.4,Completed
M004436,V0076,2024-08-02,Brake Service,36594.75,Completed
M004437,V0044,2025-10-04,Engine Service,7664.43,Completed
M004438,V0035,2025-04-18,Engine Service,8179.82,Completed
M004439,V0037,2024-02-27,Battery Replacement,12887.78,Completed
M004440,V0023,2024-05-23,Battery Replacement,40770.06,Pending
M004441,V0037,2024-09-01,Tyre Replacement,32990.58,Pending
M004442,V0082,2025-01-02,Brake Service,8169.2,Completed
M004443,V0017,2025-12-02,Tyre Replacement,14303.73,Completed
M004444,V0089,2024-08-26,Brake Service,19616.18,Completed
M004445,V0016,2025-09-25,Battery Replacement,32577.75,Completed
M004446,V0019,2025-01-23,General Service,38876.54,Completed
M004447,V0012,2024-03-02,Engine Service,19280.6,Pending
M004448,V0065,2025-01-22,Oil Change,42335.17,Pending
M004449,V0078,2024-12-17,Brake Service,21378.98,Completed
M004450,V0070,2024-02-10,General Service,49492.8,Completed
M004451,V0045,2024-06-12,Engine Service,30523.34,Completed
M004452,V0036,2024-04-09,Brake Service,10365.18,Pending
M004453,V0022,2025-10-29,Battery Replacement,22856.79,Completed
M004454,V0092,2025-01-07,Oil Change,30045.43,Completed
M004455,V0037,2025-02-17,Tyre Replacement,38853.91,Completed
M004456,V0019,2025-04-23,Oil Change,46347.26,Pending
M004457,V0030,2024-04-30,Tyre Replacement,34758.03,Completed
M004458,V0018,2024-01-05,Oil Change,13476.13,Completed
M004459,V0057,2025-05-30,Oil Change,9961.32,Completed
M004460,V0035,2025-09-25,Battery Replacement,42049.82,Completed
M004461,V0011,2025-09-11,Brake Service,37657.88,Pending
M004462,V0022,2025-03-19,Tyre Replacement,37425.26,Completed
M004463,V0090,2024-08-18,Engine Service,23725.8,Pending
M004464,V0088,2024-11-25,Battery Replacement,40598.31,Completed
M004465,V0042,2025-10-23,Engine Service,22741.29,Completed
M004466,V0029,2025-02-13,Brake Service,18346.82,Completed
M004467,V0070,2025-11-18,General Service,37237.1,Completed
M004468,V0053,2025-12-09,Brake Service,21973.77,Completed
M004469,V0044,2025-10-06,Brake Service,22893.93,Pending
M004470,V0097,2025-10-02,Battery Replacement,14800.07,Completed
M004471,V0047,2024-02-05,Tyre Replacement,27819.48,Completed
M004472,V0068,2024-03-17,Tyre Replacement,29636.63,Completed
M004473,V0057,2024-10-16,Brake Service,31478.4,Completed
M004474,V0002,2025-10-11,Battery Replacement,26905.74,Pending
M004475,V0095,2025-08-29,Battery Replacement,14455.02,Pending
M004476,V0094,2024-04-05,Tyre Replacement,24093.23,Completed
M004477,V0017,2024-08-08,Engine Service,30628.57,Completed
M004478,V0005,2025-05-03,Battery Replacement,13537.42,Completed
M004479,V0040,2024-09-06,Engine Service,45608.66,Completed
M004480,V0056,2025-12-11,General Service,45939.1,Pending
M004481,V0047,2025-01-29,Tyre Replacement,6498.18,Pending
M004482,V0060,2024-01-23,General Service,30896.2,Completed
M004483,V0026,2025-09-01,Tyre Replacement,41140.3,Completed
M004484,V0089,2025-09-21,Engine Service,43404.16,Completed
M004485,V0059,2024-07-09,Tyre Replacement,6104.56,Completed
M004486,V0002,2024-06-15,General Service,27502.28,Completed
M004487,V0019,2025-06-30,Brake Service,18220.42,Pending
M004488,V0035,2025-03-15,Battery Replacement,39909.09,Completed
M004489,V0093,2024-01-21,General Service,22995.03,Pending
M004490,V0023,2025-08-29,Brake Service,24768.67,Completed
M004491,V0009,2025-10-08,Tyre Replacement,47532.02,Pending
M004492,V0089,2024-10-27,Engine Service,30735.13,Completed
M004493,V0057,2024-03-16,General Service,15744.18,Completed
M004494,V0023,2025-12-25,Battery Replacement,9038.3,Completed
M004495,V0051,2024-06-16,General Service,46069.38,Completed
M004496,V0022,2025-10-20,Oil Change,35897.46,Pending
M004497,V0031,2025-07-31,Brake Service,14546.95,Completed
M004498,V0003,2025-10-11,Engine Service,18013.95,Completed
M004499,V0007,2024-01-05,Battery Replacement,27183.13,Completed
M004500,V0071,2025-07-24,Brake Service,6172.94,Completed
M004501,V0068,2024-06-02,Battery Replacement,23798.63,Completed
M004502,V0026,2025-10-28,Brake Service,24348.17,Pending
M004503,V0027,2025-04-16,Engine Service,24234.39,Pending
M004504,V0031,2025-01-10,Brake Service,30504.87,Completed
M004505,V0012,2024-01-22,Tyre Replacement,22402.32,Completed
M004506,V0036,2024-02-25,Battery Replacement,35932.94,Pending
M004507,V0001,2025-10-16,General Service,17329.8,Completed
M004508,V0017,2025-09-03,Tyre Replacement,47572.45,Pending
M004509,V0019,2024-12-22,Oil Change,21695.99,Completed
M004510,V0100,2025-09-20,Tyre Replacement,47249.92,Completed
M004511,V0050,2025-10-04,Engine Service,37877.92,Pending
M004512,V0035,2025-06-24,Brake Service,9105.76,Completed
M004513,V0073,2025-09-10,Engine Service,10929.86,Pending
M004514,V0002,2025-03-09,Brake Service,33064.87,Completed
M004515,V0039,2024-05-11,General Service,22521.82,Completed
M004516,V0018,2025-04-04,Oil Change,28518.91,Pending
M004517,V0029,2024-06-17,Oil Change,11713.15,Completed
M004518,V0012,2024-03-16,Battery Replacement,47878.65,Pending
M004519,V0066,2024-06-29,Battery Replacement,32344.85,Pending
M004520,V0009,2024-04-01,General Service,35750.21,Completed
M004521,V0089,2024-07-28,Oil Change,42395.56,Completed
M004522,V0013,2025-12-21,Brake Service,46883.85,Completed
M004523,V0039,2025-03-07,Engine Service,33404.95,Completed
M004524,V0064,2025-09-06,Battery Replacement,28705.3,Completed
M004525,V0041,2024-04-27,Battery Replacement,18188.08,Pending
M004526,V0033,2025-06-23,General Service,30609.77,Completed
M004527,V0040,2024-06-08,Engine Service,39444.87,Completed
M004528,V0063,2024-03-20,Engine Service,21245.76,Pending
M004529,V0010,2024-07-09,Tyre Replacement,2710.09,Completed
M004530,V0060,2025-08-17,Oil Change,12997.38,Completed
M004531,V0049,2024-10-27,Engine Service,10531.41,Completed
M004532,V0093,2024-10-19,Brake Service,2210.2,Completed
M004533,V0093,2025-01-20,Brake Service,16086.35,Completed
M004534,V0083,2024-10-09,Engine Service,15124.81,Completed
M004535,V0084,2025-01-22,General Service,34476.76,Pending
M004536,V0066,2024-06-15,General Service,34101.64,Completed
M004537,V0026,2024-04-01,Brake Service,18933.55,Completed
M004538,V0090,2024-10-24,Tyre Replacement,32244.52,Completed
M004539,V0079,2025-04-20,Brake Service,3171.78,Completed
M004540,V0100,2025-06-07,Oil Change,32741.35,Pending
M004541,V0073,2025-04-23,Oil Change,32591.0,Completed
M004542,V0047,2025-08-11,Brake Service,6056.69,Completed
M004543,V0098,2024-10-29,Tyre Replacement,1065.59,Pending
M004544,V0050,2024-07-30,Brake Service,41462.28,Completed
M004545,V0086,2025-07-01,Brake Service,33781.77,Completed
M004546,V0053,2025-05-12,Tyre Replacement,9824.7,Pending
M004547,V0061,2024-06-10,Engine Service,14025.5,Completed
M004548,V0022,2024-09-07,Brake Service,39564.2,Completed
M004549,V0086,2025-07-08,Tyre Replacement,22990.7,Completed
M004550,V0096,2024-06-30,Oil Change,34998.43,Completed
M004551,V0065,2024-10-15,Oil Change,16465.23,Pending
M004552,V0012,2025-12-16,Tyre Replacement,35069.75,Completed
M004553,V0072,2024-10-10,Battery Replacement,35525.43,Completed
M004554,V0043,2024-04-19,Brake Service,19999.0,Pending
M004555,V0012,2025-03-13,Tyre Replacement,49297.04,Completed
M004556,V0075,2024-01-13,Oil Change,44624.22,Pending
M004557,V0058,2024-02-22,General Service,15282.47,Completed
M004558,V0068,2024-03-02,Tyre Replacement,23444.7,Pending
M004559,V0013,2024-07-08,Oil Change,35938.04,Completed
M004560,V0065,2024-12-08,General Service,41102.6,Completed
M004561,V0013,2024-05-08,Battery Replacement,43214.19,Completed
M004562,V0056,2025-12-04,Brake Service,4049.37,Completed
M004563,V0048,2024-07-18,Battery Replacement,1832.54,Pending
M004564,V0019,2025-10-29,Battery Replacement,27726.53,Completed
M004565,V0094,2025-04-29,Tyre Replacement,34853.46,Completed
M004566,V0066,2025-02-08,Oil Change,40368.81,Pending
M004567,V0070,2025-05-06,Oil Change,12794.63,Completed
M004568,V0067,2024-03-25,Tyre Replacement,37427.53,Completed
M004569,V0071,2025-03-02,Battery Replacement,8524.26,Pending
M004570,V0018,2025-11-06,Oil Change,26224.24,Pending
M004571,V0013,2025-10-31,Brake Service,25051.74,Pending
M004572,V0037,2024-02-02,Brake Service,33728.81,Completed
M004573,V0053,2025-06-22,Battery Replacement,12903.31,Completed
M004574,V0088,2024-06-05,Tyre Replacement,3464.69,Completed
M004575,V0012,2024-09-13,Oil Change,26163.9,Completed
M004576,V0029,2025-03-06,Tyre Replacement,11075.33,Completed
M004577,V0055,2024-05-14,Engine Service,27328.38,Completed
M004578,V0004,2025-05-05,Battery Replacement,48316.14,Completed
M004579,V0007,2025-07-02,General Service,7847.96,Completed
M004580,V0095,2024-04-12,General Service,26635.43,Pending
M004581,V0088,2025-09-14,General Service,11920.11,Completed
M004582,V0039,2024-09-20,Battery Replacement,47309.43,Completed
M004583,V0023,2025-05-13,General Service,701.34,Completed
M004584,V0082,2025-05-28,Engine Service,34569.53,Pending
M004585,V0029,2024-01-30,General Service,49973.81,Pending
M004586,V0075,2024-09-22,Battery Replacement,19268.24,Pending
M004587,V0036,2025-04-29,General Service,4481.03,Completed
M004588,V0069,2024-07-11,Oil Change,6647.99,Completed
M004589,V0027,2025-01-13,General Service,9898.95,Completed
M004590,V0055,2024-11-09,Brake Service,29645.11,Pending
M004591,V0086,2024-02-09,General Service,21664.44,Completed
M004592,V0025,2024-07-07,Oil Change,37163.63,Pending
M004593,V0029,2025-06-10,Brake Service,20227.75,Completed
M004594,V0044,2025-10-17,Oil Change,42786.37,Pending
M004595,V0046,2025-08-27,Engine Service,42769.83,Pending
M004596,V0021,2024-01-03,Battery Replacement,16567.95,Pending
M004597,V0059,2025-11-10,Tyre Replacement,29311.97,Pending
M004598,V0097,2025-07-11,Oil Change,25775.94,Completed
M004599,V0029,2024-06-04,Battery Replacement,28088.19,Completed
M004600,V0050,2025-08-13,Oil Change,26619.65,Completed
M004601,V0061,2024-11-25,Battery Replacement,14645.55,Completed
M004602,V0075,2025-11-21,Battery Replacement,31352.66,Pending
M004603,V0050,2025-05-29,Oil Change,22266.58,Completed
M004604,V0044,2025-05-14,Tyre Replacement,30573.45,Completed
M004605,V0007,2024-11-20,Tyre Replacement,37394.12,Completed
M004606,V0008,2024-04-28,Battery Replacement,37287.05,Pending
M004607,V0031,2024-05-24,Brake Service,10899.0,Completed
M004608,V0056,2024-01-26,Brake Service,17695.84,Completed
M004609,V0027,2024-11-02,General Service,7615.66,Completed
M004610,V0084,2025-07-19,Battery Replacement,41520.44,Completed
M004611,V0091,2025-10-07,Battery Replacement,36845.01,Completed
M004612,V0027,2025-10-01,General Service,32896.87,Pending
M004613,V0046,2025-01-26,Battery Replacement,7585.91,Pending
M004614,V0094,2024-03-27,Battery Replacement,29251.66,Completed
M004615,V0024,2025-10-07,Engine Service,22321.99,Completed
M004616,V0008,2025-02-17,Brake Service,31574.0,Pending
M004617,V0045,2024-11-21,Engine Service,14135.18,Pending
M004618,V0071,2025-10-30,Battery Replacement,16205.24,Completed
M004619,V0075,2025-10-21,Brake Service,10821.13,Completed
M004620,V0008,2024-07-12,Oil Change,37638.4,Pending
M004621,V0094,2024-02-14,Tyre Replacement,17619.71,Completed
M004622,V0023,2025-03-05,Battery Replacement,5908.01,Pending
M004623,V0072,2024-06-12,Engine Service,40739.01,Completed
M004624,V0051,2024-02-11,Tyre Replacement,21806.56,Pending
M004625,V0093,2024-05-07,Battery Replacement,11067.15,Completed
M004626,V0016,2025-02-14,General Service,41999.48,Pending
M004627,V0045,2024-10-19,Battery Replacement,48941.83,Completed
M004628,V0050,2025-11-28,Brake Service,33137.45,Completed
M004629,V0073,2024-09-21,Tyre Replacement,39744.12,Pending
M004630,V0089,2024-11-27,General Service,40475.32,Completed
M004631,V0024,2024-11-25,Oil Change,14170.31,Pending
M004632,V0026,2024-07-07,Engine Service,41368.64,Completed
M004633,V0052,2024-04-29,Oil Change,14805.93,Completed
M004634,V0048,2024-11-02,Brake Service,29778.59,Completed
M004635,V0069,2025-01-22,Tyre Replacement,21799.12,Pending
M004636,V0065,2025-11-30,Brake Service,9040.09,Completed
M004637,V0079,2024-01-11,General Service,9919.82,Completed
M004638,V0020,2024-04-27,Engine Service,41208.8,Completed
M004639,V0079,2024-03-21,Brake Service,4440.96,Pending
M004640,V0002,2025-04-05,Tyre Replacement,10256.8,Completed
M004641,V0061,2025-10-27,General Service,14032.38,Completed
M004642,V0061,2024-03-19,Battery Replacement,8613.44,Completed
M004643,V0081,2025-10-16,General Service,45280.9,Completed
M004644,V0015,2025-05-16,Brake Service,35273.37,Pending
M004645,V0001,2025-12-12,Battery Replacement,15347.31,Completed
M004646,V0089,2025-03-09,Engine Service,47891.82,Completed
M004647,V0054,2025-03-09,General Service,46334.61,Completed
M004648,V0082,2024-11-25,Brake Service,31607.29,Completed
M004649,V0086,2025-04-18,Battery Replacement,40977.46,Completed
M004650,V0061,2025-03-10,Tyre Replacement,9924.39,Completed
M004651,V0068,2024-03-10,Oil Change,15811.99,Completed
M004652,V0073,2025-11-08,Brake Service,27954.7,Completed
M004653,V0020,2024-08-25,Engine Service,34623.31,Pending
M004654,V0059,2025-02-13,Battery Replacement,35122.58,Pending
M004655,V0097,2025-05-21,Tyre Replacement,23392.57,Completed
M004656,V0025,2025-07-20,General Service,42891.67,Completed
M004657,V0065,2025-08-07,Tyre Replacement,19628.76,Completed
M004658,V0007,2025-06-16,General Service,11425.07,Pending
M004659,V0060,2025-06-20,Engine Service,38900.62,Pending
M004660,V0021,2025-01-02,Tyre Replacement,41456.19,Completed
M004661,V0092,2025-07-26,Engine Service,17770.95,Completed
M004662,V0025,2025-10-16,Brake Service,35616.98,Pending
M004663,V0092,2024-05-07,Oil Change,46747.02,Completed
M004664,V0003,2025-07-12,General Service,17742.2,Completed
M004665,V0002,2024-05-17,Brake Service,43530.87,Completed
M004666,V0091,2024-07-12,Battery Replacement,49425.22,Completed
M004667,V0013,2025-12-27,Brake Service,46810.82,Completed
M004668,V0025,2024-01-24,Brake Service,19102.31,Completed
M004669,V0031,2024-10-25,Brake Service,40855.23,Pending
M004670,V0026,2024-03-29,Battery Replacement,10253.17,Completed
M004671,V0095,2025-01-10,Brake Service,38884.66,Completed
M004672,V0078,2024-11-18,Tyre Replacement,23890.94,Completed
M004673,V0043,2024-07-05,Battery Replacement,10333.2,Completed
M004674,V0048,2025-06-20,Brake Service,26511.12,Completed
M004675,V0013,2024-08-12,Battery Replacement,36110.87,Completed
M004676,V0011,2025-05-09,Battery Replacement,14415.83,Pending
M004677,V0069,2025-07-02,Engine Service,29207.7,Pending
M004678,V0030,2024-11-19,Engine Service,32798.39,Pending
M004679,V0083,2025-11-18,Brake Service,48785.23,Pending
M004680,V0091,2024-05-15,Brake Service,41408.22,Completed
M004681,V0007,2025-11-26,Tyre Replacement,6220.73,Completed
M004682,V0083,2025-01-06,Tyre Replacement,7540.96,Pending
M004683,V0055,2025-11-15,Battery Replacement,21574.33,Pending
M004684,V0020,2025-10-02,Oil Change,17306.46,Completed
M004685,V0042,2024-04-06,Tyre Replacement,38311.26,Completed
M004686,V0086,2025-03-30,General Service,29462.24,Completed
M004687,V0042,2025-08-04,Tyre Replacement,49207.24,Completed
M004688,V0061,2025-12-20,Brake Service,17514.84,Pending
M004689,V0012,2025-10-11,Battery Replacement,44453.34,Pending
M004690,V0024,2025-06-23,Oil Change,4037.69,Pending
M004691,V0037,2024-12-30,Tyre Replacement,48639.01,Completed
M004692,V0028,2025-05-09,Brake Service,34194.31,Pending
M004693,V0004,2024-03-13,Brake Service,28612.61,Pending
M004694,V0094,2024-09-18,General Service,6169.89,Pending
M004695,V0029,2024-09-12,Battery Replacement,43914.41,Completed
M004696,V0073,2024-04-27,General Service,36358.46,Completed
M004697,V0091,2025-12-08,General Service,27526.77,Completed
M004698,V0032,2025-04-10,Battery Replacement,34300.68,Pending
M004699,V0090,2024-03-31,Tyre Replacement,2275.76,Completed
M004700,V0071,2024-02-25,Battery Replacement,29920.47,Completed
M004701,V0085,2025-05-18,Brake Service,31660.5,Pending
M004702,V0002,2025-04-27,Tyre Replacement,16977.35,Pending
M004703,V0052,2024-06-22,Brake Service,22197.17,Completed
M004704,V0024,2025-06-09,Battery Replacement,24457.72,Completed
M004705,V0016,2025-01-25,Oil Change,24789.55,Completed
M004706,V0027,2025-07-15,Engine Service,41764.7,Completed
M004707,V0007,2025-07-28,Tyre Replacement,40949.05,Completed
M004708,V0030,2025-04-19,Tyre Replacement,34283.23,Pending
M004709,V0100,2024-05-07,Tyre Replacement,3604.98,Pending
M004710,V0044,2024-02-13,General Service,27077.36,Completed
M004711,V0005,2024-05-27,Battery Replacement,4546.51,Completed
M004712,V0045,2025-03-20,Engine Service,30925.47,Completed
M004713,V0003,2025-04-20,General Service,15732.95,Completed
M004714,V0088,2024-12-25,Engine Service,32293.15,Completed
M004715,V0074,2025-05-11,General Service,679.07,Pending
M004716,V0038,2025-06-02,Battery Replacement,23849.64,Completed
M004717,V0021,2025-04-21,Tyre Replacement,31210.31,Completed
M004718,V0042,2025-05-05,Engine Service,2479.26,Completed
M004719,V0073,2025-05-10,Battery Replacement,2386.62,Completed
M004720,V0005,2024-11-17,Tyre Replacement,1295.83,Completed
M004721,V0036,2025-08-19,Engine Service,8342.84,Pending
M004722,V0075,2024-11-25,Oil Change,24856.1,Pending
M004723,V0023,2025-11-25,Battery Replacement,41149.76,Completed
M004724,V0042,2025-06-08,Engine Service,8145.99,Pending
M004725,V0004,2024-01-01,Brake Service,21839.22,Completed
M004726,V0074,2024-08-12,Tyre Replacement,45447.76,Completed
M004727,V0093,2024-09-17,Engine Service,17297.08,Completed
M004728,V0086,2025-10-27,Battery Replacement,12058.77,Completed
M004729,V0100,2025-12-29,Battery Replacement,44764.58,Completed
M004730,V0069,2024-05-24,Engine Service,11672.23,Completed
M004731,V0077,2024-04-08,Battery Replacement,33050.06,Pending
M004732,V0100,2024-04-08,General Service,31366.22,Completed
M004733,V0032,2024-12-09,Brake Service,17942.5,Completed
M004734,V0065,2024-07-27,Battery Replacement,14687.52,Pending
M004735,V0056,2025-07-12,Battery Replacement,30981.03,Completed
M004736,V0030,2024-10-19,Engine Service,1847.2,Pending
M004737,V0024,2024-11-05,Oil Change,24357.47,Completed
M004738,V0053,2024-04-14,Battery Replacement,47911.38,Completed
M004739,V0027,2025-08-16,General Service,43868.03,Pending
M004740,V0094,2024-11-25,Battery Replacement,23286.04,Completed
M004741,V0046,2024-06-01,General Service,28651.83,Completed
M004742,V0017,2024-07-18,Engine Service,2733.65,Completed
M004743,V0040,2024-07-13,Engine Service,11226.07,Completed
M004744,V0071,2025-11-26,Tyre Replacement,1065.97,Completed
M004745,V0062,2024-04-26,Tyre Replacement,1561.63,Completed
M004746,V0024,2024-01-26,Tyre Replacement,32676.66,Pending
M004747,V0046,2025-01-06,Engine Service,27277.12,Completed
M004748,V0043,2024-08-28,Engine Service,49467.03,Completed
M004749,V0082,2025-01-13,Tyre Replacement,48614.24,Pending
M004750,V0061,2024-08-11,Oil Change,40376.37,Completed
M004751,V0065,2024-11-10,Brake Service,23360.78,Completed
M004752,V0096,2024-04-10,Brake Service,42442.72,Completed
M004753,V0053,2024-08-20,General Service,26435.03,Completed
M004754,V0003,2025-03-17,Tyre Replacement,19416.83,Completed
M004755,V0074,2025-06-01,Brake Service,16255.1,Pending
M004756,V0041,2024-09-26,Oil Change,41700.76,Pending
M004757,V0025,2025-10-11,General Service,18119.44,Completed
M004758,V0086,2024-09-15,Engine Service,4339.63,Completed
M004759,V0087,2025-04-22,Engine Service,2525.42,Completed
M004760,V0067,2024-01-11,General Service,20376.12,Completed
M004761,V0019,2025-06-22,General Service,7194.3,Pending
M004762,V0050,2024-04-01,Battery Replacement,40412.52,Completed
M004763,V0072,2024-08-12,Battery Replacement,26822.09,Completed
M004764,V0017,2024-05-01,Oil Change,42790.31,Pending
M004765,V0098,2024-04-17,Tyre Replacement,39839.6,Completed
M004766,V0048,2025-04-01,Oil Change,48789.78,Completed
M004767,V0091,2025-06-27,General Service,13093.46,Completed
M004768,V0100,2024-07-21,Tyre Replacement,19174.88,Completed
M004769,V0084,2025-01-04,General Service,42023.31,Completed
M004770,V0030,2024-08-26,General Service,42449.47,Completed
M004771,V0093,2024-06-15,General Service,24762.99,Completed
M004772,V0075,2025-03-02,Battery Replacement,39380.08,Pending
M004773,V0004,2024-06-23,Battery Replacement,7414.02,Completed
M004774,V0099,2025-02-05,Battery Replacement,41131.05,Completed
M004775,V0100,2024-02-26,Tyre Replacement,35081.24,Pending
M004776,V0030,2025-10-19,Engine Service,14185.33,Completed
M004777,V0041,2024-09-28,Engine Service,29352.61,Pending
M004778,V0076,2025-07-29,General Service,26700.2,Completed
M004779,V0097,2025-07-05,General Service,13619.21,Pending
M004780,V0064,2024-12-11,Brake Service,37193.58,Completed
M004781,V0039,2025-03-16,Oil Change,11188.11,Completed
M004782,V0060,2025-06-14,Engine Service,38342.45,Pending
M004783,V0002,2024-07-25,Oil Change,48876.78,Completed
M004784,V0097,2025-11-18,General Service,992.72,Pending
M004785,V0063,2025-06-24,Engine Service,49248.17,Pending
M004786,V0084,2025-03-08,General Service,10060.75,Completed
M004787,V0072,2025-08-19,General Service,14460.43,Completed
M004788,V0093,2024-09-16,Battery Replacement,8586.1,Completed
M004789,V0038,2025-01-29,Engine Service,44754.58,Pending
M004790,V0002,2025-10-19,Battery Replacement,20114.31,Completed
M004791,V0022,2024-02-19,General Service,8950.59,Completed
M004792,V0097,2024-04-07,Tyre Replacement,1514.19,Pending
M004793,V0092,2024-07-30,Engine Service,45281.08,Completed
M004794,V0008,2024-11-04,Tyre Replacement,33414.95,Completed
M004795,V0048,2024-11-22,Tyre Replacement,7166.33,Pending
M004796,V0021,2025-02-19,Engine Service,11122.48,Completed
M004797,V0021,2025-08-16,General Service,35114.02,Completed
M004798,V0076,2025-03-19,Battery Replacement,44920.95,Completed
M004799,V0003,2024-04-16,Oil Change,39869.88,Completed
M004800,V0061,2024-12-12,Battery Replacement,7064.92,Completed
M004801,V0023,2024-03-27,Tyre Replacement,21461.13,Completed
M004802,V0004,2024-02-07,Brake Service,8402.27,Completed
M004803,V0066,2024-09-22,Brake Service,22698.46,Pending
M004804,V0090,2024-12-11,Battery Replacement,32702.62,Completed
M004805,V0061,2025-02-22,Engine Service,20456.74,Completed
M004806,V0038,2024-10-14,Tyre Replacement,45897.03,Pending
M004807,V0056,2024-04-30,Battery Replacement,5478.99,Completed
M004808,V0052,2025-12-21,Battery Replacement,43633.17,Completed
M004809,V0078,2024-02-01,Battery Replacement,46088.12,Completed
M004810,V0023,2024-12-11,Battery Replacement,17363.48,Completed
M004811,V0003,2024-10-11,Brake Service,2722.54,Completed
M004812,V0047,2024-12-26,Engine Service,12580.03,Completed
M004813,V0056,2024-07-09,Engine Service,43360.28,Pending
M004814,V0089,2025-03-06,General Service,597.72,Pending
M004815,V0095,2024-12-06,Oil Change,8833.51,Pending
M004816,V0012,2025-09-14,General Service,23749.18,Completed
M004817,V0008,2025-03-25,Oil Change,36686.94,Pending
M004818,V0097,2024-04-30,Engine Service,44625.93,Completed
M004819,V0042,2025-02-14,General Service,12322.18,Pending
M004820,V0081,2024-11-25,Tyre Replacement,48850.2,Completed
M004821,V0098,2025-05-02,Brake Service,37337.36,Pending
M004822,V0100,2024-10-10,Engine Service,47913.78,Completed
M004823,V0074,2025-05-30,Oil Change,46198.96,Pending
M004824,V0004,2024-03-18,Tyre Replacement,23803.42,Completed
M004825,V0072,2024-05-04,Battery Replacement,14456.63,Pending
M004826,V0057,2024-05-12,Tyre Replacement,44405.82,Completed
M004827,V0030,2025-01-21,General Service,47359.26,Completed
M004828,V0037,2024-09-03,Tyre Replacement,47289.38,Completed
M004829,V0026,2025-10-18,Tyre Replacement,13232.82,Pending
M004830,V0031,2025-09-30,Tyre Replacement,15826.7,Completed
M004831,V0033,2024-01-24,Brake Service,7394.21,Completed
M004832,V0080,2024-05-13,General Service,21845.15,Completed
M004833,V0052,2024-10-13,Tyre Replacement,12046.28,Completed
M004834,V0060,2025-04-25,Engine Service,27368.08,Pending
M004835,V0052,2025-01-29,Engine Service,11958.88,Pending
M004836,V0006,2024-12-06,General Service,46640.87,Completed
M004837,V0014,2025-10-05,Engine Service,2009.61,Completed
M004838,V0037,2024-02-09,Tyre Replacement,9265.06,Completed
M004839,V0012,2025-11-21,Engine Service,31592.38,Completed
M004840,V0099,2024-06-10,Oil Change,14451.78,Completed
M004841,V0015,2024-07-23,Tyre Replacement,4918.44,Pending
M004842,V0020,2024-01-29,Brake Service,11727.32,Completed
M004843,V0047,2025-03-24,Brake Service,15043.04,Pending
M004844,V0022,2025-09-16,Battery Replacement,17907.01,Completed
M004845,V0054,2024-12-27,Engine Service,22212.5,Pending
M004846,V0024,2025-08-23,Oil Change,16430.49,Pending
M004847,V0098,2025-07-15,Brake Service,22429.19,Pending
M004848,V0088,2025-11-24,Brake Service,12927.55,Pending
M004849,V0025,2024-11-18,General Service,16748.45,Pending
M004850,V0062,2024-12-19,Oil Change,15305.1,Completed
M004851,V0048,2024-08-06,Oil Change,5656.2,Pending
M004852,V0035,2024-09-05,Oil Change,21429.28,Completed
M004853,V0028,2025-12-30,Oil Change,44662.16,Completed
M004854,V0073,2024-02-05,Tyre Replacement,26797.88,Completed
M004855,V0093,2025-08-16,Engine Service,21626.23,Pending
M004856,V0041,2024-07-18,Engine Service,841.29,Completed
M004857,V0088,2025-04-06,Oil Change,15231.9,Pending
M004858,V0027,2024-07-26,Oil Change,42758.29,Pending
M004859,V0048,2024-04-21,Tyre Replacement,16009.19,Pending
M004860,V0077,2024-10-25,Oil Change,4402.9,Completed
M004861,V0061,2024-07-29,Battery Replacement,43632.56,Pending
M004862,V0038,2025-07-13,Brake Service,5210.23,Completed
M004863,V0005,2025-11-15,Brake Service,27143.17,Completed
M004864,V0095,2025-05-12,Battery Replacement,37937.54,Pending
M004865,V0063,2024-01-07,Brake Service,34814.68,Completed
M004866,V0090,2024-04-19,Oil Change,31189.21,Pending
M004867,V0033,2025-12-28,Oil Change,36705.42,Completed
M004868,V0065,2024-05-23,Engine Service,39980.68,Completed
M004869,V0015,2025-06-10,Brake Service,6112.11,Pending
M004870,V0072,2025-04-11,Battery Replacement,43277.74,Pending
M004871,V0085,2025-03-10,General Service,45721.71,Completed
M004872,V0036,2024-05-07,General Service,20866.49,Completed
M004873,V0097,2025-12-06,Oil Change,47289.87,Completed
M004874,V0052,2025-03-26,Oil Change,13818.84,Pending
M004875,V0079,2024-11-19,Brake Service,25255.54,Completed
M004876,V0054,2025-09-08,Tyre Replacement,14517.51,Completed
M004877,V0099,2025-02-03,Engine Service,3928.22,Completed
M004878,V0022,2025-06-07,Oil Change,35700.39,Pending
M004879,V0031,2025-02-17,Battery Replacement,14229.56,Completed
M004880,V0019,2024-04-09,Oil Change,35796.77,Pending
M004881,V0077,2025-12-20,Oil Change,3401.34,Pending
M004882,V0022,2025-03-15,Battery Replacement,26264.15,Completed
M004883,V0064,2025-04-16,Engine Service,30461.16,Pending
M004884,V0039,2025-10-12,Brake Service,42787.22,Completed
M004885,V0083,2024-07-08,Tyre Replacement,44458.01,Completed
M004886,V0083,2024-09-08,Battery Replacement,41381.33,Completed
M004887,V0058,2025-10-23,General Service,8395.33,Completed
M004888,V0044,2024-08-12,Battery Replacement,37837.16,Completed
M004889,V0014,2025-10-27,Battery Replacement,26185.84,Pending
M004890,V0097,2025-03-29,Oil Change,27592.52,Pending
M004891,V0071,2025-11-18,General Service,40320.38,Pending
M004892,V0024,2024-06-05,Battery Replacement,41853.64,Completed
M004893,V0031,2025-08-28,Battery Replacement,14546.13,Completed
M004894,V0072,2024-07-29,Oil Change,46492.17,Pending
M004895,V0099,2025-06-15,Tyre Replacement,20736.5,Pending
M004896,V0086,2024-07-05,Tyre Replacement,49165.33,Completed
M004897,V0080,2025-09-26,Brake Service,13300.21,Completed
M004898,V0065,2024-03-03,Oil Change,39504.78,Pending
M004899,V0069,2025-05-25,Oil Change,4219.18,Completed
M004900,V0062,2024-04-23,Engine Service,40085.44,Pending
M004901,V0075,2025-08-17,Oil Change,783.52,Pending
M004902,V0058,2025-10-19,Battery Replacement,26680.48,Completed
M004903,V0058,2025-12-21,General Service,5048.31,Pending
M004904,V0090,2024-04-12,Battery Replacement,4354.03,Completed
M004905,V0028,2024-07-15,Engine Service,25055.99,Completed
M004906,V0073,2025-12-27,Tyre Replacement,21564.17,Completed
M004907,V0025,2024-06-08,General Service,11307.77,Pending
M004908,V0075,2024-02-01,General Service,32630.13,Pending
M004909,V0095,2025-01-02,Engine Service,11463.06,Completed
M004910,V0019,2025-02-02,Tyre Replacement,24698.3,Completed
M004911,V0075,2025-05-06,Brake Service,6652.72,Completed
M004912,V0016,2024-11-17,Brake Service,25494.17,Completed
M004913,V0091,2024-10-07,Battery Replacement,47908.15,Completed
M004914,V0073,2025-02-18,Oil Change,33741.92,Completed
M004915,V0006,2025-12-18,Oil Change,12859.57,Completed
M004916,V0026,2025-06-01,Brake Service,20103.07,Completed
M004917,V0030,2025-10-01,General Service,33968.54,Pending
M004918,V0077,2025-04-23,Battery Replacement,4884.96,Completed
M004919,V0063,2024-02-14,Tyre Replacement,41302.46,Completed
M004920,V0100,2025-11-17,Tyre Replacement,14126.75,Completed
M004921,V0071,2024-02-26,General Service,34595.29,Pending
M004922,V0047,2025-07-14,Brake Service,17564.4,Pending
M004923,V0058,2025-01-04,Tyre Replacement,13263.13,Completed
M004924,V0014,2024-12-29,Battery Replacement,42633.75,Pending
M004925,V0042,2025-02-11,Engine Service,33975.21,Completed
M004926,V0078,2025-08-18,General Service,30842.59,Completed
M004927,V0080,2025-11-11,Tyre Replacement,35853.98,Completed
M004928,V0031,2024-03-24,Oil Change,3225.7,Pending
M004929,V0075,2024-11-29,Battery Replacement,5815.25,Completed
M004930,V0051,2025-10-21,Battery Replacement,41399.73,Completed
M004931,V0007,2025-07-24,Tyre Replacement,13833.61,Pending
M004932,V0064,2024-10-31,General Service,26016.53,Completed
M004933,V0050,2025-11-01,Oil Change,33712.07,Completed
M004934,V0029,2025-03-19,Battery Replacement,38926.43,Completed
M004935,V0081,2024-04-22,Tyre Replacement,2192.45,Completed
M004936,V0042,2024-05-28,Battery Replacement,9363.1,Completed
M004937,V0047,2024-07-25,Oil Change,3753.63,Pending
M004938,V0039,2025-09-06,Tyre Replacement,45263.39,Completed
M004939,V0005,2024-08-13,Brake Service,2682.92,Completed
M004940,V0052,2024-01-05,Brake Service,41182.66,Completed
M004941,V0007,2025-06-05,Oil Change,8200.16,Completed
M004942,V0019,2025-11-24,Engine Service,43288.22,Pending
M004943,V0015,2025-08-07,Brake Service,7142.89,Completed
M004944,V0042,2024-04-15,Tyre Replacement,26134.62,Completed
M004945,V0042,2024-08-30,Oil Change,30817.25,Pending
M004946,V0035,2025-09-21,Brake Service,24845.0,Completed
M004947,V0086,2025-09-21,Tyre Replacement,33083.13,Pending
M004948,V0010,2025-02-08,General Service,14468.67,Completed
M004949,V0038,2025-01-31,Oil Change,31677.96,Completed
M004950,V0099,2025-07-25,Brake Service,24577.07,Completed
M004951,V0044,2024-05-14,Brake Service,7795.89,Pending
M004952,V0013,2024-02-23,Tyre Replacement,30822.28,Completed
M004953,V0039,2024-08-15,Oil Change,15571.72,Pending
M004954,V0038,2024-05-17,Battery Replacement,20086.53,Completed
M004955,V0049,2025-08-04,Engine Service,24569.67,Pending
M004956,V0020,2025-01-15,Engine Service,12163.2,Completed
M004957,V0080,2025-07-16,Tyre Replacement,6055.03,Completed
M004958,V0040,2025-06-08,General Service,7156.65,Completed
M004959,V0002,2024-05-17,Battery Replacement,8935.37,Completed
M004960,V0065,2025-10-03,Oil Change,18405.5,Completed
M004961,V0040,2025-07-18,Oil Change,37794.5,Completed
M004962,V0028,2024-05-07,Engine Service,30431.28,Pending
M004963,V0079,2025-12-20,Battery Replacement,42070.69,Completed
M004964,V0030,2025-11-01,Tyre Replacement,23774.79,Completed
M004965,V0053,2024-06-30,Engine Service,19818.93,Completed
M004966,V0066,2024-03-04,Oil Change,7046.21,Pending
M004967,V0057,2024-09-20,General Service,26348.28,Pending
M004968,V0064,2025-09-04,General Service,22166.28,Completed
M004969,V0073,2024-03-16,Oil Change,29770.34,Completed
M004970,V0091,2025-07-22,Oil Change,12336.41,Pending
M004971,V0014,2025-07-12,Brake Service,42404.73,Pending
M004972,V0030,2025-10-13,Battery Replacement,36815.09,Pending
M004973,V0001,2025-02-25,Brake Service,11538.53,Completed
M004974,V0057,2024-09-10,Tyre Replacement,9026.24,Pending
M004975,V0013,2025-07-02,Battery Replacement,46245.35,Completed
M004976,V0095,2024-12-08,Tyre Replacement,6685.23,Pending
M004977,V0062,2025-10-25,Tyre Replacement,35655.95,Completed
M004978,V0042,2024-08-29,Oil Change,3302.3,Completed
M004979,V0002,2025-06-07,Engine Service,31556.07,Pending
M004980,V0024,2024-04-23,Oil Change,8681.77,Pending
M004981,V0069,2024-12-08,Oil Change,28537.89,Completed
M004982,V0021,2025-04-07,Engine Service,42897.49,Pending
M004983,V0094,2025-04-21,Battery Replacement,4809.45,Completed
M004984,V0009,2024-05-27,Engine Service,25208.18,Completed
M004985,V0038,2025-09-20,Tyre Replacement,39041.09,Completed
M004986,V0093,2024-05-07,Engine Service,30764.54,Pending
M004987,V0052,2024-02-13,Tyre Replacement,22009.6,Pending
M004988,V0046,2024-11-24,Oil Change,42023.86,Completed
M004989,V0062,2025-09-03,Oil Change,18806.3,Completed
M004990,V0049,2024-06-04,Brake Service,12884.35,Completed
M004991,V0055,2025-02-02,Brake Service,42151.63,Completed
M004992,V0088,2025-07-14,Oil Change,43311.76,Pending
M004993,V0021,2025-05-21,Oil Change,44673.18,Completed
M004994,V0069,2024-08-19,Tyre Replacement,34860.43,Completed
M004995,V0013,2025-07-16,Engine Service,47299.89,Completed
M004996,V0099,2025-11-27,Battery Replacement,18041.55,Pending
M004997,V0095,2024-11-28,Oil Change,24684.06,Completed
M004998,V0037,2024-07-18,Oil Change,12987.18,Pending
M004999,V0007,2024-02-17,Battery Replacement,14269.92,Completed
M005000,V0063,2024-05-31,Engine Service,29702.06,Pending
