distance_km,route_distance_km,estimated_time_minutes,capacity_kg,age,experience_years,order_month,order_day_of_week,is_weekend,vehicle_type,manufacturer,fuel_type
98.0,245.0,367,1321.0,49,19.0,7,3,0,Truck,Mahindra,Diesel
450.0,172.0,258,1151.0,57,20.0,6,1,0,Truck,Ashok Leyland,CNG
257.0,172.0,258,2667.0,22,15.0,3,6,1,Tanker,Ashok Leyland,CNG
62.0,518.0,777,5585.0,53,1.0,10,5,1,Truck,Ashok Leyland,CNG
55.0,227.0,340,1549.0,47,1.0,11,2,0,Truck,Ashok Leyland,Diesel
347.0,93.0,139,1812.0,54,4.0,11,0,0,Van,Tata,CNG
322.0,250.0,375,6362.0,51,14.0,6,5,1,Mini Truck,Mahindra,Diesel
139.0,509.0,763,9564.0,51,2.0,12,3,0,Mini Truck,Tata,Diesel
76.0,44.0,66,4446.0,23,11.0,11,0,0,Mini Truck,Ashok Leyland,Diesel
105.0,105.0,157,2942.0,38,3.0,9,6,1,Truck,Tata,CNG
476.0,555.0,832,4399.0,37,19.0,1,0,0,Mini Truck,Tata,CNG
506.0,436.0,654,5064.0,49,21.0,2,4,0,Van,Eicher,Petrol
299.0,436.0,654,9202.0,36,20.0,6,5,1,Tanker,Ashok Leyland,Petrol
410.0,496.0,744,5585.0,39,22.0,2,4,0,Truck,Ashok Leyland,CNG
494.0,66.0,99,3619.0,25,7.0,10,2,0,Van,Eicher,Petrol
503.0,435.0,652,4093.0,37,10.0,8,5,1,Tanker,Eicher,Petrol
384.0,475.0,712,2296.0,25,8.0,4,3,0,Tanker,Tata,Diesel
328.0,405.0,607,6362.0,42,18.0,4,5,1,Mini Truck,Mahindra,Diesel
162.0,172.0,258,9564.0,38,9.0,4,0,0,Mini Truck,Tata,Diesel
153.0,412.0,618,9697.0,55,9.0,8,3,0,Mini Truck,Ashok Leyland,Diesel
461.0,373.0,559,5813.0,37,23.0,3,3,0,Mini Truck,Ashok Leyland,CNG
230.0,183.0,274,6711.0,26,14.0,9,0,0,Van,Ashok Leyland,Petrol
304.0,232.0,348,9356.0,23,11.0,8,6,1,Truck,Tata,CNG
570.0,273.0,409,2332.0,40,8.0,8,4,0,Mini Truck,Eicher,Diesel
209.0,441.0,661,7439.0,45,15.0,1,4,0,Truck,Tata,CNG
507.0,172.0,258,3846.0,22,15.0,8,0,0,Tanker,Mahindra,Petrol
299.0,402.0,603,7290.0,54,4.0,5,6,1,Tanker,Tata,Petrol
157.0,216.0,324,3950.0,54,4.0,4,3,0,Mini Truck,Mahindra,CNG
529.0,559.0,838,8504.0,42,6.0,11,4,0,Van,Mahindra,CNG
526.0,54.0,81,2296.0,51,14.0,8,4,0,Tanker,Tata,Diesel
66.0,363.0,544,7158.0,26,25.0,8,3,0,Truck,Ashok Leyland,Diesel
369.0,547.0,820,4085.0,25,7.0,5,5,1,Truck,Tata,Petrol
270.0,547.0,820,7158.0,23,20.0,1,4,0,Truck,Ashok Leyland,Diesel
452.0,172.0,258,2588.0,37,8.0,4,5,1,Mini Truck,Ashok Leyland,Petrol
122.0,442.0,663,4573.0,50,9.0,11,2,0,Tanker,Mahindra,Diesel
327.0,496.0,744,9697.0,40,25.0,6,2,0,Mini Truck,Ashok Leyland,Diesel
304.0,156.0,234,4108.0,29,11.0,10,4,0,Truck,Ashok Leyland,CNG
105.0,414.0,621,5052.0,50,3.0,11,2,0,Van,Eicher,Petrol
112.0,105.0,157,7706.0,49,10.0,6,2,0,Tanker,Ashok Leyland,Petrol
280.0,578.0,867,4619.0,47,17.0,3,6,1,Tanker,Eicher,CNG
506.0,247.0,370,4845.0,39,17.0,8,1,0,Tanker,Tata,Petrol
261.0,245.0,367,8979.0,52,13.0,3,5,1,Tanker,Mahindra,Petrol
332.0,435.0,652,652.0,29,11.0,10,5,1,Tanker,Mahindra,Diesel
206.0,484.0,726,4399.0,26,9.0,12,3,0,Mini Truck,Tata,CNG
254.0,483.0,724,4446.0,46,18.0,2,3,0,Mini Truck,Ashok Leyland,Diesel
459.0,117.0,175,8945.0,27,4.0,4,0,0,Van,Tata,Petrol
228.0,307.0,460,506.0,42,20.0,3,4,0,Mini Truck,Eicher,CNG
489.0,117.0,175,3205.0,35,25.0,1,1,0,Van,Eicher,CNG
73.0,387.0,580,8979.0,41,13.0,12,4,0,Tanker,Mahindra,Petrol
410.0,475.0,712,8846.0,35,11.0,12,4,0,Mini Truck,Mahindra,CNG
286.0,255.0,382,5655.0,41,25.0,11,1,0,Truck,Ashok Leyland,CNG
563.0,181.0,271,9400.0,44,9.0,6,5,1,Mini Truck,Ashok Leyland,Petrol
307.0,238.0,357,2112.0,35,11.0,3,2,0,Tanker,Tata,CNG
187.0,34.0,51,9227.0,28,21.0,2,5,1,Truck,Eicher,Diesel
228.0,238.0,357,7290.0,45,10.0,5,6,1,Tanker,Tata,Petrol
237.0,405.0,607,4582.0,49,22.0,10,3,0,Tanker,Tata,CNG
511.0,578.0,867,4573.0,53,1.0,2,4,0,Tanker,Mahindra,Diesel
483.0,572.0,858,5064.0,31,13.0,4,2,0,Van,Eicher,Petrol
309.0,423.0,634,5655.0,47,17.0,11,3,0,Truck,Ashok Leyland,CNG
186.0,559.0,838,1812.0,49,21.0,9,2,0,Van,Tata,CNG
462.0,74.0,111,7566.0,53,1.0,2,5,1,Truck,Ashok Leyland,Petrol
521.0,143.0,214,7158.0,49,11.0,11,2,0,Truck,Ashok Leyland,Diesel
397.0,572.0,858,5942.0,30,15.0,4,1,0,Truck,Ashok Leyland,CNG
494.0,435.0,652,3846.0,33,20.0,9,5,1,Tanker,Mahindra,Petrol
150.0,218.0,327,4314.0,24,15.0,3,1,0,Van,Mahindra,Diesel
584.0,24.0,36,7507.0,31,21.0,12,0,0,Van,Eicher,CNG
493.0,245.0,367,4550.0,35,15.0,12,6,1,Tanker,Eicher,Petrol
158.0,412.0,618,506.0,29,3.0,12,0,0,Mini Truck,Eicher,CNG
168.0,172.0,258,8945.0,22,15.0,1,0,0,Van,Tata,Petrol
494.0,435.0,652,2588.0,22,15.0,10,0,0,Mini Truck,Ashok Leyland,Petrol
475.0,172.0,258,5813.0,58,5.0,5,4,0,Mini Truck,Ashok Leyland,CNG
421.0,52.0,78,3769.0,27,9.0,5,6,1,Truck,Eicher,Diesel
108.0,156.0,234,7619.0,58,15.0,4,0,0,Mini Truck,Tata,Diesel
287.0,297.0,445,3400.0,48,3.0,5,1,0,Van,Ashok Leyland,Diesel
136.0,518.0,777,7439.0,51,20.0,12,1,0,Truck,Tata,CNG
383.0,54.0,81,4446.0,50,3.0,9,2,0,Mini Truck,Ashok Leyland,Diesel
124.0,227.0,340,4502.0,39,17.0,12,2,0,Van,Mahindra,Diesel
180.0,578.0,867,1540.0,50,3.0,7,1,0,Van,Eicher,CNG
562.0,485.0,727,1460.0,27,9.0,1,3,0,Tanker,Ashok Leyland,Petrol
549.0,93.0,139,652.0,45,10.0,11,5,1,Tanker,Mahindra,Diesel
586.0,483.0,724,4833.0,57,22.0,11,4,0,Truck,Mahindra,Petrol
170.0,277.0,415,9356.0,26,14.0,11,3,0,Truck,Tata,CNG
570.0,53.0,79,1812.0,26,9.0,12,0,0,Van,Tata,CNG
183.0,61.0,91,7439.0,57,22.0,8,1,0,Truck,Eicher,Petrol
331.0,25.0,37,4152.0,40,23.0,1,2,0,Mini Truck,Mahindra,Diesel
382.0,509.0,763,4833.0,53,25.0,3,5,1,Truck,Mahindra,Petrol
25.0,53.0,79,7072.0,23,11.0,5,0,0,Van,Tata,Petrol
455.0,229.0,343,3846.0,23,20.0,4,3,0,Tanker,Mahindra,Petrol
316.0,197.0,295,8846.0,46,4.0,7,5,1,Mini Truck,Mahindra,CNG
517.0,197.0,295,4845.0,24,17.0,2,6,1,Tanker,Tata,Petrol
332.0,586.0,879,4152.0,41,4.0,1,0,0,Mini Truck,Mahindra,Diesel
89.0,250.0,375,3950.0,39,11.0,10,3,0,Mini Truck,Mahindra,CNG
473.0,245.0,367,1735.0,57,20.0,1,4,0,Mini Truck,Eicher,Diesel
574.0,414.0,621,3400.0,26,1.0,7,0,0,Van,Ashok Leyland,Diesel
271.0,247.0,370,6073.0,23,16.0,5,4,0,Truck,Mahindra,CNG
560.0,172.0,258,1735.0,50,8.0,8,1,0,Mini Truck,Eicher,Diesel
347.0,93.0,139,1257.0,23,7.0,9,6,1,Van,Ashok Leyland,Diesel
265.0,484.0,726,1549.0,36,20.0,5,5,1,Truck,Ashok Leyland,Diesel
148.0,436.0,654,506.0,50,25.0,1,5,1,Mini Truck,Eicher,CNG
165.0,52.0,78,4314.0,35,15.0,11,3,0,Van,Mahindra,Diesel
513.0,172.0,258,2541.0,58,5.0,4,6,1,Mini Truck,Mahindra,CNG
424.0,250.0,375,2588.0,25,6.0,10,1,0,Mini Truck,Ashok Leyland,Petrol
235.0,445.0,667,7290.0,46,15.0,12,1,0,Tanker,Tata,Petrol
197.0,414.0,621,5006.0,45,15.0,1,2,0,Truck,Tata,CNG
405.0,232.0,348,652.0,37,22.0,7,5,1,Tanker,Mahindra,Diesel
217.0,518.0,777,4550.0,26,14.0,9,6,1,Tanker,Eicher,Petrol
425.0,255.0,382,5585.0,58,15.0,1,0,0,Truck,Ashok Leyland,CNG
599.0,423.0,634,7439.0,42,20.0,4,1,0,Truck,Tata,CNG
436.0,402.0,603,7566.0,25,8.0,4,2,0,Truck,Ashok Leyland,Petrol
64.0,34.0,51,9400.0,42,20.0,10,0,0,Mini Truck,Ashok Leyland,Petrol
219.0,485.0,727,2588.0,23,11.0,8,5,1,Mini Truck,Ashok Leyland,Petrol
504.0,93.0,139,4152.0,24,2.0,5,1,0,Mini Truck,Mahindra,Diesel
469.0,34.0,51,7412.0,57,22.0,9,6,1,Van,Eicher,Diesel
406.0,105.0,157,7072.0,26,1.0,4,6,1,Van,Tata,Petrol
431.0,334.0,501,3400.0,25,8.0,3,4,0,Van,Ashok Leyland,Diesel
545.0,66.0,99,4833.0,57,14.0,7,1,0,Truck,Mahindra,Petrol
336.0,311.0,466,3769.0,57,20.0,10,2,0,Truck,Eicher,Diesel
225.0,54.0,81,2019.0,30,15.0,2,2,0,Van,Mahindra,Diesel
255.0,66.0,99,8504.0,38,3.0,6,5,1,Van,Mahindra,CNG
137.0,449.0,673,2179.0,41,13.0,7,6,1,Van,Ashok Leyland,CNG
50.0,310.0,465,8879.0,25,7.0,5,5,1,Mini Truck,Eicher,CNG
160.0,172.0,258,4619.0,37,10.0,9,6,1,Tanker,Eicher,CNG
398.0,238.0,357,1735.0,58,15.0,1,3,0,Mini Truck,Eicher,Diesel
541.0,195.0,292,7092.0,35,23.0,8,4,0,Mini Truck,Eicher,Petrol
406.0,328.0,492,1321.0,27,14.0,7,4,0,Truck,Mahindra,Diesel
106.0,255.0,382,8979.0,22,5.0,8,4,0,Tanker,Mahindra,Petrol
364.0,475.0,712,9227.0,25,7.0,10,1,0,Truck,Eicher,Diesel
321.0,531.0,796,1549.0,37,23.0,1,4,0,Truck,Ashok Leyland,Diesel
93.0,414.0,621,4314.0,48,16.0,5,2,0,Van,Mahindra,Diesel
234.0,373.0,559,4093.0,29,3.0,4,0,0,Tanker,Eicher,Petrol
591.0,310.0,465,3846.0,41,4.0,3,3,0,Tanker,Mahindra,Petrol
420.0,520.0,780,8017.0,53,1.0,8,6,1,Tanker,Eicher,CNG
586.0,52.0,78,1227.0,52,13.0,12,0,0,Tanker,Ashok Leyland,Petrol
91.0,412.0,618,8846.0,26,9.0,6,6,1,Mini Truck,Mahindra,CNG
397.0,531.0,796,2667.0,49,10.0,1,3,0,Tanker,Ashok Leyland,CNG
152.0,484.0,726,4353.0,39,9.0,6,5,1,Truck,Tata,CNG
230.0,535.0,802,1791.0,34,18.0,7,3,0,Tanker,Tata,Petrol
337.0,592.0,888,6711.0,45,15.0,11,2,0,Van,Ashok Leyland,Petrol
166.0,229.0,343,5779.0,39,5.0,8,6,1,Mini Truck,Ashok Leyland,Petrol
487.0,66.0,99,4085.0,33,20.0,4,2,0,Truck,Tata,Petrol
181.0,245.0,367,8945.0,35,11.0,12,1,0,Van,Tata,Petrol
536.0,61.0,91,7072.0,47,1.0,5,1,0,Van,Tata,Petrol
268.0,194.0,291,9400.0,29,10.0,11,0,0,Mini Truck,Ashok Leyland,Petrol
122.0,195.0,292,1604.0,52,3.0,12,2,0,Truck,Tata,Diesel
31.0,247.0,370,4085.0,39,9.0,6,6,1,Truck,Tata,Petrol
565.0,227.0,340,7158.0,49,19.0,11,0,0,Truck,Ashok Leyland,Diesel
226.0,227.0,340,2019.0,31,13.0,2,0,0,Van,Mahindra,Diesel
34.0,328.0,492,2243.0,33,20.0,9,3,0,Mini Truck,Ashok Leyland,CNG
118.0,392.0,588,6711.0,35,23.0,12,2,0,Van,Ashok Leyland,Petrol
343.0,578.0,867,7158.0,42,18.0,5,4,0,Truck,Ashok Leyland,Diesel
417.0,423.0,634,1540.0,25,17.0,12,1,0,Van,Eicher,CNG
263.0,149.0,223,4093.0,36,20.0,1,5,1,Tanker,Eicher,Petrol
60.0,73.0,109,8017.0,31,7.0,9,3,0,Tanker,Eicher,CNG
359.0,414.0,621,4399.0,36,8.0,6,1,0,Mini Truck,Tata,CNG
197.0,310.0,465,2019.0,55,4.0,5,6,1,Van,Mahindra,Diesel
498.0,297.0,445,3205.0,51,14.0,8,4,0,Van,Eicher,CNG
330.0,149.0,223,3795.0,30,15.0,11,3,0,Tanker,Ashok Leyland,CNG
333.0,61.0,91,4497.0,36,15.0,9,0,0,Tanker,Eicher,Petrol
500.0,54.0,81,8846.0,52,14.0,4,2,0,Mini Truck,Mahindra,CNG
466.0,197.0,295,4066.0,25,6.0,2,5,1,Van,Ashok Leyland,Petrol
390.0,442.0,663,3846.0,54,22.0,12,6,1,Tanker,Mahindra,Petrol
170.0,93.0,139,8945.0,45,10.0,10,2,0,Van,Tata,Petrol
114.0,105.0,157,7092.0,52,3.0,9,1,0,Mini Truck,Eicher,Petrol
372.0,168.0,252,9202.0,49,21.0,8,5,1,Tanker,Ashok Leyland,Petrol
534.0,255.0,382,6073.0,29,11.0,3,0,0,Truck,Mahindra,CNG
216.0,441.0,661,6073.0,49,18.0,4,0,0,Truck,Mahindra,CNG
509.0,495.0,742,1791.0,33,6.0,3,3,0,Tanker,Tata,Petrol
27.0,352.0,528,2179.0,37,16.0,5,6,1,Van,Ashok Leyland,CNG
407.0,181.0,271,2112.0,40,25.0,12,1,0,Tanker,Tata,CNG
431.0,475.0,712,7412.0,50,25.0,9,2,0,Van,Eicher,Diesel
353.0,484.0,726,2035.0,34,16.0,1,3,0,Tanker,Tata,Diesel
109.0,34.0,51,2271.0,51,14.0,12,1,0,Van,Mahindra,Diesel
283.0,156.0,234,4573.0,30,10.0,3,4,0,Tanker,Mahindra,Diesel
111.0,58.0,87,1549.0,48,18.0,3,6,1,Truck,Ashok Leyland,Diesel
323.0,247.0,370,4502.0,48,3.0,4,4,0,Van,Mahindra,Diesel
55.0,307.0,460,9697.0,26,25.0,8,0,0,Mini Truck,Ashok Leyland,Diesel
509.0,554.0,831,4001.0,37,22.0,9,4,0,Tanker,Eicher,CNG
361.0,255.0,382,2667.0,36,20.0,10,2,0,Tanker,Ashok Leyland,CNG
365.0,183.0,274,7092.0,52,11.0,5,2,0,Mini Truck,Eicher,Petrol
220.0,172.0,258,9697.0,58,15.0,3,4,0,Mini Truck,Ashok Leyland,Diesel
203.0,405.0,607,4833.0,49,11.0,1,0,0,Truck,Mahindra,Petrol
433.0,53.0,79,1735.0,50,8.0,2,4,0,Mini Truck,Eicher,Diesel
196.0,328.0,492,1321.0,26,9.0,9,5,1,Truck,Mahindra,Diesel
144.0,227.0,340,4845.0,26,14.0,10,1,0,Tanker,Tata,Petrol
140.0,105.0,157,2588.0,37,22.0,5,3,0,Mini Truck,Ashok Leyland,Petrol
55.0,483.0,724,3146.0,52,3.0,5,6,1,Van,Ashok Leyland,Petrol
20.0,183.0,274,1460.0,33,23.0,3,2,0,Tanker,Ashok Leyland,Petrol
240.0,328.0,492,5057.0,22,15.0,11,6,1,Van,Eicher,CNG
452.0,441.0,661,4152.0,41,23.0,5,4,0,Mini Truck,Mahindra,Diesel
295.0,412.0,618,9697.0,58,14.0,11,6,1,Mini Truck,Ashok Leyland,Diesel
406.0,572.0,858,9697.0,23,19.0,1,0,0,Mini Truck,Ashok Leyland,Diesel
308.0,194.0,291,4874.0,28,5.0,8,0,0,Mini Truck,Mahindra,Diesel
418.0,352.0,528,2019.0,27,4.0,7,4,0,Van,Mahindra,Diesel
101.0,456.0,684,7439.0,46,4.0,11,4,0,Truck,Eicher,Petrol
312.0,456.0,684,1540.0,44,4.0,3,1,0,Van,Eicher,CNG
560.0,61.0,91,2588.0,37,19.0,1,0,0,Mini Truck,Ashok Leyland,Petrol
452.0,449.0,673,8017.0,52,3.0,8,6,1,Tanker,Eicher,CNG
423.0,322.0,483,2667.0,37,10.0,4,1,0,Tanker,Ashok Leyland,CNG
25.0,332.0,498,4502.0,28,15.0,2,2,0,Van,Mahindra,Diesel
222.0,516.0,774,7158.0,26,14.0,12,1,0,Truck,Ashok Leyland,Diesel
464.0,296.0,444,652.0,52,3.0,10,2,0,Tanker,Mahindra,Diesel
156.0,592.0,888,2243.0,39,17.0,1,5,1,Mini Truck,Ashok Leyland,CNG
33.0,578.0,867,2035.0,57,14.0,5,1,0,Tanker,Tata,Diesel
543.0,194.0,291,4314.0,31,21.0,5,1,0,Van,Mahindra,Diesel
456.0,516.0,774,5057.0,48,16.0,8,3,0,Van,Eicher,CNG
68.0,495.0,742,9356.0,41,4.0,4,0,0,Truck,Tata,CNG
306.0,34.0,51,7092.0,42,18.0,7,4,0,Mini Truck,Eicher,Petrol
134.0,27.0,40,8979.0,26,9.0,9,5,1,Tanker,Mahindra,Petrol
390.0,392.0,588,9673.0,44,9.0,4,1,0,Van,Tata,Petrol
109.0,255.0,382,3205.0,48,16.0,8,1,0,Van,Eicher,CNG
215.0,535.0,802,8846.0,50,3.0,4,3,0,Mini Truck,Mahindra,CNG
278.0,269.0,403,5052.0,57,14.0,7,3,0,Van,Eicher,Petrol
245.0,592.0,888,7290.0,49,10.0,6,0,0,Tanker,Tata,Petrol
263.0,61.0,91,7072.0,27,4.0,10,2,0,Van,Tata,Petrol
72.0,586.0,879,1604.0,29,11.0,10,4,0,Truck,Tata,Diesel
397.0,297.0,445,2588.0,48,18.0,10,6,1,Mini Truck,Ashok Leyland,Petrol
411.0,296.0,444,7706.0,25,7.0,9,3,0,Tanker,Ashok Leyland,Petrol
245.0,435.0,652,1227.0,31,3.0,10,4,0,Tanker,Ashok Leyland,Petrol
464.0,105.0,157,8879.0,29,3.0,11,3,0,Mini Truck,Eicher,CNG
200.0,322.0,483,6477.0,42,20.0,1,6,1,Tanker,Mahindra,Petrol
201.0,509.0,763,6073.0,26,25.0,7,4,0,Truck,Mahindra,CNG
485.0,310.0,465,1791.0,55,4.0,2,4,0,Tanker,Tata,Petrol
64.0,442.0,663,2035.0,39,17.0,9,1,0,Tanker,Tata,Diesel
596.0,181.0,271,5585.0,26,1.0,4,3,0,Truck,Ashok Leyland,CNG
576.0,311.0,466,7412.0,24,15.0,3,6,1,Van,Eicher,Diesel
323.0,25.0,37,7072.0,46,18.0,12,1,0,Van,Tata,Petrol
457.0,485.0,727,9697.0,39,11.0,4,0,0,Mini Truck,Ashok Leyland,Diesel
361.0,58.0,87,8073.0,26,25.0,5,6,1,Van,Ashok Leyland,Diesel
362.0,245.0,367,5052.0,39,2.0,5,2,0,Van,Eicher,Petrol
98.0,255.0,382,7092.0,47,1.0,4,1,0,Mini Truck,Eicher,Petrol
477.0,269.0,403,7706.0,45,10.0,1,2,0,Tanker,Ashok Leyland,Petrol
512.0,559.0,838,4066.0,40,3.0,11,1,0,Van,Ashok Leyland,Petrol
505.0,449.0,673,5006.0,31,2.0,12,5,1,Truck,Tata,CNG
584.0,547.0,820,1460.0,34,24.0,5,3,0,Tanker,Ashok Leyland,Petrol
166.0,58.0,87,4833.0,34,24.0,3,4,0,Truck,Mahindra,Petrol
95.0,61.0,91,3846.0,53,25.0,1,1,0,Tanker,Mahindra,Petrol
270.0,156.0,234,3757.0,45,10.0,5,5,1,Van,Tata,CNG
114.0,592.0,888,9227.0,30,15.0,8,4,0,Truck,Eicher,Diesel
219.0,253.0,379,1540.0,25,8.0,10,3,0,Van,Eicher,CNG
186.0,128.0,192,1460.0,24,2.0,10,3,0,Tanker,Ashok Leyland,Petrol
226.0,441.0,661,5064.0,26,14.0,7,1,0,Van,Eicher,Petrol
427.0,456.0,684,7439.0,26,14.0,2,4,0,Truck,Eicher,Petrol
119.0,75.0,112,1321.0,41,23.0,5,1,0,Truck,Mahindra,Diesel
494.0,253.0,379,9564.0,58,3.0,1,3,0,Mini Truck,Tata,Diesel
154.0,112.0,168,2541.0,57,22.0,5,2,0,Mini Truck,Mahindra,CNG
392.0,277.0,415,1540.0,43,15.0,5,6,1,Van,Eicher,CNG
282.0,518.0,777,5585.0,39,5.0,12,4,0,Truck,Ashok Leyland,CNG
63.0,168.0,252,7439.0,35,25.0,1,4,0,Truck,Tata,CNG
127.0,250.0,375,3795.0,41,25.0,9,5,1,Tanker,Ashok Leyland,CNG
493.0,423.0,634,1812.0,41,13.0,10,3,0,Van,Tata,CNG
370.0,218.0,327,2243.0,57,3.0,4,5,1,Mini Truck,Ashok Leyland,CNG
59.0,61.0,91,4085.0,45,15.0,9,2,0,Truck,Tata,Petrol
409.0,195.0,292,9697.0,47,17.0,7,5,1,Mini Truck,Ashok Leyland,Diesel
43.0,218.0,327,2197.0,47,17.0,3,0,0,Truck,Mahindra,CNG
300.0,216.0,324,1227.0,49,19.0,12,0,0,Tanker,Ashok Leyland,Petrol
377.0,456.0,684,3846.0,33,6.0,7,6,1,Tanker,Mahindra,Petrol
489.0,509.0,763,4582.0,47,11.0,11,2,0,Tanker,Tata,CNG
23.0,277.0,415,5813.0,46,4.0,5,4,0,Mini Truck,Ashok Leyland,CNG
241.0,310.0,465,1151.0,33,23.0,2,2,0,Truck,Ashok Leyland,CNG
392.0,310.0,465,506.0,44,4.0,12,6,1,Mini Truck,Eicher,CNG
290.0,58.0,87,7439.0,26,25.0,1,0,0,Truck,Tata,CNG
444.0,485.0,727,506.0,40,25.0,11,6,1,Mini Truck,Eicher,CNG
422.0,328.0,492,3400.0,39,9.0,6,6,1,Van,Ashok Leyland,Diesel
149.0,156.0,234,2644.0,53,16.0,2,6,1,Van,Mahindra,Petrol
247.0,564.0,846,7158.0,32,6.0,4,2,0,Truck,Ashok Leyland,Diesel
301.0,24.0,36,7290.0,36,20.0,10,3,0,Tanker,Tata,Petrol
145.0,172.0,258,1227.0,55,2.0,3,0,0,Tanker,Ashok Leyland,Petrol
390.0,117.0,175,6073.0,33,20.0,4,4,0,Truck,Mahindra,CNG
98.0,194.0,291,2035.0,23,20.0,7,2,0,Tanker,Tata,Diesel
30.0,253.0,379,2112.0,35,25.0,8,5,1,Tanker,Tata,CNG
375.0,435.0,652,8846.0,51,20.0,7,0,0,Mini Truck,Mahindra,CNG
149.0,441.0,661,3757.0,37,8.0,1,2,0,Van,Tata,CNG
339.0,229.0,343,1604.0,39,9.0,6,2,0,Truck,Tata,Diesel
402.0,112.0,168,4066.0,31,21.0,11,4,0,Van,Ashok Leyland,Petrol
400.0,27.0,40,7158.0,27,9.0,11,1,0,Truck,Ashok Leyland,Diesel
356.0,277.0,415,7072.0,26,14.0,1,2,0,Van,Tata,Petrol
237.0,484.0,726,9227.0,41,25.0,8,1,0,Truck,Eicher,Diesel
525.0,277.0,415,2112.0,26,9.0,11,5,1,Tanker,Tata,CNG
24.0,483.0,724,2035.0,26,25.0,8,3,0,Tanker,Tata,Diesel
374.0,485.0,727,7290.0,52,13.0,3,1,0,Tanker,Tata,Petrol
73.0,264.0,396,4845.0,58,14.0,6,6,1,Tanker,Tata,Petrol
408.0,238.0,357,2019.0,52,13.0,9,6,1,Van,Mahindra,Diesel
171.0,445.0,667,3769.0,39,5.0,10,3,0,Truck,Eicher,Diesel
514.0,296.0,444,3950.0,31,7.0,9,1,0,Mini Truck,Mahindra,CNG
268.0,559.0,838,2667.0,26,1.0,8,0,0,Tanker,Ashok Leyland,CNG
81.0,297.0,445,4001.0,37,23.0,11,3,0,Tanker,Eicher,CNG
368.0,441.0,661,9400.0,30,10.0,8,0,0,Mini Truck,Ashok Leyland,Petrol
339.0,373.0,559,2942.0,52,3.0,8,3,0,Truck,Tata,CNG
392.0,269.0,403,7439.0,53,12.0,12,4,0,Truck,Tata,CNG
129.0,311.0,466,2271.0,46,1.0,3,6,1,Van,Mahindra,Diesel
563.0,307.0,460,6073.0,48,8.0,4,0,0,Truck,Mahindra,CNG
174.0,197.0,295,9673.0,26,1.0,4,1,0,Van,Tata,Petrol
200.0,509.0,763,3846.0,40,8.0,2,1,0,Tanker,Mahindra,Petrol
292.0,238.0,357,4446.0,48,18.0,10,3,0,Mini Truck,Ashok Leyland,Diesel
505.0,27.0,40,7412.0,35,11.0,11,4,0,Van,Eicher,Diesel
29.0,518.0,777,1549.0,37,23.0,3,4,0,Truck,Ashok Leyland,Diesel
191.0,172.0,258,5942.0,53,15.0,4,0,0,Truck,Ashok Leyland,CNG
551.0,34.0,51,7706.0,52,14.0,11,0,0,Tanker,Ashok Leyland,Petrol
270.0,168.0,252,4446.0,55,4.0,10,4,0,Mini Truck,Ashok Leyland,Diesel
170.0,547.0,820,4399.0,39,17.0,8,6,1,Mini Truck,Tata,CNG
146.0,172.0,258,2179.0,35,11.0,10,1,0,Van,Ashok Leyland,CNG
297.0,74.0,111,7439.0,41,25.0,9,5,1,Truck,Tata,CNG
504.0,218.0,327,3769.0,58,12.0,5,6,1,Truck,Eicher,Diesel
224.0,559.0,838,2243.0,25,17.0,8,4,0,Mini Truck,Ashok Leyland,CNG
143.0,149.0,223,5813.0,29,10.0,5,6,1,Mini Truck,Ashok Leyland,CNG
474.0,297.0,445,8073.0,45,15.0,6,0,0,Van,Ashok Leyland,Diesel
579.0,27.0,40,9697.0,40,25.0,5,2,0,Mini Truck,Ashok Leyland,Diesel
475.0,442.0,663,2179.0,55,2.0,4,6,1,Van,Ashok Leyland,CNG
182.0,445.0,667,9400.0,39,5.0,2,1,0,Mini Truck,Ashok Leyland,Petrol
163.0,269.0,403,7158.0,25,6.0,3,1,0,Truck,Ashok Leyland,Diesel
515.0,296.0,444,3619.0,39,9.0,10,5,1,Van,Eicher,Petrol
433.0,484.0,726,4152.0,55,2.0,9,6,1,Mini Truck,Mahindra,Diesel
531.0,509.0,763,2296.0,53,16.0,3,6,1,Tanker,Tata,Diesel
198.0,373.0,559,9227.0,42,6.0,11,2,0,Truck,Eicher,Diesel
480.0,255.0,382,8846.0,23,11.0,3,4,0,Mini Truck,Mahindra,CNG
468.0,483.0,724,3400.0,49,18.0,1,1,0,Van,Ashok Leyland,Diesel
163.0,435.0,652,6711.0,49,11.0,3,4,0,Van,Ashok Leyland,Petrol
560.0,168.0,252,5942.0,33,23.0,1,5,1,Truck,Ashok Leyland,CNG
150.0,227.0,340,3846.0,36,20.0,5,1,0,Tanker,Mahindra,Petrol
358.0,197.0,295,8504.0,53,16.0,6,4,0,Van,Mahindra,CNG
80.0,181.0,271,1151.0,40,23.0,10,3,0,Truck,Ashok Leyland,CNG
597.0,509.0,763,7412.0,37,16.0,5,2,0,Van,Eicher,Diesel
102.0,373.0,559,5057.0,37,19.0,9,1,0,Van,Eicher,CNG
539.0,143.0,214,4108.0,51,2.0,7,4,0,Truck,Ashok Leyland,CNG
76.0,218.0,327,9564.0,52,13.0,8,6,1,Mini Truck,Tata,Diesel
467.0,227.0,340,7072.0,47,1.0,7,2,0,Van,Tata,Petrol
569.0,456.0,684,4152.0,26,14.0,2,3,0,Mini Truck,Mahindra,Diesel
149.0,555.0,832,7290.0,54,22.0,8,0,0,Tanker,Tata,Petrol
329.0,592.0,888,4085.0,41,23.0,7,3,0,Truck,Tata,Petrol
235.0,445.0,667,7507.0,53,16.0,10,6,1,Van,Eicher,CNG
413.0,332.0,498,4066.0,42,20.0,3,5,1,Van,Ashok Leyland,Petrol
364.0,25.0,37,7805.0,38,9.0,11,4,0,Tanker,Eicher,CNG
464.0,436.0,654,2332.0,23,11.0,9,2,0,Mini Truck,Eicher,Diesel
314.0,250.0,375,9202.0,23,7.0,3,3,0,Tanker,Ashok Leyland,Petrol
300.0,328.0,492,5655.0,48,7.0,4,2,0,Truck,Ashok Leyland,CNG
348.0,216.0,324,2541.0,48,7.0,1,6,1,Mini Truck,Mahindra,CNG
101.0,54.0,81,2332.0,46,4.0,1,3,0,Mini Truck,Eicher,Diesel
302.0,277.0,415,1791.0,56,2.0,10,3,0,Tanker,Tata,Petrol
70.0,143.0,214,9227.0,36,15.0,9,6,1,Truck,Eicher,Diesel
381.0,334.0,501,1257.0,40,23.0,7,6,1,Van,Ashok Leyland,Diesel
474.0,387.0,580,3205.0,38,9.0,7,0,0,Van,Eicher,CNG
388.0,74.0,111,9697.0,36,8.0,3,3,0,Mini Truck,Ashok Leyland,Diesel
184.0,53.0,79,4845.0,48,24.0,12,0,0,Tanker,Tata,Petrol
340.0,269.0,403,4152.0,36,8.0,1,6,1,Mini Truck,Mahindra,Diesel
390.0,172.0,258,3795.0,28,15.0,7,3,0,Tanker,Ashok Leyland,CNG
255.0,54.0,81,7439.0,37,23.0,1,6,1,Truck,Tata,CNG
140.0,445.0,667,8846.0,40,23.0,11,4,0,Mini Truck,Mahindra,CNG
501.0,405.0,607,7072.0,41,4.0,7,2,0,Van,Tata,Petrol
590.0,273.0,409,4066.0,30,15.0,5,2,0,Van,Ashok Leyland,Petrol
525.0,504.0,756,7290.0,31,7.0,11,6,1,Tanker,Tata,Petrol
235.0,277.0,415,9202.0,49,19.0,10,5,1,Tanker,Ashok Leyland,Petrol
189.0,483.0,724,4779.0,48,3.0,3,6,1,Mini Truck,Tata,Diesel
285.0,194.0,291,652.0,23,19.0,5,2,0,Tanker,Mahindra,Diesel
585.0,531.0,796,6711.0,31,7.0,9,4,0,Van,Ashok Leyland,Petrol
456.0,93.0,139,4845.0,31,2.0,1,6,1,Tanker,Tata,Petrol
139.0,117.0,175,6477.0,34,24.0,3,0,0,Tanker,Mahindra,Petrol
363.0,535.0,802,4446.0,37,23.0,12,5,1,Mini Truck,Ashok Leyland,Diesel
56.0,592.0,888,7507.0,47,11.0,3,2,0,Van,Eicher,CNG
291.0,24.0,36,8017.0,36,20.0,10,5,1,Tanker,Eicher,CNG
110.0,27.0,40,4497.0,54,4.0,4,5,1,Tanker,Eicher,Petrol
314.0,322.0,483,2667.0,49,11.0,9,3,0,Tanker,Ashok Leyland,CNG
346.0,24.0,36,7092.0,30,15.0,3,2,0,Mini Truck,Eicher,Petrol
438.0,328.0,492,3757.0,53,15.0,9,6,1,Van,Tata,CNG
41.0,143.0,214,8846.0,57,20.0,9,5,1,Mini Truck,Mahindra,CNG
274.0,255.0,382,7412.0,23,20.0,10,3,0,Van,Eicher,Diesel
516.0,172.0,258,9202.0,49,10.0,1,6,1,Tanker,Ashok Leyland,Petrol
296.0,197.0,295,9605.0,57,3.0,2,6,1,Mini Truck,Eicher,CNG
574.0,554.0,831,7290.0,41,4.0,3,2,0,Tanker,Tata,Petrol
339.0,250.0,375,4152.0,39,9.0,9,3,0,Mini Truck,Mahindra,Diesel
122.0,535.0,802,2035.0,52,13.0,11,2,0,Tanker,Tata,Diesel
131.0,559.0,838,9227.0,23,11.0,8,3,0,Truck,Eicher,Diesel
232.0,586.0,879,8879.0,26,1.0,10,0,0,Mini Truck,Eicher,CNG
365.0,334.0,501,4550.0,42,20.0,8,6,1,Tanker,Eicher,Petrol
234.0,412.0,618,5942.0,46,4.0,6,0,0,Truck,Ashok Leyland,CNG
99.0,54.0,81,4085.0,58,12.0,12,4,0,Truck,Tata,Petrol
465.0,61.0,91,1151.0,57,3.0,5,1,0,Truck,Ashok Leyland,CNG
400.0,363.0,544,4108.0,57,22.0,10,0,0,Truck,Ashok Leyland,CNG
158.0,195.0,292,9400.0,58,15.0,6,6,1,Mini Truck,Ashok Leyland,Petrol
592.0,44.0,66,9400.0,52,11.0,12,2,0,Mini Truck,Ashok Leyland,Petrol
456.0,555.0,832,7933.0,48,16.0,8,0,0,Mini Truck,Eicher,Diesel
227.0,255.0,382,7619.0,56,15.0,8,3,0,Mini Truck,Tata,Diesel
597.0,578.0,867,4497.0,27,14.0,3,2,0,Tanker,Eicher,Petrol
303.0,34.0,51,4152.0,30,10.0,4,6,1,Mini Truck,Mahindra,Diesel
241.0,195.0,292,3146.0,27,4.0,9,0,0,Van,Ashok Leyland,Petrol
239.0,34.0,51,2112.0,28,5.0,12,6,1,Tanker,Tata,CNG
558.0,518.0,777,4582.0,26,14.0,7,6,1,Tanker,Tata,CNG
534.0,311.0,466,7412.0,49,11.0,7,3,0,Van,Eicher,Diesel
344.0,495.0,742,7933.0,23,16.0,4,1,0,Mini Truck,Eicher,Diesel
533.0,232.0,348,4833.0,35,23.0,3,6,1,Truck,Mahindra,Petrol
223.0,245.0,367,4619.0,29,3.0,5,4,0,Tanker,Eicher,CNG
379.0,518.0,777,1227.0,39,11.0,12,5,1,Tanker,Ashok Leyland,Petrol
40.0,509.0,763,6477.0,32,6.0,4,0,0,Tanker,Mahindra,Petrol
313.0,414.0,621,7933.0,44,9.0,11,0,0,Mini Truck,Eicher,Diesel
299.0,423.0,634,2112.0,23,20.0,7,0,0,Tanker,Tata,CNG
383.0,117.0,175,8945.0,56,2.0,7,1,0,Van,Tata,Petrol
535.0,392.0,588,4399.0,58,15.0,12,5,1,Mini Truck,Tata,CNG
498.0,572.0,858,6477.0,52,3.0,7,4,0,Tanker,Mahindra,Petrol
387.0,296.0,444,4152.0,51,20.0,1,3,0,Mini Truck,Mahindra,Diesel
487.0,496.0,744,6362.0,32,6.0,1,2,0,Mini Truck,Mahindra,Diesel
259.0,322.0,483,506.0,57,3.0,1,4,0,Mini Truck,Eicher,CNG
162.0,183.0,274,5064.0,49,10.0,6,6,1,Van,Eicher,Petrol
489.0,34.0,51,6477.0,50,17.0,5,0,0,Tanker,Mahindra,Petrol
328.0,435.0,652,7092.0,45,10.0,2,6,1,Mini Truck,Eicher,Petrol
177.0,328.0,492,3146.0,50,8.0,11,6,1,Van,Ashok Leyland,Petrol
156.0,352.0,528,4066.0,57,14.0,12,2,0,Van,Ashok Leyland,Petrol
202.0,250.0,375,4152.0,36,8.0,12,5,1,Mini Truck,Mahindra,Diesel
465.0,445.0,667,8504.0,22,15.0,3,2,0,Van,Mahindra,CNG
416.0,53.0,79,6073.0,30,15.0,4,4,0,Truck,Mahindra,CNG
549.0,520.0,780,1549.0,41,4.0,11,5,1,Truck,Ashok Leyland,Diesel
138.0,402.0,603,4550.0,25,8.0,10,4,0,Tanker,Eicher,Petrol
485.0,592.0,888,4152.0,40,23.0,6,6,1,Mini Truck,Mahindra,Diesel
324.0,172.0,258,7158.0,41,4.0,7,2,0,Truck,Ashok Leyland,Diesel
283.0,183.0,274,3846.0,57,3.0,12,2,0,Tanker,Mahindra,Petrol
330.0,245.0,367,2644.0,48,18.0,10,3,0,Van,Mahindra,Petrol
240.0,24.0,36,4001.0,48,3.0,9,0,0,Tanker,Eicher,CNG
66.0,412.0,618,7706.0,32,6.0,3,6,1,Tanker,Ashok Leyland,Petrol
232.0,27.0,40,506.0,26,25.0,9,3,0,Mini Truck,Eicher,CNG
345.0,296.0,444,5655.0,48,16.0,1,5,1,Truck,Ashok Leyland,CNG
314.0,172.0,258,5585.0,37,8.0,4,1,0,Truck,Ashok Leyland,CNG
475.0,54.0,81,2179.0,33,6.0,2,6,1,Van,Ashok Leyland,CNG
482.0,273.0,409,4845.0,52,13.0,3,1,0,Tanker,Tata,Petrol
598.0,269.0,403,7619.0,25,7.0,11,4,0,Mini Truck,Tata,Diesel
236.0,253.0,379,8846.0,37,22.0,1,6,1,Mini Truck,Mahindra,CNG
362.0,518.0,777,1812.0,39,10.0,4,5,1,Van,Tata,CNG
535.0,93.0,139,7619.0,23,19.0,2,0,0,Mini Truck,Tata,Diesel
190.0,509.0,763,4353.0,46,18.0,3,5,1,Truck,Tata,CNG
418.0,392.0,588,6477.0,47,1.0,8,1,0,Tanker,Mahindra,Petrol
265.0,310.0,465,2296.0,39,5.0,7,5,1,Tanker,Tata,Diesel
51.0,229.0,343,2243.0,42,18.0,6,4,0,Mini Truck,Ashok Leyland,CNG
492.0,307.0,460,3795.0,29,3.0,7,1,0,Tanker,Ashok Leyland,CNG
91.0,112.0,168,7412.0,52,11.0,5,1,0,Van,Eicher,Diesel
566.0,117.0,175,1257.0,58,14.0,3,2,0,Van,Ashok Leyland,Diesel
95.0,24.0,36,9564.0,58,15.0,11,0,0,Mini Truck,Tata,Diesel
475.0,75.0,112,3795.0,40,23.0,4,0,0,Tanker,Ashok Leyland,CNG
163.0,61.0,91,1549.0,39,22.0,12,2,0,Truck,Ashok Leyland,Diesel
32.0,93.0,139,2332.0,25,7.0,9,4,0,Mini Truck,Eicher,Diesel
142.0,58.0,87,7439.0,31,2.0,11,5,1,Truck,Eicher,Petrol
77.0,61.0,91,2588.0,58,14.0,6,1,0,Mini Truck,Ashok Leyland,Petrol
507.0,128.0,192,2243.0,24,15.0,11,4,0,Mini Truck,Ashok Leyland,CNG
460.0,436.0,654,2332.0,50,3.0,7,6,1,Mini Truck,Eicher,Diesel
274.0,74.0,111,7566.0,58,8.0,6,1,0,Truck,Ashok Leyland,Petrol
462.0,504.0,756,2197.0,42,20.0,5,2,0,Truck,Mahindra,CNG
131.0,227.0,340,1735.0,58,14.0,11,3,0,Mini Truck,Eicher,Diesel
425.0,363.0,544,4093.0,42,18.0,9,1,0,Tanker,Eicher,Petrol
505.0,332.0,498,7092.0,52,11.0,6,0,0,Mini Truck,Eicher,Petrol
503.0,485.0,727,7706.0,48,8.0,10,4,0,Tanker,Ashok Leyland,Petrol
227.0,445.0,667,4502.0,48,16.0,12,5,1,Van,Mahindra,Diesel
411.0,216.0,324,2667.0,53,25.0,8,3,0,Tanker,Ashok Leyland,CNG
404.0,592.0,888,3950.0,54,22.0,11,3,0,Mini Truck,Mahindra,CNG
355.0,483.0,724,2243.0,41,25.0,6,0,0,Mini Truck,Ashok Leyland,CNG
476.0,194.0,291,8945.0,48,3.0,5,3,0,Van,Tata,Petrol
285.0,496.0,744,9227.0,39,5.0,8,2,0,Truck,Eicher,Diesel
467.0,273.0,409,4833.0,52,3.0,5,1,0,Truck,Mahindra,Petrol
88.0,484.0,726,2588.0,26,9.0,2,4,0,Mini Truck,Ashok Leyland,Petrol
461.0,496.0,744,4779.0,22,15.0,3,5,1,Mini Truck,Tata,Diesel
367.0,250.0,375,4093.0,28,15.0,10,3,0,Tanker,Eicher,Petrol
320.0,412.0,618,4085.0,48,2.0,4,2,0,Truck,Tata,Petrol
174.0,442.0,663,2035.0,26,14.0,1,6,1,Tanker,Tata,Diesel
231.0,229.0,343,2271.0,53,1.0,8,0,0,Van,Mahindra,Diesel
90.0,93.0,139,2588.0,51,2.0,11,0,0,Mini Truck,Ashok Leyland,Petrol
454.0,531.0,796,7092.0,58,15.0,12,6,1,Mini Truck,Eicher,Petrol
470.0,441.0,661,4550.0,40,3.0,10,4,0,Tanker,Eicher,Petrol
147.0,227.0,340,1812.0,26,9.0,1,4,0,Van,Tata,CNG
234.0,105.0,157,7290.0,28,5.0,4,4,0,Tanker,Tata,Petrol
464.0,352.0,528,7158.0,34,16.0,3,3,0,Truck,Ashok Leyland,Diesel
234.0,195.0,292,7805.0,58,3.0,6,5,1,Tanker,Eicher,CNG
50.0,232.0,348,6073.0,58,19.0,6,1,0,Truck,Mahindra,CNG
49.0,516.0,774,8879.0,53,25.0,5,5,1,Mini Truck,Eicher,CNG
248.0,405.0,607,2296.0,50,25.0,9,3,0,Tanker,Tata,Diesel
283.0,112.0,168,1227.0,39,11.0,3,2,0,Tanker,Ashok Leyland,Petrol
328.0,332.0,498,8073.0,54,22.0,2,0,0,Van,Ashok Leyland,Diesel
263.0,149.0,223,6073.0,48,7.0,1,2,0,Truck,Mahindra,CNG
289.0,483.0,724,1812.0,35,25.0,10,6,1,Van,Tata,CNG
210.0,535.0,802,1604.0,52,3.0,7,5,1,Truck,Tata,Diesel
334.0,197.0,295,9673.0,43,15.0,4,6,1,Van,Tata,Petrol
382.0,392.0,588,4446.0,23,16.0,7,3,0,Mini Truck,Ashok Leyland,Diesel
189.0,412.0,618,2942.0,58,5.0,1,0,0,Truck,Tata,CNG
589.0,264.0,396,3619.0,39,11.0,4,3,0,Van,Eicher,Petrol
163.0,509.0,763,4779.0,29,10.0,11,5,1,Mini Truck,Tata,Diesel
302.0,24.0,36,9356.0,41,13.0,2,1,0,Truck,Tata,CNG
325.0,435.0,652,5064.0,48,24.0,6,4,0,Van,Eicher,Petrol
369.0,332.0,498,4502.0,53,1.0,5,1,0,Van,Mahindra,Diesel
526.0,578.0,867,6477.0,34,16.0,10,4,0,Tanker,Mahindra,Petrol
302.0,334.0,501,1227.0,46,1.0,12,4,0,Tanker,Ashok Leyland,Petrol
123.0,73.0,109,1151.0,25,17.0,9,5,1,Truck,Ashok Leyland,CNG
292.0,24.0,36,3769.0,42,20.0,12,2,0,Truck,Eicher,Diesel
49.0,435.0,652,7412.0,50,25.0,8,6,1,Van,Eicher,Diesel
274.0,216.0,324,7158.0,37,19.0,4,5,1,Truck,Ashok Leyland,Diesel
337.0,156.0,234,1540.0,42,18.0,3,0,0,Van,Eicher,CNG
368.0,229.0,343,5064.0,56,15.0,7,0,0,Van,Eicher,Petrol
244.0,495.0,742,3757.0,42,20.0,7,1,0,Van,Tata,CNG
41.0,414.0,621,2332.0,45,10.0,9,6,1,Mini Truck,Eicher,Diesel
260.0,449.0,673,1549.0,48,2.0,9,1,0,Truck,Ashok Leyland,Diesel
272.0,128.0,192,4001.0,29,11.0,11,5,1,Tanker,Eicher,CNG
195.0,255.0,382,4152.0,50,8.0,4,2,0,Mini Truck,Mahindra,Diesel
171.0,54.0,81,2541.0,23,7.0,1,1,0,Mini Truck,Mahindra,CNG
540.0,363.0,544,3619.0,28,15.0,11,2,0,Van,Eicher,Petrol
74.0,25.0,37,5779.0,48,3.0,2,3,0,Mini Truck,Ashok Leyland,Petrol
526.0,24.0,36,5064.0,49,19.0,6,4,0,Van,Eicher,Petrol
383.0,195.0,292,8017.0,33,6.0,2,4,0,Tanker,Eicher,CNG
225.0,216.0,324,8504.0,33,20.0,6,6,1,Van,Mahindra,CNG
117.0,112.0,168,4833.0,46,15.0,9,4,0,Truck,Mahindra,Petrol
48.0,273.0,409,2179.0,31,13.0,6,4,0,Van,Ashok Leyland,CNG
475.0,559.0,838,4619.0,51,14.0,3,3,0,Tanker,Eicher,CNG
204.0,247.0,370,7072.0,50,17.0,2,3,0,Van,Tata,Petrol
456.0,52.0,78,7805.0,26,9.0,10,2,0,Tanker,Eicher,CNG
570.0,34.0,51,3619.0,30,10.0,2,0,0,Van,Eicher,Petrol
35.0,229.0,343,3146.0,42,20.0,12,1,0,Van,Ashok Leyland,Petrol
358.0,412.0,618,5813.0,53,15.0,2,4,0,Mini Truck,Ashok Leyland,CNG
272.0,531.0,796,4845.0,57,3.0,6,6,1,Tanker,Tata,Petrol
424.0,310.0,465,7706.0,50,3.0,10,4,0,Tanker,Ashok Leyland,Petrol
138.0,52.0,78,5655.0,23,19.0,2,0,0,Truck,Ashok Leyland,CNG
282.0,194.0,291,6073.0,58,14.0,6,1,0,Truck,Mahindra,CNG
417.0,195.0,292,9564.0,53,12.0,5,4,0,Mini Truck,Tata,Diesel
345.0,559.0,838,5052.0,35,15.0,5,6,1,Van,Eicher,Petrol
225.0,269.0,403,1735.0,25,17.0,2,2,0,Mini Truck,Eicher,Diesel
91.0,296.0,444,7290.0,56,2.0,10,5,1,Tanker,Tata,Petrol
345.0,74.0,111,3400.0,52,3.0,9,6,1,Van,Ashok Leyland,Diesel
596.0,586.0,879,8073.0,53,16.0,11,0,0,Van,Ashok Leyland,Diesel
56.0,559.0,838,5942.0,50,3.0,2,3,0,Truck,Ashok Leyland,CNG
396.0,509.0,763,4619.0,34,18.0,5,0,0,Tanker,Eicher,CNG
428.0,227.0,340,4066.0,29,5.0,4,2,0,Van,Ashok Leyland,Petrol
74.0,352.0,528,1791.0,26,1.0,10,6,1,Tanker,Tata,Petrol
183.0,518.0,777,2667.0,52,13.0,5,3,0,Tanker,Ashok Leyland,CNG
500.0,197.0,295,2588.0,46,4.0,6,1,0,Mini Truck,Ashok Leyland,Petrol
391.0,253.0,379,9564.0,27,4.0,5,5,1,Mini Truck,Tata,Diesel
423.0,255.0,382,1791.0,49,19.0,12,2,0,Tanker,Tata,Petrol
105.0,232.0,348,2243.0,42,18.0,6,6,1,Mini Truck,Ashok Leyland,CNG
278.0,255.0,382,2035.0,41,4.0,12,6,1,Tanker,Tata,Diesel
73.0,34.0,51,3757.0,26,9.0,7,0,0,Van,Tata,CNG
30.0,245.0,367,7412.0,31,3.0,11,0,0,Van,Eicher,Diesel
480.0,61.0,91,7933.0,26,9.0,12,4,0,Mini Truck,Eicher,Diesel
151.0,232.0,348,2112.0,49,22.0,11,1,0,Tanker,Tata,CNG
262.0,518.0,777,4845.0,35,23.0,4,4,0,Tanker,Tata,Petrol
113.0,149.0,223,4582.0,58,12.0,2,1,0,Tanker,Tata,CNG
416.0,392.0,588,9227.0,58,15.0,1,3,0,Truck,Eicher,Diesel
253.0,373.0,559,1639.0,22,15.0,12,2,0,Mini Truck,Ashok Leyland,CNG
110.0,218.0,327,4314.0,23,11.0,9,4,0,Van,Mahindra,Diesel
340.0,322.0,483,4845.0,54,4.0,4,6,1,Tanker,Tata,Petrol
439.0,531.0,796,4152.0,27,4.0,7,6,1,Mini Truck,Mahindra,Diesel
529.0,195.0,292,4093.0,31,23.0,4,6,1,Tanker,Eicher,Petrol
531.0,61.0,91,1604.0,55,9.0,2,2,0,Truck,Tata,Diesel
88.0,156.0,234,3950.0,37,16.0,3,2,0,Mini Truck,Mahindra,CNG
526.0,112.0,168,2667.0,55,4.0,11,2,0,Tanker,Ashok Leyland,CNG
459.0,555.0,832,7439.0,52,11.0,8,4,0,Truck,Eicher,Petrol
151.0,143.0,214,2942.0,26,25.0,9,3,0,Truck,Tata,CNG
359.0,531.0,796,2112.0,45,15.0,8,4,0,Tanker,Tata,CNG
262.0,143.0,214,4573.0,50,9.0,12,1,0,Tanker,Mahindra,Diesel
514.0,495.0,742,5006.0,37,8.0,4,2,0,Truck,Tata,CNG
569.0,572.0,858,2112.0,50,3.0,7,1,0,Tanker,Tata,CNG
219.0,414.0,621,7933.0,50,3.0,7,1,0,Mini Truck,Eicher,Diesel
451.0,586.0,879,2667.0,36,8.0,11,4,0,Tanker,Ashok Leyland,CNG
354.0,143.0,214,4573.0,23,16.0,10,4,0,Tanker,Mahindra,Diesel
385.0,34.0,51,2296.0,42,6.0,5,3,0,Tanker,Tata,Diesel
591.0,373.0,559,1549.0,55,9.0,4,4,0,Truck,Ashok Leyland,Diesel
258.0,61.0,91,4446.0,24,15.0,1,3,0,Mini Truck,Ashok Leyland,Diesel
523.0,149.0,223,4152.0,58,3.0,7,3,0,Mini Truck,Mahindra,Diesel
543.0,247.0,370,5006.0,26,25.0,2,0,0,Truck,Tata,CNG
286.0,149.0,223,9202.0,50,7.0,2,5,1,Tanker,Ashok Leyland,Petrol
230.0,238.0,357,5052.0,34,18.0,2,2,0,Van,Eicher,Petrol
231.0,311.0,466,2179.0,27,14.0,8,5,1,Van,Ashok Leyland,CNG
20.0,387.0,580,4399.0,54,22.0,5,6,1,Mini Truck,Tata,CNG
183.0,555.0,832,1604.0,39,11.0,2,3,0,Truck,Tata,Diesel
329.0,53.0,79,2035.0,58,8.0,3,0,0,Tanker,Tata,Diesel
596.0,307.0,460,3769.0,46,15.0,3,4,0,Truck,Eicher,Diesel
406.0,412.0,618,4093.0,27,14.0,5,1,0,Tanker,Eicher,Petrol
65.0,218.0,327,9400.0,23,20.0,1,2,0,Mini Truck,Ashok Leyland,Petrol
65.0,310.0,465,3205.0,23,11.0,1,3,0,Van,Eicher,CNG
68.0,218.0,327,3400.0,26,9.0,7,2,0,Van,Ashok Leyland,Diesel
375.0,61.0,91,6362.0,45,10.0,11,2,0,Mini Truck,Mahindra,Diesel
171.0,516.0,774,4845.0,42,6.0,2,3,0,Tanker,Tata,Petrol
230.0,535.0,802,2296.0,50,9.0,7,0,0,Tanker,Tata,Diesel
484.0,535.0,802,4353.0,53,12.0,8,0,0,Truck,Tata,CNG
574.0,311.0,466,3205.0,56,15.0,5,0,0,Van,Eicher,CNG
232.0,310.0,465,3757.0,23,16.0,10,2,0,Van,Tata,CNG
141.0,392.0,588,1639.0,29,10.0,7,1,0,Mini Truck,Ashok Leyland,CNG
233.0,516.0,774,2179.0,58,8.0,3,5,1,Van,Ashok Leyland,CNG
519.0,44.0,66,9356.0,26,9.0,3,5,1,Truck,Tata,CNG
116.0,25.0,37,6477.0,26,1.0,3,4,0,Tanker,Mahindra,Petrol
585.0,181.0,271,3205.0,48,24.0,4,3,0,Van,Eicher,CNG
151.0,441.0,661,4779.0,23,20.0,12,6,1,Mini Truck,Tata,Diesel
596.0,61.0,91,5813.0,50,25.0,8,3,0,Mini Truck,Ashok Leyland,CNG
397.0,449.0,673,8945.0,48,2.0,1,3,0,Van,Tata,Petrol
452.0,485.0,727,2197.0,51,20.0,10,6,1,Truck,Mahindra,CNG
476.0,156.0,234,6477.0,50,9.0,5,0,0,Tanker,Mahindra,Petrol
209.0,54.0,81,1549.0,24,15.0,11,3,0,Truck,Ashok Leyland,Diesel
156.0,54.0,81,5052.0,53,16.0,8,1,0,Van,Eicher,Petrol
292.0,255.0,382,4833.0,49,22.0,12,4,0,Truck,Mahindra,Petrol
238.0,183.0,274,8017.0,47,11.0,8,4,0,Tanker,Eicher,CNG
586.0,322.0,483,9564.0,47,17.0,7,4,0,Mini Truck,Tata,Diesel
424.0,168.0,252,4833.0,48,2.0,8,6,1,Truck,Mahindra,Petrol
314.0,504.0,756,4353.0,52,11.0,5,4,0,Truck,Tata,CNG
307.0,559.0,838,7566.0,51,2.0,12,0,0,Truck,Ashok Leyland,Petrol
351.0,572.0,858,4399.0,52,3.0,9,5,1,Mini Truck,Tata,CNG
441.0,547.0,820,7439.0,40,8.0,9,0,0,Truck,Eicher,Petrol
318.0,105.0,157,7507.0,36,15.0,7,6,1,Van,Eicher,CNG
528.0,387.0,580,1227.0,49,8.0,10,2,0,Tanker,Ashok Leyland,Petrol
145.0,218.0,327,4066.0,48,3.0,9,0,0,Van,Ashok Leyland,Petrol
568.0,34.0,51,5052.0,29,10.0,1,6,1,Van,Eicher,Petrol
600.0,352.0,528,4582.0,30,15.0,10,1,0,Tanker,Tata,CNG
256.0,181.0,271,7619.0,48,16.0,3,5,1,Mini Truck,Tata,Diesel
412.0,105.0,157,2112.0,38,3.0,6,1,0,Tanker,Tata,CNG
189.0,24.0,36,4353.0,38,3.0,5,0,0,Truck,Tata,CNG
417.0,273.0,409,1735.0,42,18.0,11,3,0,Mini Truck,Eicher,Diesel
274.0,297.0,445,2332.0,48,3.0,6,4,0,Mini Truck,Eicher,Diesel
549.0,449.0,673,1549.0,24,15.0,12,6,1,Truck,Ashok Leyland,Diesel
254.0,149.0,223,5057.0,24,15.0,9,4,0,Van,Eicher,CNG
557.0,156.0,234,6477.0,31,3.0,4,1,0,Tanker,Mahindra,Petrol
210.0,172.0,258,9697.0,50,8.0,9,2,0,Mini Truck,Ashok Leyland,Diesel
73.0,405.0,607,7507.0,29,10.0,8,3,0,Van,Eicher,CNG
295.0,149.0,223,8846.0,37,23.0,6,3,0,Mini Truck,Mahindra,CNG
176.0,564.0,846,9400.0,31,3.0,7,1,0,Mini Truck,Ashok Leyland,Petrol
41.0,555.0,832,4573.0,27,4.0,6,0,0,Tanker,Mahindra,Diesel
179.0,334.0,501,1321.0,29,11.0,5,1,0,Truck,Mahindra,Diesel
485.0,112.0,168,4845.0,50,9.0,5,2,0,Tanker,Tata,Petrol
396.0,143.0,214,5057.0,31,2.0,5,4,0,Van,Eicher,CNG
342.0,168.0,252,9605.0,36,20.0,11,4,0,Mini Truck,Eicher,CNG
383.0,496.0,744,4066.0,48,2.0,1,5,1,Van,Ashok Leyland,Petrol
337.0,66.0,99,9564.0,29,10.0,6,6,1,Mini Truck,Tata,Diesel
541.0,352.0,528,9697.0,41,25.0,6,0,0,Mini Truck,Ashok Leyland,Diesel
62.0,149.0,223,6477.0,30,10.0,5,0,0,Tanker,Mahindra,Petrol
58.0,216.0,324,3146.0,39,11.0,3,3,0,Van,Ashok Leyland,Petrol
525.0,194.0,291,4446.0,42,6.0,9,5,1,Mini Truck,Ashok Leyland,Diesel
464.0,387.0,580,7706.0,27,9.0,11,5,1,Tanker,Ashok Leyland,Petrol
87.0,183.0,274,4314.0,27,9.0,3,2,0,Van,Mahindra,Diesel
188.0,218.0,327,3205.0,39,10.0,8,0,0,Van,Eicher,CNG
104.0,484.0,726,4152.0,36,20.0,12,1,0,Mini Truck,Mahindra,Diesel
385.0,520.0,780,8017.0,53,15.0,1,2,0,Tanker,Eicher,CNG
104.0,66.0,99,1540.0,50,17.0,11,3,0,Van,Eicher,CNG
286.0,128.0,192,4779.0,26,25.0,9,0,0,Mini Truck,Tata,Diesel
57.0,297.0,445,3205.0,29,5.0,11,1,0,Van,Eicher,CNG
465.0,412.0,618,2112.0,55,2.0,10,2,0,Tanker,Tata,CNG
70.0,449.0,673,2296.0,39,9.0,4,1,0,Tanker,Tata,Diesel
188.0,75.0,112,5942.0,32,6.0,11,2,0,Truck,Ashok Leyland,CNG
265.0,194.0,291,7412.0,45,10.0,9,4,0,Van,Eicher,Diesel
514.0,181.0,271,4779.0,53,25.0,10,2,0,Mini Truck,Tata,Diesel
561.0,586.0,879,7412.0,51,14.0,5,2,0,Van,Eicher,Diesel
38.0,247.0,370,9202.0,35,11.0,8,3,0,Tanker,Ashok Leyland,Petrol
59.0,58.0,87,3992.0,37,10.0,11,0,0,Truck,Tata,CNG
254.0,105.0,157,8979.0,29,3.0,8,3,0,Tanker,Mahindra,Petrol
97.0,52.0,78,3205.0,29,3.0,2,6,1,Van,Eicher,CNG
225.0,442.0,663,3400.0,28,15.0,4,6,1,Van,Ashok Leyland,Diesel
581.0,449.0,673,4874.0,39,10.0,7,5,1,Mini Truck,Mahindra,Diesel
296.0,269.0,403,7072.0,39,11.0,10,3,0,Van,Tata,Petrol
114.0,322.0,483,6711.0,31,7.0,4,0,0,Van,Ashok Leyland,Petrol
432.0,181.0,271,4066.0,48,2.0,10,2,0,Van,Ashok Leyland,Petrol
455.0,520.0,780,1227.0,47,11.0,12,5,1,Tanker,Ashok Leyland,Petrol
96.0,253.0,379,4093.0,31,7.0,12,5,1,Tanker,Eicher,Petrol
207.0,117.0,175,4550.0,24,2.0,1,0,0,Tanker,Eicher,Petrol
583.0,245.0,367,9227.0,48,3.0,8,2,0,Truck,Eicher,Diesel
450.0,516.0,774,9202.0,51,2.0,11,1,0,Tanker,Ashok Leyland,Petrol
24.0,572.0,858,4085.0,25,8.0,4,4,0,Truck,Tata,Petrol
126.0,24.0,36,4314.0,24,2.0,8,3,0,Van,Mahindra,Diesel
541.0,195.0,292,2332.0,57,14.0,10,1,0,Mini Truck,Eicher,Diesel
529.0,197.0,295,5585.0,41,4.0,9,1,0,Truck,Ashok Leyland,CNG
135.0,392.0,588,1321.0,29,11.0,2,5,1,Truck,Mahindra,Diesel
440.0,586.0,879,9697.0,37,22.0,12,6,1,Mini Truck,Ashok Leyland,Diesel
81.0,435.0,652,2644.0,29,5.0,3,6,1,Van,Mahindra,Petrol
306.0,297.0,445,4353.0,39,17.0,4,0,0,Truck,Tata,CNG
376.0,555.0,832,2197.0,28,5.0,6,6,1,Truck,Mahindra,CNG
413.0,227.0,340,8017.0,23,16.0,6,3,0,Tanker,Eicher,CNG
554.0,414.0,621,9697.0,39,17.0,8,0,0,Mini Truck,Ashok Leyland,Diesel
40.0,572.0,858,7092.0,28,5.0,9,1,0,Mini Truck,Eicher,Petrol
589.0,578.0,867,3205.0,26,25.0,3,1,0,Van,Eicher,CNG
298.0,509.0,763,7439.0,30,15.0,7,2,0,Truck,Eicher,Petrol
266.0,24.0,36,4573.0,35,11.0,4,0,0,Tanker,Mahindra,Diesel
125.0,531.0,796,2644.0,41,25.0,6,6,1,Van,Mahindra,Petrol
243.0,61.0,91,652.0,29,11.0,4,0,0,Tanker,Mahindra,Diesel
480.0,216.0,324,2179.0,46,4.0,1,1,0,Van,Ashok Leyland,CNG
569.0,328.0,492,4779.0,50,3.0,8,4,0,Mini Truck,Tata,Diesel
254.0,168.0,252,7412.0,50,25.0,5,4,0,Van,Eicher,Diesel
589.0,402.0,603,8945.0,38,9.0,8,1,0,Van,Tata,Petrol
217.0,250.0,375,4874.0,50,9.0,12,5,1,Mini Truck,Mahindra,Diesel
52.0,307.0,460,4833.0,35,25.0,7,6,1,Truck,Mahindra,Petrol
181.0,518.0,777,5779.0,41,4.0,1,5,1,Mini Truck,Ashok Leyland,Petrol
190.0,485.0,727,8073.0,50,8.0,8,6,1,Van,Ashok Leyland,Diesel
455.0,387.0,580,2588.0,39,22.0,4,1,0,Mini Truck,Ashok Leyland,Petrol
40.0,227.0,340,1604.0,48,3.0,6,1,0,Truck,Tata,Diesel
424.0,34.0,51,9227.0,28,18.0,12,4,0,Truck,Eicher,Diesel
585.0,34.0,51,2643.0,33,23.0,5,3,0,Truck,Tata,Petrol
159.0,247.0,370,6477.0,40,23.0,3,1,0,Tanker,Mahindra,Petrol
111.0,194.0,291,3146.0,34,24.0,7,0,0,Van,Ashok Leyland,Petrol
31.0,392.0,588,1604.0,49,8.0,11,0,0,Truck,Tata,Diesel
103.0,412.0,618,3757.0,23,11.0,1,6,1,Van,Tata,CNG
137.0,112.0,168,3757.0,39,2.0,10,1,0,Van,Tata,CNG
171.0,75.0,112,2667.0,40,23.0,5,5,1,Tanker,Ashok Leyland,CNG
70.0,554.0,831,2644.0,42,6.0,1,3,0,Van,Mahindra,Petrol
394.0,504.0,756,9227.0,42,18.0,6,5,1,Truck,Eicher,Diesel
68.0,273.0,409,6073.0,57,14.0,10,2,0,Truck,Mahindra,CNG
61.0,311.0,466,7706.0,25,17.0,3,0,0,Tanker,Ashok Leyland,Petrol
402.0,435.0,652,4066.0,52,11.0,2,0,0,Van,Ashok Leyland,Petrol
397.0,66.0,99,6073.0,56,15.0,10,3,0,Truck,Mahindra,CNG
532.0,58.0,87,4497.0,53,12.0,6,6,1,Tanker,Eicher,Petrol
241.0,520.0,780,2667.0,23,7.0,11,3,0,Tanker,Ashok Leyland,CNG
145.0,475.0,712,7933.0,49,10.0,8,3,0,Mini Truck,Eicher,Diesel
485.0,586.0,879,8073.0,33,20.0,2,5,1,Van,Ashok Leyland,Diesel
350.0,363.0,544,2243.0,42,20.0,8,5,1,Mini Truck,Ashok Leyland,CNG
537.0,168.0,252,5057.0,37,23.0,8,0,0,Van,Eicher,CNG
47.0,273.0,409,2179.0,26,14.0,7,5,1,Van,Ashok Leyland,CNG
556.0,73.0,109,7706.0,41,4.0,1,2,0,Tanker,Ashok Leyland,Petrol
238.0,197.0,295,7290.0,41,4.0,10,3,0,Tanker,Tata,Petrol
92.0,547.0,820,8017.0,23,7.0,2,2,0,Tanker,Eicher,CNG
319.0,495.0,742,4550.0,44,4.0,5,0,0,Tanker,Eicher,Petrol
437.0,273.0,409,9564.0,33,6.0,8,0,0,Mini Truck,Tata,Diesel
456.0,66.0,99,7507.0,49,11.0,3,4,0,Van,Eicher,CNG
427.0,310.0,465,4833.0,57,22.0,1,4,0,Truck,Mahindra,Petrol
94.0,373.0,559,3757.0,30,10.0,9,6,1,Van,Tata,CNG
384.0,352.0,528,4619.0,27,14.0,11,6,1,Tanker,Eicher,CNG
587.0,172.0,258,4582.0,51,2.0,6,5,1,Tanker,Tata,CNG
508.0,52.0,78,7706.0,40,8.0,1,5,1,Tanker,Ashok Leyland,Petrol
403.0,273.0,409,8017.0,46,4.0,11,4,0,Tanker,Eicher,CNG
189.0,172.0,258,1257.0,35,25.0,10,5,1,Van,Ashok Leyland,Diesel
322.0,61.0,91,7566.0,35,11.0,11,0,0,Truck,Ashok Leyland,Petrol
460.0,27.0,40,7706.0,23,19.0,6,4,0,Tanker,Ashok Leyland,Petrol
311.0,34.0,51,8017.0,41,25.0,10,0,0,Tanker,Eicher,CNG
599.0,168.0,252,7092.0,50,3.0,1,3,0,Mini Truck,Eicher,Petrol
411.0,218.0,327,7092.0,48,8.0,7,4,0,Mini Truck,Eicher,Petrol
513.0,168.0,252,8879.0,41,13.0,8,5,1,Mini Truck,Eicher,CNG
416.0,442.0,663,1791.0,23,7.0,9,5,1,Tanker,Tata,Petrol
94.0,273.0,409,4833.0,31,7.0,2,0,0,Truck,Mahindra,Petrol
296.0,586.0,879,2019.0,47,1.0,10,6,1,Van,Mahindra,Diesel
556.0,112.0,168,1791.0,37,10.0,8,4,0,Tanker,Tata,Petrol
111.0,194.0,291,7933.0,26,9.0,11,4,0,Mini Truck,Eicher,Diesel
430.0,229.0,343,1540.0,49,18.0,5,2,0,Van,Eicher,CNG
188.0,245.0,367,9400.0,26,14.0,4,6,1,Mini Truck,Ashok Leyland,Petrol
425.0,264.0,396,1540.0,55,2.0,9,4,0,Van,Eicher,CNG
262.0,352.0,528,2644.0,48,16.0,10,0,0,Van,Mahindra,Petrol
96.0,255.0,382,6711.0,52,3.0,4,5,1,Van,Ashok Leyland,Petrol
368.0,117.0,175,7507.0,41,4.0,4,6,1,Van,Eicher,CNG
257.0,392.0,588,8846.0,56,2.0,5,6,1,Mini Truck,Mahindra,CNG
22.0,516.0,774,7507.0,45,10.0,5,4,0,Van,Eicher,CNG
377.0,245.0,367,7092.0,27,4.0,1,0,0,Mini Truck,Eicher,Petrol
572.0,456.0,684,1321.0,58,19.0,12,6,1,Truck,Mahindra,Diesel
555.0,117.0,175,1812.0,39,22.0,4,3,0,Van,Tata,CNG
427.0,518.0,777,1639.0,50,9.0,10,1,0,Mini Truck,Ashok Leyland,CNG
58.0,74.0,111,6362.0,23,16.0,9,1,0,Mini Truck,Mahindra,Diesel
578.0,435.0,652,1791.0,26,1.0,9,1,0,Tanker,Tata,Petrol
203.0,75.0,112,5057.0,56,2.0,6,1,0,Van,Eicher,CNG
211.0,52.0,78,4066.0,24,15.0,8,2,0,Van,Ashok Leyland,Petrol
466.0,255.0,382,4066.0,57,20.0,5,2,0,Van,Ashok Leyland,Petrol
210.0,247.0,370,2112.0,49,10.0,2,4,0,Tanker,Tata,CNG
200.0,363.0,544,7072.0,58,5.0,8,1,0,Van,Tata,Petrol
219.0,483.0,724,4108.0,39,9.0,11,6,1,Truck,Ashok Leyland,CNG
355.0,578.0,867,1735.0,56,15.0,7,6,1,Mini Truck,Eicher,Diesel
371.0,181.0,271,7290.0,52,14.0,7,2,0,Tanker,Tata,Petrol
536.0,392.0,588,4845.0,46,1.0,12,1,0,Tanker,Tata,Petrol
521.0,245.0,367,4845.0,58,19.0,4,3,0,Tanker,Tata,Petrol
519.0,442.0,663,3400.0,37,8.0,6,6,1,Van,Ashok Leyland,Diesel
142.0,117.0,175,4446.0,31,13.0,11,3,0,Mini Truck,Ashok Leyland,Diesel
58.0,592.0,888,7412.0,55,2.0,2,6,1,Van,Eicher,Diesel
484.0,297.0,445,1321.0,24,17.0,3,4,0,Truck,Mahindra,Diesel
394.0,484.0,726,2243.0,53,12.0,4,5,1,Mini Truck,Ashok Leyland,CNG
456.0,485.0,727,2197.0,49,10.0,9,4,0,Truck,Mahindra,CNG
131.0,66.0,99,2035.0,48,8.0,4,3,0,Tanker,Tata,Diesel
561.0,456.0,684,5057.0,40,3.0,10,3,0,Van,Eicher,CNG
154.0,273.0,409,2197.0,41,25.0,5,5,1,Truck,Mahindra,CNG
344.0,509.0,763,4152.0,30,15.0,7,1,0,Mini Truck,Mahindra,Diesel
141.0,74.0,111,4619.0,35,15.0,12,1,0,Tanker,Eicher,CNG
26.0,402.0,603,7412.0,36,8.0,3,0,0,Van,Eicher,Diesel
25.0,414.0,621,5813.0,37,8.0,3,4,0,Mini Truck,Ashok Leyland,CNG
91.0,504.0,756,4085.0,58,5.0,5,6,1,Truck,Tata,Petrol
214.0,518.0,777,5585.0,33,23.0,6,6,1,Truck,Ashok Leyland,CNG
521.0,555.0,832,6477.0,57,22.0,3,4,0,Tanker,Mahindra,Petrol
502.0,61.0,91,9400.0,37,19.0,6,2,0,Mini Truck,Ashok Leyland,Petrol
378.0,456.0,684,6711.0,35,11.0,2,0,0,Van,Ashok Leyland,Petrol
543.0,483.0,724,5057.0,37,8.0,5,5,1,Van,Eicher,CNG
421.0,253.0,379,7092.0,31,3.0,11,6,1,Mini Truck,Eicher,Petrol
199.0,27.0,40,1257.0,56,2.0,2,5,1,Van,Ashok Leyland,Diesel
600.0,27.0,40,3757.0,37,8.0,11,6,1,Van,Tata,CNG
167.0,128.0,192,1227.0,52,13.0,11,1,0,Tanker,Ashok Leyland,Petrol
494.0,311.0,466,4108.0,41,4.0,7,5,1,Truck,Ashok Leyland,CNG
287.0,245.0,367,2667.0,54,22.0,5,0,0,Tanker,Ashok Leyland,CNG
469.0,564.0,846,8504.0,48,18.0,9,0,0,Van,Mahindra,CNG
272.0,518.0,777,652.0,29,10.0,1,2,0,Tanker,Mahindra,Diesel
75.0,75.0,112,4874.0,29,11.0,1,0,0,Mini Truck,Mahindra,Diesel
543.0,183.0,274,2243.0,24,15.0,11,0,0,Mini Truck,Ashok Leyland,CNG
174.0,255.0,382,6477.0,48,18.0,8,5,1,Tanker,Mahindra,Petrol
432.0,559.0,838,4582.0,49,21.0,2,5,1,Tanker,Tata,CNG
43.0,373.0,559,4399.0,49,19.0,6,1,0,Mini Truck,Tata,CNG
354.0,435.0,652,2942.0,34,24.0,7,4,0,Truck,Tata,CNG
218.0,74.0,111,9605.0,57,14.0,5,4,0,Mini Truck,Eicher,CNG
21.0,547.0,820,7290.0,24,15.0,12,3,0,Tanker,Tata,Petrol
528.0,423.0,634,5064.0,37,19.0,8,2,0,Van,Eicher,Petrol
454.0,531.0,796,4502.0,50,3.0,1,3,0,Van,Mahindra,Diesel
153.0,25.0,37,1460.0,34,18.0,1,3,0,Tanker,Ashok Leyland,Petrol
513.0,117.0,175,1639.0,53,1.0,8,0,0,Mini Truck,Ashok Leyland,CNG
308.0,436.0,654,2035.0,23,20.0,3,0,0,Tanker,Tata,Diesel
182.0,578.0,867,1735.0,47,11.0,6,4,0,Mini Truck,Eicher,Diesel
147.0,435.0,652,4446.0,39,10.0,12,0,0,Mini Truck,Ashok Leyland,Diesel
196.0,255.0,382,652.0,38,9.0,11,0,0,Tanker,Mahindra,Diesel
47.0,559.0,838,7072.0,52,3.0,2,3,0,Van,Tata,Petrol
112.0,352.0,528,3992.0,57,3.0,2,2,0,Truck,Tata,CNG
395.0,34.0,51,5052.0,33,23.0,5,3,0,Van,Eicher,Petrol
494.0,436.0,654,3757.0,53,12.0,4,3,0,Van,Tata,CNG
493.0,66.0,99,4353.0,35,25.0,3,2,0,Truck,Tata,CNG
302.0,245.0,367,2019.0,39,10.0,12,1,0,Van,Mahindra,Diesel
25.0,216.0,324,8504.0,23,11.0,12,6,1,Van,Mahindra,CNG
470.0,564.0,846,2243.0,56,15.0,12,5,1,Mini Truck,Ashok Leyland,CNG
85.0,245.0,367,2644.0,39,2.0,9,1,0,Van,Mahindra,Petrol
292.0,445.0,667,8945.0,45,15.0,6,5,1,Van,Tata,Petrol
58.0,436.0,654,3950.0,42,6.0,4,0,0,Mini Truck,Mahindra,CNG
533.0,277.0,415,4619.0,51,2.0,11,4,0,Tanker,Eicher,CNG
411.0,54.0,81,4582.0,53,15.0,2,4,0,Tanker,Tata,CNG
476.0,172.0,258,3769.0,39,22.0,11,6,1,Truck,Eicher,Diesel
76.0,307.0,460,6362.0,27,4.0,4,2,0,Mini Truck,Mahindra,Diesel
578.0,296.0,444,3757.0,40,23.0,6,1,0,Van,Tata,CNG
161.0,128.0,192,6362.0,57,3.0,11,5,1,Mini Truck,Mahindra,Diesel
83.0,554.0,831,4845.0,56,2.0,8,3,0,Tanker,Tata,Petrol
115.0,66.0,99,1151.0,45,15.0,1,5,1,Truck,Ashok Leyland,CNG
113.0,253.0,379,5942.0,26,1.0,7,2,0,Truck,Ashok Leyland,CNG
421.0,402.0,603,3400.0,51,14.0,6,1,0,Van,Ashok Leyland,Diesel
383.0,322.0,483,6711.0,48,3.0,8,4,0,Van,Ashok Leyland,Petrol
586.0,61.0,91,7566.0,54,22.0,2,3,0,Truck,Ashok Leyland,Petrol
491.0,264.0,396,9605.0,40,3.0,7,4,0,Mini Truck,Eicher,CNG
66.0,296.0,444,6711.0,29,3.0,8,6,1,Van,Ashok Leyland,Petrol
474.0,572.0,858,3992.0,49,22.0,9,3,0,Truck,Tata,CNG
384.0,181.0,271,8073.0,30,10.0,1,4,0,Van,Ashok Leyland,Diesel
187.0,238.0,357,4152.0,54,22.0,11,6,1,Mini Truck,Mahindra,Diesel
305.0,61.0,91,2035.0,58,5.0,12,4,0,Tanker,Tata,Diesel
297.0,61.0,91,9697.0,49,11.0,2,4,0,Mini Truck,Ashok Leyland,Diesel
341.0,412.0,618,6477.0,37,8.0,1,5,1,Tanker,Mahindra,Petrol
410.0,564.0,846,9564.0,34,16.0,2,3,0,Mini Truck,Tata,Diesel
83.0,238.0,357,1639.0,45,15.0,12,4,0,Mini Truck,Ashok Leyland,CNG
286.0,592.0,888,7566.0,57,14.0,9,2,0,Truck,Ashok Leyland,Petrol
328.0,334.0,501,9605.0,50,3.0,12,6,1,Mini Truck,Eicher,CNG
405.0,105.0,157,8979.0,49,19.0,5,6,1,Tanker,Mahindra,Petrol
338.0,218.0,327,1549.0,52,3.0,2,0,0,Truck,Ashok Leyland,Diesel
49.0,449.0,673,3950.0,29,3.0,11,0,0,Mini Truck,Mahindra,CNG
538.0,311.0,466,4550.0,47,11.0,8,3,0,Tanker,Eicher,Petrol
410.0,143.0,214,3795.0,47,1.0,9,0,0,Tanker,Ashok Leyland,CNG
75.0,27.0,40,4550.0,41,4.0,5,0,0,Tanker,Eicher,Petrol
29.0,73.0,109,8846.0,37,19.0,4,6,1,Mini Truck,Mahindra,CNG
205.0,156.0,234,6073.0,50,3.0,12,4,0,Truck,Mahindra,CNG
343.0,322.0,483,4001.0,45,15.0,4,0,0,Tanker,Eicher,CNG
122.0,93.0,139,8073.0,58,12.0,9,4,0,Van,Ashok Leyland,Diesel
386.0,54.0,81,5655.0,26,9.0,5,2,0,Truck,Ashok Leyland,CNG
438.0,555.0,832,4108.0,23,11.0,3,6,1,Truck,Ashok Leyland,CNG
188.0,495.0,742,3846.0,37,23.0,9,3,0,Tanker,Mahindra,Petrol
374.0,216.0,324,9227.0,24,15.0,2,5,1,Truck,Eicher,Diesel
378.0,442.0,663,9202.0,28,18.0,12,6,1,Tanker,Ashok Leyland,Petrol
590.0,117.0,175,2643.0,36,15.0,10,6,1,Truck,Tata,Petrol
294.0,554.0,831,4573.0,25,17.0,12,4,0,Tanker,Mahindra,Diesel
177.0,149.0,223,1639.0,39,17.0,12,3,0,Mini Truck,Ashok Leyland,CNG
190.0,564.0,846,1321.0,31,2.0,4,6,1,Truck,Mahindra,Diesel
88.0,555.0,832,2541.0,57,20.0,5,3,0,Mini Truck,Mahindra,CNG
219.0,24.0,36,5052.0,50,7.0,9,5,1,Van,Eicher,Petrol
126.0,531.0,796,7439.0,48,7.0,10,2,0,Truck,Eicher,Petrol
506.0,247.0,370,3146.0,28,18.0,9,2,0,Van,Ashok Leyland,Petrol
348.0,52.0,78,5585.0,31,3.0,9,1,0,Truck,Ashok Leyland,CNG
342.0,564.0,846,4093.0,37,16.0,8,5,1,Tanker,Eicher,Petrol
160.0,445.0,667,9564.0,46,1.0,5,2,0,Mini Truck,Tata,Diesel
547.0,156.0,234,5942.0,58,15.0,1,2,0,Truck,Ashok Leyland,CNG
139.0,54.0,81,2332.0,58,5.0,2,1,0,Mini Truck,Eicher,Diesel
415.0,518.0,777,5006.0,23,16.0,1,1,0,Truck,Tata,CNG
37.0,436.0,654,2112.0,50,25.0,11,1,0,Tanker,Tata,CNG
305.0,516.0,774,6073.0,39,11.0,4,6,1,Truck,Mahindra,CNG
67.0,253.0,379,652.0,37,23.0,12,1,0,Tanker,Mahindra,Diesel
33.0,232.0,348,4066.0,30,15.0,3,5,1,Van,Ashok Leyland,Petrol
295.0,52.0,78,6362.0,42,18.0,10,1,0,Mini Truck,Mahindra,Diesel
219.0,34.0,51,4779.0,48,7.0,9,3,0,Mini Truck,Tata,Diesel
598.0,149.0,223,2667.0,31,3.0,3,6,1,Tanker,Ashok Leyland,CNG
572.0,442.0,663,8846.0,39,5.0,9,6,1,Mini Truck,Mahindra,CNG
516.0,34.0,51,1227.0,25,6.0,3,2,0,Tanker,Ashok Leyland,Petrol
99.0,93.0,139,4845.0,31,21.0,9,6,1,Tanker,Tata,Petrol
109.0,253.0,379,2035.0,42,6.0,8,2,0,Tanker,Tata,Diesel
586.0,27.0,40,9605.0,48,7.0,8,3,0,Mini Truck,Eicher,CNG
389.0,483.0,724,4845.0,34,24.0,1,5,1,Tanker,Tata,Petrol
432.0,414.0,621,9673.0,45,10.0,4,0,0,Van,Tata,Petrol
66.0,61.0,91,9356.0,43,15.0,5,2,0,Truck,Tata,CNG
236.0,181.0,271,4353.0,48,16.0,8,0,0,Truck,Tata,CNG
355.0,195.0,292,4619.0,35,15.0,5,6,1,Tanker,Eicher,CNG
449.0,117.0,175,1257.0,35,25.0,7,5,1,Van,Ashok Leyland,Diesel
80.0,25.0,37,4550.0,53,25.0,3,4,0,Tanker,Eicher,Petrol
400.0,61.0,91,9202.0,37,16.0,12,2,0,Tanker,Ashok Leyland,Petrol
102.0,496.0,744,8073.0,49,21.0,1,1,0,Van,Ashok Leyland,Diesel
305.0,441.0,661,4353.0,37,19.0,8,5,1,Truck,Tata,CNG
92.0,311.0,466,2588.0,26,1.0,5,4,0,Mini Truck,Ashok Leyland,Petrol
388.0,194.0,291,9400.0,43,15.0,8,3,0,Mini Truck,Ashok Leyland,Petrol
81.0,373.0,559,3205.0,49,8.0,3,0,0,Van,Eicher,CNG
422.0,34.0,51,3992.0,29,3.0,2,6,1,Truck,Tata,CNG
183.0,73.0,109,7158.0,58,12.0,1,4,0,Truck,Ashok Leyland,Diesel
365.0,485.0,727,7805.0,48,3.0,1,3,0,Tanker,Eicher,CNG
376.0,555.0,832,3146.0,55,2.0,11,3,0,Van,Ashok Leyland,Petrol
364.0,183.0,274,8879.0,49,11.0,3,2,0,Mini Truck,Eicher,CNG
269.0,518.0,777,6362.0,41,23.0,9,0,0,Mini Truck,Mahindra,Diesel
54.0,181.0,271,9697.0,35,11.0,1,4,0,Mini Truck,Ashok Leyland,Diesel
427.0,194.0,291,5942.0,44,4.0,3,4,0,Truck,Ashok Leyland,CNG
237.0,441.0,661,2296.0,38,9.0,12,6,1,Tanker,Tata,Diesel
570.0,143.0,214,1321.0,32,6.0,1,3,0,Truck,Mahindra,Diesel
52.0,311.0,466,7412.0,49,11.0,8,0,0,Van,Eicher,Diesel
573.0,485.0,727,506.0,35,11.0,8,4,0,Mini Truck,Eicher,CNG
139.0,216.0,324,3795.0,48,7.0,7,2,0,Tanker,Ashok Leyland,CNG
453.0,423.0,634,6073.0,49,21.0,4,6,1,Truck,Mahindra,CNG
137.0,93.0,139,4001.0,57,14.0,4,4,0,Tanker,Eicher,CNG
461.0,156.0,234,4446.0,22,5.0,4,2,0,Mini Truck,Ashok Leyland,Diesel
557.0,414.0,621,8846.0,27,4.0,12,3,0,Mini Truck,Mahindra,CNG
360.0,238.0,357,7439.0,50,8.0,3,3,0,Truck,Tata,CNG
404.0,247.0,370,7805.0,27,14.0,12,4,0,Tanker,Eicher,CNG
518.0,269.0,403,4833.0,25,17.0,5,5,1,Truck,Mahindra,Petrol
125.0,227.0,340,8504.0,41,23.0,5,1,0,Van,Mahindra,CNG
185.0,247.0,370,4446.0,44,9.0,8,3,0,Mini Truck,Ashok Leyland,Diesel
574.0,273.0,409,2332.0,50,3.0,6,1,0,Mini Truck,Eicher,Diesel
227.0,442.0,663,1321.0,52,3.0,10,2,0,Truck,Mahindra,Diesel
397.0,555.0,832,7439.0,23,7.0,5,2,0,Truck,Tata,CNG
313.0,504.0,756,1321.0,34,16.0,6,2,0,Truck,Mahindra,Diesel
414.0,405.0,607,4502.0,22,15.0,10,4,0,Van,Mahindra,Diesel
440.0,197.0,295,6477.0,43,15.0,5,4,0,Tanker,Mahindra,Petrol
308.0,54.0,81,1735.0,40,25.0,9,3,0,Mini Truck,Eicher,Diesel
250.0,449.0,673,6711.0,23,7.0,4,2,0,Van,Ashok Leyland,Petrol
394.0,149.0,223,5057.0,40,25.0,9,6,1,Van,Eicher,CNG
431.0,363.0,544,4108.0,54,4.0,2,0,0,Truck,Ashok Leyland,CNG
265.0,264.0,396,4108.0,24,2.0,8,5,1,Truck,Ashok Leyland,CNG
371.0,218.0,327,3146.0,31,7.0,1,6,1,Van,Ashok Leyland,Petrol
265.0,183.0,274,3992.0,28,21.0,8,1,0,Truck,Tata,CNG
141.0,495.0,742,8017.0,40,25.0,1,6,1,Tanker,Eicher,CNG
336.0,156.0,234,1151.0,48,18.0,8,2,0,Truck,Ashok Leyland,CNG
582.0,475.0,712,1540.0,55,4.0,5,3,0,Van,Eicher,CNG
306.0,54.0,81,1604.0,47,11.0,4,2,0,Truck,Tata,Diesel
530.0,554.0,831,4502.0,40,23.0,6,5,1,Van,Mahindra,Diesel
493.0,181.0,271,4085.0,45,10.0,12,1,0,Truck,Tata,Petrol
374.0,520.0,780,2243.0,37,22.0,5,2,0,Mini Truck,Ashok Leyland,CNG
47.0,34.0,51,7706.0,39,9.0,12,2,0,Tanker,Ashok Leyland,Petrol
402.0,483.0,724,7290.0,50,3.0,9,6,1,Tanker,Tata,Petrol
174.0,296.0,444,5779.0,47,17.0,9,0,0,Mini Truck,Ashok Leyland,Petrol
252.0,195.0,292,4001.0,38,3.0,1,1,0,Tanker,Eicher,CNG
147.0,149.0,223,9605.0,58,3.0,6,6,1,Mini Truck,Eicher,CNG
591.0,475.0,712,7566.0,31,3.0,6,5,1,Truck,Ashok Leyland,Petrol
540.0,297.0,445,2332.0,53,1.0,9,2,0,Mini Truck,Eicher,Diesel
374.0,75.0,112,8846.0,53,15.0,1,3,0,Mini Truck,Mahindra,CNG
523.0,414.0,621,5813.0,28,18.0,9,5,1,Mini Truck,Ashok Leyland,CNG
93.0,53.0,79,3400.0,42,18.0,11,4,0,Van,Ashok Leyland,Diesel
88.0,277.0,415,8979.0,39,22.0,5,4,0,Tanker,Mahindra,Petrol
370.0,264.0,396,4108.0,41,13.0,1,6,1,Truck,Ashok Leyland,CNG
20.0,61.0,91,8504.0,41,23.0,8,3,0,Van,Mahindra,CNG
226.0,296.0,444,6477.0,39,2.0,4,0,0,Tanker,Mahindra,Petrol
522.0,34.0,51,2197.0,27,14.0,2,2,0,Truck,Mahindra,CNG
418.0,112.0,168,4550.0,32,6.0,5,5,1,Tanker,Eicher,Petrol
51.0,456.0,684,8879.0,24,15.0,7,4,0,Mini Truck,Eicher,CNG
168.0,105.0,157,1227.0,24,2.0,6,6,1,Tanker,Ashok Leyland,Petrol
517.0,436.0,654,1791.0,40,3.0,2,4,0,Tanker,Tata,Petrol
71.0,423.0,634,1227.0,35,11.0,1,2,0,Tanker,Ashok Leyland,Petrol
465.0,54.0,81,9400.0,29,3.0,1,1,0,Mini Truck,Ashok Leyland,Petrol
111.0,483.0,724,3992.0,35,25.0,5,4,0,Truck,Tata,CNG
501.0,168.0,252,3795.0,40,3.0,12,2,0,Tanker,Ashok Leyland,CNG
231.0,238.0,357,2296.0,28,5.0,7,1,0,Tanker,Tata,Diesel
465.0,332.0,498,1321.0,38,9.0,8,2,0,Truck,Mahindra,Diesel
334.0,73.0,109,9202.0,37,10.0,9,1,0,Tanker,Ashok Leyland,Petrol
551.0,373.0,559,5052.0,24,15.0,4,5,1,Van,Eicher,Petrol
155.0,435.0,652,5585.0,23,20.0,12,6,1,Truck,Ashok Leyland,CNG
331.0,555.0,832,5052.0,52,13.0,5,2,0,Van,Eicher,Petrol
492.0,475.0,712,8073.0,29,11.0,5,4,0,Van,Ashok Leyland,Diesel
365.0,475.0,712,2942.0,39,9.0,12,5,1,Truck,Tata,CNG
575.0,442.0,663,4446.0,26,1.0,12,5,1,Mini Truck,Ashok Leyland,Diesel
181.0,297.0,445,2667.0,28,21.0,7,3,0,Tanker,Ashok Leyland,CNG
207.0,520.0,780,3795.0,40,8.0,11,0,0,Tanker,Ashok Leyland,CNG
481.0,53.0,79,8073.0,23,16.0,9,5,1,Van,Ashok Leyland,Diesel
253.0,520.0,780,3619.0,58,15.0,4,0,0,Van,Eicher,Petrol
307.0,449.0,673,2019.0,52,3.0,7,3,0,Van,Mahindra,Diesel
157.0,34.0,51,4093.0,53,16.0,7,0,0,Tanker,Eicher,Petrol
244.0,578.0,867,2332.0,31,2.0,12,2,0,Mini Truck,Eicher,Diesel
375.0,555.0,832,652.0,31,21.0,4,5,1,Tanker,Mahindra,Diesel
235.0,535.0,802,4833.0,36,15.0,11,0,0,Truck,Mahindra,Petrol
323.0,441.0,661,4108.0,44,9.0,6,6,1,Truck,Ashok Leyland,CNG
186.0,105.0,157,4085.0,23,16.0,4,0,0,Truck,Tata,Petrol
443.0,143.0,214,2667.0,25,8.0,6,6,1,Tanker,Ashok Leyland,CNG
388.0,168.0,252,8073.0,28,21.0,11,6,1,Van,Ashok Leyland,Diesel
371.0,194.0,291,6073.0,53,1.0,12,4,0,Truck,Mahindra,CNG
545.0,245.0,367,6477.0,48,3.0,7,1,0,Tanker,Mahindra,Petrol
316.0,307.0,460,6073.0,52,3.0,9,3,0,Truck,Mahindra,CNG
551.0,183.0,274,652.0,23,16.0,7,4,0,Tanker,Mahindra,Diesel
190.0,105.0,157,7412.0,48,7.0,5,0,0,Van,Eicher,Diesel
183.0,52.0,78,8504.0,45,15.0,8,0,0,Van,Mahindra,CNG
323.0,269.0,403,7566.0,46,4.0,4,5,1,Truck,Ashok Leyland,Petrol
229.0,414.0,621,6711.0,31,3.0,9,1,0,Van,Ashok Leyland,Petrol
567.0,247.0,370,7805.0,51,2.0,4,4,0,Tanker,Eicher,CNG
116.0,156.0,234,1791.0,26,1.0,8,5,1,Tanker,Tata,Petrol
217.0,332.0,498,9697.0,50,8.0,11,2,0,Mini Truck,Ashok Leyland,Diesel
279.0,412.0,618,1791.0,35,11.0,7,5,1,Tanker,Tata,Petrol
354.0,310.0,465,4874.0,39,11.0,7,2,0,Mini Truck,Mahindra,Diesel
466.0,247.0,370,8945.0,48,2.0,3,5,1,Van,Tata,Petrol
214.0,61.0,91,7439.0,53,12.0,4,2,0,Truck,Eicher,Petrol
492.0,504.0,756,4497.0,23,19.0,11,3,0,Tanker,Eicher,Petrol
40.0,194.0,291,2942.0,24,15.0,9,5,1,Truck,Tata,CNG
292.0,495.0,742,2588.0,57,22.0,8,0,0,Mini Truck,Ashok Leyland,Petrol
449.0,554.0,831,4001.0,39,17.0,4,0,0,Tanker,Eicher,CNG
166.0,112.0,168,2035.0,29,3.0,11,4,0,Tanker,Tata,Diesel
529.0,435.0,652,9673.0,39,5.0,5,6,1,Van,Tata,Petrol
97.0,392.0,588,7619.0,50,9.0,9,2,0,Mini Truck,Tata,Diesel
268.0,112.0,168,7439.0,52,13.0,6,3,0,Truck,Tata,CNG
569.0,34.0,51,8879.0,33,6.0,10,1,0,Mini Truck,Eicher,CNG
60.0,520.0,780,2296.0,57,3.0,6,0,0,Tanker,Tata,Diesel
203.0,61.0,91,8846.0,37,16.0,2,0,0,Mini Truck,Mahindra,CNG
20.0,216.0,324,7158.0,57,22.0,10,4,0,Truck,Ashok Leyland,Diesel
573.0,54.0,81,7933.0,51,2.0,7,2,0,Mini Truck,Eicher,Diesel
128.0,387.0,580,4085.0,45,15.0,7,4,0,Truck,Tata,Petrol
574.0,54.0,81,1549.0,25,6.0,1,4,0,Truck,Ashok Leyland,Diesel
145.0,75.0,112,3146.0,31,21.0,2,3,0,Van,Ashok Leyland,Petrol
64.0,172.0,258,3619.0,25,17.0,2,6,1,Van,Eicher,Petrol
372.0,520.0,780,9605.0,55,4.0,1,5,1,Mini Truck,Eicher,CNG
321.0,555.0,832,7412.0,42,6.0,7,3,0,Van,Eicher,Diesel
103.0,531.0,796,2588.0,23,19.0,4,0,0,Mini Truck,Ashok Leyland,Petrol
77.0,509.0,763,9356.0,27,14.0,5,0,0,Truck,Tata,CNG
89.0,245.0,367,5655.0,32,6.0,1,3,0,Truck,Ashok Leyland,CNG
332.0,363.0,544,4573.0,31,3.0,7,2,0,Tanker,Mahindra,Diesel
534.0,547.0,820,8017.0,48,3.0,6,6,1,Tanker,Eicher,CNG
73.0,332.0,498,4314.0,23,11.0,12,6,1,Van,Mahindra,Diesel
492.0,273.0,409,4497.0,43,15.0,10,3,0,Tanker,Eicher,Petrol
265.0,441.0,661,1151.0,26,1.0,7,3,0,Truck,Ashok Leyland,CNG
538.0,387.0,580,6073.0,31,21.0,10,1,0,Truck,Mahindra,CNG
506.0,54.0,81,1791.0,40,3.0,7,1,0,Tanker,Tata,Petrol
340.0,54.0,81,2644.0,32,6.0,7,5,1,Van,Mahindra,Petrol
237.0,412.0,618,7439.0,46,4.0,7,3,0,Truck,Eicher,Petrol
129.0,322.0,483,2643.0,48,3.0,12,6,1,Truck,Tata,Petrol
528.0,322.0,483,7933.0,53,15.0,12,0,0,Mini Truck,Eicher,Diesel
427.0,227.0,340,4582.0,36,20.0,3,5,1,Tanker,Tata,CNG
283.0,58.0,87,3146.0,29,3.0,8,0,0,Van,Ashok Leyland,Petrol
49.0,218.0,327,1549.0,33,6.0,1,0,0,Truck,Ashok Leyland,Diesel
37.0,34.0,51,2588.0,31,3.0,12,6,1,Mini Truck,Ashok Leyland,Petrol
107.0,392.0,588,5585.0,33,6.0,6,5,1,Truck,Ashok Leyland,CNG
321.0,296.0,444,7507.0,53,15.0,7,0,0,Van,Eicher,CNG
488.0,504.0,756,7706.0,28,5.0,2,0,0,Tanker,Ashok Leyland,Petrol
356.0,25.0,37,7933.0,35,25.0,5,0,0,Mini Truck,Eicher,Diesel
231.0,117.0,175,7412.0,50,25.0,8,6,1,Van,Eicher,Diesel
569.0,297.0,445,2942.0,35,15.0,8,5,1,Truck,Tata,CNG
455.0,34.0,51,4845.0,48,3.0,3,0,0,Tanker,Tata,Petrol
101.0,245.0,367,2035.0,37,22.0,7,3,0,Tanker,Tata,Diesel
82.0,352.0,528,7439.0,37,22.0,12,6,1,Truck,Tata,CNG
577.0,194.0,291,6073.0,35,11.0,6,2,0,Truck,Mahindra,CNG
275.0,53.0,79,9605.0,46,4.0,8,6,1,Mini Truck,Eicher,CNG
442.0,245.0,367,9605.0,50,7.0,10,1,0,Mini Truck,Eicher,CNG
229.0,578.0,867,7619.0,29,5.0,3,1,0,Mini Truck,Tata,Diesel
402.0,495.0,742,3619.0,46,4.0,12,6,1,Van,Eicher,Petrol
239.0,232.0,348,3400.0,33,23.0,5,1,0,Van,Ashok Leyland,Diesel
455.0,197.0,295,4502.0,48,8.0,5,6,1,Van,Mahindra,Diesel
55.0,578.0,867,9202.0,30,10.0,7,6,1,Tanker,Ashok Leyland,Petrol
116.0,373.0,559,2197.0,35,25.0,8,2,0,Truck,Mahindra,CNG
449.0,112.0,168,2179.0,39,17.0,8,0,0,Van,Ashok Leyland,CNG
190.0,143.0,214,1321.0,29,11.0,1,2,0,Truck,Mahindra,Diesel
384.0,53.0,79,1540.0,53,16.0,2,5,1,Van,Eicher,CNG
526.0,435.0,652,4108.0,31,7.0,4,6,1,Truck,Ashok Leyland,CNG
336.0,61.0,91,7566.0,37,23.0,1,2,0,Truck,Ashok Leyland,Petrol
325.0,27.0,40,4619.0,53,25.0,8,0,0,Tanker,Eicher,CNG
130.0,555.0,832,1549.0,47,17.0,5,0,0,Truck,Ashok Leyland,Diesel
461.0,34.0,51,5057.0,40,8.0,6,0,0,Van,Eicher,CNG
428.0,441.0,661,2019.0,45,15.0,4,3,0,Van,Mahindra,Diesel
363.0,405.0,607,4833.0,39,2.0,4,4,0,Truck,Mahindra,Petrol
221.0,485.0,727,7290.0,29,11.0,8,4,0,Tanker,Tata,Petrol
596.0,255.0,382,3795.0,29,11.0,1,2,0,Tanker,Ashok Leyland,CNG
55.0,496.0,744,2332.0,29,5.0,1,5,1,Mini Truck,Eicher,Diesel
409.0,156.0,234,6477.0,53,12.0,11,5,1,Tanker,Mahindra,Petrol
320.0,168.0,252,2019.0,45,10.0,9,3,0,Van,Mahindra,Diesel
205.0,586.0,879,6477.0,29,3.0,5,1,0,Tanker,Mahindra,Petrol
43.0,250.0,375,3992.0,45,15.0,8,2,0,Truck,Tata,CNG
153.0,485.0,727,7566.0,40,3.0,8,3,0,Truck,Ashok Leyland,Petrol
569.0,578.0,867,2271.0,39,17.0,2,2,0,Van,Mahindra,Diesel
532.0,441.0,661,9400.0,24,15.0,11,4,0,Mini Truck,Ashok Leyland,Petrol
433.0,143.0,214,4314.0,50,8.0,9,4,0,Van,Mahindra,Diesel
296.0,531.0,796,1604.0,57,20.0,7,6,1,Truck,Tata,Diesel
190.0,27.0,40,9697.0,26,14.0,11,4,0,Mini Truck,Ashok Leyland,Diesel
356.0,194.0,291,5779.0,45,10.0,7,1,0,Mini Truck,Ashok Leyland,Petrol
551.0,441.0,661,5006.0,37,16.0,1,1,0,Truck,Tata,CNG
175.0,435.0,652,2035.0,55,2.0,9,6,1,Tanker,Tata,Diesel
275.0,172.0,258,5064.0,52,3.0,9,5,1,Van,Eicher,Petrol
213.0,373.0,559,2271.0,50,17.0,12,1,0,Van,Mahindra,Diesel
264.0,232.0,348,2179.0,29,10.0,10,0,0,Van,Ashok Leyland,CNG
572.0,445.0,667,4108.0,23,16.0,4,6,1,Truck,Ashok Leyland,CNG
387.0,484.0,726,8017.0,42,6.0,5,4,0,Tanker,Eicher,CNG
37.0,311.0,466,2296.0,38,3.0,10,1,0,Tanker,Tata,Diesel
355.0,61.0,91,5813.0,41,4.0,12,4,0,Mini Truck,Ashok Leyland,CNG
82.0,74.0,111,6711.0,29,3.0,12,4,0,Van,Ashok Leyland,Petrol
148.0,143.0,214,5942.0,31,21.0,6,4,0,Truck,Ashok Leyland,CNG
459.0,117.0,175,2588.0,53,25.0,1,2,0,Mini Truck,Ashok Leyland,Petrol
67.0,58.0,87,4550.0,40,23.0,3,4,0,Tanker,Eicher,Petrol
327.0,586.0,879,652.0,41,4.0,11,4,0,Tanker,Mahindra,Diesel
394.0,93.0,139,8073.0,49,21.0,1,0,0,Van,Ashok Leyland,Diesel
472.0,269.0,403,5655.0,48,16.0,12,1,0,Truck,Ashok Leyland,CNG
442.0,105.0,157,4833.0,58,15.0,3,5,1,Truck,Mahindra,Petrol
449.0,572.0,858,3146.0,24,17.0,5,2,0,Van,Ashok Leyland,Petrol
463.0,238.0,357,4093.0,49,21.0,1,2,0,Tanker,Eicher,Petrol
196.0,75.0,112,7158.0,52,3.0,9,6,1,Truck,Ashok Leyland,Diesel
365.0,435.0,652,6711.0,31,21.0,5,3,0,Van,Ashok Leyland,Petrol
560.0,74.0,111,7439.0,35,15.0,11,0,0,Truck,Tata,CNG
399.0,352.0,528,5052.0,28,21.0,12,5,1,Van,Eicher,Petrol
506.0,495.0,742,5057.0,48,7.0,3,5,1,Van,Eicher,CNG
29.0,495.0,742,9400.0,49,10.0,8,0,0,Mini Truck,Ashok Leyland,Petrol
189.0,297.0,445,652.0,33,6.0,10,6,1,Tanker,Mahindra,Diesel
544.0,485.0,727,8073.0,31,21.0,4,3,0,Van,Ashok Leyland,Diesel
413.0,195.0,292,4093.0,44,9.0,4,1,0,Tanker,Eicher,Petrol
252.0,564.0,846,7072.0,58,14.0,9,5,1,Van,Tata,Petrol
313.0,485.0,727,3400.0,53,12.0,2,6,1,Van,Ashok Leyland,Diesel
496.0,264.0,396,1257.0,22,5.0,7,0,0,Van,Ashok Leyland,Diesel
58.0,245.0,367,6073.0,52,3.0,5,5,1,Truck,Mahindra,CNG
285.0,373.0,559,9605.0,31,3.0,1,1,0,Mini Truck,Eicher,CNG
165.0,197.0,295,3795.0,44,4.0,3,6,1,Tanker,Ashok Leyland,CNG
417.0,250.0,375,5813.0,46,4.0,4,0,0,Mini Truck,Ashok Leyland,CNG
555.0,555.0,832,2332.0,26,9.0,3,4,0,Mini Truck,Eicher,Diesel
30.0,25.0,37,2667.0,35,15.0,8,3,0,Tanker,Ashok Leyland,CNG
254.0,402.0,603,5064.0,37,23.0,11,0,0,Van,Eicher,Petrol
357.0,516.0,774,1257.0,27,9.0,2,5,1,Van,Ashok Leyland,Diesel
141.0,456.0,684,6477.0,39,11.0,8,0,0,Tanker,Mahindra,Petrol
133.0,24.0,36,9673.0,49,8.0,5,6,1,Van,Tata,Petrol
157.0,128.0,192,3992.0,42,20.0,5,0,0,Truck,Tata,CNG
412.0,495.0,742,5052.0,29,5.0,9,6,1,Van,Eicher,Petrol
493.0,172.0,258,2644.0,47,1.0,1,5,1,Van,Mahindra,Petrol
228.0,475.0,712,1791.0,29,3.0,4,3,0,Tanker,Tata,Petrol
345.0,531.0,796,9564.0,37,16.0,6,5,1,Mini Truck,Tata,Diesel
89.0,53.0,79,9605.0,31,2.0,5,6,1,Mini Truck,Eicher,CNG
555.0,232.0,348,4001.0,23,11.0,9,5,1,Tanker,Eicher,CNG
466.0,496.0,744,8504.0,49,8.0,5,1,0,Van,Mahindra,CNG
205.0,93.0,139,3205.0,49,10.0,3,1,0,Van,Eicher,CNG
576.0,334.0,501,7706.0,43,15.0,4,4,0,Tanker,Ashok Leyland,Petrol
203.0,578.0,867,3846.0,55,2.0,1,5,1,Tanker,Mahindra,Petrol
102.0,128.0,192,3992.0,29,5.0,3,5,1,Truck,Tata,CNG
53.0,54.0,81,5006.0,57,20.0,3,2,0,Truck,Tata,CNG
583.0,484.0,726,1549.0,37,16.0,2,1,0,Truck,Ashok Leyland,Diesel
181.0,112.0,168,4446.0,23,19.0,11,3,0,Mini Truck,Ashok Leyland,Diesel
247.0,456.0,684,2296.0,50,9.0,5,1,0,Tanker,Tata,Diesel
402.0,297.0,445,4152.0,26,9.0,10,1,0,Mini Truck,Mahindra,Diesel
578.0,449.0,673,9202.0,23,20.0,3,1,0,Tanker,Ashok Leyland,Petrol
55.0,183.0,274,3205.0,51,20.0,3,2,0,Van,Eicher,CNG
26.0,156.0,234,9356.0,40,8.0,8,3,0,Truck,Tata,CNG
359.0,194.0,291,5052.0,53,1.0,6,3,0,Van,Eicher,Petrol
54.0,334.0,501,5813.0,23,19.0,12,2,0,Mini Truck,Ashok Leyland,CNG
272.0,564.0,846,3795.0,40,8.0,9,1,0,Tanker,Ashok Leyland,CNG
78.0,197.0,295,5655.0,48,8.0,7,5,1,Truck,Ashok Leyland,CNG
157.0,75.0,112,5064.0,39,9.0,3,6,1,Van,Eicher,Petrol
490.0,24.0,36,8504.0,57,3.0,2,1,0,Van,Mahindra,CNG
294.0,495.0,742,2296.0,35,23.0,11,1,0,Tanker,Tata,Diesel
174.0,516.0,774,5655.0,30,15.0,1,3,0,Truck,Ashok Leyland,CNG
160.0,436.0,654,2296.0,28,18.0,1,6,1,Tanker,Tata,Diesel
255.0,405.0,607,5585.0,53,12.0,10,3,0,Truck,Ashok Leyland,CNG
162.0,277.0,415,4874.0,31,23.0,12,3,0,Mini Truck,Mahindra,Diesel
149.0,436.0,654,9400.0,34,24.0,3,4,0,Mini Truck,Ashok Leyland,Petrol
261.0,216.0,324,5655.0,53,1.0,1,5,1,Truck,Ashok Leyland,CNG
591.0,483.0,724,2243.0,58,15.0,5,0,0,Mini Truck,Ashok Leyland,CNG
575.0,475.0,712,7619.0,23,7.0,3,6,1,Mini Truck,Tata,Diesel
348.0,273.0,409,7933.0,57,20.0,1,3,0,Mini Truck,Eicher,Diesel
540.0,322.0,483,8017.0,56,15.0,12,2,0,Tanker,Eicher,CNG
241.0,143.0,214,7092.0,25,7.0,9,6,1,Mini Truck,Eicher,Petrol
109.0,456.0,684,1540.0,52,3.0,7,2,0,Van,Eicher,CNG
447.0,518.0,777,5064.0,26,14.0,10,0,0,Van,Eicher,Petrol
20.0,412.0,618,652.0,51,2.0,2,4,0,Tanker,Mahindra,Diesel
209.0,181.0,271,2019.0,55,2.0,9,2,0,Van,Mahindra,Diesel
96.0,74.0,111,7566.0,51,2.0,3,5,1,Truck,Ashok Leyland,Petrol
225.0,245.0,367,2271.0,38,3.0,2,2,0,Van,Mahindra,Diesel
167.0,412.0,618,5052.0,41,4.0,1,6,1,Van,Eicher,Petrol
448.0,520.0,780,4573.0,57,3.0,4,3,0,Tanker,Mahindra,Diesel
558.0,218.0,327,5655.0,39,9.0,2,0,0,Truck,Ashok Leyland,CNG
224.0,555.0,832,2271.0,37,8.0,12,2,0,Van,Mahindra,Diesel
230.0,227.0,340,3846.0,45,10.0,10,4,0,Tanker,Mahindra,Petrol
465.0,238.0,357,2179.0,40,23.0,7,6,1,Van,Ashok Leyland,CNG
91.0,27.0,40,7619.0,35,11.0,9,5,1,Mini Truck,Tata,Diesel
62.0,423.0,634,7933.0,36,15.0,5,2,0,Mini Truck,Eicher,Diesel
99.0,58.0,87,652.0,24,17.0,6,4,0,Tanker,Mahindra,Diesel
533.0,572.0,858,9356.0,31,21.0,5,4,0,Truck,Tata,CNG
320.0,52.0,78,5942.0,26,14.0,2,6,1,Truck,Ashok Leyland,CNG
365.0,435.0,652,5064.0,49,8.0,3,1,0,Van,Eicher,Petrol
305.0,250.0,375,4108.0,36,15.0,10,3,0,Truck,Ashok Leyland,CNG
245.0,436.0,654,8846.0,23,16.0,8,2,0,Mini Truck,Mahindra,CNG
440.0,117.0,175,506.0,31,21.0,5,5,1,Mini Truck,Eicher,CNG
488.0,307.0,460,7439.0,57,22.0,4,5,1,Truck,Tata,CNG
190.0,483.0,724,5057.0,37,16.0,6,4,0,Van,Eicher,CNG
485.0,555.0,832,7706.0,28,5.0,8,2,0,Tanker,Ashok Leyland,Petrol
392.0,54.0,81,4066.0,46,18.0,10,0,0,Van,Ashok Leyland,Petrol
273.0,402.0,603,5057.0,49,8.0,2,1,0,Van,Eicher,CNG
425.0,402.0,603,4152.0,49,22.0,3,6,1,Mini Truck,Mahindra,Diesel
193.0,297.0,445,2271.0,41,4.0,1,4,0,Van,Mahindra,Diesel
230.0,392.0,588,7290.0,29,3.0,7,5,1,Tanker,Tata,Petrol
35.0,373.0,559,1791.0,57,3.0,7,2,0,Tanker,Tata,Petrol
448.0,247.0,370,2296.0,26,9.0,11,3,0,Tanker,Tata,Diesel
318.0,311.0,466,4779.0,37,10.0,6,0,0,Mini Truck,Tata,Diesel
224.0,586.0,879,2541.0,49,22.0,8,6,1,Mini Truck,Mahindra,CNG
572.0,52.0,78,2019.0,31,2.0,10,1,0,Van,Mahindra,Diesel
354.0,518.0,777,2541.0,43,15.0,9,6,1,Mini Truck,Mahindra,CNG
572.0,414.0,621,9400.0,48,16.0,8,4,0,Mini Truck,Ashok Leyland,Petrol
53.0,195.0,292,1812.0,39,9.0,4,0,0,Van,Tata,CNG
410.0,117.0,175,1604.0,48,8.0,3,4,0,Truck,Tata,Diesel
292.0,449.0,673,3795.0,26,14.0,6,5,1,Tanker,Ashok Leyland,CNG
101.0,58.0,87,8945.0,30,15.0,2,1,0,Van,Tata,Petrol
482.0,572.0,858,2643.0,33,23.0,2,3,0,Truck,Tata,Petrol
416.0,535.0,802,2019.0,50,7.0,11,3,0,Van,Mahindra,Diesel
427.0,168.0,252,5942.0,57,14.0,7,6,1,Truck,Ashok Leyland,CNG
373.0,423.0,634,3769.0,46,4.0,3,4,0,Truck,Eicher,Diesel
272.0,518.0,777,2019.0,57,22.0,9,0,0,Van,Mahindra,Diesel
497.0,435.0,652,1791.0,53,15.0,2,6,1,Tanker,Tata,Petrol
252.0,332.0,498,7290.0,29,10.0,2,2,0,Tanker,Tata,Petrol
37.0,509.0,763,5942.0,41,13.0,2,6,1,Truck,Ashok Leyland,CNG
576.0,483.0,724,8504.0,42,18.0,7,6,1,Van,Mahindra,CNG
357.0,232.0,348,8945.0,29,11.0,10,3,0,Van,Tata,Petrol
257.0,269.0,403,4833.0,28,5.0,9,5,1,Truck,Mahindra,Petrol
107.0,255.0,382,1812.0,28,18.0,2,6,1,Van,Tata,CNG
317.0,483.0,724,7412.0,24,15.0,4,4,0,Van,Eicher,Diesel
345.0,311.0,466,3950.0,50,7.0,1,6,1,Mini Truck,Mahindra,CNG
378.0,149.0,223,7566.0,27,4.0,5,4,0,Truck,Ashok Leyland,Petrol
208.0,297.0,445,4502.0,51,2.0,6,3,0,Van,Mahindra,Diesel
264.0,412.0,618,3400.0,41,23.0,4,6,1,Van,Ashok Leyland,Diesel
412.0,247.0,370,4152.0,37,19.0,11,1,0,Mini Truck,Mahindra,Diesel
372.0,112.0,168,1639.0,46,15.0,7,1,0,Mini Truck,Ashok Leyland,CNG
482.0,245.0,367,4497.0,49,11.0,12,4,0,Tanker,Eicher,Petrol
139.0,44.0,66,1321.0,58,19.0,9,0,0,Truck,Mahindra,Diesel
271.0,194.0,291,2197.0,39,11.0,2,1,0,Truck,Mahindra,CNG
572.0,229.0,343,6362.0,39,2.0,9,2,0,Mini Truck,Mahindra,Diesel
60.0,436.0,654,9605.0,39,9.0,1,3,0,Mini Truck,Eicher,CNG
370.0,412.0,618,2644.0,31,2.0,4,1,0,Van,Mahindra,Petrol
41.0,334.0,501,7933.0,42,6.0,3,0,0,Mini Truck,Eicher,Diesel
224.0,412.0,618,8879.0,26,25.0,7,0,0,Mini Truck,Eicher,CNG
570.0,586.0,879,4066.0,36,20.0,11,4,0,Van,Ashok Leyland,Petrol
266.0,54.0,81,2019.0,33,6.0,10,2,0,Van,Mahindra,Diesel
485.0,238.0,357,5064.0,56,15.0,7,1,0,Van,Eicher,Petrol
501.0,586.0,879,2035.0,48,3.0,12,0,0,Tanker,Tata,Diesel
204.0,194.0,291,4066.0,46,4.0,8,2,0,Van,Ashok Leyland,Petrol
33.0,373.0,559,2271.0,36,20.0,9,2,0,Van,Mahindra,Diesel
402.0,128.0,192,4085.0,28,18.0,5,1,0,Truck,Tata,Petrol
64.0,44.0,66,6362.0,50,3.0,9,6,1,Mini Truck,Mahindra,Diesel
211.0,61.0,91,5064.0,58,19.0,1,1,0,Van,Eicher,Petrol
160.0,255.0,382,2667.0,42,18.0,12,0,0,Tanker,Ashok Leyland,CNG
309.0,435.0,652,9356.0,28,5.0,9,0,0,Truck,Tata,CNG
526.0,156.0,234,1540.0,47,1.0,12,2,0,Van,Eicher,CNG
438.0,168.0,252,9605.0,48,7.0,2,4,0,Mini Truck,Eicher,CNG
223.0,449.0,673,7439.0,58,19.0,12,4,0,Truck,Tata,CNG
499.0,307.0,460,1321.0,22,5.0,10,5,1,Truck,Mahindra,Diesel
167.0,194.0,291,3205.0,27,14.0,9,1,0,Van,Eicher,CNG
187.0,66.0,99,6073.0,41,25.0,2,1,0,Truck,Mahindra,CNG
504.0,307.0,460,9605.0,32,6.0,2,5,1,Mini Truck,Eicher,CNG
277.0,445.0,667,3205.0,28,21.0,10,2,0,Van,Eicher,CNG
199.0,402.0,603,4779.0,22,15.0,12,5,1,Mini Truck,Tata,Diesel
356.0,363.0,544,9564.0,28,15.0,6,5,1,Mini Truck,Tata,Diesel
422.0,58.0,87,7072.0,23,11.0,7,3,0,Van,Tata,Petrol
444.0,496.0,744,9400.0,27,14.0,5,5,1,Mini Truck,Ashok Leyland,Petrol
48.0,520.0,780,1321.0,57,3.0,6,0,0,Truck,Mahindra,Diesel
55.0,54.0,81,1460.0,25,8.0,3,5,1,Tanker,Ashok Leyland,Petrol
314.0,405.0,607,7619.0,35,15.0,12,0,0,Mini Truck,Tata,Diesel
22.0,307.0,460,1151.0,34,24.0,6,0,0,Truck,Ashok Leyland,CNG
242.0,194.0,291,7566.0,58,15.0,9,0,0,Truck,Ashok Leyland,Petrol
308.0,250.0,375,7619.0,48,3.0,3,3,0,Mini Truck,Tata,Diesel
352.0,483.0,724,5064.0,58,14.0,11,5,1,Van,Eicher,Petrol
142.0,328.0,492,5006.0,29,3.0,7,1,0,Truck,Tata,CNG
538.0,485.0,727,4573.0,41,23.0,5,2,0,Tanker,Mahindra,Diesel
503.0,216.0,324,3619.0,40,23.0,4,4,0,Van,Eicher,Petrol
483.0,531.0,796,2112.0,48,24.0,1,3,0,Tanker,Tata,CNG
237.0,310.0,465,5052.0,58,8.0,1,6,1,Van,Eicher,Petrol
364.0,194.0,291,2271.0,50,3.0,9,5,1,Van,Mahindra,Diesel
406.0,66.0,99,9400.0,31,2.0,1,6,1,Mini Truck,Ashok Leyland,Petrol
248.0,504.0,756,2179.0,50,9.0,12,0,0,Van,Ashok Leyland,CNG
65.0,435.0,652,1540.0,25,17.0,5,3,0,Van,Eicher,CNG
37.0,273.0,409,5064.0,34,24.0,8,0,0,Van,Eicher,Petrol
470.0,311.0,466,4093.0,51,2.0,4,3,0,Tanker,Eicher,Petrol
474.0,322.0,483,2667.0,28,5.0,6,1,0,Tanker,Ashok Leyland,CNG
167.0,485.0,727,4093.0,42,6.0,8,5,1,Tanker,Eicher,Petrol
458.0,363.0,544,2271.0,23,7.0,6,0,0,Van,Mahindra,Diesel
585.0,229.0,343,6362.0,23,11.0,11,1,0,Mini Truck,Mahindra,Diesel
577.0,277.0,415,2243.0,49,10.0,3,3,0,Mini Truck,Ashok Leyland,CNG
583.0,229.0,343,8879.0,34,18.0,6,4,0,Mini Truck,Eicher,CNG
428.0,322.0,483,1812.0,58,12.0,6,5,1,Van,Tata,CNG
543.0,112.0,168,9227.0,23,19.0,5,0,0,Truck,Eicher,Diesel
343.0,296.0,444,3619.0,35,11.0,11,6,1,Van,Eicher,Petrol
472.0,475.0,712,4001.0,23,11.0,8,6,1,Tanker,Eicher,CNG
368.0,559.0,838,1540.0,27,14.0,8,3,0,Van,Eicher,CNG
98.0,255.0,382,2643.0,58,14.0,9,3,0,Truck,Tata,Petrol
350.0,322.0,483,2019.0,46,1.0,11,3,0,Van,Mahindra,Diesel
422.0,247.0,370,652.0,48,18.0,2,1,0,Tanker,Mahindra,Diesel
87.0,559.0,838,3846.0,31,21.0,1,4,0,Tanker,Mahindra,Petrol
422.0,586.0,879,7092.0,56,2.0,9,6,1,Mini Truck,Eicher,Petrol
110.0,297.0,445,5585.0,58,3.0,7,5,1,Truck,Ashok Leyland,CNG
280.0,456.0,684,9605.0,53,25.0,8,1,0,Mini Truck,Eicher,CNG
518.0,483.0,724,7158.0,33,23.0,12,3,0,Truck,Ashok Leyland,Diesel
364.0,332.0,498,5813.0,30,15.0,10,1,0,Mini Truck,Ashok Leyland,CNG
511.0,74.0,111,4874.0,55,9.0,7,5,1,Mini Truck,Mahindra,Diesel
213.0,105.0,157,4066.0,32,6.0,8,0,0,Van,Ashok Leyland,Petrol
52.0,535.0,802,1321.0,40,25.0,1,1,0,Truck,Mahindra,Diesel
577.0,143.0,214,8017.0,38,3.0,5,4,0,Tanker,Eicher,CNG
47.0,183.0,274,1604.0,56,15.0,12,6,1,Truck,Tata,Diesel
424.0,24.0,36,7706.0,38,9.0,9,1,0,Tanker,Ashok Leyland,Petrol
412.0,311.0,466,8017.0,36,20.0,1,5,1,Tanker,Eicher,CNG
385.0,143.0,214,9605.0,27,14.0,9,0,0,Mini Truck,Eicher,CNG
181.0,332.0,498,1227.0,24,2.0,10,0,0,Tanker,Ashok Leyland,Petrol
325.0,392.0,588,652.0,36,20.0,10,3,0,Tanker,Mahindra,Diesel
362.0,441.0,661,9673.0,42,18.0,9,6,1,Van,Tata,Petrol
281.0,264.0,396,3146.0,31,23.0,12,1,0,Van,Ashok Leyland,Petrol
302.0,328.0,492,9227.0,35,23.0,11,6,1,Truck,Eicher,Diesel
312.0,412.0,618,2179.0,53,15.0,8,1,0,Van,Ashok Leyland,CNG
73.0,53.0,79,2644.0,30,15.0,9,4,0,Van,Mahindra,Petrol
568.0,255.0,382,7439.0,25,8.0,12,1,0,Truck,Tata,CNG
86.0,311.0,466,3146.0,25,7.0,5,1,0,Van,Ashok Leyland,Petrol
35.0,322.0,483,2588.0,23,20.0,9,4,0,Mini Truck,Ashok Leyland,Petrol
435.0,128.0,192,9673.0,35,11.0,5,0,0,Van,Tata,Petrol
74.0,402.0,603,3619.0,57,14.0,10,2,0,Van,Eicher,Petrol
220.0,128.0,192,4845.0,37,10.0,9,5,1,Tanker,Tata,Petrol
534.0,34.0,51,6073.0,40,8.0,1,5,1,Truck,Mahindra,CNG
47.0,250.0,375,4874.0,49,11.0,5,1,0,Mini Truck,Mahindra,Diesel
599.0,520.0,780,8073.0,48,3.0,2,0,0,Van,Ashok Leyland,Diesel
551.0,516.0,774,3846.0,54,22.0,5,5,1,Tanker,Mahindra,Petrol
257.0,445.0,667,1604.0,58,3.0,5,4,0,Truck,Tata,Diesel
48.0,232.0,348,4619.0,48,3.0,8,6,1,Tanker,Eicher,CNG
232.0,332.0,498,9202.0,35,11.0,4,6,1,Tanker,Ashok Leyland,Petrol
198.0,297.0,445,4446.0,44,4.0,9,3,0,Mini Truck,Ashok Leyland,Diesel
280.0,253.0,379,5813.0,47,17.0,1,1,0,Mini Truck,Ashok Leyland,CNG
331.0,168.0,252,506.0,26,25.0,12,0,0,Mini Truck,Eicher,CNG
75.0,504.0,756,2644.0,31,21.0,6,2,0,Van,Mahindra,Petrol
257.0,61.0,91,1227.0,34,16.0,10,3,0,Tanker,Ashok Leyland,Petrol
419.0,73.0,109,5942.0,35,23.0,2,0,0,Truck,Ashok Leyland,CNG
446.0,24.0,36,1227.0,49,22.0,6,0,0,Tanker,Ashok Leyland,Petrol
399.0,572.0,858,2197.0,47,1.0,3,6,1,Truck,Mahindra,CNG
177.0,559.0,838,2271.0,31,3.0,5,4,0,Van,Mahindra,Diesel
313.0,61.0,91,4446.0,42,18.0,7,5,1,Mini Truck,Ashok Leyland,Diesel
46.0,554.0,831,4582.0,31,21.0,2,0,0,Tanker,Tata,CNG
501.0,245.0,367,4497.0,58,14.0,2,2,0,Tanker,Eicher,Petrol
547.0,363.0,544,7439.0,26,1.0,12,5,1,Truck,Tata,CNG
233.0,496.0,744,6477.0,23,11.0,11,6,1,Tanker,Mahindra,Petrol
300.0,334.0,501,2197.0,58,5.0,4,2,0,Truck,Mahindra,CNG
221.0,197.0,295,5655.0,37,22.0,10,1,0,Truck,Ashok Leyland,CNG
304.0,559.0,838,652.0,29,3.0,8,4,0,Tanker,Mahindra,Diesel
327.0,387.0,580,8073.0,39,5.0,7,0,0,Van,Ashok Leyland,Diesel
245.0,168.0,252,5779.0,22,5.0,4,0,0,Mini Truck,Ashok Leyland,Petrol
48.0,578.0,867,4066.0,53,12.0,9,5,1,Van,Ashok Leyland,Petrol
449.0,531.0,796,4108.0,31,23.0,3,6,1,Truck,Ashok Leyland,CNG
92.0,25.0,37,4001.0,37,10.0,2,4,0,Tanker,Eicher,CNG
113.0,441.0,661,5057.0,41,13.0,3,3,0,Van,Eicher,CNG
339.0,74.0,111,3769.0,26,1.0,4,1,0,Truck,Eicher,Diesel
455.0,269.0,403,4833.0,58,15.0,11,1,0,Truck,Mahindra,Petrol
553.0,496.0,744,6711.0,31,13.0,5,5,1,Van,Ashok Leyland,Petrol
566.0,456.0,684,2667.0,33,20.0,7,1,0,Tanker,Ashok Leyland,CNG
321.0,218.0,327,2197.0,49,22.0,9,6,1,Truck,Mahindra,CNG
531.0,128.0,192,3205.0,31,3.0,3,4,0,Van,Eicher,CNG
313.0,238.0,357,7092.0,24,15.0,11,0,0,Mini Truck,Eicher,Petrol
97.0,269.0,403,7072.0,38,9.0,6,5,1,Van,Tata,Petrol
463.0,73.0,109,2332.0,28,15.0,12,6,1,Mini Truck,Eicher,Diesel
365.0,194.0,291,4353.0,22,5.0,11,5,1,Truck,Tata,CNG
208.0,564.0,846,7439.0,43,15.0,8,3,0,Truck,Tata,CNG
407.0,53.0,79,1604.0,39,17.0,3,0,0,Truck,Tata,Diesel
544.0,485.0,727,6073.0,40,23.0,6,3,0,Truck,Mahindra,CNG
569.0,334.0,501,506.0,31,23.0,2,5,1,Mini Truck,Eicher,CNG
171.0,296.0,444,2296.0,34,24.0,12,2,0,Tanker,Tata,Diesel
114.0,475.0,712,8846.0,58,8.0,6,5,1,Mini Truck,Mahindra,CNG
341.0,592.0,888,5813.0,54,22.0,1,3,0,Mini Truck,Ashok Leyland,CNG
563.0,564.0,846,652.0,45,10.0,7,2,0,Tanker,Mahindra,Diesel
388.0,435.0,652,2644.0,53,15.0,8,4,0,Van,Mahindra,Petrol
357.0,128.0,192,3757.0,58,8.0,7,0,0,Van,Tata,CNG
432.0,229.0,343,652.0,25,17.0,11,4,0,Tanker,Mahindra,Diesel
524.0,277.0,415,7412.0,31,3.0,9,1,0,Van,Eicher,Diesel
69.0,112.0,168,6362.0,31,21.0,1,3,0,Mini Truck,Mahindra,Diesel
245.0,194.0,291,3619.0,31,3.0,3,1,0,Van,Eicher,Petrol
530.0,245.0,367,2667.0,48,8.0,10,4,0,Tanker,Ashok Leyland,CNG
485.0,183.0,274,2643.0,31,13.0,9,4,0,Truck,Tata,Petrol
427.0,238.0,357,7290.0,28,15.0,12,5,1,Tanker,Tata,Petrol
188.0,255.0,382,5942.0,36,20.0,1,1,0,Truck,Ashok Leyland,CNG
366.0,328.0,492,7805.0,47,17.0,1,6,1,Tanker,Eicher,CNG
570.0,475.0,712,6073.0,38,3.0,11,5,1,Truck,Mahindra,CNG
163.0,58.0,87,5052.0,31,7.0,5,2,0,Van,Eicher,Petrol
495.0,445.0,667,5655.0,36,8.0,10,1,0,Truck,Ashok Leyland,CNG
383.0,195.0,292,5006.0,29,3.0,1,6,1,Truck,Tata,CNG
69.0,269.0,403,5052.0,41,4.0,1,2,0,Van,Eicher,Petrol
521.0,414.0,621,3795.0,47,17.0,4,3,0,Tanker,Ashok Leyland,CNG
208.0,112.0,168,4833.0,39,11.0,9,2,0,Truck,Mahindra,Petrol
397.0,363.0,544,1604.0,42,20.0,1,0,0,Truck,Tata,Diesel
104.0,564.0,846,9356.0,27,14.0,8,1,0,Truck,Tata,CNG
405.0,496.0,744,9400.0,28,18.0,1,2,0,Mini Truck,Ashok Leyland,Petrol
141.0,74.0,111,3795.0,29,3.0,10,2,0,Tanker,Ashok Leyland,CNG
183.0,195.0,292,7566.0,41,4.0,12,2,0,Truck,Ashok Leyland,Petrol
90.0,264.0,396,7619.0,37,16.0,11,6,1,Mini Truck,Tata,Diesel
158.0,322.0,483,8879.0,31,21.0,1,3,0,Mini Truck,Eicher,CNG
93.0,194.0,291,7072.0,57,20.0,6,0,0,Van,Tata,Petrol
271.0,535.0,802,3795.0,35,11.0,2,6,1,Tanker,Ashok Leyland,CNG
94.0,423.0,634,8945.0,39,2.0,8,2,0,Van,Tata,Petrol
587.0,247.0,370,1257.0,40,23.0,5,3,0,Van,Ashok Leyland,Diesel
51.0,66.0,99,4874.0,50,25.0,8,5,1,Mini Truck,Mahindra,Diesel
306.0,58.0,87,4845.0,35,23.0,3,0,0,Tanker,Tata,Petrol
436.0,483.0,724,4399.0,47,1.0,6,2,0,Mini Truck,Tata,CNG
448.0,435.0,652,4353.0,55,2.0,10,3,0,Truck,Tata,CNG
256.0,485.0,727,1257.0,42,20.0,5,3,0,Van,Ashok Leyland,Diesel
295.0,332.0,498,652.0,25,7.0,11,5,1,Tanker,Mahindra,Diesel
237.0,442.0,663,8979.0,33,23.0,5,4,0,Tanker,Mahindra,Petrol
541.0,363.0,544,2271.0,24,15.0,3,6,1,Van,Mahindra,Diesel
73.0,54.0,81,4845.0,41,4.0,9,4,0,Tanker,Tata,Petrol
240.0,586.0,879,1549.0,47,1.0,4,4,0,Truck,Ashok Leyland,Diesel
318.0,53.0,79,5006.0,37,23.0,1,5,1,Truck,Tata,CNG
89.0,483.0,724,1227.0,58,3.0,6,4,0,Tanker,Ashok Leyland,Petrol
541.0,572.0,858,3205.0,35,23.0,3,6,1,Van,Eicher,CNG
548.0,44.0,66,1227.0,48,7.0,2,2,0,Tanker,Ashok Leyland,Petrol
183.0,105.0,157,4085.0,57,22.0,1,2,0,Truck,Tata,Petrol
569.0,66.0,99,7290.0,42,18.0,2,3,0,Tanker,Tata,Petrol
452.0,216.0,324,7158.0,57,20.0,7,2,0,Truck,Ashok Leyland,Diesel
265.0,269.0,403,6362.0,47,1.0,12,6,1,Mini Truck,Mahindra,Diesel
417.0,436.0,654,4550.0,49,22.0,9,1,0,Tanker,Eicher,Petrol
88.0,352.0,528,9400.0,52,14.0,2,3,0,Mini Truck,Ashok Leyland,Petrol
369.0,564.0,846,2243.0,31,13.0,1,4,0,Mini Truck,Ashok Leyland,CNG
190.0,555.0,832,1227.0,35,11.0,5,2,0,Tanker,Ashok Leyland,Petrol
533.0,195.0,292,4502.0,48,18.0,5,5,1,Van,Mahindra,Diesel
317.0,586.0,879,1257.0,31,7.0,3,4,0,Van,Ashok Leyland,Diesel
506.0,44.0,66,1257.0,31,21.0,4,4,0,Van,Ashok Leyland,Diesel
432.0,592.0,888,4779.0,50,8.0,4,5,1,Mini Truck,Tata,Diesel
308.0,172.0,258,2035.0,58,19.0,10,0,0,Tanker,Tata,Diesel
225.0,392.0,588,1257.0,58,19.0,5,1,0,Van,Ashok Leyland,Diesel
33.0,456.0,684,3769.0,37,23.0,12,4,0,Truck,Eicher,Diesel
356.0,495.0,742,4152.0,48,18.0,4,4,0,Mini Truck,Mahindra,Diesel
111.0,554.0,831,7439.0,31,2.0,8,1,0,Truck,Tata,CNG
526.0,269.0,403,2035.0,58,15.0,11,2,0,Tanker,Tata,Diesel
550.0,296.0,444,4353.0,30,15.0,12,2,0,Truck,Tata,CNG
406.0,232.0,348,2019.0,49,21.0,1,0,0,Van,Mahindra,Diesel
166.0,436.0,654,3757.0,41,25.0,1,3,0,Van,Tata,CNG
564.0,34.0,51,5813.0,39,11.0,3,4,0,Mini Truck,Ashok Leyland,CNG
330.0,495.0,742,3846.0,57,22.0,5,3,0,Tanker,Mahindra,Petrol
245.0,559.0,838,4502.0,39,11.0,4,0,0,Van,Mahindra,Diesel
426.0,25.0,37,2942.0,41,23.0,2,5,1,Truck,Tata,CNG
465.0,516.0,774,4619.0,52,11.0,10,4,0,Tanker,Eicher,CNG
570.0,245.0,367,1321.0,37,8.0,4,3,0,Truck,Mahindra,Diesel
599.0,172.0,258,3769.0,25,7.0,9,0,0,Truck,Eicher,Diesel
212.0,255.0,382,9605.0,43,15.0,11,1,0,Mini Truck,Eicher,CNG
94.0,250.0,375,2588.0,36,8.0,7,3,0,Mini Truck,Ashok Leyland,Petrol
60.0,245.0,367,7566.0,48,18.0,7,1,0,Truck,Ashok Leyland,Petrol
208.0,449.0,673,7706.0,35,11.0,2,1,0,Tanker,Ashok Leyland,Petrol
85.0,197.0,295,8073.0,39,2.0,8,1,0,Van,Ashok Leyland,Diesel
43.0,435.0,652,5057.0,42,20.0,10,1,0,Van,Eicher,CNG
213.0,387.0,580,9356.0,39,2.0,2,5,1,Truck,Tata,CNG
62.0,197.0,295,1227.0,41,25.0,2,4,0,Tanker,Ashok Leyland,Petrol
287.0,255.0,382,1227.0,26,9.0,1,6,1,Tanker,Ashok Leyland,Petrol
482.0,592.0,888,3846.0,34,24.0,6,1,0,Tanker,Mahindra,Petrol
354.0,250.0,375,1227.0,39,10.0,1,1,0,Tanker,Ashok Leyland,Petrol
396.0,456.0,684,7566.0,48,16.0,5,2,0,Truck,Ashok Leyland,Petrol
87.0,183.0,274,8979.0,53,25.0,8,3,0,Tanker,Mahindra,Petrol
595.0,535.0,802,4108.0,51,14.0,6,1,0,Truck,Ashok Leyland,CNG
50.0,245.0,367,3619.0,28,5.0,5,2,0,Van,Eicher,Petrol
155.0,54.0,81,9356.0,39,17.0,3,4,0,Truck,Tata,CNG
595.0,435.0,652,3619.0,33,6.0,12,5,1,Van,Eicher,Petrol
291.0,181.0,271,9227.0,35,23.0,4,5,1,Truck,Eicher,Diesel
381.0,264.0,396,7290.0,50,25.0,7,3,0,Tanker,Tata,Petrol
290.0,405.0,607,1812.0,41,23.0,8,1,0,Van,Tata,CNG
102.0,245.0,367,1549.0,48,2.0,12,6,1,Truck,Ashok Leyland,Diesel
572.0,334.0,501,7439.0,24,2.0,3,5,1,Truck,Eicher,Petrol
168.0,24.0,36,1812.0,58,8.0,1,0,0,Van,Tata,CNG
502.0,264.0,396,3205.0,53,12.0,7,6,1,Van,Eicher,CNG
85.0,227.0,340,9605.0,42,6.0,1,6,1,Mini Truck,Eicher,CNG
401.0,592.0,888,2243.0,58,8.0,7,2,0,Mini Truck,Ashok Leyland,CNG
137.0,414.0,621,8073.0,42,18.0,5,5,1,Van,Ashok Leyland,Diesel
238.0,143.0,214,4066.0,49,8.0,11,3,0,Van,Ashok Leyland,Petrol
272.0,44.0,66,4093.0,52,11.0,5,3,0,Tanker,Eicher,Petrol
465.0,128.0,192,4573.0,29,3.0,2,0,0,Tanker,Mahindra,Diesel
201.0,334.0,501,8979.0,48,16.0,1,4,0,Tanker,Mahindra,Petrol
588.0,414.0,621,9605.0,57,22.0,1,6,1,Mini Truck,Eicher,CNG
490.0,564.0,846,7290.0,31,2.0,10,5,1,Tanker,Tata,Petrol
155.0,352.0,528,5052.0,37,23.0,3,0,0,Van,Eicher,Petrol
307.0,34.0,51,9202.0,48,3.0,4,2,0,Tanker,Ashok Leyland,Petrol
260.0,25.0,37,7439.0,52,11.0,1,6,1,Truck,Eicher,Petrol
583.0,405.0,607,1460.0,42,6.0,7,2,0,Tanker,Ashok Leyland,Petrol
29.0,245.0,367,8979.0,50,25.0,1,2,0,Tanker,Mahindra,Petrol
48.0,328.0,492,4108.0,41,25.0,4,5,1,Truck,Ashok Leyland,CNG
26.0,112.0,168,4573.0,46,1.0,10,4,0,Tanker,Mahindra,Diesel
331.0,373.0,559,5813.0,25,7.0,6,2,0,Mini Truck,Ashok Leyland,CNG
372.0,449.0,673,1151.0,48,24.0,1,6,1,Truck,Ashok Leyland,CNG
557.0,297.0,445,4502.0,50,25.0,1,3,0,Van,Mahindra,Diesel
315.0,66.0,99,1540.0,34,24.0,5,6,1,Van,Eicher,CNG
133.0,509.0,763,2332.0,39,11.0,5,2,0,Mini Truck,Eicher,Diesel
417.0,485.0,727,1549.0,24,15.0,3,4,0,Truck,Ashok Leyland,Diesel
245.0,564.0,846,9227.0,39,11.0,1,1,0,Truck,Eicher,Diesel
306.0,322.0,483,4833.0,30,10.0,11,5,1,Truck,Mahindra,Petrol
307.0,25.0,37,3992.0,27,4.0,8,4,0,Truck,Tata,CNG
579.0,445.0,667,8073.0,26,9.0,11,1,0,Van,Ashok Leyland,Diesel
492.0,352.0,528,4353.0,49,18.0,2,3,0,Truck,Tata,CNG
332.0,52.0,78,4619.0,41,4.0,1,4,0,Tanker,Eicher,CNG
236.0,194.0,291,3400.0,51,14.0,9,0,0,Van,Ashok Leyland,Diesel
219.0,547.0,820,7933.0,27,4.0,3,1,0,Mini Truck,Eicher,Diesel
581.0,181.0,271,4001.0,41,4.0,12,4,0,Tanker,Eicher,CNG
208.0,181.0,271,8073.0,56,2.0,11,0,0,Van,Ashok Leyland,Diesel
232.0,531.0,796,2271.0,40,23.0,12,5,1,Van,Mahindra,Diesel
571.0,436.0,654,3846.0,24,17.0,9,6,1,Tanker,Mahindra,Petrol
115.0,322.0,483,1227.0,22,15.0,12,5,1,Tanker,Ashok Leyland,Petrol
501.0,194.0,291,1791.0,31,2.0,3,1,0,Tanker,Tata,Petrol
251.0,93.0,139,9564.0,29,11.0,7,0,0,Mini Truck,Tata,Diesel
195.0,555.0,832,5585.0,28,21.0,12,2,0,Truck,Ashok Leyland,CNG
586.0,53.0,79,7439.0,53,15.0,4,5,1,Truck,Eicher,Petrol
113.0,311.0,466,652.0,23,20.0,1,0,0,Tanker,Mahindra,Diesel
300.0,504.0,756,3846.0,35,23.0,4,1,0,Tanker,Mahindra,Petrol
217.0,483.0,724,4399.0,46,1.0,1,1,0,Mini Truck,Tata,CNG
345.0,232.0,348,7706.0,41,13.0,1,2,0,Tanker,Ashok Leyland,Petrol
412.0,405.0,607,5942.0,37,19.0,9,5,1,Truck,Ashok Leyland,CNG
36.0,456.0,684,1791.0,57,20.0,4,4,0,Tanker,Tata,Petrol
595.0,564.0,846,1460.0,39,10.0,2,3,0,Tanker,Ashok Leyland,Petrol
480.0,44.0,66,8017.0,31,3.0,6,5,1,Tanker,Eicher,CNG
592.0,172.0,258,2271.0,37,19.0,10,2,0,Van,Mahindra,Diesel
118.0,112.0,168,3846.0,26,25.0,9,2,0,Tanker,Mahindra,Petrol
555.0,66.0,99,1549.0,39,5.0,4,5,1,Truck,Ashok Leyland,Diesel
540.0,373.0,559,4152.0,33,6.0,7,3,0,Mini Truck,Mahindra,Diesel
438.0,247.0,370,4779.0,55,2.0,3,6,1,Mini Truck,Tata,Diesel
286.0,245.0,367,4314.0,36,8.0,9,1,0,Van,Mahindra,Diesel
465.0,66.0,99,8017.0,37,10.0,5,6,1,Tanker,Eicher,CNG
147.0,61.0,91,2588.0,58,5.0,3,3,0,Mini Truck,Ashok Leyland,Petrol
379.0,34.0,51,6711.0,30,10.0,2,3,0,Van,Ashok Leyland,Petrol
406.0,245.0,367,2035.0,58,12.0,8,2,0,Tanker,Tata,Diesel
535.0,332.0,498,2541.0,58,15.0,9,6,1,Mini Truck,Mahindra,CNG
506.0,592.0,888,3950.0,39,5.0,1,6,1,Mini Truck,Mahindra,CNG
452.0,484.0,726,1151.0,45,10.0,2,0,0,Truck,Ashok Leyland,CNG
93.0,253.0,379,4582.0,27,9.0,6,2,0,Tanker,Tata,CNG
385.0,58.0,87,7072.0,23,11.0,2,6,1,Van,Tata,Petrol
421.0,402.0,603,4619.0,23,20.0,4,3,0,Tanker,Eicher,CNG
313.0,255.0,382,1549.0,42,20.0,9,3,0,Truck,Ashok Leyland,Diesel
214.0,74.0,111,7439.0,24,2.0,10,0,0,Truck,Tata,CNG
511.0,93.0,139,1549.0,39,2.0,7,3,0,Truck,Ashok Leyland,Diesel
110.0,245.0,367,7439.0,29,3.0,3,4,0,Truck,Eicher,Petrol
317.0,475.0,712,7290.0,51,14.0,2,5,1,Tanker,Tata,Petrol
204.0,273.0,409,7412.0,30,15.0,9,3,0,Van,Eicher,Diesel
33.0,143.0,214,4353.0,48,2.0,7,2,0,Truck,Tata,CNG
271.0,93.0,139,2271.0,58,12.0,2,2,0,Van,Mahindra,Diesel
533.0,232.0,348,1460.0,41,4.0,11,0,0,Tanker,Ashok Leyland,Petrol
345.0,516.0,774,2112.0,58,12.0,8,0,0,Tanker,Tata,CNG
267.0,74.0,111,2035.0,48,3.0,5,4,0,Tanker,Tata,Diesel
88.0,518.0,777,4093.0,29,10.0,9,1,0,Tanker,Eicher,Petrol
481.0,442.0,663,9605.0,51,20.0,8,4,0,Mini Truck,Eicher,CNG
355.0,307.0,460,3619.0,52,13.0,12,4,0,Van,Eicher,Petrol
228.0,255.0,382,9564.0,52,13.0,2,3,0,Mini Truck,Tata,Diesel
402.0,363.0,544,7933.0,26,14.0,1,4,0,Mini Truck,Eicher,Diesel
141.0,273.0,409,7706.0,58,14.0,8,5,1,Tanker,Ashok Leyland,Petrol
373.0,73.0,109,1460.0,28,5.0,6,6,1,Tanker,Ashok Leyland,Petrol
197.0,117.0,175,4066.0,22,15.0,6,6,1,Van,Ashok Leyland,Petrol
178.0,250.0,375,8073.0,36,15.0,2,4,0,Van,Ashok Leyland,Diesel
84.0,414.0,621,7158.0,34,16.0,9,3,0,Truck,Ashok Leyland,Diesel
471.0,310.0,465,4833.0,24,17.0,11,6,1,Truck,Mahindra,Petrol
462.0,183.0,274,7092.0,48,3.0,1,5,1,Mini Truck,Eicher,Petrol
208.0,311.0,466,4573.0,52,13.0,8,5,1,Tanker,Mahindra,Diesel
446.0,586.0,879,4353.0,48,8.0,9,2,0,Truck,Tata,CNG
127.0,44.0,66,4497.0,46,1.0,11,6,1,Tanker,Eicher,Petrol
559.0,414.0,621,9605.0,33,20.0,12,4,0,Mini Truck,Eicher,CNG
181.0,143.0,214,9673.0,35,11.0,5,0,0,Van,Tata,Petrol
525.0,414.0,621,7092.0,29,5.0,5,2,0,Mini Truck,Eicher,Petrol
378.0,310.0,465,3400.0,29,5.0,5,5,1,Van,Ashok Leyland,Diesel
544.0,27.0,40,1257.0,35,11.0,3,6,1,Van,Ashok Leyland,Diesel
387.0,93.0,139,4619.0,28,21.0,2,2,0,Tanker,Eicher,CNG
43.0,52.0,78,1812.0,33,6.0,11,6,1,Van,Tata,CNG
382.0,520.0,780,4874.0,34,18.0,12,4,0,Mini Truck,Mahindra,Diesel
35.0,495.0,742,6711.0,23,11.0,5,3,0,Van,Ashok Leyland,Petrol
596.0,229.0,343,9202.0,37,22.0,11,0,0,Tanker,Ashok Leyland,Petrol
172.0,435.0,652,2942.0,23,20.0,6,4,0,Truck,Tata,CNG
325.0,218.0,327,2643.0,52,3.0,1,4,0,Truck,Tata,Petrol
353.0,61.0,91,4446.0,24,15.0,10,5,1,Mini Truck,Ashok Leyland,Diesel
103.0,586.0,879,4314.0,53,16.0,8,0,0,Van,Mahindra,Diesel
85.0,495.0,742,2588.0,39,5.0,12,2,0,Mini Truck,Ashok Leyland,Petrol
466.0,475.0,712,2112.0,41,13.0,10,1,0,Tanker,Tata,CNG
132.0,297.0,445,9356.0,51,14.0,2,2,0,Truck,Tata,CNG
327.0,520.0,780,1604.0,26,14.0,10,4,0,Truck,Tata,Diesel
446.0,194.0,291,8073.0,37,19.0,2,2,0,Van,Ashok Leyland,Diesel
467.0,105.0,157,4093.0,39,9.0,1,2,0,Tanker,Eicher,Petrol
176.0,61.0,91,3619.0,50,9.0,7,1,0,Van,Eicher,Petrol
242.0,66.0,99,1540.0,26,1.0,5,2,0,Van,Eicher,CNG
596.0,172.0,258,9564.0,33,6.0,7,0,0,Mini Truck,Tata,Diesel
403.0,352.0,528,8846.0,51,14.0,12,6,1,Mini Truck,Mahindra,CNG
334.0,483.0,724,506.0,48,16.0,1,1,0,Mini Truck,Eicher,CNG
289.0,172.0,258,1460.0,37,8.0,8,1,0,Tanker,Ashok Leyland,Petrol
462.0,297.0,445,1227.0,24,17.0,10,6,1,Tanker,Ashok Leyland,Petrol
532.0,445.0,667,4619.0,40,3.0,12,3,0,Tanker,Eicher,CNG
519.0,578.0,867,4446.0,33,6.0,12,1,0,Mini Truck,Ashok Leyland,Diesel
38.0,586.0,879,2588.0,58,19.0,6,1,0,Mini Truck,Ashok Leyland,Petrol
329.0,564.0,846,7933.0,23,20.0,10,6,1,Mini Truck,Eicher,Diesel
475.0,172.0,258,9400.0,46,1.0,3,6,1,Mini Truck,Ashok Leyland,Petrol
491.0,310.0,465,8846.0,34,18.0,5,6,1,Mini Truck,Mahindra,CNG
56.0,93.0,139,7092.0,51,2.0,12,6,1,Mini Truck,Eicher,Petrol
462.0,414.0,621,4108.0,44,4.0,1,0,0,Truck,Ashok Leyland,CNG
107.0,445.0,667,2588.0,58,14.0,2,3,0,Mini Truck,Ashok Leyland,Petrol
45.0,218.0,327,1460.0,41,25.0,1,1,0,Tanker,Ashok Leyland,Petrol
502.0,181.0,271,6073.0,41,4.0,6,0,0,Truck,Mahindra,CNG
220.0,105.0,157,8073.0,49,21.0,2,0,0,Van,Ashok Leyland,Diesel
406.0,435.0,652,7092.0,58,5.0,6,2,0,Mini Truck,Eicher,Petrol
167.0,52.0,78,7933.0,49,22.0,3,3,0,Mini Truck,Eicher,Diesel
241.0,414.0,621,7566.0,57,20.0,2,3,0,Truck,Ashok Leyland,Petrol
569.0,264.0,396,3846.0,52,3.0,3,0,0,Tanker,Mahindra,Petrol
81.0,34.0,51,3795.0,26,9.0,3,6,1,Tanker,Ashok Leyland,CNG
31.0,227.0,340,1540.0,57,20.0,4,1,0,Van,Eicher,CNG
514.0,322.0,483,7706.0,29,3.0,7,4,0,Tanker,Ashok Leyland,Petrol
514.0,253.0,379,9697.0,53,25.0,8,4,0,Mini Truck,Ashok Leyland,Diesel
62.0,495.0,742,1151.0,32,6.0,12,5,1,Truck,Ashok Leyland,CNG
125.0,34.0,51,1321.0,41,25.0,10,1,0,Truck,Mahindra,Diesel
185.0,483.0,724,4446.0,35,11.0,5,2,0,Mini Truck,Ashok Leyland,Diesel
498.0,53.0,79,7412.0,57,3.0,1,4,0,Van,Eicher,Diesel
256.0,332.0,498,4314.0,57,3.0,11,4,0,Van,Mahindra,Diesel
518.0,442.0,663,8979.0,39,22.0,9,0,0,Tanker,Mahindra,Petrol
199.0,105.0,157,1321.0,29,5.0,2,0,0,Truck,Mahindra,Diesel
45.0,435.0,652,8017.0,36,15.0,12,6,1,Tanker,Eicher,CNG
104.0,25.0,37,9227.0,35,15.0,7,0,0,Truck,Eicher,Diesel
366.0,52.0,78,3205.0,37,8.0,1,4,0,Van,Eicher,CNG
186.0,441.0,661,4550.0,37,19.0,9,0,0,Tanker,Eicher,Petrol
524.0,373.0,559,8846.0,35,11.0,8,1,0,Mini Truck,Mahindra,CNG
532.0,61.0,91,3757.0,40,8.0,3,6,1,Van,Tata,CNG
411.0,483.0,724,3619.0,41,13.0,4,0,0,Van,Eicher,Petrol
588.0,245.0,367,8979.0,57,20.0,1,4,0,Tanker,Mahindra,Petrol
251.0,531.0,796,4314.0,48,24.0,11,6,1,Van,Mahindra,Diesel
531.0,485.0,727,4582.0,35,25.0,6,6,1,Tanker,Tata,CNG
566.0,238.0,357,7706.0,39,11.0,9,4,0,Tanker,Ashok Leyland,Petrol
372.0,61.0,91,652.0,27,14.0,2,2,0,Tanker,Mahindra,Diesel
72.0,183.0,274,9564.0,23,20.0,8,5,1,Mini Truck,Tata,Diesel
379.0,245.0,367,7439.0,35,25.0,5,5,1,Truck,Eicher,Petrol
45.0,172.0,258,7439.0,49,8.0,11,6,1,Truck,Tata,CNG
230.0,387.0,580,4845.0,42,6.0,3,3,0,Tanker,Tata,Petrol
208.0,168.0,252,9697.0,36,20.0,8,2,0,Mini Truck,Ashok Leyland,Diesel
146.0,245.0,367,4833.0,56,2.0,3,6,1,Truck,Mahindra,Petrol
267.0,405.0,607,4399.0,49,18.0,7,6,1,Mini Truck,Tata,CNG
43.0,441.0,661,4779.0,55,9.0,2,4,0,Mini Truck,Tata,Diesel
22.0,93.0,139,9605.0,25,6.0,2,4,0,Mini Truck,Eicher,CNG
421.0,53.0,79,5655.0,22,15.0,2,2,0,Truck,Ashok Leyland,CNG
268.0,387.0,580,7439.0,33,20.0,11,1,0,Truck,Eicher,Petrol
589.0,34.0,51,5057.0,24,15.0,5,3,0,Van,Eicher,CNG
552.0,322.0,483,7706.0,33,6.0,12,1,0,Tanker,Ashok Leyland,Petrol
26.0,449.0,673,9356.0,50,17.0,1,3,0,Truck,Tata,CNG
50.0,227.0,340,4353.0,52,13.0,11,2,0,Truck,Tata,CNG
353.0,128.0,192,9564.0,51,20.0,6,4,0,Mini Truck,Tata,Diesel
260.0,245.0,367,7439.0,58,8.0,4,2,0,Truck,Eicher,Petrol
39.0,25.0,37,3400.0,51,14.0,7,3,0,Van,Ashok Leyland,Diesel
520.0,392.0,588,2296.0,39,11.0,6,6,1,Tanker,Tata,Diesel
160.0,572.0,858,1791.0,29,3.0,1,5,1,Tanker,Tata,Petrol
478.0,172.0,258,7706.0,50,25.0,11,5,1,Tanker,Ashok Leyland,Petrol
369.0,34.0,51,9227.0,29,3.0,9,6,1,Truck,Eicher,Diesel
30.0,328.0,492,4001.0,46,15.0,5,1,0,Tanker,Eicher,CNG
65.0,44.0,66,1227.0,39,5.0,5,1,0,Tanker,Ashok Leyland,Petrol
99.0,247.0,370,8879.0,53,25.0,8,5,1,Mini Truck,Eicher,CNG
188.0,112.0,168,7566.0,29,3.0,3,5,1,Truck,Ashok Leyland,Petrol
464.0,195.0,292,4497.0,35,25.0,10,3,0,Tanker,Eicher,Petrol
333.0,322.0,483,1540.0,40,23.0,12,4,0,Van,Eicher,CNG
64.0,181.0,271,1812.0,24,17.0,1,6,1,Van,Tata,CNG
39.0,483.0,724,2019.0,23,19.0,6,6,1,Van,Mahindra,Diesel
256.0,387.0,580,4093.0,51,20.0,5,2,0,Tanker,Eicher,Petrol
356.0,245.0,367,7439.0,35,23.0,7,6,1,Truck,Eicher,Petrol
40.0,322.0,483,4314.0,40,3.0,12,3,0,Van,Mahindra,Diesel
36.0,66.0,99,7290.0,49,18.0,2,6,1,Tanker,Tata,Petrol
436.0,495.0,742,4833.0,48,2.0,8,0,0,Truck,Mahindra,Petrol
520.0,414.0,621,7439.0,52,13.0,3,6,1,Truck,Eicher,Petrol
73.0,592.0,888,4573.0,47,11.0,9,3,0,Tanker,Mahindra,Diesel
294.0,250.0,375,2644.0,29,3.0,12,1,0,Van,Mahindra,Petrol
543.0,58.0,87,7412.0,35,11.0,4,4,0,Van,Eicher,Diesel
233.0,172.0,258,9564.0,53,16.0,4,2,0,Mini Truck,Tata,Diesel
507.0,402.0,603,7439.0,50,25.0,2,2,0,Truck,Eicher,Petrol
489.0,423.0,634,2588.0,53,25.0,9,0,0,Mini Truck,Ashok Leyland,Petrol
429.0,531.0,796,9356.0,35,11.0,6,0,0,Truck,Tata,CNG
111.0,143.0,214,4573.0,49,11.0,2,0,0,Tanker,Mahindra,Diesel
109.0,128.0,192,4314.0,52,11.0,12,6,1,Van,Mahindra,Diesel
529.0,373.0,559,1791.0,48,24.0,9,2,0,Tanker,Tata,Petrol
547.0,197.0,295,1321.0,48,2.0,11,6,1,Truck,Mahindra,Diesel
460.0,495.0,742,4353.0,27,9.0,10,2,0,Truck,Tata,CNG
537.0,441.0,661,4001.0,30,15.0,11,5,1,Tanker,Eicher,CNG
311.0,436.0,654,5057.0,53,12.0,2,1,0,Van,Eicher,CNG
420.0,352.0,528,2588.0,58,15.0,6,5,1,Mini Truck,Ashok Leyland,Petrol
540.0,24.0,36,3400.0,57,22.0,11,0,0,Van,Ashok Leyland,Diesel
587.0,269.0,403,1257.0,50,3.0,2,0,0,Van,Ashok Leyland,Diesel
49.0,172.0,258,9400.0,28,5.0,12,3,0,Mini Truck,Ashok Leyland,Petrol
101.0,547.0,820,4399.0,22,5.0,4,0,0,Mini Truck,Tata,CNG
374.0,586.0,879,2035.0,51,20.0,8,4,0,Tanker,Tata,Diesel
177.0,485.0,727,8073.0,53,25.0,8,4,0,Van,Ashok Leyland,Diesel
317.0,586.0,879,1549.0,23,7.0,1,5,1,Truck,Ashok Leyland,Diesel
52.0,296.0,444,4833.0,33,6.0,12,2,0,Truck,Mahindra,Petrol
509.0,516.0,774,8879.0,39,5.0,8,0,0,Mini Truck,Eicher,CNG
308.0,352.0,528,1321.0,47,17.0,5,5,1,Truck,Mahindra,Diesel
101.0,559.0,838,6711.0,37,16.0,9,2,0,Van,Ashok Leyland,Petrol
528.0,572.0,858,4353.0,34,18.0,10,1,0,Truck,Tata,CNG
178.0,352.0,528,7507.0,36,20.0,12,2,0,Van,Eicher,CNG
275.0,435.0,652,1812.0,23,7.0,4,1,0,Van,Tata,CNG
172.0,555.0,832,9697.0,52,11.0,11,2,0,Mini Truck,Ashok Leyland,Diesel
260.0,245.0,367,7933.0,41,13.0,9,5,1,Mini Truck,Eicher,Diesel
132.0,449.0,673,5052.0,23,19.0,4,4,0,Van,Eicher,Petrol
91.0,117.0,175,4314.0,31,7.0,3,1,0,Van,Mahindra,Diesel
370.0,54.0,81,1227.0,46,1.0,6,3,0,Tanker,Ashok Leyland,Petrol
535.0,442.0,663,4502.0,50,25.0,2,6,1,Van,Mahindra,Diesel
382.0,194.0,291,2035.0,26,9.0,4,0,0,Tanker,Tata,Diesel
480.0,34.0,51,4502.0,48,8.0,9,5,1,Van,Mahindra,Diesel
414.0,435.0,652,1812.0,58,8.0,4,0,0,Van,Tata,CNG
86.0,402.0,603,7805.0,35,25.0,1,3,0,Tanker,Eicher,CNG
116.0,112.0,168,1812.0,24,2.0,3,6,1,Van,Tata,CNG
307.0,245.0,367,5057.0,34,18.0,6,1,0,Van,Eicher,CNG
57.0,483.0,724,7439.0,26,9.0,10,4,0,Truck,Eicher,Petrol
453.0,238.0,357,1639.0,29,3.0,3,6,1,Mini Truck,Ashok Leyland,CNG
320.0,332.0,498,3757.0,27,4.0,2,4,0,Van,Tata,CNG
204.0,435.0,652,9202.0,23,7.0,8,1,0,Tanker,Ashok Leyland,Petrol
330.0,328.0,492,8073.0,35,11.0,10,5,1,Van,Ashok Leyland,Diesel
513.0,328.0,492,1604.0,44,4.0,9,1,0,Truck,Tata,Diesel
123.0,520.0,780,2644.0,31,13.0,9,0,0,Van,Mahindra,Petrol
144.0,277.0,415,9400.0,57,14.0,5,6,1,Mini Truck,Ashok Leyland,Petrol
256.0,435.0,652,7566.0,37,8.0,4,6,1,Truck,Ashok Leyland,Petrol
76.0,535.0,802,3769.0,39,2.0,7,0,0,Truck,Eicher,Diesel
102.0,518.0,777,4066.0,25,8.0,12,1,0,Van,Ashok Leyland,Petrol
445.0,535.0,802,4833.0,26,1.0,4,1,0,Truck,Mahindra,Petrol
546.0,307.0,460,7933.0,41,25.0,3,2,0,Mini Truck,Eicher,Diesel
589.0,456.0,684,9227.0,39,11.0,3,6,1,Truck,Eicher,Diesel
404.0,373.0,559,7933.0,28,5.0,6,6,1,Mini Truck,Eicher,Diesel
238.0,273.0,409,9673.0,29,11.0,5,3,0,Van,Tata,Petrol
552.0,27.0,40,4779.0,41,4.0,6,1,0,Mini Truck,Tata,Diesel
456.0,238.0,357,1639.0,50,17.0,6,1,0,Mini Truck,Ashok Leyland,CNG
510.0,592.0,888,7507.0,36,8.0,9,4,0,Van,Eicher,CNG
292.0,352.0,528,4001.0,39,2.0,6,0,0,Tanker,Eicher,CNG
426.0,405.0,607,5813.0,23,20.0,2,0,0,Mini Truck,Ashok Leyland,CNG
94.0,441.0,661,9697.0,22,15.0,2,5,1,Mini Truck,Ashok Leyland,Diesel
521.0,518.0,777,7619.0,47,11.0,7,2,0,Mini Truck,Tata,Diesel
387.0,264.0,396,4502.0,50,9.0,4,3,0,Van,Mahindra,Diesel
169.0,277.0,415,7805.0,37,19.0,5,3,0,Tanker,Eicher,CNG
241.0,572.0,858,5779.0,26,1.0,9,1,0,Mini Truck,Ashok Leyland,Petrol
588.0,218.0,327,8073.0,46,1.0,2,3,0,Van,Ashok Leyland,Diesel
576.0,156.0,234,3146.0,58,15.0,10,4,0,Van,Ashok Leyland,Petrol
172.0,229.0,343,3846.0,40,3.0,10,0,0,Tanker,Mahindra,Petrol
39.0,509.0,763,4573.0,40,3.0,6,6,1,Tanker,Mahindra,Diesel
570.0,245.0,367,5057.0,52,3.0,1,4,0,Van,Eicher,CNG
33.0,143.0,214,3846.0,36,15.0,9,3,0,Tanker,Mahindra,Petrol
177.0,52.0,78,8017.0,44,9.0,8,4,0,Tanker,Eicher,CNG
85.0,435.0,652,8979.0,53,25.0,1,2,0,Tanker,Mahindra,Petrol
345.0,143.0,214,2667.0,49,11.0,6,3,0,Tanker,Ashok Leyland,CNG
270.0,156.0,234,5585.0,28,15.0,5,6,1,Truck,Ashok Leyland,CNG
581.0,296.0,444,9673.0,48,3.0,12,6,1,Van,Tata,Petrol
297.0,227.0,340,1227.0,52,13.0,7,1,0,Tanker,Ashok Leyland,Petrol
357.0,449.0,673,5052.0,53,12.0,11,6,1,Van,Eicher,Petrol
576.0,277.0,415,7439.0,50,8.0,6,1,0,Truck,Tata,CNG
302.0,516.0,774,5052.0,38,3.0,7,5,1,Van,Eicher,Petrol
566.0,328.0,492,2035.0,50,7.0,6,5,1,Tanker,Tata,Diesel
462.0,373.0,559,4152.0,48,24.0,6,1,0,Mini Truck,Mahindra,Diesel
20.0,484.0,726,4550.0,46,1.0,3,4,0,Tanker,Eicher,Petrol
554.0,405.0,607,6073.0,48,18.0,4,6,1,Truck,Mahindra,CNG
463.0,334.0,501,5006.0,52,3.0,9,0,0,Truck,Tata,CNG
128.0,531.0,796,5006.0,42,20.0,8,5,1,Truck,Tata,CNG
245.0,73.0,109,8945.0,39,9.0,4,1,0,Van,Tata,Petrol
278.0,509.0,763,2541.0,58,8.0,9,0,0,Mini Truck,Mahindra,CNG
324.0,495.0,742,4550.0,33,6.0,3,2,0,Tanker,Eicher,Petrol
285.0,423.0,634,8073.0,39,9.0,4,0,0,Van,Ashok Leyland,Diesel
341.0,592.0,888,2271.0,31,21.0,4,4,0,Van,Mahindra,Diesel
585.0,58.0,87,506.0,54,4.0,4,6,1,Mini Truck,Eicher,CNG
520.0,273.0,409,7439.0,27,14.0,3,3,0,Truck,Eicher,Petrol
22.0,392.0,588,1227.0,40,8.0,2,5,1,Tanker,Ashok Leyland,Petrol
222.0,441.0,661,4066.0,25,7.0,5,6,1,Van,Ashok Leyland,Petrol
368.0,74.0,111,2179.0,42,6.0,12,0,0,Van,Ashok Leyland,CNG
341.0,245.0,367,2112.0,26,9.0,5,1,0,Tanker,Tata,CNG
518.0,310.0,465,8017.0,57,14.0,8,6,1,Tanker,Eicher,CNG
440.0,412.0,618,3992.0,51,2.0,11,6,1,Truck,Tata,CNG
389.0,128.0,192,7933.0,41,4.0,4,4,0,Mini Truck,Eicher,Diesel
597.0,195.0,292,1321.0,39,17.0,7,3,0,Truck,Mahindra,Diesel
192.0,227.0,340,4085.0,56,15.0,3,1,0,Truck,Tata,Petrol
310.0,328.0,492,2541.0,36,8.0,6,6,1,Mini Truck,Mahindra,CNG
351.0,475.0,712,3795.0,31,13.0,3,2,0,Tanker,Ashok Leyland,CNG
458.0,34.0,51,5655.0,46,4.0,12,5,1,Truck,Ashok Leyland,CNG
83.0,445.0,667,3950.0,46,4.0,8,4,0,Mini Truck,Mahindra,CNG
403.0,392.0,588,6073.0,39,2.0,1,3,0,Truck,Mahindra,CNG
232.0,181.0,271,506.0,53,12.0,1,3,0,Mini Truck,Eicher,CNG
107.0,238.0,357,5006.0,49,8.0,10,6,1,Truck,Tata,CNG
75.0,496.0,744,652.0,31,7.0,6,5,1,Tanker,Mahindra,Diesel
550.0,586.0,879,4833.0,57,3.0,6,2,0,Truck,Mahindra,Petrol
351.0,485.0,727,5585.0,41,4.0,2,5,1,Truck,Ashok Leyland,CNG
446.0,572.0,858,3950.0,46,4.0,5,0,0,Mini Truck,Mahindra,CNG
82.0,269.0,403,6362.0,24,17.0,5,1,0,Mini Truck,Mahindra,Diesel
96.0,93.0,139,5006.0,33,6.0,9,4,0,Truck,Tata,CNG
107.0,572.0,858,4314.0,57,3.0,1,4,0,Van,Mahindra,Diesel
72.0,520.0,780,2271.0,39,11.0,12,6,1,Van,Mahindra,Diesel
196.0,518.0,777,5057.0,58,12.0,12,6,1,Van,Eicher,CNG
361.0,44.0,66,8846.0,45,15.0,9,4,0,Mini Truck,Mahindra,CNG
284.0,373.0,559,1540.0,37,19.0,11,1,0,Van,Eicher,CNG
212.0,66.0,99,5779.0,58,19.0,8,6,1,Mini Truck,Ashok Leyland,Petrol
488.0,277.0,415,1735.0,54,4.0,1,4,0,Mini Truck,Eicher,Diesel
420.0,66.0,99,1460.0,57,22.0,11,0,0,Tanker,Ashok Leyland,Petrol
92.0,412.0,618,4833.0,28,5.0,4,1,0,Truck,Mahindra,Petrol
441.0,405.0,607,1639.0,27,9.0,9,1,0,Mini Truck,Ashok Leyland,CNG
448.0,555.0,832,7805.0,51,2.0,12,2,0,Tanker,Eicher,CNG
359.0,332.0,498,8504.0,29,11.0,9,5,1,Van,Mahindra,CNG
205.0,34.0,51,4108.0,37,19.0,5,0,0,Truck,Ashok Leyland,CNG
545.0,496.0,744,2197.0,28,15.0,8,1,0,Truck,Mahindra,CNG
159.0,172.0,258,1791.0,42,6.0,9,5,1,Tanker,Tata,Petrol
275.0,61.0,91,3769.0,58,15.0,12,4,0,Truck,Eicher,Diesel
380.0,495.0,742,2541.0,52,3.0,3,6,1,Mini Truck,Mahindra,CNG
542.0,277.0,415,8945.0,58,8.0,2,5,1,Van,Tata,Petrol
56.0,554.0,831,2296.0,28,18.0,11,2,0,Tanker,Tata,Diesel
37.0,307.0,460,6477.0,58,5.0,7,1,0,Tanker,Mahindra,Petrol
473.0,253.0,379,7507.0,50,8.0,7,2,0,Van,Eicher,CNG
173.0,273.0,409,9400.0,36,20.0,7,1,0,Mini Truck,Ashok Leyland,Petrol
468.0,322.0,483,3992.0,41,25.0,1,6,1,Truck,Tata,CNG
292.0,168.0,252,6073.0,58,14.0,3,4,0,Truck,Mahindra,CNG
501.0,441.0,661,1735.0,28,5.0,2,1,0,Mini Truck,Eicher,Diesel
149.0,143.0,214,7706.0,29,5.0,8,6,1,Tanker,Ashok Leyland,Petrol
440.0,269.0,403,7412.0,33,6.0,2,0,0,Van,Eicher,Diesel
305.0,181.0,271,9605.0,26,14.0,8,0,0,Mini Truck,Eicher,CNG
358.0,44.0,66,1639.0,52,3.0,7,2,0,Mini Truck,Ashok Leyland,CNG
453.0,412.0,618,652.0,23,11.0,12,3,0,Tanker,Mahindra,Diesel
350.0,520.0,780,3950.0,23,20.0,6,2,0,Mini Truck,Mahindra,CNG
270.0,143.0,214,1257.0,48,3.0,7,1,0,Van,Ashok Leyland,Diesel
454.0,253.0,379,9697.0,33,23.0,4,2,0,Mini Truck,Ashok Leyland,Diesel
37.0,484.0,726,9673.0,37,23.0,7,2,0,Van,Tata,Petrol
222.0,441.0,661,3146.0,39,5.0,4,0,0,Van,Ashok Leyland,Petrol
399.0,172.0,258,7158.0,42,20.0,12,6,1,Truck,Ashok Leyland,Diesel
313.0,245.0,367,652.0,48,18.0,7,2,0,Tanker,Mahindra,Diesel
78.0,504.0,756,4497.0,22,5.0,4,5,1,Tanker,Eicher,Petrol
113.0,449.0,673,5779.0,40,25.0,7,4,0,Mini Truck,Ashok Leyland,Petrol
110.0,172.0,258,2271.0,25,17.0,8,1,0,Van,Mahindra,Diesel
344.0,229.0,343,7092.0,58,5.0,7,4,0,Mini Truck,Eicher,Petrol
28.0,53.0,79,3205.0,53,1.0,3,6,1,Van,Eicher,CNG
258.0,387.0,580,6477.0,48,18.0,3,4,0,Tanker,Mahindra,Petrol
462.0,592.0,888,1460.0,45,15.0,9,2,0,Tanker,Ashok Leyland,Petrol
189.0,143.0,214,5813.0,48,18.0,9,6,1,Mini Truck,Ashok Leyland,CNG
558.0,436.0,654,7439.0,41,25.0,2,5,1,Truck,Eicher,Petrol
130.0,449.0,673,2296.0,22,15.0,11,0,0,Tanker,Tata,Diesel
242.0,436.0,654,5057.0,52,3.0,11,6,1,Van,Eicher,CNG
175.0,54.0,81,4497.0,31,2.0,7,0,0,Tanker,Eicher,Petrol
90.0,435.0,652,1812.0,26,9.0,8,1,0,Van,Tata,CNG
50.0,322.0,483,2667.0,58,3.0,6,0,0,Tanker,Ashok Leyland,CNG
289.0,297.0,445,2296.0,46,18.0,4,2,0,Tanker,Tata,Diesel
506.0,93.0,139,8504.0,37,23.0,8,4,0,Van,Mahindra,CNG
177.0,229.0,343,8504.0,35,11.0,2,1,0,Van,Mahindra,CNG
406.0,53.0,79,4502.0,39,2.0,1,2,0,Van,Mahindra,Diesel
470.0,232.0,348,4582.0,23,7.0,4,4,0,Tanker,Tata,CNG
428.0,483.0,724,4779.0,24,15.0,2,3,0,Mini Truck,Tata,Diesel
492.0,24.0,36,1257.0,34,24.0,2,0,0,Van,Ashok Leyland,Diesel
522.0,441.0,661,3757.0,56,15.0,7,4,0,Van,Tata,CNG
511.0,311.0,466,4353.0,41,4.0,3,1,0,Truck,Tata,CNG
429.0,245.0,367,9227.0,26,9.0,12,0,0,Truck,Eicher,Diesel
133.0,475.0,712,2643.0,52,13.0,2,3,0,Truck,Tata,Petrol
339.0,245.0,367,4845.0,56,2.0,10,2,0,Tanker,Tata,Petrol
190.0,93.0,139,2243.0,36,20.0,4,6,1,Mini Truck,Ashok Leyland,CNG
296.0,172.0,258,7412.0,33,6.0,2,3,0,Van,Eicher,Diesel
600.0,363.0,544,4108.0,48,3.0,1,6,1,Truck,Ashok Leyland,CNG
108.0,402.0,603,3757.0,26,14.0,12,5,1,Van,Tata,CNG
173.0,168.0,252,7566.0,34,24.0,4,3,0,Truck,Ashok Leyland,Petrol
389.0,93.0,139,7706.0,50,9.0,8,4,0,Tanker,Ashok Leyland,Petrol
383.0,73.0,109,5585.0,37,22.0,12,1,0,Truck,Ashok Leyland,CNG
439.0,105.0,157,6073.0,53,16.0,12,6,1,Truck,Mahindra,CNG
546.0,531.0,796,2296.0,30,15.0,12,0,0,Tanker,Tata,Diesel
33.0,456.0,684,5779.0,35,11.0,9,4,0,Mini Truck,Ashok Leyland,Petrol
599.0,250.0,375,3205.0,51,2.0,2,1,0,Van,Eicher,CNG
271.0,456.0,684,8945.0,39,10.0,11,0,0,Van,Tata,Petrol
514.0,564.0,846,4093.0,57,20.0,11,5,1,Tanker,Eicher,Petrol
487.0,34.0,51,8017.0,41,4.0,5,1,0,Tanker,Eicher,CNG
430.0,197.0,295,5813.0,41,4.0,5,2,0,Mini Truck,Ashok Leyland,CNG
536.0,229.0,343,2541.0,58,12.0,9,4,0,Mini Truck,Mahindra,CNG
329.0,483.0,724,4502.0,34,16.0,9,1,0,Van,Mahindra,Diesel
527.0,255.0,382,7290.0,52,14.0,12,6,1,Tanker,Tata,Petrol
368.0,195.0,292,3400.0,41,25.0,4,0,0,Van,Ashok Leyland,Diesel
389.0,516.0,774,4353.0,23,16.0,9,6,1,Truck,Tata,CNG
21.0,232.0,348,2942.0,29,11.0,2,6,1,Truck,Tata,CNG
544.0,24.0,36,3950.0,57,22.0,4,2,0,Mini Truck,Mahindra,CNG
530.0,373.0,559,2644.0,55,2.0,3,6,1,Van,Mahindra,Petrol
297.0,504.0,756,2296.0,35,15.0,4,0,0,Tanker,Tata,Diesel
155.0,547.0,820,5006.0,51,2.0,5,6,1,Truck,Tata,CNG
400.0,535.0,802,4066.0,50,7.0,2,3,0,Van,Ashok Leyland,Petrol
370.0,496.0,744,1812.0,24,15.0,10,4,0,Van,Tata,CNG
383.0,531.0,796,2332.0,40,23.0,5,6,1,Mini Truck,Eicher,Diesel
244.0,559.0,838,4550.0,57,22.0,12,6,1,Tanker,Eicher,Petrol
258.0,27.0,40,1735.0,55,2.0,5,5,1,Mini Truck,Eicher,Diesel
339.0,559.0,838,4497.0,25,8.0,8,3,0,Tanker,Eicher,Petrol
518.0,449.0,673,1812.0,26,1.0,8,5,1,Van,Tata,CNG
556.0,555.0,832,4108.0,29,5.0,7,0,0,Truck,Ashok Leyland,CNG
385.0,53.0,79,8879.0,30,10.0,7,0,0,Mini Truck,Eicher,CNG
572.0,412.0,618,9697.0,49,11.0,11,6,1,Mini Truck,Ashok Leyland,Diesel
231.0,232.0,348,2296.0,50,8.0,8,3,0,Tanker,Tata,Diesel
58.0,143.0,214,2942.0,46,15.0,9,3,0,Truck,Tata,CNG
542.0,412.0,618,4845.0,46,18.0,11,0,0,Tanker,Tata,Petrol
50.0,363.0,544,1151.0,37,19.0,1,5,1,Truck,Ashok Leyland,CNG
526.0,520.0,780,1812.0,39,5.0,10,2,0,Van,Tata,CNG
353.0,586.0,879,2197.0,24,15.0,12,6,1,Truck,Mahindra,CNG
444.0,516.0,774,3205.0,29,3.0,12,3,0,Van,Eicher,CNG
173.0,334.0,501,2643.0,26,9.0,7,0,0,Truck,Tata,Petrol
405.0,586.0,879,4085.0,42,6.0,4,2,0,Truck,Tata,Petrol
482.0,405.0,607,4497.0,31,2.0,12,0,0,Tanker,Eicher,Petrol
50.0,61.0,91,4833.0,37,8.0,7,6,1,Truck,Mahindra,Petrol
79.0,554.0,831,5052.0,29,3.0,11,4,0,Van,Eicher,Petrol
189.0,504.0,756,2271.0,34,18.0,6,6,1,Van,Mahindra,Diesel
357.0,564.0,846,9227.0,41,23.0,9,5,1,Truck,Eicher,Diesel
337.0,435.0,652,7507.0,33,23.0,5,5,1,Van,Eicher,CNG
80.0,253.0,379,3846.0,39,11.0,3,2,0,Tanker,Mahindra,Petrol
366.0,245.0,367,3846.0,58,12.0,11,0,0,Tanker,Mahindra,Petrol
248.0,25.0,37,1151.0,57,3.0,8,4,0,Truck,Ashok Leyland,CNG
513.0,535.0,802,5006.0,36,8.0,6,2,0,Truck,Tata,CNG
321.0,555.0,832,8073.0,23,11.0,7,1,0,Van,Ashok Leyland,Diesel
414.0,352.0,528,6362.0,33,20.0,12,5,1,Mini Truck,Mahindra,Diesel
117.0,255.0,382,5057.0,41,23.0,10,3,0,Van,Eicher,CNG
245.0,61.0,91,4874.0,30,15.0,1,3,0,Mini Truck,Mahindra,Diesel
187.0,128.0,192,7805.0,40,8.0,7,2,0,Tanker,Eicher,CNG
377.0,128.0,192,2197.0,42,20.0,5,6,1,Truck,Mahindra,CNG
128.0,52.0,78,8979.0,57,20.0,1,2,0,Tanker,Mahindra,Petrol
115.0,255.0,382,1639.0,31,21.0,3,4,0,Mini Truck,Ashok Leyland,CNG
311.0,445.0,667,4833.0,31,21.0,8,6,1,Truck,Mahindra,Petrol
70.0,93.0,139,9356.0,52,3.0,2,0,0,Truck,Tata,CNG
585.0,128.0,192,4001.0,54,4.0,2,1,0,Tanker,Eicher,CNG
380.0,423.0,634,4573.0,37,10.0,8,3,0,Tanker,Mahindra,Diesel
300.0,66.0,99,3950.0,40,23.0,12,6,1,Mini Truck,Mahindra,CNG
485.0,232.0,348,7619.0,23,16.0,3,3,0,Mini Truck,Tata,Diesel
566.0,218.0,327,4619.0,48,3.0,10,1,0,Tanker,Eicher,CNG
429.0,311.0,466,5064.0,57,22.0,1,1,0,Van,Eicher,Petrol
171.0,255.0,382,5655.0,31,2.0,3,1,0,Truck,Ashok Leyland,CNG
419.0,518.0,777,2243.0,33,6.0,11,1,0,Mini Truck,Ashok Leyland,CNG
28.0,578.0,867,1460.0,23,7.0,3,1,0,Tanker,Ashok Leyland,Petrol
212.0,509.0,763,9227.0,28,15.0,10,3,0,Truck,Eicher,Diesel
255.0,255.0,382,4353.0,23,16.0,5,2,0,Truck,Tata,CNG
251.0,586.0,879,3769.0,31,23.0,1,6,1,Truck,Eicher,Diesel
571.0,495.0,742,8945.0,37,23.0,4,6,1,Van,Tata,Petrol
118.0,25.0,37,4093.0,52,13.0,5,3,0,Tanker,Eicher,Petrol
599.0,273.0,409,9697.0,55,9.0,4,5,1,Mini Truck,Ashok Leyland,Diesel
327.0,74.0,111,7706.0,37,19.0,4,1,0,Tanker,Ashok Leyland,Petrol
227.0,311.0,466,2667.0,32,6.0,10,4,0,Tanker,Ashok Leyland,CNG
359.0,496.0,744,2942.0,46,15.0,11,5,1,Truck,Tata,CNG
144.0,229.0,343,4314.0,50,7.0,5,2,0,Van,Mahindra,Diesel
411.0,245.0,367,1604.0,39,10.0,1,1,0,Truck,Tata,Diesel
510.0,496.0,744,7439.0,31,23.0,11,5,1,Truck,Eicher,Petrol
303.0,392.0,588,1460.0,55,9.0,4,1,0,Tanker,Ashok Leyland,Petrol
66.0,44.0,66,2644.0,42,6.0,8,6,1,Van,Mahindra,Petrol
528.0,183.0,274,4446.0,43,15.0,7,0,0,Mini Truck,Ashok Leyland,Diesel
528.0,245.0,367,3400.0,29,5.0,6,5,1,Van,Ashok Leyland,Diesel
237.0,27.0,40,5779.0,58,14.0,6,4,0,Mini Truck,Ashok Leyland,Petrol
326.0,592.0,888,2332.0,31,2.0,5,3,0,Mini Truck,Eicher,Diesel
553.0,216.0,324,2541.0,37,10.0,4,5,1,Mini Truck,Mahindra,CNG
260.0,117.0,175,6073.0,50,3.0,12,2,0,Truck,Mahindra,CNG
250.0,456.0,684,2197.0,23,16.0,4,2,0,Truck,Mahindra,CNG
233.0,24.0,36,8504.0,50,9.0,6,2,0,Van,Mahindra,CNG
283.0,402.0,603,1639.0,58,15.0,1,5,1,Mini Truck,Ashok Leyland,CNG
577.0,547.0,820,4446.0,46,15.0,9,0,0,Mini Truck,Ashok Leyland,Diesel
33.0,194.0,291,5655.0,40,8.0,10,3,0,Truck,Ashok Leyland,CNG
96.0,516.0,774,5813.0,58,19.0,11,2,0,Mini Truck,Ashok Leyland,CNG
512.0,296.0,444,8846.0,50,9.0,11,4,0,Mini Truck,Mahindra,CNG
423.0,442.0,663,3992.0,28,21.0,4,3,0,Truck,Tata,CNG
392.0,449.0,673,7619.0,48,24.0,6,1,0,Mini Truck,Tata,Diesel
510.0,112.0,168,2197.0,49,18.0,6,4,0,Truck,Mahindra,CNG
267.0,495.0,742,5655.0,25,17.0,10,5,1,Truck,Ashok Leyland,CNG
262.0,531.0,796,7566.0,40,23.0,9,2,0,Truck,Ashok Leyland,Petrol
513.0,547.0,820,1604.0,31,3.0,3,3,0,Truck,Tata,Diesel
400.0,531.0,796,2588.0,27,14.0,6,5,1,Mini Truck,Ashok Leyland,Petrol
408.0,27.0,40,7290.0,50,3.0,2,6,1,Tanker,Tata,Petrol
489.0,66.0,99,8945.0,48,16.0,11,2,0,Van,Tata,Petrol
415.0,495.0,742,6477.0,40,3.0,8,4,0,Tanker,Mahindra,Petrol
164.0,592.0,888,8979.0,23,11.0,8,6,1,Tanker,Mahindra,Petrol
550.0,238.0,357,5779.0,37,8.0,5,4,0,Mini Truck,Ashok Leyland,Petrol
349.0,172.0,258,3846.0,49,21.0,7,5,1,Tanker,Mahindra,Petrol
264.0,61.0,91,6362.0,50,3.0,5,2,0,Mini Truck,Mahindra,Diesel
492.0,441.0,661,5942.0,39,17.0,2,2,0,Truck,Ashok Leyland,CNG
124.0,414.0,621,4152.0,57,22.0,9,0,0,Mini Truck,Mahindra,Diesel
457.0,516.0,774,7566.0,58,19.0,10,6,1,Truck,Ashok Leyland,Petrol
328.0,520.0,780,4502.0,28,5.0,9,0,0,Van,Mahindra,Diesel
549.0,572.0,858,2643.0,26,9.0,3,3,0,Truck,Tata,Petrol
213.0,322.0,483,6073.0,52,3.0,9,2,0,Truck,Mahindra,CNG
431.0,156.0,234,3146.0,58,3.0,5,1,0,Van,Ashok Leyland,Petrol
429.0,172.0,258,5064.0,58,5.0,1,5,1,Van,Eicher,Petrol
46.0,334.0,501,6073.0,29,5.0,12,4,0,Truck,Mahindra,CNG
354.0,435.0,652,8846.0,41,23.0,4,1,0,Mini Truck,Mahindra,CNG
76.0,412.0,618,4066.0,28,5.0,12,2,0,Van,Ashok Leyland,Petrol
387.0,74.0,111,5585.0,23,11.0,12,4,0,Truck,Ashok Leyland,CNG
558.0,194.0,291,5064.0,23,11.0,3,6,1,Van,Eicher,Petrol
127.0,229.0,343,7412.0,37,8.0,6,6,1,Van,Eicher,Diesel
212.0,247.0,370,2296.0,50,3.0,1,5,1,Tanker,Tata,Diesel
533.0,402.0,603,4497.0,28,15.0,6,0,0,Tanker,Eicher,Petrol
360.0,168.0,252,1257.0,53,15.0,11,5,1,Van,Ashok Leyland,Diesel
235.0,168.0,252,5064.0,34,16.0,1,6,1,Van,Eicher,Petrol
157.0,504.0,756,2643.0,37,23.0,1,6,1,Truck,Tata,Petrol
482.0,227.0,340,7706.0,28,15.0,11,0,0,Tanker,Ashok Leyland,Petrol
246.0,296.0,444,3950.0,50,3.0,12,6,1,Mini Truck,Mahindra,CNG
226.0,194.0,291,4399.0,47,1.0,2,0,0,Mini Truck,Tata,CNG
393.0,495.0,742,2019.0,23,7.0,10,2,0,Van,Mahindra,Diesel
72.0,535.0,802,3769.0,33,20.0,1,0,0,Truck,Eicher,Diesel
592.0,195.0,292,6477.0,47,1.0,10,6,1,Tanker,Mahindra,Petrol
450.0,66.0,99,7706.0,27,9.0,2,1,0,Tanker,Ashok Leyland,Petrol
45.0,34.0,51,7439.0,33,23.0,2,1,0,Truck,Tata,CNG
115.0,255.0,382,7805.0,31,3.0,3,6,1,Tanker,Eicher,CNG
69.0,297.0,445,4619.0,35,11.0,4,5,1,Tanker,Eicher,CNG
480.0,441.0,661,2942.0,58,8.0,7,6,1,Truck,Tata,CNG
172.0,559.0,838,1812.0,50,8.0,10,0,0,Van,Tata,CNG
220.0,73.0,109,2644.0,56,15.0,4,3,0,Van,Mahindra,Petrol
522.0,53.0,79,8879.0,29,11.0,9,3,0,Mini Truck,Eicher,CNG
591.0,34.0,51,4446.0,42,6.0,5,0,0,Mini Truck,Ashok Leyland,Diesel
523.0,363.0,544,1257.0,35,23.0,10,3,0,Van,Ashok Leyland,Diesel
249.0,495.0,742,8979.0,37,10.0,10,2,0,Tanker,Mahindra,Petrol
383.0,255.0,382,4353.0,53,12.0,6,1,0,Truck,Tata,CNG
109.0,216.0,324,4619.0,51,2.0,7,1,0,Tanker,Eicher,CNG
560.0,484.0,726,4314.0,44,4.0,5,0,0,Van,Mahindra,Diesel
537.0,297.0,445,9673.0,49,11.0,10,5,1,Van,Tata,Petrol
103.0,194.0,291,5052.0,58,3.0,9,0,0,Van,Eicher,Petrol
535.0,402.0,603,4874.0,39,17.0,12,2,0,Mini Truck,Mahindra,Diesel
225.0,436.0,654,4502.0,39,10.0,4,6,1,Van,Mahindra,Diesel
104.0,52.0,78,3205.0,53,1.0,4,1,0,Van,Eicher,CNG
441.0,74.0,111,3795.0,49,21.0,9,1,0,Tanker,Ashok Leyland,CNG
443.0,66.0,99,4619.0,38,3.0,12,2,0,Tanker,Eicher,CNG
359.0,172.0,258,1151.0,45,10.0,12,0,0,Truck,Ashok Leyland,CNG
384.0,264.0,396,2112.0,39,17.0,2,2,0,Tanker,Tata,CNG
484.0,518.0,777,4314.0,57,22.0,3,0,0,Van,Mahindra,Diesel
255.0,27.0,40,3205.0,58,19.0,12,4,0,Van,Eicher,CNG
323.0,485.0,727,7412.0,45,15.0,3,6,1,Van,Eicher,Diesel
297.0,578.0,867,5585.0,28,5.0,7,3,0,Truck,Ashok Leyland,CNG
358.0,117.0,175,4353.0,28,5.0,6,5,1,Truck,Tata,CNG
86.0,586.0,879,7290.0,51,20.0,4,1,0,Tanker,Tata,Petrol
246.0,25.0,37,7439.0,51,20.0,11,1,0,Truck,Tata,CNG
227.0,564.0,846,1460.0,54,22.0,7,5,1,Tanker,Ashok Leyland,Petrol
289.0,435.0,652,2271.0,57,20.0,12,3,0,Van,Mahindra,Diesel
30.0,52.0,78,5057.0,45,10.0,8,0,0,Van,Eicher,CNG
391.0,328.0,492,3757.0,29,10.0,12,5,1,Van,Tata,CNG
95.0,253.0,379,8846.0,22,5.0,8,1,0,Mini Truck,Mahindra,CNG
283.0,253.0,379,4399.0,54,4.0,5,2,0,Mini Truck,Tata,CNG
362.0,547.0,820,5585.0,43,15.0,11,6,1,Truck,Ashok Leyland,CNG
348.0,117.0,175,1321.0,28,21.0,1,6,1,Truck,Mahindra,Diesel
183.0,264.0,396,6073.0,35,25.0,3,1,0,Truck,Mahindra,CNG
245.0,504.0,756,2035.0,50,3.0,5,5,1,Tanker,Tata,Diesel
531.0,496.0,744,2019.0,48,3.0,7,2,0,Van,Mahindra,Diesel
556.0,405.0,607,2942.0,36,8.0,12,6,1,Truck,Tata,CNG
495.0,194.0,291,8504.0,48,3.0,4,3,0,Van,Mahindra,CNG
457.0,554.0,831,5655.0,50,25.0,5,4,0,Truck,Ashok Leyland,CNG
522.0,250.0,375,5064.0,57,3.0,10,5,1,Van,Eicher,Petrol
143.0,405.0,607,4093.0,58,3.0,12,2,0,Tanker,Eicher,Petrol
385.0,332.0,498,4619.0,40,3.0,6,4,0,Tanker,Eicher,CNG
500.0,441.0,661,2588.0,42,6.0,11,5,1,Mini Truck,Ashok Leyland,Petrol
83.0,586.0,879,4550.0,58,3.0,5,1,0,Tanker,Eicher,Petrol
522.0,216.0,324,3846.0,44,4.0,12,6,1,Tanker,Mahindra,Petrol
509.0,441.0,661,8879.0,37,23.0,9,6,1,Mini Truck,Eicher,CNG
76.0,495.0,742,5779.0,56,2.0,9,5,1,Mini Truck,Ashok Leyland,Petrol
298.0,436.0,654,9697.0,39,5.0,5,2,0,Mini Truck,Ashok Leyland,Diesel
406.0,149.0,223,2243.0,44,4.0,7,1,0,Mini Truck,Ashok Leyland,CNG
298.0,34.0,51,2588.0,48,3.0,4,2,0,Mini Truck,Ashok Leyland,Petrol
81.0,105.0,157,7566.0,31,23.0,8,2,0,Truck,Ashok Leyland,Petrol
377.0,586.0,879,3950.0,45,15.0,3,6,1,Mini Truck,Mahindra,CNG
92.0,269.0,403,5813.0,39,11.0,10,5,1,Mini Truck,Ashok Leyland,CNG
348.0,435.0,652,4152.0,27,9.0,8,2,0,Mini Truck,Mahindra,Diesel
531.0,554.0,831,1227.0,37,23.0,8,5,1,Tanker,Ashok Leyland,Petrol
362.0,392.0,588,2296.0,30,10.0,2,1,0,Tanker,Tata,Diesel
369.0,156.0,234,5006.0,49,19.0,11,2,0,Truck,Tata,CNG
311.0,442.0,663,7619.0,27,4.0,12,5,1,Mini Truck,Tata,Diesel
254.0,245.0,367,9202.0,29,3.0,1,4,0,Tanker,Ashok Leyland,Petrol
70.0,334.0,501,7619.0,33,6.0,10,2,0,Mini Truck,Tata,Diesel
331.0,334.0,501,5585.0,28,15.0,7,1,0,Truck,Ashok Leyland,CNG
311.0,112.0,168,4108.0,35,15.0,6,2,0,Truck,Ashok Leyland,CNG
143.0,405.0,607,4353.0,42,18.0,8,6,1,Truck,Tata,CNG
175.0,93.0,139,8073.0,35,25.0,6,5,1,Van,Ashok Leyland,Diesel
432.0,34.0,51,2112.0,34,24.0,4,2,0,Tanker,Tata,CNG
340.0,435.0,652,3795.0,52,11.0,5,5,1,Tanker,Ashok Leyland,CNG
471.0,75.0,112,8979.0,52,11.0,9,0,0,Tanker,Mahindra,Petrol
222.0,195.0,292,4066.0,23,11.0,2,5,1,Van,Ashok Leyland,Petrol
39.0,328.0,492,2332.0,58,3.0,12,4,0,Mini Truck,Eicher,Diesel
493.0,75.0,112,5064.0,42,20.0,12,4,0,Van,Eicher,Petrol
467.0,27.0,40,2644.0,37,19.0,5,0,0,Van,Mahindra,Petrol
257.0,250.0,375,5052.0,48,16.0,6,3,0,Van,Eicher,Petrol
78.0,310.0,465,2112.0,54,22.0,11,4,0,Tanker,Tata,CNG
429.0,564.0,846,3619.0,25,6.0,7,4,0,Van,Eicher,Petrol
387.0,328.0,492,6362.0,26,14.0,5,2,0,Mini Truck,Mahindra,Diesel
213.0,73.0,109,1735.0,50,25.0,6,5,1,Mini Truck,Eicher,Diesel
443.0,484.0,726,4779.0,29,10.0,12,3,0,Mini Truck,Tata,Diesel
529.0,475.0,712,5813.0,50,25.0,8,3,0,Mini Truck,Ashok Leyland,CNG
384.0,363.0,544,9227.0,31,21.0,11,1,0,Truck,Eicher,Diesel
263.0,73.0,109,4497.0,23,11.0,9,3,0,Tanker,Eicher,Petrol
142.0,363.0,544,652.0,47,11.0,12,4,0,Tanker,Mahindra,Diesel
127.0,311.0,466,8846.0,31,2.0,8,5,1,Mini Truck,Mahindra,CNG
362.0,516.0,774,2296.0,40,25.0,1,2,0,Tanker,Tata,Diesel
44.0,554.0,831,4093.0,52,13.0,2,3,0,Tanker,Eicher,Petrol
84.0,66.0,99,8017.0,28,5.0,7,4,0,Tanker,Eicher,CNG
441.0,297.0,445,7439.0,24,17.0,9,2,0,Truck,Eicher,Petrol
486.0,149.0,223,7072.0,42,6.0,10,0,0,Van,Tata,Petrol
150.0,34.0,51,7290.0,48,24.0,8,3,0,Tanker,Tata,Petrol
520.0,475.0,712,3846.0,29,5.0,11,2,0,Tanker,Mahindra,Petrol
184.0,245.0,367,2588.0,50,9.0,8,1,0,Mini Truck,Ashok Leyland,Petrol
278.0,195.0,292,4446.0,58,3.0,2,0,0,Mini Truck,Ashok Leyland,Diesel
487.0,554.0,831,4353.0,49,22.0,11,4,0,Truck,Tata,CNG
346.0,66.0,99,3795.0,53,12.0,11,4,0,Tanker,Ashok Leyland,CNG
215.0,445.0,667,5057.0,34,16.0,11,5,1,Van,Eicher,CNG
440.0,52.0,78,4314.0,25,6.0,8,3,0,Van,Mahindra,Diesel
499.0,485.0,727,4502.0,26,14.0,8,2,0,Van,Mahindra,Diesel
52.0,405.0,607,7566.0,29,11.0,7,4,0,Truck,Ashok Leyland,Petrol
337.0,445.0,667,506.0,26,14.0,2,4,0,Mini Truck,Eicher,CNG
474.0,194.0,291,7072.0,36,15.0,5,2,0,Van,Tata,Petrol
43.0,247.0,370,4001.0,48,7.0,1,4,0,Tanker,Eicher,CNG
283.0,402.0,603,4353.0,52,14.0,12,3,0,Truck,Tata,CNG
529.0,218.0,327,5655.0,53,15.0,10,6,1,Truck,Ashok Leyland,CNG
354.0,496.0,744,7706.0,48,7.0,4,1,0,Tanker,Ashok Leyland,Petrol
49.0,412.0,618,4399.0,43,15.0,4,5,1,Mini Truck,Tata,CNG
560.0,156.0,234,4399.0,42,6.0,2,0,0,Mini Truck,Tata,CNG
315.0,392.0,588,7933.0,37,16.0,5,5,1,Mini Truck,Eicher,Diesel
506.0,197.0,295,1540.0,29,5.0,4,1,0,Van,Eicher,CNG
178.0,572.0,858,3205.0,39,5.0,2,2,0,Van,Eicher,CNG
358.0,392.0,588,2197.0,43,15.0,12,5,1,Truck,Mahindra,CNG
364.0,277.0,415,6477.0,53,1.0,8,5,1,Tanker,Mahindra,Petrol
439.0,445.0,667,2112.0,30,15.0,7,6,1,Tanker,Tata,CNG
357.0,61.0,91,4314.0,28,18.0,5,5,1,Van,Mahindra,Diesel
296.0,414.0,621,7619.0,47,1.0,6,3,0,Mini Truck,Tata,Diesel
156.0,296.0,444,7439.0,51,20.0,9,3,0,Truck,Eicher,Petrol
231.0,255.0,382,4152.0,55,9.0,7,3,0,Mini Truck,Mahindra,Diesel
321.0,435.0,652,3992.0,47,17.0,8,4,0,Truck,Tata,CNG
271.0,495.0,742,5942.0,34,18.0,10,5,1,Truck,Ashok Leyland,CNG
488.0,183.0,274,6362.0,50,8.0,6,5,1,Mini Truck,Mahindra,Diesel
163.0,172.0,258,2541.0,24,15.0,12,3,0,Mini Truck,Mahindra,CNG
279.0,216.0,324,3757.0,42,6.0,5,5,1,Van,Tata,CNG
81.0,112.0,168,2644.0,35,11.0,12,5,1,Van,Mahindra,Petrol
256.0,564.0,846,4833.0,27,14.0,5,1,0,Truck,Mahindra,Petrol
233.0,392.0,588,1604.0,36,8.0,5,2,0,Truck,Tata,Diesel
297.0,143.0,214,2197.0,34,18.0,2,4,0,Truck,Mahindra,CNG
418.0,232.0,348,1604.0,51,2.0,12,6,1,Truck,Tata,Diesel
154.0,172.0,258,9356.0,31,13.0,3,4,0,Truck,Tata,CNG
372.0,485.0,727,4550.0,55,2.0,6,0,0,Tanker,Eicher,Petrol
134.0,255.0,382,1791.0,34,16.0,12,1,0,Tanker,Tata,Petrol
234.0,232.0,348,5942.0,34,16.0,4,2,0,Truck,Ashok Leyland,CNG
183.0,311.0,466,7507.0,33,6.0,10,1,0,Van,Eicher,CNG
509.0,334.0,501,2197.0,39,2.0,1,4,0,Truck,Mahindra,CNG
34.0,52.0,78,7619.0,23,11.0,4,5,1,Mini Truck,Tata,Diesel
44.0,405.0,607,4497.0,31,7.0,4,0,0,Tanker,Eicher,Petrol
25.0,484.0,726,1735.0,57,20.0,12,3,0,Mini Truck,Eicher,Diesel
468.0,75.0,112,4874.0,52,13.0,8,6,1,Mini Truck,Mahindra,Diesel
157.0,181.0,271,8073.0,57,20.0,7,0,0,Van,Ashok Leyland,Diesel
351.0,58.0,87,2541.0,31,3.0,2,5,1,Mini Truck,Mahindra,CNG
415.0,412.0,618,1549.0,57,3.0,2,5,1,Truck,Ashok Leyland,Diesel
467.0,572.0,858,7619.0,37,23.0,6,6,1,Mini Truck,Tata,Diesel
73.0,247.0,370,4779.0,47,11.0,10,3,0,Mini Truck,Tata,Diesel
469.0,34.0,51,9697.0,40,23.0,11,6,1,Mini Truck,Ashok Leyland,Diesel
225.0,227.0,340,5006.0,53,15.0,7,6,1,Truck,Tata,CNG
182.0,436.0,654,8017.0,48,3.0,3,1,0,Tanker,Eicher,CNG
418.0,181.0,271,7706.0,54,4.0,4,4,0,Tanker,Ashok Leyland,Petrol
369.0,269.0,403,3795.0,31,13.0,5,5,1,Tanker,Ashok Leyland,CNG
332.0,483.0,724,9356.0,48,18.0,4,6,1,Truck,Tata,CNG
20.0,442.0,663,9605.0,46,18.0,7,3,0,Mini Truck,Eicher,CNG
474.0,484.0,726,2644.0,58,14.0,5,2,0,Van,Mahindra,Petrol
45.0,93.0,139,4085.0,54,4.0,3,3,0,Truck,Tata,Petrol
475.0,253.0,379,4874.0,31,7.0,5,6,1,Mini Truck,Mahindra,Diesel
410.0,442.0,663,3400.0,56,2.0,11,1,0,Van,Ashok Leyland,Diesel
386.0,61.0,91,4502.0,50,8.0,9,6,1,Van,Mahindra,Diesel
533.0,183.0,274,5006.0,37,8.0,5,6,1,Truck,Tata,CNG
276.0,194.0,291,7439.0,34,16.0,3,5,1,Truck,Tata,CNG
44.0,105.0,157,2942.0,52,11.0,12,2,0,Truck,Tata,CNG
532.0,245.0,367,5052.0,41,25.0,9,5,1,Van,Eicher,Petrol
570.0,194.0,291,1460.0,37,16.0,11,6,1,Tanker,Ashok Leyland,Petrol
98.0,250.0,375,1604.0,55,4.0,4,3,0,Truck,Tata,Diesel
218.0,24.0,36,2296.0,49,21.0,7,4,0,Tanker,Tata,Diesel
100.0,310.0,465,5942.0,40,25.0,4,0,0,Truck,Ashok Leyland,CNG
316.0,34.0,51,8504.0,47,11.0,6,5,1,Van,Mahindra,CNG
441.0,245.0,367,8073.0,33,6.0,12,0,0,Van,Ashok Leyland,Diesel
487.0,52.0,78,2271.0,33,23.0,11,2,0,Van,Mahindra,Diesel
570.0,25.0,37,1257.0,44,4.0,9,1,0,Van,Ashok Leyland,Diesel
416.0,194.0,291,9400.0,28,18.0,3,6,1,Mini Truck,Ashok Leyland,Petrol
462.0,387.0,580,4779.0,25,7.0,2,5,1,Mini Truck,Tata,Diesel
390.0,392.0,588,2588.0,26,25.0,8,4,0,Mini Truck,Ashok Leyland,Petrol
79.0,435.0,652,5655.0,42,20.0,4,1,0,Truck,Ashok Leyland,CNG
485.0,277.0,415,7290.0,57,14.0,11,2,0,Tanker,Tata,Petrol
297.0,475.0,712,4497.0,24,15.0,10,5,1,Tanker,Eicher,Petrol
571.0,509.0,763,5655.0,30,10.0,6,5,1,Truck,Ashok Leyland,CNG
559.0,328.0,492,2019.0,42,20.0,4,2,0,Van,Mahindra,Diesel
561.0,495.0,742,2296.0,37,16.0,10,3,0,Tanker,Tata,Diesel
237.0,547.0,820,2019.0,50,3.0,10,3,0,Van,Mahindra,Diesel
32.0,435.0,652,3619.0,49,18.0,5,3,0,Van,Eicher,Petrol
267.0,232.0,348,3400.0,36,15.0,4,3,0,Van,Ashok Leyland,Diesel
374.0,496.0,744,5585.0,25,8.0,9,5,1,Truck,Ashok Leyland,CNG
598.0,74.0,111,3992.0,45,15.0,5,5,1,Truck,Tata,CNG
134.0,112.0,168,8846.0,35,11.0,3,1,0,Mini Truck,Mahindra,CNG
111.0,456.0,684,4399.0,28,21.0,11,0,0,Mini Truck,Tata,CNG
277.0,435.0,652,1257.0,48,16.0,9,3,0,Van,Ashok Leyland,Diesel
596.0,172.0,258,8979.0,58,15.0,8,3,0,Tanker,Mahindra,Petrol
81.0,441.0,661,5052.0,48,7.0,7,0,0,Van,Eicher,Petrol
313.0,485.0,727,1227.0,27,14.0,10,2,0,Tanker,Ashok Leyland,Petrol
340.0,168.0,252,4085.0,49,18.0,12,6,1,Truck,Tata,Petrol
531.0,75.0,112,1791.0,52,3.0,5,2,0,Tanker,Tata,Petrol
438.0,442.0,663,7158.0,25,6.0,2,6,1,Truck,Ashok Leyland,Diesel
291.0,156.0,234,6073.0,57,14.0,3,6,1,Truck,Mahindra,CNG
459.0,168.0,252,5052.0,31,23.0,8,4,0,Van,Eicher,Petrol
245.0,27.0,40,7619.0,48,24.0,11,6,1,Mini Truck,Tata,Diesel
225.0,436.0,654,3400.0,55,4.0,5,1,0,Van,Ashok Leyland,Diesel
578.0,307.0,460,2644.0,28,15.0,7,3,0,Van,Mahindra,Petrol
457.0,73.0,109,3769.0,28,21.0,1,2,0,Truck,Eicher,Diesel
266.0,392.0,588,4108.0,42,6.0,4,1,0,Truck,Ashok Leyland,CNG
122.0,218.0,327,1151.0,29,3.0,9,0,0,Truck,Ashok Leyland,CNG
457.0,392.0,588,7805.0,34,16.0,1,5,1,Tanker,Eicher,CNG
577.0,61.0,91,2541.0,42,6.0,7,0,0,Mini Truck,Mahindra,CNG
89.0,105.0,157,4085.0,22,15.0,1,0,0,Truck,Tata,Petrol
48.0,435.0,652,6477.0,52,11.0,10,2,0,Tanker,Mahindra,Petrol
176.0,352.0,528,7439.0,58,19.0,3,1,0,Truck,Tata,CNG
268.0,449.0,673,4093.0,27,14.0,9,1,0,Tanker,Eicher,Petrol
586.0,392.0,588,2332.0,29,10.0,2,5,1,Mini Truck,Eicher,Diesel
456.0,194.0,291,5052.0,28,21.0,6,6,1,Van,Eicher,Petrol
562.0,181.0,271,2332.0,36,15.0,4,5,1,Mini Truck,Eicher,Diesel
94.0,504.0,756,7706.0,52,14.0,9,6,1,Tanker,Ashok Leyland,Petrol
263.0,27.0,40,5057.0,50,7.0,5,4,0,Van,Eicher,CNG
579.0,592.0,888,2332.0,49,19.0,1,5,1,Mini Truck,Eicher,Diesel
413.0,250.0,375,9202.0,38,9.0,8,1,0,Tanker,Ashok Leyland,Petrol
121.0,53.0,79,5052.0,52,3.0,6,3,0,Van,Eicher,Petrol
240.0,547.0,820,7290.0,53,15.0,3,6,1,Tanker,Tata,Petrol
282.0,277.0,415,4874.0,24,2.0,9,3,0,Mini Truck,Mahindra,Diesel
326.0,531.0,796,7706.0,23,16.0,6,5,1,Tanker,Ashok Leyland,Petrol
32.0,181.0,271,3146.0,46,18.0,3,1,0,Van,Ashok Leyland,Petrol
82.0,128.0,192,8846.0,57,22.0,1,5,1,Mini Truck,Mahindra,CNG
533.0,52.0,78,4573.0,47,11.0,11,1,0,Tanker,Mahindra,Diesel
592.0,52.0,78,4779.0,26,9.0,5,5,1,Mini Truck,Tata,Diesel
27.0,504.0,756,9227.0,42,18.0,2,6,1,Truck,Eicher,Diesel
580.0,61.0,91,6073.0,25,6.0,9,3,0,Truck,Mahindra,CNG
217.0,449.0,673,8073.0,33,20.0,8,3,0,Van,Ashok Leyland,Diesel
60.0,149.0,223,4066.0,28,18.0,9,2,0,Van,Ashok Leyland,Petrol
500.0,183.0,274,5052.0,57,3.0,1,1,0,Van,Eicher,Petrol
280.0,310.0,465,8879.0,49,21.0,7,2,0,Mini Truck,Eicher,CNG
576.0,296.0,444,8846.0,36,8.0,2,1,0,Mini Truck,Mahindra,CNG
147.0,24.0,36,6362.0,57,22.0,12,1,0,Mini Truck,Mahindra,Diesel
428.0,128.0,192,3769.0,49,8.0,4,6,1,Truck,Eicher,Diesel
333.0,520.0,780,5942.0,53,1.0,1,1,0,Truck,Ashok Leyland,CNG
230.0,322.0,483,9400.0,51,2.0,12,3,0,Mini Truck,Ashok Leyland,Petrol
186.0,592.0,888,9356.0,55,9.0,7,1,0,Truck,Tata,CNG
588.0,412.0,618,6073.0,28,18.0,10,0,0,Truck,Mahindra,CNG
292.0,273.0,409,7439.0,30,10.0,7,4,0,Truck,Eicher,Petrol
422.0,24.0,36,3769.0,46,15.0,5,5,1,Truck,Eicher,Diesel
251.0,405.0,607,4093.0,45,15.0,11,5,1,Tanker,Eicher,Petrol
440.0,435.0,652,4066.0,52,11.0,8,2,0,Van,Ashok Leyland,Petrol
156.0,572.0,858,7706.0,37,16.0,3,0,0,Tanker,Ashok Leyland,Petrol
140.0,520.0,780,4399.0,48,16.0,7,3,0,Mini Truck,Tata,CNG
498.0,572.0,858,2667.0,45,10.0,10,3,0,Tanker,Ashok Leyland,CNG
96.0,253.0,379,3205.0,51,14.0,10,3,0,Van,Eicher,CNG
287.0,435.0,652,4833.0,29,5.0,1,4,0,Truck,Mahindra,Petrol
221.0,181.0,271,9400.0,46,15.0,12,3,0,Mini Truck,Ashok Leyland,Petrol
327.0,554.0,831,6477.0,34,24.0,3,1,0,Tanker,Mahindra,Petrol
68.0,247.0,370,1227.0,30,10.0,9,6,1,Tanker,Ashok Leyland,Petrol
418.0,572.0,858,8879.0,41,4.0,10,6,1,Mini Truck,Eicher,CNG
336.0,253.0,379,5064.0,23,20.0,4,4,0,Van,Eicher,Petrol
215.0,405.0,607,2112.0,39,11.0,4,6,1,Tanker,Tata,CNG
512.0,435.0,652,8979.0,25,8.0,3,6,1,Tanker,Mahindra,Petrol
581.0,61.0,91,1321.0,58,12.0,4,3,0,Truck,Mahindra,Diesel
296.0,520.0,780,4833.0,29,10.0,6,6,1,Truck,Mahindra,Petrol
193.0,555.0,832,7566.0,45,15.0,5,6,1,Truck,Ashok Leyland,Petrol
49.0,75.0,112,3950.0,35,15.0,12,0,0,Mini Truck,Mahindra,CNG
122.0,218.0,327,2035.0,48,24.0,8,3,0,Tanker,Tata,Diesel
369.0,495.0,742,9227.0,39,22.0,11,2,0,Truck,Eicher,Diesel
499.0,44.0,66,1151.0,47,17.0,3,1,0,Truck,Ashok Leyland,CNG
110.0,194.0,291,4573.0,58,12.0,2,3,0,Tanker,Mahindra,Diesel
248.0,264.0,396,1151.0,34,16.0,2,3,0,Truck,Ashok Leyland,CNG
72.0,405.0,607,7412.0,31,3.0,12,2,0,Van,Eicher,Diesel
199.0,484.0,726,4550.0,27,4.0,3,0,0,Tanker,Eicher,Petrol
234.0,392.0,588,7805.0,31,21.0,9,6,1,Tanker,Eicher,CNG
20.0,232.0,348,7507.0,49,8.0,3,5,1,Van,Eicher,CNG
530.0,297.0,445,1549.0,46,4.0,2,1,0,Truck,Ashok Leyland,Diesel
377.0,52.0,78,9697.0,57,22.0,6,6,1,Mini Truck,Ashok Leyland,Diesel
87.0,296.0,444,2332.0,51,14.0,9,1,0,Mini Truck,Eicher,Diesel
256.0,442.0,663,2019.0,27,9.0,5,2,0,Van,Mahindra,Diesel
328.0,255.0,382,2667.0,26,25.0,3,6,1,Tanker,Ashok Leyland,CNG
163.0,475.0,712,4550.0,39,17.0,12,5,1,Tanker,Eicher,Petrol
70.0,483.0,724,2112.0,53,25.0,1,5,1,Tanker,Tata,CNG
452.0,586.0,879,9605.0,25,17.0,1,1,0,Mini Truck,Eicher,CNG
146.0,74.0,111,1257.0,53,12.0,1,0,0,Van,Ashok Leyland,Diesel
450.0,554.0,831,9564.0,50,8.0,10,3,0,Mini Truck,Tata,Diesel
389.0,232.0,348,5057.0,52,11.0,6,4,0,Van,Eicher,CNG
205.0,307.0,460,9400.0,39,17.0,6,1,0,Mini Truck,Ashok Leyland,Petrol
349.0,245.0,367,7092.0,43,15.0,11,6,1,Mini Truck,Eicher,Petrol
399.0,105.0,157,5006.0,23,11.0,5,0,0,Truck,Tata,CNG
337.0,554.0,831,8945.0,23,11.0,2,3,0,Van,Tata,Petrol
246.0,66.0,99,506.0,54,22.0,12,3,0,Mini Truck,Eicher,CNG
203.0,484.0,726,4619.0,50,3.0,10,1,0,Tanker,Eicher,CNG
393.0,547.0,820,7158.0,42,6.0,6,1,0,Truck,Ashok Leyland,Diesel
400.0,73.0,109,1151.0,22,15.0,8,0,0,Truck,Ashok Leyland,CNG
103.0,255.0,382,1321.0,56,15.0,3,6,1,Truck,Mahindra,Diesel
418.0,255.0,382,8879.0,25,8.0,2,3,0,Mini Truck,Eicher,CNG
251.0,53.0,79,2035.0,49,10.0,9,4,0,Tanker,Tata,Diesel
376.0,269.0,403,4619.0,40,8.0,2,5,1,Tanker,Eicher,CNG
21.0,405.0,607,4550.0,57,22.0,9,5,1,Tanker,Eicher,Petrol
331.0,143.0,214,7439.0,49,10.0,1,4,0,Truck,Eicher,Petrol
573.0,54.0,81,2643.0,39,2.0,2,3,0,Truck,Tata,Petrol
442.0,402.0,603,506.0,25,7.0,1,3,0,Mini Truck,Eicher,CNG
50.0,53.0,79,2296.0,35,15.0,12,6,1,Tanker,Tata,Diesel
331.0,402.0,603,4066.0,39,9.0,8,4,0,Van,Ashok Leyland,Petrol
354.0,128.0,192,2541.0,54,22.0,5,1,0,Mini Truck,Mahindra,CNG
523.0,181.0,271,2179.0,40,8.0,8,0,0,Van,Ashok Leyland,CNG
522.0,518.0,777,6711.0,31,7.0,9,2,0,Van,Ashok Leyland,Petrol
275.0,352.0,528,3769.0,33,6.0,2,4,0,Truck,Eicher,Diesel
88.0,554.0,831,4502.0,46,15.0,2,6,1,Van,Mahindra,Diesel
319.0,559.0,838,1321.0,28,15.0,5,2,0,Truck,Mahindra,Diesel
498.0,405.0,607,5006.0,41,13.0,8,5,1,Truck,Tata,CNG
106.0,572.0,858,2271.0,49,21.0,3,4,0,Van,Mahindra,Diesel
190.0,227.0,340,4353.0,37,19.0,2,5,1,Truck,Tata,CNG
289.0,93.0,139,5655.0,25,6.0,12,4,0,Truck,Ashok Leyland,CNG
54.0,181.0,271,8879.0,33,6.0,7,2,0,Mini Truck,Eicher,CNG
355.0,93.0,139,1151.0,30,10.0,6,3,0,Truck,Ashok Leyland,CNG
248.0,227.0,340,2296.0,23,16.0,5,5,1,Tanker,Tata,Diesel
20.0,554.0,831,4446.0,36,20.0,10,1,0,Mini Truck,Ashok Leyland,Diesel
353.0,105.0,157,8879.0,39,11.0,4,2,0,Mini Truck,Eicher,CNG
25.0,52.0,78,2243.0,27,9.0,9,0,0,Mini Truck,Ashok Leyland,CNG
597.0,255.0,382,7706.0,49,22.0,5,4,0,Tanker,Ashok Leyland,Petrol
343.0,311.0,466,2179.0,33,20.0,12,6,1,Van,Ashok Leyland,CNG
76.0,559.0,838,4497.0,48,7.0,9,6,1,Tanker,Eicher,Petrol
257.0,34.0,51,7439.0,47,11.0,2,0,0,Truck,Tata,CNG
563.0,520.0,780,9673.0,48,16.0,8,6,1,Van,Tata,Petrol
225.0,255.0,382,1791.0,49,10.0,11,3,0,Tanker,Tata,Petrol
309.0,535.0,802,2179.0,44,4.0,9,6,1,Van,Ashok Leyland,CNG
237.0,277.0,415,1639.0,49,18.0,6,4,0,Mini Truck,Ashok Leyland,CNG
437.0,310.0,465,2035.0,28,5.0,11,6,1,Tanker,Tata,Diesel
24.0,442.0,663,9202.0,24,15.0,12,1,0,Tanker,Ashok Leyland,Petrol
592.0,516.0,774,3992.0,42,20.0,3,0,0,Truck,Tata,CNG
563.0,373.0,559,5057.0,55,9.0,7,5,1,Van,Eicher,CNG
210.0,227.0,340,4108.0,51,20.0,3,6,1,Truck,Ashok Leyland,CNG
520.0,555.0,832,3146.0,41,4.0,8,5,1,Van,Ashok Leyland,Petrol
503.0,387.0,580,7566.0,27,4.0,6,3,0,Truck,Ashok Leyland,Petrol
434.0,484.0,726,1735.0,42,6.0,11,6,1,Mini Truck,Eicher,Diesel
327.0,475.0,712,7805.0,49,19.0,11,1,0,Tanker,Eicher,CNG
449.0,34.0,51,2588.0,45,10.0,10,3,0,Mini Truck,Ashok Leyland,Petrol
351.0,297.0,445,1791.0,25,7.0,7,4,0,Tanker,Tata,Petrol
388.0,483.0,724,4093.0,27,9.0,7,1,0,Tanker,Eicher,Petrol
365.0,484.0,726,3992.0,25,8.0,5,1,0,Truck,Tata,CNG
27.0,495.0,742,8017.0,56,15.0,4,5,1,Tanker,Eicher,CNG
305.0,93.0,139,3146.0,46,15.0,8,3,0,Van,Ashok Leyland,Petrol
199.0,269.0,403,4619.0,50,9.0,5,6,1,Tanker,Eicher,CNG
396.0,509.0,763,4874.0,35,15.0,12,1,0,Mini Truck,Mahindra,Diesel
562.0,25.0,37,4779.0,58,5.0,10,4,0,Mini Truck,Tata,Diesel
250.0,559.0,838,5006.0,25,8.0,9,6,1,Truck,Tata,CNG
196.0,564.0,846,4085.0,58,19.0,4,3,0,Truck,Tata,Petrol
235.0,247.0,370,2112.0,30,10.0,7,6,1,Tanker,Tata,CNG
316.0,449.0,673,6362.0,56,2.0,8,2,0,Mini Truck,Mahindra,Diesel
227.0,232.0,348,2332.0,39,9.0,2,5,1,Mini Truck,Eicher,Diesel
181.0,61.0,91,2667.0,34,18.0,9,4,0,Tanker,Ashok Leyland,CNG
434.0,559.0,838,2179.0,42,6.0,2,4,0,Van,Ashok Leyland,CNG
112.0,504.0,756,4399.0,54,4.0,11,4,0,Mini Truck,Tata,CNG
333.0,586.0,879,2942.0,48,16.0,3,0,0,Truck,Tata,CNG
543.0,483.0,724,7158.0,37,23.0,6,1,0,Truck,Ashok Leyland,Diesel
38.0,334.0,501,6073.0,34,18.0,2,2,0,Truck,Mahindra,CNG
128.0,117.0,175,4779.0,24,2.0,10,1,0,Mini Truck,Tata,Diesel
523.0,311.0,466,1604.0,41,13.0,1,3,0,Truck,Tata,Diesel
460.0,277.0,415,2197.0,38,3.0,7,5,1,Truck,Mahindra,CNG
557.0,518.0,777,5779.0,48,16.0,12,0,0,Mini Truck,Ashok Leyland,Petrol
89.0,572.0,858,4582.0,50,7.0,8,4,0,Tanker,Tata,CNG
247.0,352.0,528,8979.0,57,20.0,3,1,0,Tanker,Mahindra,Petrol
344.0,197.0,295,8504.0,58,12.0,11,0,0,Van,Mahindra,CNG
181.0,227.0,340,1321.0,22,5.0,5,2,0,Truck,Mahindra,Diesel
508.0,405.0,607,7412.0,35,11.0,3,0,0,Van,Eicher,Diesel
322.0,495.0,742,4582.0,35,23.0,8,2,0,Tanker,Tata,CNG
192.0,412.0,618,9202.0,27,4.0,9,6,1,Tanker,Ashok Leyland,Petrol
236.0,105.0,157,3757.0,48,3.0,11,4,0,Van,Tata,CNG
385.0,229.0,343,2179.0,23,11.0,5,6,1,Van,Ashok Leyland,CNG
501.0,245.0,367,9605.0,23,7.0,3,5,1,Mini Truck,Eicher,CNG
155.0,554.0,831,1227.0,53,1.0,6,4,0,Tanker,Ashok Leyland,Petrol
272.0,105.0,157,8879.0,26,25.0,6,0,0,Mini Truck,Eicher,CNG
555.0,250.0,375,4874.0,31,21.0,2,3,0,Mini Truck,Mahindra,Diesel
269.0,269.0,403,1549.0,31,3.0,3,1,0,Truck,Ashok Leyland,Diesel
245.0,572.0,858,2296.0,52,3.0,5,2,0,Tanker,Tata,Diesel
158.0,44.0,66,7805.0,41,23.0,1,4,0,Tanker,Eicher,CNG
592.0,66.0,99,7507.0,58,14.0,12,0,0,Van,Eicher,CNG
520.0,592.0,888,3757.0,33,20.0,4,3,0,Van,Tata,CNG
480.0,572.0,858,4497.0,26,9.0,11,3,0,Tanker,Eicher,Petrol
481.0,311.0,466,1460.0,34,18.0,6,0,0,Tanker,Ashok Leyland,Petrol
570.0,24.0,36,7439.0,29,10.0,7,3,0,Truck,Eicher,Petrol
414.0,229.0,343,1151.0,35,25.0,12,3,0,Truck,Ashok Leyland,CNG
167.0,412.0,618,2296.0,22,5.0,12,6,1,Tanker,Tata,Diesel
376.0,495.0,742,2942.0,53,15.0,10,2,0,Truck,Tata,CNG
348.0,441.0,661,4502.0,41,4.0,12,2,0,Van,Mahindra,Diesel
281.0,255.0,382,2035.0,42,20.0,1,6,1,Tanker,Tata,Diesel
298.0,352.0,528,4108.0,24,17.0,9,2,0,Truck,Ashok Leyland,CNG
145.0,255.0,382,4353.0,35,11.0,2,2,0,Truck,Tata,CNG
535.0,273.0,409,4085.0,52,3.0,6,1,0,Truck,Tata,Petrol
284.0,311.0,466,4093.0,35,11.0,11,5,1,Tanker,Eicher,Petrol
511.0,483.0,724,4085.0,39,2.0,8,0,0,Truck,Tata,Petrol
395.0,168.0,252,4353.0,42,18.0,12,6,1,Truck,Tata,CNG
76.0,484.0,726,7933.0,55,4.0,3,5,1,Mini Truck,Eicher,Diesel
283.0,578.0,867,2197.0,53,15.0,1,2,0,Truck,Mahindra,CNG
121.0,253.0,379,4833.0,35,11.0,3,6,1,Truck,Mahindra,Petrol
20.0,255.0,382,9400.0,40,3.0,2,5,1,Mini Truck,Ashok Leyland,Petrol
238.0,52.0,78,2271.0,42,6.0,3,0,0,Van,Mahindra,Diesel
339.0,405.0,607,652.0,51,20.0,4,3,0,Tanker,Mahindra,Diesel
336.0,495.0,742,9227.0,44,4.0,9,0,0,Truck,Eicher,Diesel
209.0,578.0,867,2112.0,38,9.0,2,1,0,Tanker,Tata,CNG
158.0,216.0,324,3757.0,48,24.0,2,3,0,Van,Tata,CNG
32.0,554.0,831,4582.0,50,8.0,8,5,1,Tanker,Tata,CNG
483.0,194.0,291,3205.0,28,5.0,1,3,0,Van,Eicher,CNG
196.0,34.0,51,8979.0,24,2.0,8,4,0,Tanker,Mahindra,Petrol
40.0,572.0,858,7805.0,25,17.0,4,3,0,Tanker,Eicher,CNG
295.0,255.0,382,3846.0,52,11.0,11,6,1,Tanker,Mahindra,Petrol
461.0,245.0,367,1604.0,36,20.0,3,6,1,Truck,Tata,Diesel
473.0,572.0,858,2942.0,53,12.0,4,6,1,Truck,Tata,CNG
547.0,183.0,274,9673.0,50,3.0,9,0,0,Van,Tata,Petrol
540.0,436.0,654,8846.0,48,7.0,11,2,0,Mini Truck,Mahindra,CNG
45.0,572.0,858,2035.0,40,8.0,2,0,0,Tanker,Tata,Diesel
246.0,250.0,375,5813.0,48,3.0,12,5,1,Mini Truck,Ashok Leyland,CNG
317.0,445.0,667,1227.0,37,23.0,3,1,0,Tanker,Ashok Leyland,Petrol
172.0,402.0,603,7706.0,40,23.0,3,6,1,Tanker,Ashok Leyland,Petrol
172.0,484.0,726,5064.0,37,23.0,8,3,0,Van,Eicher,Petrol
427.0,554.0,831,5942.0,29,3.0,11,2,0,Truck,Ashok Leyland,CNG
171.0,143.0,214,4550.0,57,14.0,11,1,0,Tanker,Eicher,Petrol
443.0,194.0,291,4066.0,50,7.0,10,4,0,Van,Ashok Leyland,Petrol
542.0,195.0,292,2643.0,28,5.0,5,4,0,Truck,Tata,Petrol
220.0,555.0,832,2644.0,30,10.0,5,1,0,Van,Mahindra,Petrol
256.0,247.0,370,3205.0,26,1.0,5,2,0,Van,Eicher,CNG
501.0,297.0,445,4779.0,37,19.0,9,1,0,Mini Truck,Tata,Diesel
38.0,564.0,846,5057.0,52,3.0,7,0,0,Van,Eicher,CNG
308.0,564.0,846,1460.0,47,17.0,9,0,0,Tanker,Ashok Leyland,Petrol
146.0,128.0,192,3757.0,27,14.0,12,6,1,Van,Tata,CNG
255.0,352.0,528,4314.0,37,16.0,2,3,0,Van,Mahindra,Diesel
106.0,250.0,375,9400.0,46,15.0,6,3,0,Mini Truck,Ashok Leyland,Petrol
251.0,535.0,802,4399.0,55,4.0,7,3,0,Mini Truck,Tata,CNG
129.0,449.0,673,3992.0,49,8.0,4,4,0,Truck,Tata,CNG
308.0,273.0,409,9356.0,32,6.0,11,2,0,Truck,Tata,CNG
425.0,520.0,780,9227.0,36,20.0,6,6,1,Truck,Eicher,Diesel
36.0,194.0,291,6362.0,51,14.0,12,0,0,Mini Truck,Mahindra,Diesel
535.0,73.0,109,4001.0,41,25.0,11,4,0,Tanker,Eicher,CNG
75.0,273.0,409,1735.0,40,25.0,11,5,1,Mini Truck,Eicher,Diesel
583.0,435.0,652,8879.0,53,1.0,12,3,0,Mini Truck,Eicher,CNG
437.0,93.0,139,4874.0,50,7.0,10,2,0,Mini Truck,Mahindra,Diesel
520.0,334.0,501,1321.0,28,21.0,11,4,0,Truck,Mahindra,Diesel
427.0,578.0,867,8979.0,25,7.0,11,2,0,Tanker,Mahindra,Petrol
198.0,475.0,712,2643.0,52,14.0,12,2,0,Truck,Tata,Petrol
147.0,34.0,51,2243.0,35,11.0,9,4,0,Mini Truck,Ashok Leyland,CNG
282.0,535.0,802,7412.0,35,23.0,8,5,1,Van,Eicher,Diesel
422.0,387.0,580,5057.0,52,14.0,3,3,0,Van,Eicher,CNG
532.0,405.0,607,2667.0,55,9.0,4,1,0,Tanker,Ashok Leyland,CNG
221.0,250.0,375,2019.0,27,14.0,11,0,0,Van,Mahindra,Diesel
476.0,483.0,724,4845.0,55,4.0,1,4,0,Tanker,Tata,Petrol
110.0,264.0,396,1151.0,41,13.0,1,3,0,Truck,Ashok Leyland,CNG
325.0,245.0,367,4619.0,56,2.0,4,4,0,Tanker,Eicher,CNG
364.0,373.0,559,5057.0,25,7.0,9,2,0,Van,Eicher,CNG
140.0,172.0,258,4833.0,39,9.0,2,3,0,Truck,Mahindra,Petrol
493.0,128.0,192,4066.0,40,23.0,2,6,1,Van,Ashok Leyland,Petrol
392.0,334.0,501,3619.0,35,15.0,12,1,0,Van,Eicher,Petrol
549.0,195.0,292,8945.0,37,16.0,2,2,0,Van,Tata,Petrol
413.0,559.0,838,5057.0,45,15.0,8,4,0,Van,Eicher,CNG
127.0,143.0,214,2271.0,54,22.0,1,2,0,Van,Mahindra,Diesel
167.0,229.0,343,4619.0,23,19.0,5,4,0,Tanker,Eicher,CNG
218.0,273.0,409,4779.0,54,4.0,7,3,0,Mini Truck,Tata,Diesel
180.0,387.0,580,2541.0,46,4.0,12,2,0,Mini Truck,Mahindra,CNG
388.0,311.0,466,4085.0,54,4.0,2,0,0,Truck,Tata,Petrol
30.0,392.0,588,4093.0,57,22.0,11,6,1,Tanker,Eicher,Petrol
366.0,250.0,375,7439.0,38,9.0,5,1,0,Truck,Eicher,Petrol
595.0,555.0,832,2112.0,28,5.0,7,2,0,Tanker,Tata,CNG
96.0,586.0,879,4093.0,48,2.0,7,0,0,Tanker,Eicher,Petrol
530.0,441.0,661,3950.0,53,15.0,12,3,0,Mini Truck,Mahindra,CNG
28.0,34.0,51,4573.0,58,5.0,9,5,1,Tanker,Mahindra,Diesel
518.0,156.0,234,5064.0,37,23.0,10,5,1,Van,Eicher,Petrol
257.0,54.0,81,6477.0,56,2.0,8,6,1,Tanker,Mahindra,Petrol
290.0,435.0,652,4779.0,58,14.0,4,0,0,Mini Truck,Tata,Diesel
510.0,218.0,327,3795.0,25,6.0,9,6,1,Tanker,Ashok Leyland,CNG
61.0,232.0,348,2588.0,38,3.0,5,0,0,Mini Truck,Ashok Leyland,Petrol
136.0,334.0,501,4573.0,48,7.0,10,3,0,Tanker,Mahindra,Diesel
600.0,484.0,726,9673.0,58,19.0,3,0,0,Van,Tata,Petrol
500.0,495.0,742,3619.0,32,6.0,3,5,1,Van,Eicher,Petrol
436.0,332.0,498,9227.0,54,22.0,4,0,0,Truck,Eicher,Diesel
142.0,172.0,258,2271.0,29,3.0,8,4,0,Van,Mahindra,Diesel
67.0,75.0,112,4833.0,53,15.0,1,4,0,Truck,Mahindra,Petrol
263.0,52.0,78,7507.0,52,11.0,2,1,0,Van,Eicher,CNG
586.0,495.0,742,2112.0,31,3.0,6,0,0,Tanker,Tata,CNG
357.0,554.0,831,6711.0,35,15.0,4,2,0,Van,Ashok Leyland,Petrol
421.0,149.0,223,4001.0,22,5.0,12,0,0,Tanker,Eicher,CNG
214.0,250.0,375,8945.0,36,8.0,2,6,1,Van,Tata,Petrol
567.0,485.0,727,3992.0,28,21.0,2,4,0,Truck,Tata,CNG
504.0,264.0,396,2271.0,27,4.0,6,5,1,Van,Mahindra,Diesel
533.0,520.0,780,4353.0,41,25.0,1,2,0,Truck,Tata,CNG
185.0,564.0,846,7805.0,28,5.0,7,6,1,Tanker,Eicher,CNG
506.0,402.0,603,1735.0,23,20.0,7,0,0,Mini Truck,Eicher,Diesel
347.0,554.0,831,9673.0,35,23.0,10,1,0,Van,Tata,Petrol
136.0,66.0,99,2942.0,46,18.0,4,0,0,Truck,Tata,CNG
587.0,311.0,466,7412.0,31,3.0,2,4,0,Van,Eicher,Diesel
376.0,112.0,168,7439.0,40,25.0,10,1,0,Truck,Eicher,Petrol
331.0,516.0,774,2667.0,50,3.0,8,6,1,Tanker,Ashok Leyland,CNG
34.0,554.0,831,3992.0,58,15.0,2,3,0,Truck,Tata,CNG
438.0,34.0,51,4874.0,24,15.0,7,2,0,Mini Truck,Mahindra,Diesel
244.0,227.0,340,9227.0,39,17.0,1,2,0,Truck,Eicher,Diesel
392.0,255.0,382,4582.0,25,7.0,8,3,0,Tanker,Tata,CNG
447.0,253.0,379,4314.0,37,10.0,2,2,0,Van,Mahindra,Diesel
287.0,117.0,175,1549.0,46,1.0,12,4,0,Truck,Ashok Leyland,Diesel
516.0,496.0,744,3400.0,35,11.0,8,0,0,Van,Ashok Leyland,Diesel
421.0,112.0,168,7933.0,22,5.0,3,4,0,Mini Truck,Eicher,Diesel
296.0,197.0,295,7439.0,50,8.0,10,1,0,Truck,Eicher,Petrol
309.0,218.0,327,4001.0,37,22.0,1,3,0,Tanker,Eicher,CNG
388.0,297.0,445,2588.0,50,7.0,6,2,0,Mini Truck,Ashok Leyland,Petrol
390.0,555.0,832,2271.0,40,3.0,12,2,0,Van,Mahindra,Diesel
469.0,495.0,742,7566.0,49,10.0,10,2,0,Truck,Ashok Leyland,Petrol
208.0,269.0,403,1321.0,22,15.0,6,6,1,Truck,Mahindra,Diesel
148.0,52.0,78,3795.0,27,9.0,2,3,0,Tanker,Ashok Leyland,CNG
363.0,264.0,396,3846.0,56,2.0,4,4,0,Tanker,Mahindra,Petrol
232.0,387.0,580,2179.0,33,6.0,4,4,0,Van,Ashok Leyland,CNG
118.0,58.0,87,7933.0,49,18.0,7,0,0,Mini Truck,Eicher,Diesel
382.0,332.0,498,7566.0,58,19.0,12,2,0,Truck,Ashok Leyland,Petrol
198.0,172.0,258,1321.0,58,3.0,1,4,0,Truck,Mahindra,Diesel
364.0,255.0,382,9673.0,44,9.0,5,6,1,Van,Tata,Petrol
53.0,485.0,727,5655.0,35,23.0,9,5,1,Truck,Ashok Leyland,CNG
509.0,332.0,498,2942.0,35,23.0,2,5,1,Truck,Tata,CNG
484.0,227.0,340,4446.0,48,24.0,4,4,0,Mini Truck,Ashok Leyland,Diesel
178.0,149.0,223,3769.0,23,16.0,3,0,0,Truck,Eicher,Diesel
60.0,250.0,375,6711.0,39,9.0,1,5,1,Van,Ashok Leyland,Petrol
176.0,531.0,796,2588.0,50,3.0,8,5,1,Mini Truck,Ashok Leyland,Petrol
394.0,328.0,492,9564.0,38,9.0,9,4,0,Mini Truck,Tata,Diesel
75.0,255.0,382,4582.0,29,5.0,1,6,1,Tanker,Tata,CNG
532.0,586.0,879,4874.0,37,23.0,7,3,0,Mini Truck,Mahindra,Diesel
450.0,297.0,445,3205.0,39,17.0,1,2,0,Van,Eicher,CNG
412.0,435.0,652,2644.0,58,5.0,8,3,0,Van,Mahindra,Petrol
95.0,238.0,357,8846.0,50,9.0,2,5,1,Mini Truck,Mahindra,CNG
48.0,27.0,40,1549.0,39,17.0,3,1,0,Truck,Ashok Leyland,Diesel
191.0,535.0,802,3846.0,46,18.0,2,0,0,Tanker,Mahindra,Petrol
328.0,52.0,78,652.0,29,3.0,7,1,0,Tanker,Mahindra,Diesel
151.0,195.0,292,4314.0,54,4.0,8,5,1,Van,Mahindra,Diesel
128.0,238.0,357,1812.0,31,3.0,9,0,0,Van,Tata,CNG
289.0,238.0,357,6477.0,29,10.0,11,2,0,Tanker,Mahindra,Petrol
446.0,61.0,91,7439.0,50,17.0,4,6,1,Truck,Tata,CNG
501.0,363.0,544,3146.0,29,3.0,3,2,0,Van,Ashok Leyland,Petrol
148.0,578.0,867,3146.0,58,3.0,4,3,0,Van,Ashok Leyland,Petrol
306.0,269.0,403,2667.0,37,23.0,7,6,1,Tanker,Ashok Leyland,CNG
83.0,75.0,112,2942.0,45,10.0,5,0,0,Truck,Tata,CNG
543.0,172.0,258,5655.0,41,13.0,10,1,0,Truck,Ashok Leyland,CNG
366.0,58.0,87,7507.0,38,9.0,9,1,0,Van,Eicher,CNG
463.0,216.0,324,4573.0,22,15.0,5,3,0,Tanker,Mahindra,Diesel
314.0,277.0,415,2179.0,48,2.0,10,3,0,Van,Ashok Leyland,CNG
317.0,441.0,661,2197.0,46,1.0,4,0,0,Truck,Mahindra,CNG
500.0,572.0,858,8945.0,23,19.0,5,6,1,Van,Tata,Petrol
534.0,112.0,168,9564.0,51,20.0,9,2,0,Mini Truck,Tata,Diesel
230.0,442.0,663,1321.0,51,14.0,4,2,0,Truck,Mahindra,Diesel
545.0,572.0,858,5057.0,24,15.0,4,1,0,Van,Eicher,CNG
103.0,61.0,91,4093.0,52,3.0,9,1,0,Tanker,Eicher,Petrol
239.0,194.0,291,8504.0,34,24.0,7,0,0,Van,Mahindra,CNG
528.0,117.0,175,6477.0,22,15.0,12,2,0,Tanker,Mahindra,Petrol
258.0,310.0,465,9697.0,49,18.0,10,3,0,Mini Truck,Ashok Leyland,Diesel
314.0,53.0,79,2643.0,35,11.0,9,1,0,Truck,Tata,Petrol
357.0,296.0,444,7412.0,39,22.0,5,6,1,Van,Eicher,Diesel
580.0,414.0,621,5006.0,44,4.0,8,0,0,Truck,Tata,CNG
121.0,105.0,157,9356.0,35,11.0,5,3,0,Truck,Tata,CNG
348.0,128.0,192,5655.0,25,7.0,3,5,1,Truck,Ashok Leyland,CNG
434.0,310.0,465,4845.0,35,11.0,1,2,0,Tanker,Tata,Petrol
54.0,509.0,763,5655.0,28,21.0,6,6,1,Truck,Ashok Leyland,CNG
127.0,373.0,559,7290.0,44,4.0,3,4,0,Tanker,Tata,Petrol
234.0,53.0,79,2019.0,28,5.0,7,1,0,Van,Mahindra,Diesel
576.0,578.0,867,7619.0,53,16.0,4,2,0,Mini Truck,Tata,Diesel
222.0,387.0,580,6362.0,41,25.0,11,0,0,Mini Truck,Mahindra,Diesel
333.0,232.0,348,8979.0,44,4.0,8,3,0,Tanker,Mahindra,Petrol
258.0,93.0,139,652.0,50,3.0,1,4,0,Tanker,Mahindra,Diesel
585.0,554.0,831,7507.0,44,9.0,12,0,0,Van,Eicher,CNG
159.0,531.0,796,7507.0,42,18.0,8,4,0,Van,Eicher,CNG
547.0,322.0,483,4152.0,31,3.0,7,1,0,Mini Truck,Mahindra,Diesel
321.0,58.0,87,9400.0,29,10.0,5,0,0,Mini Truck,Ashok Leyland,Petrol
258.0,255.0,382,4833.0,57,3.0,2,0,0,Truck,Mahindra,Petrol
99.0,216.0,324,5779.0,23,7.0,4,4,0,Mini Truck,Ashok Leyland,Petrol
313.0,247.0,370,3769.0,34,24.0,2,4,0,Truck,Eicher,Diesel
296.0,66.0,99,9564.0,55,4.0,1,1,0,Mini Truck,Tata,Diesel
44.0,484.0,726,4833.0,30,15.0,9,4,0,Truck,Mahindra,Petrol
570.0,531.0,796,2112.0,42,18.0,11,5,1,Tanker,Tata,CNG
477.0,592.0,888,3992.0,58,14.0,3,4,0,Truck,Tata,CNG
390.0,520.0,780,2112.0,40,23.0,9,3,0,Tanker,Tata,CNG
44.0,387.0,580,506.0,27,9.0,11,1,0,Mini Truck,Eicher,CNG
377.0,216.0,324,8879.0,58,12.0,3,3,0,Mini Truck,Eicher,CNG
280.0,442.0,663,8879.0,24,15.0,10,0,0,Mini Truck,Eicher,CNG
33.0,311.0,466,7507.0,50,7.0,10,5,1,Van,Eicher,CNG
277.0,172.0,258,2667.0,23,20.0,2,6,1,Tanker,Ashok Leyland,CNG
401.0,578.0,867,4066.0,40,3.0,4,2,0,Van,Ashok Leyland,Petrol
335.0,197.0,295,4845.0,25,6.0,3,5,1,Tanker,Tata,Petrol
123.0,322.0,483,4550.0,34,18.0,12,0,0,Tanker,Eicher,Petrol
537.0,253.0,379,4152.0,41,4.0,9,1,0,Mini Truck,Mahindra,Diesel
575.0,216.0,324,5779.0,24,17.0,9,5,1,Mini Truck,Ashok Leyland,Petrol
150.0,559.0,838,1791.0,49,21.0,8,2,0,Tanker,Tata,Petrol
292.0,229.0,343,4573.0,44,4.0,8,4,0,Tanker,Mahindra,Diesel
336.0,483.0,724,7439.0,46,18.0,11,5,1,Truck,Eicher,Petrol
379.0,66.0,99,4573.0,54,22.0,7,0,0,Tanker,Mahindra,Diesel
481.0,322.0,483,5813.0,31,23.0,4,1,0,Mini Truck,Ashok Leyland,CNG
351.0,74.0,111,5057.0,58,14.0,10,1,0,Van,Eicher,CNG
293.0,435.0,652,2332.0,26,9.0,5,2,0,Mini Truck,Eicher,Diesel
366.0,75.0,112,506.0,46,4.0,2,0,0,Mini Truck,Eicher,CNG
369.0,27.0,40,5006.0,24,2.0,12,6,1,Truck,Tata,CNG
453.0,414.0,621,3846.0,56,15.0,6,0,0,Tanker,Mahindra,Petrol
67.0,414.0,621,4550.0,39,10.0,9,4,0,Tanker,Eicher,Petrol
527.0,245.0,367,8073.0,48,2.0,2,1,0,Van,Ashok Leyland,Diesel
372.0,392.0,588,2197.0,36,15.0,1,1,0,Truck,Mahindra,CNG
67.0,504.0,756,9697.0,58,15.0,3,0,0,Mini Truck,Ashok Leyland,Diesel
380.0,352.0,528,9673.0,39,11.0,10,5,1,Van,Tata,Petrol
116.0,194.0,291,8073.0,57,20.0,9,3,0,Van,Ashok Leyland,Diesel
168.0,475.0,712,4152.0,38,9.0,9,3,0,Mini Truck,Mahindra,Diesel
414.0,531.0,796,5942.0,37,16.0,1,0,0,Truck,Ashok Leyland,CNG
317.0,414.0,621,3769.0,25,17.0,3,1,0,Truck,Eicher,Diesel
313.0,297.0,445,7290.0,52,14.0,7,4,0,Tanker,Tata,Petrol
29.0,435.0,652,7706.0,37,8.0,11,5,1,Tanker,Ashok Leyland,Petrol
474.0,66.0,99,7412.0,40,3.0,2,4,0,Van,Eicher,Diesel
473.0,442.0,663,4779.0,26,1.0,5,5,1,Mini Truck,Tata,Diesel
99.0,34.0,51,9697.0,23,16.0,3,6,1,Mini Truck,Ashok Leyland,Diesel
306.0,578.0,867,5942.0,29,10.0,12,0,0,Truck,Ashok Leyland,CNG
468.0,24.0,36,4502.0,23,7.0,9,3,0,Van,Mahindra,Diesel
100.0,44.0,66,1321.0,38,3.0,6,2,0,Truck,Mahindra,Diesel
351.0,297.0,445,1791.0,58,12.0,8,1,0,Tanker,Tata,Petrol
508.0,245.0,367,652.0,23,19.0,6,5,1,Tanker,Mahindra,Diesel
258.0,52.0,78,1460.0,41,4.0,8,6,1,Tanker,Ashok Leyland,Petrol
261.0,578.0,867,5585.0,29,3.0,1,6,1,Truck,Ashok Leyland,CNG
25.0,495.0,742,7092.0,35,11.0,9,0,0,Mini Truck,Eicher,Petrol
445.0,156.0,234,7290.0,40,23.0,9,1,0,Tanker,Tata,Petrol
575.0,53.0,79,2112.0,26,1.0,2,5,1,Tanker,Tata,CNG
174.0,484.0,726,4779.0,46,4.0,12,3,0,Mini Truck,Tata,Diesel
344.0,484.0,726,8979.0,35,15.0,3,0,0,Tanker,Mahindra,Petrol
287.0,572.0,858,1540.0,49,19.0,4,0,0,Van,Eicher,CNG
530.0,578.0,867,4085.0,28,5.0,12,2,0,Truck,Tata,Petrol
397.0,183.0,274,3400.0,46,15.0,4,6,1,Van,Ashok Leyland,Diesel
305.0,572.0,858,4497.0,53,15.0,11,4,0,Tanker,Eicher,Petrol
146.0,61.0,91,9356.0,35,11.0,6,3,0,Truck,Tata,CNG
278.0,504.0,756,7092.0,41,4.0,8,1,0,Mini Truck,Eicher,Petrol
596.0,172.0,258,9697.0,50,7.0,9,2,0,Mini Truck,Ashok Leyland,Diesel
490.0,578.0,867,5779.0,48,3.0,2,1,0,Mini Truck,Ashok Leyland,Petrol
488.0,93.0,139,8504.0,48,2.0,3,1,0,Van,Mahindra,CNG
479.0,238.0,357,5585.0,58,14.0,12,6,1,Truck,Ashok Leyland,CNG
467.0,518.0,777,7439.0,26,25.0,4,1,0,Truck,Tata,CNG
519.0,402.0,603,9564.0,52,14.0,4,0,0,Mini Truck,Tata,Diesel
258.0,112.0,168,7290.0,52,11.0,5,1,0,Tanker,Tata,Petrol
174.0,197.0,295,1549.0,31,2.0,11,5,1,Truck,Ashok Leyland,Diesel
496.0,66.0,99,9356.0,25,7.0,6,6,1,Truck,Tata,CNG
241.0,181.0,271,9202.0,56,15.0,11,1,0,Tanker,Ashok Leyland,Petrol
522.0,555.0,832,3400.0,57,20.0,2,4,0,Van,Ashok Leyland,Diesel
582.0,518.0,777,4573.0,48,16.0,3,6,1,Tanker,Mahindra,Diesel
568.0,53.0,79,3400.0,54,4.0,7,6,1,Van,Ashok Leyland,Diesel
467.0,74.0,111,7072.0,23,7.0,7,1,0,Van,Tata,Petrol
597.0,172.0,258,2643.0,39,10.0,2,6,1,Truck,Tata,Petrol
340.0,435.0,652,1604.0,48,2.0,8,5,1,Truck,Tata,Diesel
24.0,402.0,603,1549.0,47,1.0,6,2,0,Truck,Ashok Leyland,Diesel
578.0,484.0,726,8879.0,48,3.0,12,2,0,Mini Truck,Eicher,CNG
208.0,435.0,652,652.0,52,3.0,5,2,0,Tanker,Mahindra,Diesel
398.0,445.0,667,2588.0,34,16.0,1,6,1,Mini Truck,Ashok Leyland,Petrol
145.0,363.0,544,7805.0,37,19.0,7,6,1,Tanker,Eicher,CNG
23.0,535.0,802,6477.0,53,15.0,6,0,0,Tanker,Mahindra,Petrol
237.0,66.0,99,1604.0,53,25.0,5,0,0,Truck,Tata,Diesel
227.0,105.0,157,1549.0,23,11.0,7,1,0,Truck,Ashok Leyland,Diesel
69.0,269.0,403,506.0,47,1.0,2,1,0,Mini Truck,Eicher,CNG
172.0,168.0,252,2243.0,23,20.0,1,6,1,Mini Truck,Ashok Leyland,CNG
324.0,197.0,295,3146.0,24,15.0,11,0,0,Van,Ashok Leyland,Petrol
460.0,414.0,621,2112.0,58,14.0,9,0,0,Tanker,Tata,CNG
378.0,310.0,465,2644.0,58,8.0,2,6,1,Van,Mahindra,Petrol
347.0,373.0,559,7072.0,47,1.0,1,3,0,Van,Tata,Petrol
67.0,168.0,252,7706.0,55,9.0,8,4,0,Tanker,Ashok Leyland,Petrol
550.0,495.0,742,4093.0,58,15.0,5,5,1,Tanker,Eicher,Petrol
558.0,194.0,291,7933.0,28,5.0,1,1,0,Mini Truck,Eicher,Diesel
575.0,66.0,99,5942.0,39,5.0,5,3,0,Truck,Ashok Leyland,CNG
425.0,255.0,382,2019.0,42,6.0,6,5,1,Van,Mahindra,Diesel
560.0,423.0,634,7439.0,23,20.0,5,1,0,Truck,Tata,CNG
292.0,34.0,51,7439.0,52,3.0,6,2,0,Truck,Eicher,Petrol
157.0,172.0,258,3846.0,33,23.0,1,1,0,Tanker,Mahindra,Petrol
24.0,334.0,501,2942.0,47,17.0,5,0,0,Truck,Tata,CNG
486.0,547.0,820,7290.0,40,23.0,9,2,0,Tanker,Tata,Petrol
345.0,572.0,858,2588.0,54,22.0,7,4,0,Mini Truck,Ashok Leyland,Petrol
236.0,273.0,409,8504.0,46,15.0,8,3,0,Van,Mahindra,CNG
59.0,25.0,37,2296.0,35,25.0,4,1,0,Tanker,Tata,Diesel
415.0,73.0,109,652.0,23,11.0,1,6,1,Tanker,Mahindra,Diesel
595.0,277.0,415,1735.0,58,8.0,12,1,0,Mini Truck,Eicher,Diesel
44.0,485.0,727,2197.0,31,23.0,6,4,0,Truck,Mahindra,CNG
227.0,247.0,370,2942.0,27,14.0,7,3,0,Truck,Tata,CNG
278.0,112.0,168,2942.0,34,18.0,7,3,0,Truck,Tata,CNG
57.0,105.0,157,2644.0,37,23.0,10,0,0,Van,Mahindra,Petrol
505.0,311.0,466,7290.0,54,22.0,11,1,0,Tanker,Tata,Petrol
583.0,27.0,40,1257.0,44,9.0,1,4,0,Van,Ashok Leyland,Diesel
223.0,307.0,460,5779.0,26,9.0,8,3,0,Mini Truck,Ashok Leyland,Petrol
526.0,247.0,370,506.0,56,15.0,4,3,0,Mini Truck,Eicher,CNG
42.0,216.0,324,5006.0,45,10.0,4,4,0,Truck,Tata,CNG
333.0,586.0,879,4502.0,41,4.0,2,3,0,Van,Mahindra,Diesel
217.0,445.0,667,2644.0,41,23.0,11,1,0,Van,Mahindra,Petrol
441.0,194.0,291,506.0,37,10.0,10,4,0,Mini Truck,Eicher,CNG
582.0,255.0,382,8945.0,50,9.0,1,1,0,Van,Tata,Petrol
562.0,264.0,396,1791.0,37,19.0,7,2,0,Tanker,Tata,Petrol
40.0,34.0,51,4874.0,57,3.0,6,0,0,Mini Truck,Mahindra,Diesel
472.0,168.0,252,3992.0,37,23.0,7,2,0,Truck,Tata,CNG
273.0,518.0,777,4779.0,49,22.0,7,5,1,Mini Truck,Tata,Diesel
453.0,117.0,175,5655.0,37,22.0,3,4,0,Truck,Ashok Leyland,CNG
93.0,112.0,168,2197.0,48,3.0,12,0,0,Truck,Mahindra,CNG
498.0,58.0,87,4399.0,31,2.0,10,1,0,Mini Truck,Tata,CNG
572.0,53.0,79,2667.0,40,25.0,8,3,0,Tanker,Ashok Leyland,CNG
335.0,128.0,192,1227.0,50,25.0,6,5,1,Tanker,Ashok Leyland,Petrol
527.0,296.0,444,2643.0,58,12.0,10,1,0,Truck,Tata,Petrol
203.0,143.0,214,4066.0,27,14.0,10,2,0,Van,Ashok Leyland,Petrol
61.0,112.0,168,2942.0,25,8.0,1,3,0,Truck,Tata,CNG
130.0,578.0,867,7507.0,58,8.0,7,3,0,Van,Eicher,CNG
476.0,250.0,375,4446.0,40,8.0,1,5,1,Mini Truck,Ashok Leyland,Diesel
64.0,34.0,51,9697.0,39,17.0,1,3,0,Mini Truck,Ashok Leyland,Diesel
554.0,402.0,603,7439.0,25,6.0,6,0,0,Truck,Eicher,Petrol
148.0,496.0,744,4833.0,31,13.0,11,0,0,Truck,Mahindra,Petrol
22.0,53.0,79,2019.0,41,4.0,11,4,0,Van,Mahindra,Diesel
498.0,255.0,382,4066.0,58,15.0,12,2,0,Van,Ashok Leyland,Petrol
414.0,392.0,588,1540.0,54,4.0,10,4,0,Van,Eicher,CNG
98.0,504.0,756,506.0,45,15.0,7,2,0,Mini Truck,Eicher,CNG
326.0,112.0,168,7933.0,49,11.0,3,0,0,Mini Truck,Eicher,Diesel
227.0,373.0,559,7805.0,30,10.0,11,1,0,Tanker,Eicher,CNG
141.0,238.0,357,6362.0,53,1.0,3,4,0,Mini Truck,Mahindra,Diesel
21.0,34.0,51,1257.0,31,23.0,4,3,0,Van,Ashok Leyland,Diesel
331.0,245.0,367,2541.0,53,25.0,3,6,1,Mini Truck,Mahindra,CNG
217.0,414.0,621,4550.0,29,3.0,4,3,0,Tanker,Eicher,Petrol
365.0,322.0,483,9564.0,52,13.0,5,2,0,Mini Truck,Tata,Diesel
516.0,183.0,274,3846.0,32,6.0,2,6,1,Tanker,Mahindra,Petrol
493.0,485.0,727,4874.0,36,20.0,10,0,0,Mini Truck,Mahindra,Diesel
20.0,555.0,832,4573.0,31,2.0,8,1,0,Tanker,Mahindra,Diesel
83.0,194.0,291,1227.0,41,4.0,5,5,1,Tanker,Ashok Leyland,Petrol
71.0,253.0,379,5813.0,40,3.0,8,1,0,Mini Truck,Ashok Leyland,CNG
490.0,245.0,367,8846.0,25,8.0,3,1,0,Mini Truck,Mahindra,CNG
500.0,334.0,501,4108.0,50,3.0,2,3,0,Truck,Ashok Leyland,CNG
241.0,25.0,37,2643.0,51,14.0,4,1,0,Truck,Tata,Petrol
56.0,554.0,831,6073.0,53,16.0,4,2,0,Truck,Mahindra,CNG
435.0,156.0,234,2588.0,28,21.0,10,3,0,Mini Truck,Ashok Leyland,Petrol
96.0,53.0,79,4779.0,35,23.0,8,4,0,Mini Truck,Tata,Diesel
69.0,105.0,157,2035.0,36,8.0,12,5,1,Tanker,Tata,Diesel
579.0,311.0,466,4399.0,37,10.0,11,3,0,Mini Truck,Tata,CNG
456.0,247.0,370,5064.0,25,8.0,3,3,0,Van,Eicher,Petrol
102.0,402.0,603,7507.0,41,13.0,11,1,0,Van,Eicher,CNG
497.0,264.0,396,4066.0,49,11.0,3,5,1,Van,Ashok Leyland,Petrol
500.0,112.0,168,1604.0,52,3.0,12,1,0,Truck,Tata,Diesel
105.0,74.0,111,5006.0,51,20.0,12,4,0,Truck,Tata,CNG
159.0,449.0,673,1639.0,50,9.0,6,0,0,Mini Truck,Ashok Leyland,CNG
517.0,117.0,175,7619.0,29,11.0,2,0,0,Mini Truck,Tata,Diesel
24.0,247.0,370,6073.0,33,20.0,12,3,0,Truck,Mahindra,CNG
274.0,578.0,867,3146.0,33,23.0,11,2,0,Van,Ashok Leyland,Petrol
268.0,449.0,673,2179.0,51,14.0,6,6,1,Van,Ashok Leyland,CNG
377.0,216.0,324,8945.0,45,10.0,5,3,0,Van,Tata,Petrol
522.0,218.0,327,4573.0,50,8.0,5,4,0,Tanker,Mahindra,Diesel
319.0,66.0,99,7439.0,28,5.0,11,4,0,Truck,Eicher,Petrol
482.0,535.0,802,6073.0,44,4.0,12,5,1,Truck,Mahindra,CNG
111.0,25.0,37,2643.0,41,4.0,1,3,0,Truck,Tata,Petrol
360.0,436.0,654,2588.0,48,24.0,8,4,0,Mini Truck,Ashok Leyland,Petrol
392.0,564.0,846,4446.0,34,18.0,12,0,0,Mini Truck,Ashok Leyland,Diesel
360.0,194.0,291,7805.0,34,18.0,7,3,0,Tanker,Eicher,CNG
574.0,484.0,726,4066.0,53,1.0,4,4,0,Van,Ashok Leyland,Petrol
154.0,495.0,742,4550.0,46,4.0,11,0,0,Tanker,Eicher,Petrol
478.0,509.0,763,4066.0,37,22.0,8,0,0,Van,Ashok Leyland,Petrol
548.0,269.0,403,4779.0,55,4.0,7,1,0,Mini Truck,Tata,Diesel
55.0,53.0,79,9202.0,41,4.0,9,3,0,Tanker,Ashok Leyland,Petrol
192.0,332.0,498,3619.0,41,13.0,12,3,0,Van,Eicher,Petrol
46.0,387.0,580,4582.0,36,15.0,4,2,0,Tanker,Tata,CNG
519.0,117.0,175,4550.0,31,23.0,11,6,1,Tanker,Eicher,Petrol
503.0,54.0,81,7805.0,51,20.0,4,1,0,Tanker,Eicher,CNG
415.0,387.0,580,6477.0,55,9.0,10,5,1,Tanker,Mahindra,Petrol
154.0,227.0,340,7439.0,34,18.0,12,1,0,Truck,Eicher,Petrol
584.0,24.0,36,8017.0,42,20.0,11,0,0,Tanker,Eicher,CNG
44.0,247.0,370,2112.0,58,5.0,4,3,0,Tanker,Tata,CNG
111.0,547.0,820,5655.0,35,11.0,9,1,0,Truck,Ashok Leyland,CNG
63.0,555.0,832,2271.0,37,19.0,7,6,1,Van,Mahindra,Diesel
426.0,307.0,460,8846.0,28,21.0,1,5,1,Mini Truck,Mahindra,CNG
479.0,310.0,465,6362.0,23,16.0,10,1,0,Mini Truck,Mahindra,Diesel
339.0,423.0,634,2541.0,41,25.0,2,4,0,Mini Truck,Mahindra,CNG
229.0,229.0,343,2271.0,31,3.0,1,2,0,Van,Mahindra,Diesel
134.0,547.0,820,9227.0,40,25.0,12,6,1,Truck,Eicher,Diesel
298.0,485.0,727,5655.0,37,8.0,2,5,1,Truck,Ashok Leyland,CNG
115.0,436.0,654,4093.0,43,15.0,2,0,0,Tanker,Eicher,Petrol
225.0,442.0,663,4446.0,28,5.0,7,2,0,Mini Truck,Ashok Leyland,Diesel
48.0,436.0,654,2112.0,51,14.0,8,2,0,Tanker,Tata,CNG
25.0,34.0,51,3205.0,37,22.0,12,2,0,Van,Eicher,CNG
317.0,216.0,324,4550.0,47,1.0,1,4,0,Tanker,Eicher,Petrol
128.0,74.0,111,7566.0,52,3.0,2,5,1,Truck,Ashok Leyland,Petrol
376.0,445.0,667,2332.0,27,4.0,10,3,0,Mini Truck,Eicher,Diesel
185.0,520.0,780,4502.0,33,6.0,5,1,0,Van,Mahindra,Diesel
116.0,496.0,744,2197.0,40,3.0,2,0,0,Truck,Mahindra,CNG
589.0,405.0,607,2179.0,55,4.0,10,3,0,Van,Ashok Leyland,CNG
500.0,172.0,258,6477.0,25,17.0,5,2,0,Tanker,Mahindra,Petrol
323.0,105.0,157,652.0,43,15.0,4,5,1,Tanker,Mahindra,Diesel
38.0,475.0,712,2179.0,41,25.0,1,1,0,Van,Ashok Leyland,CNG
454.0,547.0,820,7439.0,48,24.0,3,2,0,Truck,Eicher,Petrol
350.0,555.0,832,1540.0,36,15.0,3,4,0,Van,Eicher,CNG
523.0,93.0,139,2271.0,37,19.0,7,1,0,Van,Mahindra,Diesel
479.0,520.0,780,4874.0,34,18.0,1,0,0,Mini Truck,Mahindra,Diesel
35.0,483.0,724,3769.0,25,6.0,9,1,0,Truck,Eicher,Diesel
553.0,405.0,607,2643.0,48,2.0,8,6,1,Truck,Tata,Petrol
176.0,373.0,559,8073.0,25,17.0,12,2,0,Van,Ashok Leyland,Diesel
574.0,586.0,879,2179.0,54,22.0,11,1,0,Van,Ashok Leyland,CNG
596.0,423.0,634,7072.0,58,14.0,2,6,1,Van,Tata,Petrol
63.0,547.0,820,6073.0,28,5.0,6,2,0,Truck,Mahindra,CNG
574.0,218.0,327,3950.0,38,3.0,12,3,0,Mini Truck,Mahindra,CNG
461.0,531.0,796,3400.0,49,10.0,8,6,1,Van,Ashok Leyland,Diesel
521.0,197.0,295,4085.0,23,16.0,8,0,0,Truck,Tata,Petrol
485.0,93.0,139,2644.0,48,18.0,12,6,1,Van,Mahindra,Petrol
345.0,61.0,91,7566.0,24,17.0,3,3,0,Truck,Ashok Leyland,Petrol
243.0,250.0,375,4353.0,55,9.0,7,2,0,Truck,Tata,CNG
100.0,531.0,796,3950.0,51,2.0,6,3,0,Mini Truck,Mahindra,CNG
131.0,484.0,726,4353.0,56,15.0,8,3,0,Truck,Tata,CNG
426.0,531.0,796,7439.0,22,15.0,9,5,1,Truck,Eicher,Petrol
108.0,535.0,802,2644.0,51,20.0,3,3,0,Van,Mahindra,Petrol
458.0,435.0,652,2296.0,48,8.0,8,2,0,Tanker,Tata,Diesel
212.0,128.0,192,2942.0,37,10.0,3,5,1,Truck,Tata,CNG
555.0,195.0,292,1227.0,23,16.0,2,1,0,Tanker,Ashok Leyland,Petrol
394.0,61.0,91,7933.0,35,11.0,9,2,0,Mini Truck,Eicher,Diesel
578.0,297.0,445,1549.0,36,20.0,3,1,0,Truck,Ashok Leyland,Diesel
115.0,218.0,327,2243.0,58,12.0,4,6,1,Mini Truck,Ashok Leyland,CNG
557.0,435.0,652,2541.0,55,9.0,1,0,0,Mini Truck,Mahindra,CNG
392.0,61.0,91,7706.0,46,15.0,10,6,1,Tanker,Ashok Leyland,Petrol
264.0,149.0,223,1321.0,50,3.0,2,6,1,Truck,Mahindra,Diesel
447.0,435.0,652,1735.0,23,11.0,6,4,0,Mini Truck,Eicher,Diesel
79.0,73.0,109,1227.0,39,22.0,9,0,0,Tanker,Ashok Leyland,Petrol
376.0,27.0,40,3992.0,28,5.0,7,2,0,Truck,Tata,CNG
20.0,245.0,367,1604.0,37,23.0,1,2,0,Truck,Tata,Diesel
239.0,52.0,78,7439.0,35,15.0,5,5,1,Truck,Eicher,Petrol
359.0,168.0,252,3757.0,41,4.0,4,0,0,Van,Tata,CNG
483.0,554.0,831,4108.0,40,3.0,3,6,1,Truck,Ashok Leyland,CNG
303.0,273.0,409,1460.0,25,6.0,5,3,0,Tanker,Ashok Leyland,Petrol
206.0,74.0,111,5655.0,48,8.0,9,4,0,Truck,Ashok Leyland,CNG
510.0,442.0,663,8504.0,37,16.0,12,2,0,Van,Mahindra,CNG
318.0,531.0,796,652.0,23,20.0,4,6,1,Tanker,Mahindra,Diesel
281.0,504.0,756,7290.0,23,11.0,1,2,0,Tanker,Tata,Petrol
404.0,218.0,327,4779.0,22,5.0,4,1,0,Mini Truck,Tata,Diesel
53.0,363.0,544,4314.0,42,6.0,10,2,0,Van,Mahindra,Diesel
63.0,449.0,673,4152.0,53,15.0,6,2,0,Mini Truck,Mahindra,Diesel
553.0,52.0,78,1460.0,58,19.0,3,4,0,Tanker,Ashok Leyland,Petrol
527.0,269.0,403,3400.0,41,13.0,1,2,0,Van,Ashok Leyland,Diesel
365.0,435.0,652,1735.0,39,9.0,11,6,1,Mini Truck,Eicher,Diesel
434.0,34.0,51,1257.0,26,25.0,11,0,0,Van,Ashok Leyland,Diesel
88.0,535.0,802,2644.0,24,15.0,1,6,1,Van,Mahindra,Petrol
215.0,449.0,673,1549.0,39,9.0,4,0,0,Truck,Ashok Leyland,Diesel
557.0,485.0,727,2035.0,53,25.0,10,1,0,Tanker,Tata,Diesel
419.0,227.0,340,1549.0,24,2.0,8,4,0,Truck,Ashok Leyland,Diesel
233.0,328.0,492,3992.0,23,7.0,5,4,0,Truck,Tata,CNG
91.0,412.0,618,2667.0,43,15.0,1,1,0,Tanker,Ashok Leyland,CNG
51.0,149.0,223,1604.0,42,18.0,12,2,0,Truck,Tata,Diesel
73.0,414.0,621,5779.0,47,1.0,3,4,0,Mini Truck,Ashok Leyland,Petrol
50.0,564.0,846,3992.0,25,7.0,4,6,1,Truck,Tata,CNG
304.0,117.0,175,6711.0,36,8.0,9,3,0,Van,Ashok Leyland,Petrol
312.0,328.0,492,4573.0,25,7.0,5,6,1,Tanker,Mahindra,Diesel
511.0,449.0,673,3619.0,31,23.0,2,5,1,Van,Eicher,Petrol
187.0,334.0,501,8846.0,24,2.0,7,0,0,Mini Truck,Mahindra,CNG
271.0,334.0,501,4502.0,47,11.0,7,2,0,Van,Mahindra,Diesel
192.0,216.0,324,9605.0,31,13.0,9,2,0,Mini Truck,Eicher,CNG
240.0,475.0,712,3757.0,53,12.0,1,0,0,Van,Tata,CNG
510.0,559.0,838,506.0,39,9.0,12,1,0,Mini Truck,Eicher,CNG
548.0,149.0,223,9697.0,46,4.0,5,3,0,Mini Truck,Ashok Leyland,Diesel
295.0,93.0,139,7706.0,48,3.0,8,6,1,Tanker,Ashok Leyland,Petrol
131.0,423.0,634,2541.0,49,8.0,9,2,0,Mini Truck,Mahindra,CNG
187.0,273.0,409,4779.0,54,22.0,12,3,0,Mini Truck,Tata,Diesel
414.0,93.0,139,506.0,52,3.0,6,6,1,Mini Truck,Eicher,CNG
343.0,245.0,367,5064.0,27,4.0,9,4,0,Van,Eicher,Petrol
354.0,555.0,832,4108.0,37,22.0,5,3,0,Truck,Ashok Leyland,CNG
584.0,73.0,109,2644.0,50,17.0,8,0,0,Van,Mahindra,Petrol
308.0,229.0,343,4550.0,58,19.0,8,1,0,Tanker,Eicher,Petrol
518.0,128.0,192,2588.0,24,17.0,3,3,0,Mini Truck,Ashok Leyland,Petrol
458.0,495.0,742,4353.0,47,1.0,9,6,1,Truck,Tata,CNG
367.0,183.0,274,506.0,58,15.0,9,0,0,Mini Truck,Eicher,CNG
565.0,27.0,40,1735.0,48,2.0,10,4,0,Mini Truck,Eicher,Diesel
379.0,373.0,559,9356.0,48,3.0,11,6,1,Truck,Tata,CNG
179.0,264.0,396,9356.0,35,11.0,4,6,1,Truck,Tata,CNG
407.0,435.0,652,9227.0,50,3.0,12,0,0,Truck,Eicher,Diesel
150.0,373.0,559,5064.0,25,17.0,11,1,0,Van,Eicher,Petrol
188.0,484.0,726,8979.0,23,16.0,7,0,0,Tanker,Mahindra,Petrol
234.0,105.0,157,3757.0,58,3.0,12,0,0,Van,Tata,CNG
393.0,156.0,234,4066.0,55,4.0,7,1,0,Van,Ashok Leyland,Petrol
328.0,547.0,820,7290.0,24,15.0,12,5,1,Tanker,Tata,Petrol
379.0,105.0,157,4550.0,53,15.0,8,6,1,Tanker,Eicher,Petrol
38.0,449.0,673,8879.0,57,22.0,9,0,0,Mini Truck,Eicher,CNG
539.0,297.0,445,2296.0,23,11.0,10,4,0,Tanker,Tata,Diesel
68.0,194.0,291,1735.0,57,14.0,11,1,0,Mini Truck,Eicher,Diesel
277.0,105.0,157,2035.0,57,3.0,4,4,0,Tanker,Tata,Diesel
281.0,332.0,498,1540.0,51,2.0,5,1,0,Van,Eicher,CNG
220.0,363.0,544,5006.0,50,3.0,10,3,0,Truck,Tata,CNG
473.0,194.0,291,4001.0,50,9.0,5,5,1,Tanker,Eicher,CNG
557.0,128.0,192,4085.0,30,10.0,1,4,0,Truck,Tata,Petrol
524.0,73.0,109,2296.0,39,22.0,8,2,0,Tanker,Tata,Diesel
278.0,445.0,667,2332.0,44,9.0,4,0,0,Mini Truck,Eicher,Diesel
46.0,66.0,99,4833.0,39,5.0,5,6,1,Truck,Mahindra,Petrol
64.0,229.0,343,1812.0,48,3.0,6,2,0,Van,Tata,CNG
45.0,277.0,415,2332.0,40,8.0,7,4,0,Mini Truck,Eicher,Diesel
375.0,559.0,838,9400.0,38,9.0,1,3,0,Mini Truck,Ashok Leyland,Petrol
111.0,564.0,846,4779.0,50,8.0,7,4,0,Mini Truck,Tata,Diesel
164.0,445.0,667,1735.0,58,12.0,3,0,0,Mini Truck,Eicher,Diesel
199.0,310.0,465,9356.0,51,14.0,10,5,1,Truck,Tata,CNG
284.0,24.0,36,3757.0,33,23.0,2,5,1,Van,Tata,CNG
534.0,412.0,618,4314.0,53,12.0,12,2,0,Van,Mahindra,Diesel
548.0,352.0,528,8017.0,29,3.0,5,5,1,Tanker,Eicher,CNG
260.0,485.0,727,4085.0,24,17.0,10,2,0,Truck,Tata,Petrol
334.0,253.0,379,4497.0,38,3.0,9,5,1,Tanker,Eicher,Petrol
390.0,181.0,271,1257.0,41,4.0,5,2,0,Van,Ashok Leyland,Diesel
537.0,592.0,888,9356.0,55,9.0,10,2,0,Truck,Tata,CNG
438.0,250.0,375,7805.0,49,22.0,3,3,0,Tanker,Eicher,CNG
494.0,172.0,258,8945.0,40,23.0,10,4,0,Van,Tata,Petrol
436.0,247.0,370,3950.0,53,15.0,1,4,0,Mini Truck,Mahindra,CNG
261.0,143.0,214,8846.0,49,18.0,10,5,1,Mini Truck,Mahindra,CNG
593.0,27.0,40,1735.0,57,22.0,4,6,1,Mini Truck,Eicher,Diesel
472.0,58.0,87,4108.0,31,13.0,4,0,0,Truck,Ashok Leyland,CNG
137.0,332.0,498,1812.0,28,5.0,11,2,0,Van,Tata,CNG
273.0,194.0,291,9564.0,47,1.0,2,2,0,Mini Truck,Tata,Diesel
485.0,586.0,879,8879.0,31,3.0,1,2,0,Mini Truck,Eicher,CNG
470.0,484.0,726,5006.0,46,18.0,1,1,0,Truck,Tata,CNG
313.0,66.0,99,8504.0,58,14.0,7,1,0,Van,Mahindra,CNG
574.0,143.0,214,8979.0,34,16.0,7,0,0,Tanker,Mahindra,Petrol
336.0,555.0,832,7092.0,22,15.0,7,3,0,Mini Truck,Eicher,Petrol
319.0,559.0,838,3769.0,53,12.0,4,3,0,Truck,Eicher,Diesel
28.0,277.0,415,7507.0,25,17.0,10,2,0,Van,Eicher,CNG
521.0,307.0,460,2197.0,41,13.0,11,4,0,Truck,Mahindra,CNG
24.0,484.0,726,4066.0,35,15.0,12,0,0,Van,Ashok Leyland,Petrol
418.0,66.0,99,1812.0,40,23.0,6,2,0,Van,Tata,CNG
215.0,264.0,396,2541.0,53,1.0,10,0,0,Mini Truck,Mahindra,CNG
573.0,405.0,607,5585.0,34,18.0,8,5,1,Truck,Ashok Leyland,CNG
74.0,572.0,858,4779.0,42,18.0,5,2,0,Mini Truck,Tata,Diesel
557.0,564.0,846,4582.0,55,9.0,9,1,0,Tanker,Tata,CNG
240.0,269.0,403,2643.0,38,3.0,5,5,1,Truck,Tata,Petrol
47.0,112.0,168,4874.0,50,8.0,10,5,1,Mini Truck,Mahindra,Diesel
173.0,54.0,81,3950.0,58,19.0,12,1,0,Mini Truck,Mahindra,CNG
574.0,412.0,618,4874.0,48,16.0,9,6,1,Mini Truck,Mahindra,Diesel
549.0,483.0,724,4619.0,41,4.0,2,1,0,Tanker,Eicher,CNG
595.0,572.0,858,3846.0,48,7.0,12,5,1,Tanker,Mahindra,Petrol
320.0,441.0,661,9605.0,53,1.0,4,1,0,Mini Truck,Eicher,CNG
373.0,74.0,111,9564.0,58,3.0,9,5,1,Mini Truck,Tata,Diesel
295.0,66.0,99,1321.0,23,11.0,4,6,1,Truck,Mahindra,Diesel
565.0,449.0,673,2197.0,50,3.0,3,1,0,Truck,Mahindra,CNG
564.0,307.0,460,4066.0,27,9.0,5,0,0,Van,Ashok Leyland,Petrol
491.0,229.0,343,4001.0,41,4.0,11,4,0,Tanker,Eicher,CNG
157.0,363.0,544,4314.0,51,14.0,11,6,1,Van,Mahindra,Diesel
597.0,156.0,234,7933.0,48,7.0,2,4,0,Mini Truck,Eicher,Diesel
375.0,253.0,379,9356.0,35,25.0,5,2,0,Truck,Tata,CNG
532.0,402.0,603,7805.0,30,10.0,1,4,0,Tanker,Eicher,CNG
291.0,518.0,777,1735.0,40,3.0,2,4,0,Mini Truck,Eicher,Diesel
313.0,435.0,652,2643.0,39,10.0,8,4,0,Truck,Tata,Petrol
414.0,311.0,466,4845.0,58,3.0,5,2,0,Tanker,Tata,Petrol
471.0,436.0,654,1321.0,50,3.0,3,4,0,Truck,Mahindra,Diesel
557.0,547.0,820,4573.0,25,6.0,1,1,0,Tanker,Mahindra,Diesel
491.0,24.0,36,7566.0,39,2.0,4,0,0,Truck,Ashok Leyland,Petrol
406.0,245.0,367,7507.0,31,13.0,4,4,0,Van,Eicher,CNG
469.0,435.0,652,4152.0,57,22.0,7,5,1,Mini Truck,Mahindra,Diesel
230.0,392.0,588,1151.0,50,9.0,4,3,0,Truck,Ashok Leyland,CNG
477.0,44.0,66,1151.0,47,11.0,7,4,0,Truck,Ashok Leyland,CNG
157.0,495.0,742,3757.0,42,18.0,7,3,0,Van,Tata,CNG
564.0,277.0,415,8945.0,26,9.0,3,2,0,Van,Tata,Petrol
267.0,328.0,492,3992.0,58,15.0,2,0,0,Truck,Tata,CNG
77.0,518.0,777,2243.0,49,19.0,12,6,1,Mini Truck,Ashok Leyland,CNG
203.0,277.0,415,8504.0,37,23.0,7,3,0,Van,Mahindra,CNG
309.0,559.0,838,3146.0,24,2.0,12,2,0,Van,Ashok Leyland,Petrol
96.0,216.0,324,1227.0,51,20.0,7,0,0,Tanker,Ashok Leyland,Petrol
404.0,495.0,742,5779.0,41,4.0,10,0,0,Mini Truck,Ashok Leyland,Petrol
203.0,449.0,673,1321.0,31,7.0,8,3,0,Truck,Mahindra,Diesel
116.0,296.0,444,8504.0,58,3.0,8,4,0,Van,Mahindra,CNG
117.0,456.0,684,4108.0,55,9.0,1,4,0,Truck,Ashok Leyland,CNG
165.0,449.0,673,1540.0,34,18.0,11,2,0,Van,Eicher,CNG
347.0,53.0,79,2197.0,53,1.0,9,6,1,Truck,Mahindra,CNG
251.0,328.0,492,5052.0,56,15.0,1,4,0,Van,Eicher,Petrol
386.0,232.0,348,4446.0,38,3.0,3,1,0,Mini Truck,Ashok Leyland,Diesel
177.0,255.0,382,4152.0,46,15.0,2,5,1,Mini Truck,Mahindra,Diesel
316.0,255.0,382,4582.0,29,11.0,2,0,0,Tanker,Tata,CNG
154.0,168.0,252,506.0,50,3.0,8,4,0,Mini Truck,Eicher,CNG
179.0,73.0,109,3619.0,29,11.0,10,0,0,Van,Eicher,Petrol
520.0,156.0,234,1549.0,42,6.0,7,4,0,Truck,Ashok Leyland,Diesel
409.0,531.0,796,7412.0,55,9.0,8,6,1,Van,Eicher,Diesel
570.0,194.0,291,9605.0,39,10.0,10,1,0,Mini Truck,Eicher,CNG
301.0,307.0,460,3769.0,34,16.0,9,1,0,Truck,Eicher,Diesel
421.0,435.0,652,7566.0,42,6.0,1,3,0,Truck,Ashok Leyland,Petrol
362.0,334.0,501,5655.0,50,3.0,9,6,1,Truck,Ashok Leyland,CNG
222.0,264.0,396,2296.0,41,4.0,3,6,1,Tanker,Tata,Diesel
189.0,194.0,291,1604.0,48,2.0,7,2,0,Truck,Tata,Diesel
48.0,484.0,726,4619.0,52,3.0,7,5,1,Tanker,Eicher,CNG
184.0,183.0,274,1639.0,27,4.0,12,3,0,Mini Truck,Ashok Leyland,CNG
490.0,156.0,234,4001.0,22,15.0,2,0,0,Tanker,Eicher,CNG
101.0,52.0,78,2643.0,25,7.0,7,2,0,Truck,Tata,Petrol
209.0,449.0,673,2271.0,37,19.0,12,5,1,Van,Mahindra,Diesel
215.0,322.0,483,5655.0,23,19.0,12,3,0,Truck,Ashok Leyland,CNG
330.0,435.0,652,3400.0,41,4.0,1,0,0,Van,Ashok Leyland,Diesel
378.0,245.0,367,5779.0,35,11.0,5,4,0,Mini Truck,Ashok Leyland,Petrol
409.0,352.0,528,4108.0,22,5.0,6,4,0,Truck,Ashok Leyland,CNG
397.0,296.0,444,5006.0,36,15.0,4,0,0,Truck,Tata,CNG
83.0,117.0,175,8879.0,46,1.0,10,6,1,Mini Truck,Eicher,CNG
437.0,168.0,252,4619.0,52,13.0,1,5,1,Tanker,Eicher,CNG
179.0,405.0,607,4399.0,37,8.0,3,0,0,Mini Truck,Tata,CNG
88.0,572.0,858,7290.0,23,19.0,1,3,0,Tanker,Tata,Petrol
441.0,197.0,295,5052.0,35,23.0,12,0,0,Van,Eicher,Petrol
99.0,93.0,139,7619.0,58,19.0,6,0,0,Mini Truck,Tata,Diesel
308.0,156.0,234,4085.0,57,3.0,7,1,0,Truck,Tata,Petrol
50.0,554.0,831,4353.0,53,16.0,10,3,0,Truck,Tata,CNG
324.0,172.0,258,2942.0,26,14.0,10,0,0,Truck,Tata,CNG
40.0,250.0,375,2643.0,52,14.0,5,5,1,Truck,Tata,Petrol
444.0,74.0,111,5942.0,58,15.0,8,2,0,Truck,Ashok Leyland,CNG
61.0,117.0,175,4314.0,44,9.0,10,2,0,Van,Mahindra,Diesel
399.0,392.0,588,3146.0,37,23.0,11,1,0,Van,Ashok Leyland,Petrol
93.0,238.0,357,1549.0,57,22.0,10,5,1,Truck,Ashok Leyland,Diesel
488.0,423.0,634,9356.0,50,3.0,12,4,0,Truck,Tata,CNG
137.0,269.0,403,1791.0,33,6.0,4,2,0,Tanker,Tata,Petrol
502.0,197.0,295,4314.0,50,8.0,4,2,0,Van,Mahindra,Diesel
422.0,75.0,112,4845.0,40,8.0,4,0,0,Tanker,Tata,Petrol
467.0,535.0,802,4619.0,58,8.0,11,6,1,Tanker,Eicher,CNG
255.0,402.0,603,506.0,57,14.0,2,0,0,Mini Truck,Eicher,CNG
537.0,436.0,654,4874.0,48,8.0,3,6,1,Mini Truck,Mahindra,Diesel
216.0,436.0,654,8979.0,39,2.0,3,1,0,Tanker,Mahindra,Petrol
535.0,504.0,756,4001.0,29,11.0,1,4,0,Tanker,Eicher,CNG
47.0,172.0,258,9673.0,31,23.0,4,1,0,Van,Tata,Petrol
374.0,273.0,409,1151.0,55,9.0,2,1,0,Truck,Ashok Leyland,CNG
69.0,414.0,621,3757.0,58,3.0,12,5,1,Van,Tata,CNG
399.0,592.0,888,4152.0,51,14.0,1,5,1,Mini Truck,Mahindra,Diesel
204.0,485.0,727,1791.0,39,9.0,5,3,0,Tanker,Tata,Petrol
554.0,250.0,375,7439.0,58,14.0,10,1,0,Truck,Eicher,Petrol
73.0,52.0,78,7158.0,44,9.0,4,2,0,Truck,Ashok Leyland,Diesel
80.0,54.0,81,1321.0,58,3.0,7,5,1,Truck,Mahindra,Diesel
274.0,297.0,445,4550.0,37,8.0,4,0,0,Tanker,Eicher,Petrol
166.0,456.0,684,5006.0,48,18.0,7,2,0,Truck,Tata,CNG
315.0,387.0,580,2019.0,31,7.0,11,4,0,Van,Mahindra,Diesel
39.0,496.0,744,4001.0,29,3.0,5,2,0,Tanker,Eicher,CNG
321.0,194.0,291,2588.0,51,2.0,7,5,1,Mini Truck,Ashok Leyland,Petrol
249.0,245.0,367,1227.0,52,13.0,7,2,0,Tanker,Ashok Leyland,Petrol
36.0,229.0,343,2332.0,50,7.0,8,4,0,Mini Truck,Eicher,Diesel
183.0,172.0,258,1812.0,58,12.0,6,6,1,Van,Tata,CNG
451.0,363.0,544,2296.0,50,17.0,9,6,1,Tanker,Tata,Diesel
223.0,483.0,724,9673.0,57,3.0,1,4,0,Van,Tata,Petrol
226.0,54.0,81,5585.0,23,19.0,8,6,1,Truck,Ashok Leyland,CNG
83.0,255.0,382,7507.0,30,15.0,12,1,0,Van,Eicher,CNG
92.0,495.0,742,4446.0,40,25.0,6,2,0,Mini Truck,Ashok Leyland,Diesel
109.0,269.0,403,8846.0,25,17.0,7,1,0,Mini Truck,Mahindra,CNG
156.0,547.0,820,3757.0,39,5.0,12,4,0,Van,Tata,CNG
348.0,52.0,78,3992.0,24,2.0,3,5,1,Truck,Tata,CNG
279.0,297.0,445,2332.0,34,18.0,2,2,0,Mini Truck,Eicher,Diesel
281.0,194.0,291,1549.0,39,9.0,3,5,1,Truck,Ashok Leyland,Diesel
178.0,311.0,466,3757.0,37,16.0,3,4,0,Van,Tata,CNG
485.0,232.0,348,9605.0,24,15.0,7,3,0,Mini Truck,Eicher,CNG
332.0,181.0,271,506.0,40,23.0,1,0,0,Mini Truck,Eicher,CNG
389.0,504.0,756,9202.0,50,9.0,8,3,0,Tanker,Ashok Leyland,Petrol
286.0,105.0,157,1549.0,56,2.0,12,2,0,Truck,Ashok Leyland,Diesel
170.0,328.0,492,2643.0,57,20.0,4,1,0,Truck,Tata,Petrol
292.0,475.0,712,4550.0,28,5.0,6,6,1,Tanker,Eicher,Petrol
285.0,518.0,777,1604.0,37,16.0,11,3,0,Truck,Tata,Diesel
436.0,310.0,465,9564.0,58,14.0,4,1,0,Mini Truck,Tata,Diesel
495.0,250.0,375,1639.0,35,15.0,2,3,0,Mini Truck,Ashok Leyland,CNG
534.0,412.0,618,4619.0,40,8.0,4,5,1,Tanker,Eicher,CNG
472.0,44.0,66,7933.0,53,15.0,2,0,0,Mini Truck,Eicher,Diesel
590.0,277.0,415,7507.0,32,6.0,3,4,0,Van,Eicher,CNG
21.0,73.0,109,4314.0,29,3.0,4,3,0,Van,Mahindra,Diesel
217.0,245.0,367,3619.0,48,3.0,4,0,0,Van,Eicher,Petrol
270.0,547.0,820,4573.0,26,14.0,2,3,0,Tanker,Mahindra,Diesel
565.0,352.0,528,8945.0,24,15.0,4,6,1,Van,Tata,Petrol
292.0,255.0,382,9673.0,26,9.0,11,1,0,Van,Tata,Petrol
433.0,311.0,466,3769.0,51,14.0,11,6,1,Truck,Eicher,Diesel
369.0,518.0,777,4108.0,23,11.0,3,1,0,Truck,Ashok Leyland,CNG
232.0,296.0,444,9564.0,57,20.0,2,2,0,Mini Truck,Tata,Diesel
174.0,197.0,295,4874.0,34,24.0,5,3,0,Mini Truck,Mahindra,Diesel
22.0,310.0,465,4152.0,51,2.0,8,4,0,Mini Truck,Mahindra,Diesel
456.0,255.0,382,7619.0,38,9.0,11,3,0,Mini Truck,Tata,Diesel
300.0,245.0,367,8945.0,49,18.0,3,3,0,Van,Tata,Petrol
124.0,435.0,652,7158.0,42,20.0,8,6,1,Truck,Ashok Leyland,Diesel
153.0,547.0,820,4108.0,44,4.0,4,5,1,Truck,Ashok Leyland,CNG
446.0,328.0,492,9605.0,53,15.0,9,0,0,Mini Truck,Eicher,CNG
400.0,435.0,652,3769.0,23,20.0,7,2,0,Truck,Eicher,Diesel
372.0,435.0,652,3757.0,41,23.0,7,5,1,Van,Tata,CNG
119.0,61.0,91,7412.0,42,18.0,2,1,0,Van,Eicher,Diesel
599.0,363.0,544,2667.0,50,25.0,10,2,0,Tanker,Ashok Leyland,CNG
95.0,423.0,634,4874.0,39,11.0,7,6,1,Mini Truck,Mahindra,Diesel
44.0,149.0,223,8846.0,33,23.0,5,5,1,Mini Truck,Mahindra,CNG
585.0,297.0,445,9202.0,26,1.0,8,2,0,Tanker,Ashok Leyland,Petrol
42.0,307.0,460,9673.0,37,23.0,4,5,1,Van,Tata,Petrol
93.0,53.0,79,7072.0,48,16.0,8,4,0,Van,Tata,Petrol
54.0,592.0,888,5585.0,30,10.0,7,6,1,Truck,Ashok Leyland,CNG
131.0,495.0,742,2643.0,41,23.0,1,2,0,Truck,Tata,Petrol
311.0,232.0,348,8979.0,51,14.0,5,5,1,Tanker,Mahindra,Petrol
179.0,218.0,327,4314.0,31,23.0,11,1,0,Van,Mahindra,Diesel
281.0,296.0,444,5655.0,37,22.0,2,3,0,Truck,Ashok Leyland,CNG
335.0,218.0,327,5813.0,39,17.0,4,5,1,Mini Truck,Ashok Leyland,CNG
188.0,456.0,684,8945.0,37,16.0,7,3,0,Van,Tata,Petrol
581.0,442.0,663,2541.0,29,5.0,12,2,0,Mini Truck,Mahindra,CNG
334.0,442.0,663,7439.0,24,17.0,10,4,0,Truck,Tata,CNG
290.0,405.0,607,4619.0,51,14.0,10,1,0,Tanker,Eicher,CNG
90.0,255.0,382,5006.0,31,23.0,12,0,0,Truck,Tata,CNG
145.0,194.0,291,6073.0,42,6.0,1,5,1,Truck,Mahindra,CNG
541.0,255.0,382,3769.0,58,12.0,2,2,0,Truck,Eicher,Diesel
396.0,181.0,271,6477.0,31,3.0,3,2,0,Tanker,Mahindra,Petrol
515.0,216.0,324,3795.0,47,11.0,6,3,0,Tanker,Ashok Leyland,CNG
489.0,296.0,444,2296.0,46,18.0,8,6,1,Tanker,Tata,Diesel
391.0,194.0,291,7507.0,39,17.0,11,4,0,Van,Eicher,CNG
161.0,255.0,382,9227.0,37,16.0,1,3,0,Truck,Eicher,Diesel
87.0,58.0,87,2035.0,48,7.0,10,0,0,Tanker,Tata,Diesel
509.0,311.0,466,6073.0,26,1.0,10,1,0,Truck,Mahindra,CNG
161.0,363.0,544,3757.0,53,25.0,5,3,0,Van,Tata,CNG
409.0,555.0,832,3992.0,50,8.0,3,2,0,Truck,Tata,CNG
440.0,52.0,78,5585.0,56,15.0,4,0,0,Truck,Ashok Leyland,CNG
309.0,66.0,99,652.0,39,17.0,6,0,0,Tanker,Mahindra,Diesel
398.0,322.0,483,2179.0,26,25.0,4,6,1,Van,Ashok Leyland,CNG
107.0,328.0,492,2541.0,34,24.0,8,2,0,Mini Truck,Mahindra,CNG
134.0,168.0,252,3769.0,50,3.0,11,6,1,Truck,Eicher,Diesel
140.0,229.0,343,3769.0,28,15.0,9,2,0,Truck,Eicher,Diesel
570.0,516.0,774,4619.0,52,13.0,11,0,0,Tanker,Eicher,CNG
281.0,269.0,403,4497.0,50,3.0,10,5,1,Tanker,Eicher,Petrol
556.0,75.0,112,1321.0,39,5.0,10,6,1,Truck,Mahindra,Diesel
487.0,73.0,109,1604.0,40,3.0,5,4,0,Truck,Tata,Diesel
92.0,255.0,382,1735.0,58,15.0,11,1,0,Mini Truck,Eicher,Diesel
379.0,564.0,846,1549.0,46,1.0,5,6,1,Truck,Ashok Leyland,Diesel
186.0,117.0,175,2019.0,58,19.0,4,3,0,Van,Mahindra,Diesel
383.0,578.0,867,8504.0,48,24.0,11,5,1,Van,Mahindra,CNG
296.0,53.0,79,1812.0,24,17.0,3,0,0,Van,Tata,CNG
150.0,269.0,403,7439.0,29,11.0,8,4,0,Truck,Tata,CNG
370.0,334.0,501,2271.0,40,25.0,6,6,1,Van,Mahindra,Diesel
21.0,44.0,66,7933.0,49,19.0,2,0,0,Mini Truck,Eicher,Diesel
379.0,73.0,109,6362.0,57,22.0,11,3,0,Mini Truck,Mahindra,Diesel
47.0,216.0,324,3769.0,37,10.0,5,3,0,Truck,Eicher,Diesel
210.0,183.0,274,4833.0,23,20.0,2,0,0,Truck,Mahindra,Petrol
405.0,197.0,295,8945.0,42,6.0,4,0,0,Van,Tata,Petrol
460.0,518.0,777,2271.0,46,4.0,4,1,0,Van,Mahindra,Diesel
203.0,572.0,858,506.0,47,17.0,12,5,1,Mini Truck,Eicher,CNG
66.0,66.0,99,4399.0,27,14.0,2,5,1,Mini Truck,Tata,CNG
427.0,509.0,763,1812.0,50,3.0,6,0,0,Van,Tata,CNG
231.0,34.0,51,4833.0,50,3.0,8,1,0,Truck,Mahindra,Petrol
562.0,518.0,777,5779.0,55,2.0,2,5,1,Mini Truck,Ashok Leyland,Petrol
395.0,229.0,343,1540.0,41,4.0,10,5,1,Van,Eicher,CNG
500.0,143.0,214,9400.0,25,7.0,11,3,0,Mini Truck,Ashok Leyland,Petrol
55.0,183.0,274,6711.0,24,15.0,2,1,0,Van,Ashok Leyland,Petrol
457.0,253.0,379,1639.0,48,3.0,11,4,0,Mini Truck,Ashok Leyland,CNG
65.0,53.0,79,1460.0,37,10.0,11,5,1,Tanker,Ashok Leyland,Petrol
481.0,297.0,445,4573.0,23,20.0,2,5,1,Tanker,Mahindra,Diesel
426.0,245.0,367,6711.0,48,8.0,7,2,0,Van,Ashok Leyland,Petrol
52.0,373.0,559,7158.0,49,21.0,1,2,0,Truck,Ashok Leyland,Diesel
433.0,245.0,367,4497.0,42,6.0,2,1,0,Tanker,Eicher,Petrol
99.0,229.0,343,1540.0,35,11.0,7,2,0,Van,Eicher,CNG
165.0,445.0,667,7805.0,45,10.0,2,2,0,Tanker,Eicher,CNG
284.0,516.0,774,4845.0,50,3.0,2,0,0,Tanker,Tata,Petrol
219.0,74.0,111,2019.0,52,3.0,8,4,0,Van,Mahindra,Diesel
206.0,245.0,367,1227.0,39,17.0,4,0,0,Tanker,Ashok Leyland,Petrol
42.0,516.0,774,9605.0,28,5.0,2,6,1,Mini Truck,Eicher,CNG
210.0,485.0,727,7412.0,40,25.0,5,2,0,Van,Eicher,Diesel
315.0,117.0,175,9697.0,39,17.0,4,1,0,Mini Truck,Ashok Leyland,Diesel
502.0,504.0,756,2332.0,55,4.0,2,5,1,Mini Truck,Eicher,Diesel
594.0,93.0,139,4152.0,51,14.0,3,0,0,Mini Truck,Mahindra,Diesel
285.0,183.0,274,7412.0,57,14.0,5,3,0,Van,Eicher,Diesel
171.0,531.0,796,8017.0,52,14.0,5,6,1,Tanker,Eicher,CNG
118.0,547.0,820,3205.0,45,10.0,4,6,1,Van,Eicher,CNG
90.0,245.0,367,5585.0,29,3.0,9,0,0,Truck,Ashok Leyland,CNG
484.0,504.0,756,4314.0,47,17.0,3,4,0,Van,Mahindra,Diesel
540.0,449.0,673,2019.0,23,20.0,2,3,0,Van,Mahindra,Diesel
301.0,334.0,501,4085.0,32,6.0,8,4,0,Truck,Tata,Petrol
24.0,483.0,724,9356.0,46,1.0,11,5,1,Truck,Tata,CNG
448.0,392.0,588,8979.0,53,1.0,10,2,0,Tanker,Mahindra,Petrol
130.0,352.0,528,6073.0,52,13.0,5,4,0,Truck,Mahindra,CNG
200.0,297.0,445,8073.0,35,11.0,8,0,0,Van,Ashok Leyland,Diesel
230.0,328.0,492,4497.0,41,25.0,8,3,0,Tanker,Eicher,Petrol
350.0,352.0,528,3757.0,58,8.0,8,2,0,Van,Tata,CNG
236.0,435.0,652,4314.0,41,23.0,12,6,1,Van,Mahindra,Diesel
440.0,554.0,831,1540.0,42,18.0,9,3,0,Van,Eicher,CNG
572.0,586.0,879,4001.0,45,10.0,7,4,0,Tanker,Eicher,CNG
62.0,414.0,621,4152.0,50,7.0,5,3,0,Mini Truck,Mahindra,Diesel
447.0,183.0,274,9356.0,39,5.0,6,2,0,Truck,Tata,CNG
200.0,75.0,112,5942.0,52,3.0,8,5,1,Truck,Ashok Leyland,CNG
448.0,112.0,168,2243.0,53,12.0,1,0,0,Mini Truck,Ashok Leyland,CNG
444.0,441.0,661,7507.0,50,8.0,12,3,0,Van,Eicher,CNG
31.0,442.0,663,4314.0,48,2.0,4,1,0,Van,Mahindra,Diesel
456.0,442.0,663,7619.0,35,25.0,1,0,0,Mini Truck,Tata,Diesel
143.0,586.0,879,1227.0,58,19.0,4,0,0,Tanker,Ashok Leyland,Petrol
322.0,435.0,652,1549.0,39,9.0,4,1,0,Truck,Ashok Leyland,Diesel
497.0,509.0,763,4108.0,48,3.0,12,1,0,Truck,Ashok Leyland,CNG
78.0,322.0,483,1735.0,26,25.0,5,2,0,Mini Truck,Eicher,Diesel
349.0,363.0,544,4497.0,23,7.0,2,2,0,Tanker,Eicher,Petrol
172.0,34.0,51,6073.0,22,15.0,6,3,0,Truck,Mahindra,CNG
387.0,194.0,291,2643.0,27,14.0,9,2,0,Truck,Tata,Petrol
494.0,232.0,348,1460.0,55,2.0,7,2,0,Tanker,Ashok Leyland,Petrol
436.0,414.0,621,8945.0,31,23.0,5,5,1,Van,Tata,Petrol
138.0,518.0,777,7439.0,54,4.0,7,4,0,Truck,Tata,CNG
599.0,297.0,445,8945.0,58,8.0,5,5,1,Van,Tata,Petrol
53.0,156.0,234,1639.0,41,23.0,12,0,0,Mini Truck,Ashok Leyland,CNG
389.0,442.0,663,9697.0,50,17.0,8,5,1,Mini Truck,Ashok Leyland,Diesel
516.0,311.0,466,2035.0,47,1.0,5,2,0,Tanker,Tata,Diesel
461.0,172.0,258,2243.0,47,1.0,10,0,0,Mini Truck,Ashok Leyland,CNG
382.0,414.0,621,5006.0,25,7.0,11,6,1,Truck,Tata,CNG
253.0,74.0,111,2035.0,50,3.0,4,2,0,Tanker,Tata,Diesel
84.0,578.0,867,1460.0,51,2.0,10,0,0,Tanker,Ashok Leyland,Petrol
166.0,269.0,403,5942.0,39,2.0,5,0,0,Truck,Ashok Leyland,CNG
384.0,61.0,91,3146.0,23,11.0,11,3,0,Van,Ashok Leyland,Petrol
266.0,334.0,501,5585.0,37,19.0,6,5,1,Truck,Ashok Leyland,CNG
526.0,412.0,618,7619.0,23,11.0,5,3,0,Mini Truck,Tata,Diesel
271.0,253.0,379,9227.0,26,9.0,10,3,0,Truck,Eicher,Diesel
63.0,311.0,466,4497.0,41,4.0,10,5,1,Tanker,Eicher,Petrol
599.0,117.0,175,3769.0,51,2.0,11,5,1,Truck,Eicher,Diesel
412.0,269.0,403,4874.0,28,18.0,4,1,0,Mini Truck,Mahindra,Diesel
47.0,253.0,379,9400.0,57,22.0,3,5,1,Mini Truck,Ashok Leyland,Petrol
91.0,475.0,712,3846.0,50,17.0,9,6,1,Tanker,Mahindra,Petrol
37.0,423.0,634,8945.0,39,9.0,2,1,0,Van,Tata,Petrol
65.0,547.0,820,7619.0,37,23.0,3,2,0,Mini Truck,Tata,Diesel
552.0,229.0,343,9564.0,23,19.0,1,4,0,Mini Truck,Tata,Diesel
78.0,194.0,291,5064.0,55,4.0,7,3,0,Van,Eicher,Petrol
46.0,216.0,324,4582.0,28,5.0,5,4,0,Tanker,Tata,CNG
77.0,238.0,357,4093.0,48,2.0,4,3,0,Tanker,Eicher,Petrol
205.0,402.0,603,4550.0,47,17.0,5,1,0,Tanker,Eicher,Petrol
239.0,74.0,111,1151.0,52,3.0,4,1,0,Truck,Ashok Leyland,CNG
396.0,229.0,343,9356.0,41,25.0,11,2,0,Truck,Tata,CNG
353.0,156.0,234,1791.0,55,2.0,2,1,0,Tanker,Tata,Petrol
325.0,509.0,763,5942.0,52,13.0,9,3,0,Truck,Ashok Leyland,CNG
382.0,518.0,777,9356.0,41,4.0,7,1,0,Truck,Tata,CNG
394.0,264.0,396,5006.0,42,18.0,11,0,0,Truck,Tata,CNG
359.0,105.0,157,7566.0,31,13.0,3,5,1,Truck,Ashok Leyland,Petrol
437.0,509.0,763,6362.0,48,3.0,9,2,0,Mini Truck,Mahindra,Diesel
181.0,435.0,652,1227.0,52,3.0,12,2,0,Tanker,Ashok Leyland,Petrol
504.0,414.0,621,5064.0,49,8.0,12,6,1,Van,Eicher,Petrol
46.0,112.0,168,3846.0,40,25.0,5,6,1,Tanker,Mahindra,Petrol
308.0,229.0,343,4874.0,25,8.0,8,4,0,Mini Truck,Mahindra,Diesel
56.0,25.0,37,8879.0,46,4.0,4,0,0,Mini Truck,Eicher,CNG
338.0,518.0,777,4573.0,28,15.0,4,0,0,Tanker,Mahindra,Diesel
393.0,232.0,348,3846.0,48,16.0,11,5,1,Tanker,Mahindra,Petrol
340.0,25.0,37,1549.0,46,15.0,4,4,0,Truck,Ashok Leyland,Diesel
250.0,255.0,382,3846.0,37,22.0,6,4,0,Tanker,Mahindra,Petrol
500.0,564.0,846,4066.0,25,7.0,1,3,0,Van,Ashok Leyland,Petrol
259.0,435.0,652,7092.0,49,21.0,7,0,0,Mini Truck,Eicher,Petrol
260.0,232.0,348,2296.0,58,15.0,4,1,0,Tanker,Tata,Diesel
542.0,194.0,291,4550.0,41,4.0,5,1,0,Tanker,Eicher,Petrol
75.0,250.0,375,2019.0,51,14.0,11,5,1,Van,Mahindra,Diesel
522.0,172.0,258,7092.0,40,25.0,11,4,0,Mini Truck,Eicher,Petrol
368.0,373.0,559,5057.0,53,15.0,5,4,0,Van,Eicher,CNG
532.0,24.0,36,9356.0,57,22.0,5,5,1,Truck,Tata,CNG
518.0,34.0,51,4314.0,24,2.0,6,6,1,Van,Mahindra,Diesel
414.0,255.0,382,4399.0,56,15.0,9,1,0,Mini Truck,Tata,CNG
128.0,34.0,51,1151.0,58,5.0,4,0,0,Truck,Ashok Leyland,CNG
271.0,442.0,663,4093.0,44,4.0,11,4,0,Tanker,Eicher,Petrol
406.0,352.0,528,8073.0,40,25.0,12,4,0,Van,Ashok Leyland,Diesel
333.0,586.0,879,7092.0,23,7.0,12,3,0,Mini Truck,Eicher,Petrol
21.0,52.0,78,1460.0,23,20.0,5,2,0,Tanker,Ashok Leyland,Petrol
450.0,484.0,726,4874.0,26,25.0,9,3,0,Mini Truck,Mahindra,Diesel
345.0,194.0,291,7439.0,28,5.0,12,3,0,Truck,Eicher,Petrol
104.0,172.0,258,3400.0,55,9.0,11,4,0,Van,Ashok Leyland,Diesel
21.0,156.0,234,8979.0,48,18.0,9,5,1,Tanker,Mahindra,Petrol
506.0,363.0,544,3146.0,48,16.0,7,5,1,Van,Ashok Leyland,Petrol
562.0,255.0,382,2296.0,49,11.0,4,4,0,Tanker,Tata,Diesel
251.0,449.0,673,7158.0,33,23.0,7,4,0,Truck,Ashok Leyland,Diesel
590.0,112.0,168,1604.0,47,1.0,6,1,0,Truck,Tata,Diesel
528.0,352.0,528,8846.0,31,23.0,6,1,0,Mini Truck,Mahindra,CNG
220.0,53.0,79,2112.0,49,8.0,11,1,0,Tanker,Tata,CNG
303.0,423.0,634,506.0,27,14.0,10,3,0,Mini Truck,Eicher,CNG
23.0,310.0,465,4446.0,29,11.0,8,6,1,Mini Truck,Ashok Leyland,Diesel
534.0,232.0,348,8504.0,27,4.0,11,1,0,Van,Mahindra,CNG
105.0,250.0,375,3757.0,50,3.0,9,6,1,Van,Tata,CNG
98.0,44.0,66,1460.0,49,19.0,10,0,0,Tanker,Ashok Leyland,Petrol
599.0,25.0,37,3146.0,26,1.0,12,0,0,Van,Ashok Leyland,Petrol
167.0,34.0,51,4845.0,48,16.0,4,4,0,Tanker,Tata,Petrol
160.0,334.0,501,5813.0,57,14.0,4,1,0,Mini Truck,Ashok Leyland,CNG
415.0,255.0,382,6477.0,36,8.0,12,4,0,Tanker,Mahindra,Petrol
506.0,547.0,820,2197.0,50,17.0,2,0,0,Truck,Mahindra,CNG
99.0,442.0,663,9227.0,48,3.0,1,3,0,Truck,Eicher,Diesel
135.0,168.0,252,7933.0,45,15.0,7,2,0,Mini Truck,Eicher,Diesel
412.0,269.0,403,9227.0,56,2.0,2,4,0,Truck,Eicher,Diesel
74.0,128.0,192,2644.0,33,20.0,1,0,0,Van,Mahindra,Petrol
228.0,58.0,87,7158.0,26,25.0,7,1,0,Truck,Ashok Leyland,Diesel
470.0,61.0,91,9564.0,34,18.0,6,3,0,Mini Truck,Tata,Diesel
321.0,475.0,712,9202.0,24,2.0,8,0,0,Tanker,Ashok Leyland,Petrol
170.0,449.0,673,5064.0,31,21.0,6,6,1,Van,Eicher,Petrol
118.0,328.0,492,5942.0,47,1.0,1,4,0,Truck,Ashok Leyland,CNG
115.0,392.0,588,2112.0,31,7.0,10,3,0,Tanker,Tata,CNG
595.0,414.0,621,4446.0,31,21.0,1,0,0,Mini Truck,Ashok Leyland,Diesel
281.0,273.0,409,1540.0,24,15.0,11,2,0,Van,Eicher,CNG
483.0,363.0,544,2942.0,37,8.0,8,4,0,Truck,Tata,CNG
543.0,218.0,327,9564.0,28,21.0,6,3,0,Mini Truck,Tata,Diesel
92.0,112.0,168,4446.0,52,11.0,1,4,0,Mini Truck,Ashok Leyland,Diesel
437.0,435.0,652,2035.0,35,23.0,3,1,0,Tanker,Tata,Diesel
315.0,578.0,867,7619.0,52,14.0,10,0,0,Mini Truck,Tata,Diesel
34.0,441.0,661,3846.0,42,20.0,3,2,0,Tanker,Mahindra,Petrol
54.0,128.0,192,6477.0,35,11.0,8,3,0,Tanker,Mahindra,Petrol
441.0,93.0,139,7619.0,39,5.0,9,2,0,Mini Truck,Tata,Diesel
473.0,34.0,51,4314.0,35,11.0,5,5,1,Van,Mahindra,Diesel
240.0,435.0,652,5064.0,29,5.0,4,5,1,Van,Eicher,Petrol
484.0,352.0,528,5006.0,49,10.0,7,4,0,Truck,Tata,CNG
163.0,334.0,501,2035.0,50,25.0,2,6,1,Tanker,Tata,Diesel
579.0,535.0,802,5057.0,37,22.0,11,4,0,Van,Eicher,CNG
132.0,332.0,498,7507.0,24,15.0,1,6,1,Van,Eicher,CNG
592.0,245.0,367,4314.0,30,15.0,10,1,0,Van,Mahindra,Diesel
419.0,172.0,258,4093.0,37,8.0,3,1,0,Tanker,Eicher,Petrol
194.0,547.0,820,7619.0,28,15.0,12,5,1,Mini Truck,Tata,Diesel
529.0,296.0,444,9400.0,42,18.0,7,1,0,Mini Truck,Ashok Leyland,Petrol
112.0,310.0,465,4093.0,39,11.0,5,1,0,Tanker,Eicher,Petrol
556.0,495.0,742,5655.0,48,7.0,12,6,1,Truck,Ashok Leyland,CNG
191.0,509.0,763,9400.0,31,7.0,3,5,1,Mini Truck,Ashok Leyland,Petrol
415.0,183.0,274,4779.0,48,2.0,2,2,0,Mini Truck,Tata,Diesel
52.0,52.0,78,9202.0,50,8.0,3,0,0,Tanker,Ashok Leyland,Petrol
436.0,484.0,726,1227.0,35,15.0,9,4,0,Tanker,Ashok Leyland,Petrol
197.0,34.0,51,9400.0,27,14.0,10,6,1,Mini Truck,Ashok Leyland,Petrol
226.0,485.0,727,4573.0,25,6.0,11,6,1,Tanker,Mahindra,Diesel
360.0,441.0,661,8017.0,54,22.0,7,0,0,Tanker,Eicher,CNG
556.0,442.0,663,1151.0,52,3.0,9,5,1,Truck,Ashok Leyland,CNG
258.0,58.0,87,8945.0,22,5.0,11,1,0,Van,Tata,Petrol
513.0,245.0,367,1639.0,37,23.0,10,6,1,Mini Truck,Ashok Leyland,CNG
561.0,311.0,466,6477.0,48,18.0,1,1,0,Tanker,Mahindra,Petrol
299.0,269.0,403,2332.0,29,10.0,4,5,1,Mini Truck,Eicher,Diesel
479.0,564.0,846,1791.0,36,20.0,12,2,0,Tanker,Tata,Petrol
399.0,255.0,382,652.0,34,24.0,10,1,0,Tanker,Mahindra,Diesel
291.0,112.0,168,3400.0,33,20.0,3,2,0,Van,Ashok Leyland,Diesel
442.0,245.0,367,5942.0,53,15.0,11,0,0,Truck,Ashok Leyland,CNG
222.0,555.0,832,1227.0,49,10.0,10,6,1,Tanker,Ashok Leyland,Petrol
535.0,535.0,802,4833.0,39,5.0,11,1,0,Truck,Mahindra,Petrol
515.0,172.0,258,3950.0,49,8.0,7,4,0,Mini Truck,Mahindra,CNG
400.0,195.0,292,3992.0,49,10.0,5,2,0,Truck,Tata,CNG
150.0,328.0,492,4497.0,26,14.0,8,4,0,Tanker,Eicher,Petrol
387.0,307.0,460,3950.0,27,14.0,2,3,0,Mini Truck,Mahindra,CNG
117.0,273.0,409,7290.0,26,9.0,6,0,0,Tanker,Tata,Petrol
393.0,547.0,820,7072.0,26,9.0,4,0,0,Van,Tata,Petrol
580.0,105.0,157,7439.0,50,17.0,3,4,0,Truck,Eicher,Petrol
378.0,504.0,756,5779.0,25,7.0,12,6,1,Mini Truck,Ashok Leyland,Petrol
515.0,559.0,838,7706.0,36,15.0,10,5,1,Tanker,Ashok Leyland,Petrol
177.0,495.0,742,2243.0,49,18.0,8,1,0,Mini Truck,Ashok Leyland,CNG
301.0,250.0,375,1321.0,28,5.0,7,6,1,Truck,Mahindra,Diesel
105.0,74.0,111,2271.0,42,6.0,10,4,0,Van,Mahindra,Diesel
49.0,75.0,112,1227.0,57,20.0,3,5,1,Tanker,Ashok Leyland,Petrol
30.0,143.0,214,4874.0,28,5.0,6,6,1,Mini Truck,Mahindra,Diesel
119.0,485.0,727,4582.0,37,19.0,10,5,1,Tanker,Tata,CNG
268.0,75.0,112,4619.0,58,19.0,2,5,1,Tanker,Eicher,CNG
364.0,334.0,501,4502.0,23,7.0,1,3,0,Van,Mahindra,Diesel
385.0,253.0,379,3846.0,31,21.0,1,2,0,Tanker,Mahindra,Petrol
298.0,578.0,867,2541.0,40,23.0,9,1,0,Mini Truck,Mahindra,CNG
88.0,559.0,838,4066.0,48,3.0,8,5,1,Van,Ashok Leyland,Petrol
128.0,554.0,831,4152.0,44,4.0,3,6,1,Mini Truck,Mahindra,Diesel
550.0,311.0,466,5064.0,49,21.0,5,3,0,Van,Eicher,Petrol
520.0,238.0,357,3205.0,37,8.0,10,2,0,Van,Eicher,CNG
454.0,194.0,291,6477.0,28,5.0,3,6,1,Tanker,Mahindra,Petrol
361.0,250.0,375,7933.0,39,10.0,7,1,0,Mini Truck,Eicher,Diesel
520.0,592.0,888,8979.0,58,14.0,12,2,0,Tanker,Mahindra,Petrol
353.0,296.0,444,4619.0,53,12.0,8,5,1,Tanker,Eicher,CNG
379.0,194.0,291,2197.0,31,7.0,6,4,0,Truck,Mahindra,CNG
408.0,194.0,291,1735.0,35,23.0,2,3,0,Mini Truck,Eicher,Diesel
596.0,592.0,888,7092.0,41,4.0,1,4,0,Mini Truck,Eicher,Petrol
523.0,58.0,87,6362.0,26,9.0,3,5,1,Mini Truck,Mahindra,Diesel
489.0,24.0,36,1549.0,49,21.0,12,5,1,Truck,Ashok Leyland,Diesel
500.0,520.0,780,4085.0,41,25.0,11,3,0,Truck,Tata,Petrol
76.0,373.0,559,5813.0,57,22.0,5,5,1,Mini Truck,Ashok Leyland,CNG
543.0,495.0,742,5057.0,27,9.0,1,5,1,Van,Eicher,CNG
158.0,392.0,588,5813.0,50,3.0,7,5,1,Mini Truck,Ashok Leyland,CNG
532.0,273.0,409,9673.0,52,3.0,10,6,1,Van,Tata,Petrol
229.0,483.0,724,7158.0,49,11.0,8,6,1,Truck,Ashok Leyland,Diesel
254.0,483.0,724,2942.0,52,13.0,7,2,0,Truck,Tata,CNG
163.0,73.0,109,4833.0,55,9.0,7,2,0,Truck,Mahindra,Petrol
436.0,572.0,858,9202.0,27,4.0,9,1,0,Tanker,Ashok Leyland,Petrol
309.0,58.0,87,2332.0,49,8.0,1,4,0,Mini Truck,Eicher,Diesel
509.0,25.0,37,4108.0,39,22.0,12,5,1,Truck,Ashok Leyland,CNG
87.0,414.0,621,2271.0,34,16.0,12,0,0,Van,Mahindra,Diesel
63.0,34.0,51,5057.0,57,22.0,7,0,0,Van,Eicher,CNG
481.0,564.0,846,3757.0,36,15.0,11,4,0,Van,Tata,CNG
274.0,229.0,343,8979.0,28,21.0,2,4,0,Tanker,Mahindra,Petrol
470.0,183.0,274,1227.0,39,2.0,8,5,1,Tanker,Ashok Leyland,Petrol
511.0,483.0,724,9564.0,39,9.0,5,0,0,Mini Truck,Tata,Diesel
522.0,181.0,271,6477.0,24,15.0,5,3,0,Tanker,Mahindra,Petrol
81.0,328.0,492,4314.0,23,19.0,12,0,0,Van,Mahindra,Diesel
449.0,495.0,742,4152.0,34,18.0,11,6,1,Mini Truck,Mahindra,Diesel
400.0,554.0,831,2644.0,52,3.0,12,5,1,Van,Mahindra,Petrol
219.0,496.0,744,4874.0,29,5.0,12,6,1,Mini Truck,Mahindra,Diesel
469.0,75.0,112,3950.0,26,14.0,1,1,0,Mini Truck,Mahindra,CNG
473.0,564.0,846,2296.0,48,16.0,8,3,0,Tanker,Tata,Diesel
528.0,149.0,223,5006.0,26,14.0,6,6,1,Truck,Tata,CNG
374.0,554.0,831,5813.0,38,3.0,7,0,0,Mini Truck,Ashok Leyland,CNG
333.0,117.0,175,1639.0,34,24.0,4,2,0,Mini Truck,Ashok Leyland,CNG
174.0,414.0,621,652.0,53,16.0,1,0,0,Tanker,Mahindra,Diesel
261.0,586.0,879,3795.0,24,2.0,12,6,1,Tanker,Ashok Leyland,CNG
555.0,194.0,291,9227.0,34,16.0,5,1,0,Truck,Eicher,Diesel
233.0,34.0,51,8979.0,56,15.0,1,4,0,Tanker,Mahindra,Petrol
494.0,564.0,846,4779.0,38,9.0,10,2,0,Mini Truck,Tata,Diesel
77.0,168.0,252,7092.0,50,8.0,6,3,0,Mini Truck,Eicher,Petrol
89.0,61.0,91,8846.0,52,14.0,11,0,0,Mini Truck,Mahindra,CNG
533.0,53.0,79,2271.0,56,2.0,9,0,0,Van,Mahindra,Diesel
307.0,441.0,661,5057.0,34,16.0,8,6,1,Van,Eicher,CNG
393.0,586.0,879,3769.0,52,13.0,2,3,0,Truck,Eicher,Diesel
496.0,296.0,444,8945.0,57,22.0,5,3,0,Van,Tata,Petrol
383.0,363.0,544,5585.0,58,8.0,5,3,0,Truck,Ashok Leyland,CNG
294.0,392.0,588,8945.0,39,22.0,3,5,1,Van,Tata,Petrol
293.0,277.0,415,4001.0,23,16.0,10,2,0,Tanker,Eicher,CNG
407.0,156.0,234,9697.0,31,21.0,4,5,1,Mini Truck,Ashok Leyland,Diesel
528.0,484.0,726,3205.0,42,6.0,11,5,1,Van,Eicher,CNG
374.0,332.0,498,4550.0,58,12.0,2,6,1,Tanker,Eicher,Petrol
282.0,105.0,157,7092.0,52,11.0,8,1,0,Mini Truck,Eicher,Petrol
118.0,218.0,327,1735.0,28,21.0,11,4,0,Mini Truck,Eicher,Diesel
214.0,247.0,370,4779.0,50,17.0,11,2,0,Mini Truck,Tata,Diesel
344.0,149.0,223,3146.0,25,8.0,2,5,1,Van,Ashok Leyland,Petrol
465.0,436.0,654,5052.0,52,14.0,3,3,0,Van,Eicher,Petrol
134.0,194.0,291,2179.0,48,2.0,9,3,0,Van,Ashok Leyland,CNG
534.0,445.0,667,7507.0,50,3.0,10,1,0,Van,Eicher,CNG
260.0,105.0,157,5942.0,29,3.0,8,1,0,Truck,Ashok Leyland,CNG
96.0,27.0,40,9673.0,39,10.0,1,0,0,Van,Tata,Petrol
579.0,53.0,79,4353.0,25,8.0,8,3,0,Truck,Tata,CNG
584.0,423.0,634,1151.0,37,8.0,12,5,1,Truck,Ashok Leyland,CNG
26.0,58.0,87,3757.0,48,3.0,2,2,0,Van,Tata,CNG
119.0,572.0,858,8879.0,39,9.0,8,3,0,Mini Truck,Eicher,CNG
424.0,564.0,846,506.0,38,3.0,5,1,0,Mini Truck,Eicher,CNG
377.0,253.0,379,2644.0,23,7.0,10,6,1,Van,Mahindra,Petrol
175.0,112.0,168,7439.0,50,3.0,8,2,0,Truck,Eicher,Petrol
104.0,66.0,99,5585.0,22,15.0,8,6,1,Truck,Ashok Leyland,CNG
47.0,564.0,846,5942.0,34,18.0,12,3,0,Truck,Ashok Leyland,CNG
253.0,572.0,858,8504.0,41,13.0,5,1,0,Van,Mahindra,CNG
446.0,128.0,192,8879.0,55,2.0,6,4,0,Mini Truck,Eicher,CNG
289.0,24.0,36,5006.0,58,14.0,8,0,0,Truck,Tata,CNG
242.0,194.0,291,2588.0,48,7.0,1,0,0,Mini Truck,Ashok Leyland,Petrol
393.0,27.0,40,2643.0,29,3.0,7,4,0,Truck,Tata,Petrol
114.0,495.0,742,5813.0,43,15.0,12,5,1,Mini Truck,Ashok Leyland,CNG
428.0,277.0,415,6711.0,24,2.0,10,3,0,Van,Ashok Leyland,Petrol
380.0,255.0,382,3846.0,48,2.0,8,1,0,Tanker,Mahindra,Petrol
155.0,405.0,607,7092.0,55,9.0,9,3,0,Mini Truck,Eicher,Petrol
295.0,578.0,867,3846.0,28,21.0,8,0,0,Tanker,Mahindra,Petrol
363.0,156.0,234,9673.0,28,5.0,11,4,0,Van,Tata,Petrol
389.0,255.0,382,9202.0,31,2.0,7,4,0,Tanker,Ashok Leyland,Petrol
131.0,128.0,192,506.0,26,9.0,3,0,0,Mini Truck,Eicher,CNG
143.0,181.0,271,6711.0,57,22.0,12,4,0,Van,Ashok Leyland,Petrol
478.0,75.0,112,2112.0,42,20.0,8,3,0,Tanker,Tata,CNG
147.0,24.0,36,4085.0,53,15.0,1,2,0,Truck,Tata,Petrol
149.0,387.0,580,2112.0,40,23.0,3,4,0,Tanker,Tata,CNG
277.0,143.0,214,2643.0,48,2.0,10,2,0,Truck,Tata,Petrol
271.0,197.0,295,3619.0,24,17.0,9,5,1,Van,Eicher,Petrol
410.0,547.0,820,4619.0,46,18.0,5,0,0,Tanker,Eicher,CNG
523.0,44.0,66,6477.0,49,18.0,10,3,0,Tanker,Mahindra,Petrol
513.0,44.0,66,5006.0,50,3.0,6,0,0,Truck,Tata,CNG
121.0,183.0,274,9356.0,46,1.0,10,6,1,Truck,Tata,CNG
213.0,412.0,618,2541.0,41,23.0,10,6,1,Mini Truck,Mahindra,CNG
498.0,441.0,661,4066.0,22,5.0,7,2,0,Van,Ashok Leyland,Petrol
499.0,194.0,291,9605.0,57,20.0,9,2,0,Mini Truck,Eicher,CNG
406.0,181.0,271,5006.0,42,6.0,1,2,0,Truck,Tata,CNG
201.0,504.0,756,9564.0,53,16.0,6,5,1,Mini Truck,Tata,Diesel
232.0,402.0,603,4779.0,42,18.0,5,4,0,Mini Truck,Tata,Diesel
259.0,66.0,99,7412.0,25,7.0,5,2,0,Van,Eicher,Diesel
111.0,156.0,234,9400.0,50,7.0,9,0,0,Mini Truck,Ashok Leyland,Petrol
90.0,24.0,36,5813.0,34,18.0,9,5,1,Mini Truck,Ashok Leyland,CNG
197.0,156.0,234,8945.0,34,16.0,2,1,0,Van,Tata,Petrol
595.0,277.0,415,2271.0,58,8.0,7,4,0,Van,Mahindra,Diesel
349.0,484.0,726,1791.0,52,14.0,8,4,0,Tanker,Tata,Petrol
342.0,44.0,66,652.0,39,5.0,6,5,1,Tanker,Mahindra,Diesel
23.0,402.0,603,9356.0,35,11.0,3,4,0,Truck,Tata,CNG
548.0,435.0,652,1639.0,27,9.0,3,3,0,Mini Truck,Ashok Leyland,CNG
314.0,297.0,445,7566.0,37,10.0,5,0,0,Truck,Ashok Leyland,Petrol
216.0,269.0,403,4845.0,39,10.0,12,2,0,Tanker,Tata,Petrol
521.0,75.0,112,1735.0,36,15.0,12,6,1,Mini Truck,Eicher,Diesel
507.0,535.0,802,8979.0,48,24.0,12,1,0,Tanker,Mahindra,Petrol
98.0,578.0,867,2035.0,33,23.0,11,6,1,Tanker,Tata,Diesel
234.0,172.0,258,2296.0,49,19.0,2,4,0,Tanker,Tata,Diesel
447.0,449.0,673,8073.0,49,19.0,8,1,0,Van,Ashok Leyland,Diesel
442.0,143.0,214,1540.0,46,4.0,4,3,0,Van,Eicher,CNG
199.0,518.0,777,3846.0,58,14.0,9,4,0,Tanker,Mahindra,Petrol
61.0,310.0,465,1735.0,40,3.0,12,2,0,Mini Truck,Eicher,Diesel
581.0,423.0,634,4502.0,54,22.0,12,6,1,Van,Mahindra,Diesel
240.0,564.0,846,2296.0,24,15.0,4,4,0,Tanker,Tata,Diesel
566.0,172.0,258,506.0,25,7.0,12,1,0,Mini Truck,Eicher,CNG
594.0,245.0,367,5064.0,53,25.0,3,2,0,Van,Eicher,Petrol
105.0,442.0,663,7072.0,36,15.0,11,5,1,Van,Tata,Petrol
364.0,555.0,832,5057.0,55,4.0,9,3,0,Van,Eicher,CNG
483.0,484.0,726,7507.0,29,3.0,4,3,0,Van,Eicher,CNG
431.0,149.0,223,1540.0,45,15.0,8,5,1,Van,Eicher,CNG
434.0,442.0,663,2296.0,29,10.0,8,0,0,Tanker,Tata,Diesel
229.0,475.0,712,652.0,42,20.0,3,3,0,Tanker,Mahindra,Diesel
62.0,559.0,838,9697.0,29,5.0,11,3,0,Mini Truck,Ashok Leyland,Diesel
212.0,34.0,51,3619.0,31,2.0,9,6,1,Van,Eicher,Petrol
192.0,495.0,742,4550.0,24,2.0,4,4,0,Tanker,Eicher,Petrol
138.0,61.0,91,5052.0,31,23.0,10,2,0,Van,Eicher,Petrol
81.0,183.0,274,4582.0,46,1.0,11,2,0,Tanker,Tata,CNG
207.0,516.0,774,4446.0,41,4.0,6,4,0,Mini Truck,Ashok Leyland,Diesel
244.0,183.0,274,3992.0,29,11.0,6,0,0,Truck,Tata,CNG
427.0,518.0,777,4399.0,33,6.0,12,2,0,Mini Truck,Tata,CNG
183.0,559.0,838,4066.0,34,18.0,6,1,0,Van,Ashok Leyland,Petrol
499.0,194.0,291,5006.0,52,3.0,7,3,0,Truck,Tata,CNG
123.0,112.0,168,2644.0,54,22.0,8,6,1,Van,Mahindra,Petrol
261.0,128.0,192,1639.0,48,24.0,12,2,0,Mini Truck,Ashok Leyland,CNG
505.0,445.0,667,6711.0,38,9.0,4,1,0,Van,Ashok Leyland,Petrol
224.0,484.0,726,9227.0,40,25.0,2,1,0,Truck,Eicher,Diesel
277.0,253.0,379,2271.0,41,4.0,7,1,0,Van,Mahindra,Diesel
444.0,328.0,492,1791.0,50,25.0,3,5,1,Tanker,Tata,Petrol
462.0,172.0,258,6362.0,52,13.0,5,4,0,Mini Truck,Mahindra,Diesel
384.0,53.0,79,7439.0,39,22.0,7,1,0,Truck,Eicher,Petrol
328.0,592.0,888,2243.0,28,15.0,2,4,0,Mini Truck,Ashok Leyland,CNG
352.0,504.0,756,9202.0,29,11.0,11,3,0,Tanker,Ashok Leyland,Petrol
487.0,229.0,343,8979.0,46,4.0,9,4,0,Tanker,Mahindra,Petrol
528.0,414.0,621,4446.0,37,19.0,11,0,0,Mini Truck,Ashok Leyland,Diesel
220.0,172.0,258,5006.0,48,2.0,1,0,0,Truck,Tata,CNG
335.0,414.0,621,1639.0,42,18.0,12,1,0,Mini Truck,Ashok Leyland,CNG
429.0,297.0,445,2179.0,35,25.0,9,1,0,Van,Ashok Leyland,CNG
426.0,172.0,258,506.0,37,19.0,9,6,1,Mini Truck,Eicher,CNG
518.0,117.0,175,5779.0,48,3.0,7,2,0,Mini Truck,Ashok Leyland,Petrol
447.0,352.0,528,3992.0,39,11.0,7,3,0,Truck,Tata,CNG
383.0,25.0,37,7158.0,50,3.0,9,1,0,Truck,Ashok Leyland,Diesel
354.0,485.0,727,4085.0,51,2.0,3,5,1,Truck,Tata,Petrol
533.0,93.0,139,1151.0,52,3.0,12,0,0,Truck,Ashok Leyland,CNG
31.0,592.0,888,1812.0,41,13.0,4,0,0,Van,Tata,CNG
514.0,310.0,465,4833.0,38,3.0,3,6,1,Truck,Mahindra,Petrol
162.0,34.0,51,8017.0,48,24.0,3,2,0,Tanker,Eicher,CNG
119.0,435.0,652,1460.0,50,9.0,8,1,0,Tanker,Ashok Leyland,Petrol
170.0,436.0,654,8879.0,53,1.0,12,3,0,Mini Truck,Eicher,CNG
142.0,44.0,66,506.0,41,23.0,8,5,1,Mini Truck,Eicher,CNG
590.0,172.0,258,9605.0,28,5.0,2,6,1,Mini Truck,Eicher,CNG
24.0,436.0,654,2643.0,58,12.0,5,4,0,Truck,Tata,Petrol
106.0,414.0,621,2332.0,25,7.0,6,5,1,Mini Truck,Eicher,Diesel
306.0,310.0,465,2035.0,49,8.0,8,3,0,Tanker,Tata,Diesel
190.0,74.0,111,4399.0,40,25.0,8,4,0,Mini Truck,Tata,CNG
137.0,334.0,501,7507.0,49,10.0,7,1,0,Van,Eicher,CNG
507.0,322.0,483,1257.0,43,15.0,1,0,0,Van,Ashok Leyland,Diesel
461.0,247.0,370,3146.0,49,10.0,5,5,1,Van,Ashok Leyland,Petrol
194.0,554.0,831,1604.0,24,15.0,3,3,0,Truck,Tata,Diesel
123.0,352.0,528,7706.0,37,16.0,12,1,0,Tanker,Ashok Leyland,Petrol
558.0,363.0,544,1735.0,50,3.0,12,3,0,Mini Truck,Eicher,Diesel
364.0,34.0,51,2588.0,48,18.0,4,1,0,Mini Truck,Ashok Leyland,Petrol
223.0,496.0,744,2643.0,39,5.0,7,2,0,Truck,Tata,Petrol
100.0,27.0,40,7507.0,58,5.0,10,5,1,Van,Eicher,CNG
495.0,172.0,258,1604.0,43,15.0,11,0,0,Truck,Tata,Diesel
449.0,172.0,258,7805.0,46,18.0,8,5,1,Tanker,Eicher,CNG
82.0,112.0,168,4446.0,54,22.0,6,6,1,Mini Truck,Ashok Leyland,Diesel
239.0,449.0,673,6477.0,49,21.0,9,5,1,Tanker,Mahindra,Petrol
398.0,564.0,846,1604.0,50,7.0,9,2,0,Truck,Tata,Diesel
247.0,311.0,466,8504.0,29,5.0,3,2,0,Van,Mahindra,CNG
96.0,149.0,223,2541.0,56,15.0,8,3,0,Mini Truck,Mahindra,CNG
394.0,264.0,396,9202.0,25,8.0,6,0,0,Tanker,Ashok Leyland,Petrol
526.0,559.0,838,5813.0,26,1.0,4,6,1,Mini Truck,Ashok Leyland,CNG
100.0,264.0,396,1735.0,34,24.0,2,6,1,Mini Truck,Eicher,Diesel
545.0,229.0,343,3205.0,22,15.0,12,0,0,Van,Eicher,CNG
548.0,34.0,51,7507.0,41,4.0,10,3,0,Van,Eicher,CNG
527.0,216.0,324,3146.0,31,7.0,7,6,1,Van,Ashok Leyland,Petrol
244.0,143.0,214,7072.0,39,11.0,7,0,0,Van,Tata,Petrol
68.0,441.0,661,2179.0,25,6.0,8,1,0,Van,Ashok Leyland,CNG
600.0,485.0,727,9356.0,31,3.0,9,1,0,Truck,Tata,CNG
20.0,578.0,867,3619.0,51,2.0,11,5,1,Van,Eicher,Petrol
67.0,52.0,78,9673.0,26,9.0,5,4,0,Van,Tata,Petrol
573.0,559.0,838,7507.0,41,4.0,6,3,0,Van,Eicher,CNG
218.0,168.0,252,4152.0,41,4.0,7,3,0,Mini Truck,Mahindra,Diesel
284.0,232.0,348,1227.0,37,10.0,7,4,0,Tanker,Ashok Leyland,Petrol
566.0,227.0,340,9202.0,48,24.0,12,6,1,Tanker,Ashok Leyland,Petrol
135.0,436.0,654,1257.0,47,1.0,3,4,0,Van,Ashok Leyland,Diesel
102.0,496.0,744,4833.0,56,2.0,8,2,0,Truck,Mahindra,Petrol
346.0,554.0,831,7092.0,50,9.0,8,1,0,Mini Truck,Eicher,Petrol
202.0,53.0,79,7439.0,26,25.0,10,2,0,Truck,Tata,CNG
416.0,66.0,99,5064.0,42,18.0,3,1,0,Van,Eicher,Petrol
503.0,194.0,291,4502.0,22,15.0,7,1,0,Van,Mahindra,Diesel
401.0,485.0,727,1791.0,42,6.0,10,5,1,Tanker,Tata,Petrol
54.0,245.0,367,8017.0,29,10.0,11,4,0,Tanker,Eicher,CNG
76.0,547.0,820,4502.0,33,6.0,5,5,1,Van,Mahindra,Diesel
320.0,25.0,37,4573.0,31,2.0,1,6,1,Tanker,Mahindra,Diesel
267.0,105.0,157,4619.0,48,16.0,3,5,1,Tanker,Eicher,CNG
374.0,392.0,588,5655.0,41,25.0,9,5,1,Truck,Ashok Leyland,CNG
583.0,34.0,51,3950.0,58,15.0,5,0,0,Mini Truck,Mahindra,CNG
569.0,264.0,396,1639.0,23,16.0,8,3,0,Mini Truck,Ashok Leyland,CNG
434.0,172.0,258,1812.0,36,15.0,4,5,1,Van,Tata,CNG
259.0,245.0,367,5655.0,35,23.0,4,4,0,Truck,Ashok Leyland,CNG
362.0,485.0,727,9400.0,58,3.0,8,6,1,Mini Truck,Ashok Leyland,Petrol
156.0,405.0,607,6073.0,34,18.0,1,0,0,Truck,Mahindra,CNG
102.0,156.0,234,9400.0,37,22.0,1,5,1,Mini Truck,Ashok Leyland,Petrol
517.0,392.0,588,2112.0,24,2.0,6,0,0,Tanker,Tata,CNG
545.0,117.0,175,7619.0,28,5.0,8,6,1,Mini Truck,Tata,Diesel
214.0,75.0,112,7412.0,31,21.0,11,1,0,Van,Eicher,Diesel
170.0,496.0,744,2942.0,26,9.0,1,0,0,Truck,Tata,CNG
63.0,273.0,409,5779.0,31,7.0,3,0,0,Mini Truck,Ashok Leyland,Petrol
95.0,392.0,588,4314.0,55,4.0,8,1,0,Van,Mahindra,Diesel
412.0,445.0,667,7566.0,51,14.0,12,6,1,Truck,Ashok Leyland,Petrol
461.0,75.0,112,5052.0,31,2.0,3,2,0,Van,Eicher,Petrol
382.0,297.0,445,8017.0,27,14.0,3,2,0,Tanker,Eicher,CNG
384.0,229.0,343,2644.0,52,14.0,9,4,0,Van,Mahindra,Petrol
159.0,25.0,37,4093.0,34,24.0,9,0,0,Tanker,Eicher,Petrol
533.0,245.0,367,4093.0,41,23.0,11,3,0,Tanker,Eicher,Petrol
371.0,255.0,382,7619.0,32,6.0,4,6,1,Mini Truck,Tata,Diesel
132.0,195.0,292,4573.0,56,2.0,11,6,1,Tanker,Mahindra,Diesel
238.0,495.0,742,3846.0,28,5.0,8,5,1,Tanker,Mahindra,Petrol
588.0,555.0,832,2271.0,48,7.0,12,4,0,Van,Mahindra,Diesel
469.0,238.0,357,4582.0,31,13.0,2,6,1,Tanker,Tata,CNG
444.0,61.0,91,3757.0,26,9.0,6,5,1,Van,Tata,CNG
154.0,445.0,667,4619.0,57,14.0,1,4,0,Tanker,Eicher,CNG
216.0,475.0,712,5942.0,50,25.0,9,3,0,Truck,Ashok Leyland,CNG
547.0,245.0,367,1151.0,42,18.0,8,0,0,Truck,Ashok Leyland,CNG
376.0,149.0,223,7072.0,30,15.0,7,5,1,Van,Tata,Petrol
301.0,334.0,501,4001.0,38,9.0,5,3,0,Tanker,Eicher,CNG
474.0,555.0,832,8945.0,39,17.0,1,3,0,Van,Tata,Petrol
575.0,518.0,777,7933.0,28,21.0,9,1,0,Mini Truck,Eicher,Diesel
525.0,66.0,99,5813.0,33,6.0,8,2,0,Mini Truck,Ashok Leyland,CNG
71.0,247.0,370,1151.0,50,8.0,2,1,0,Truck,Ashok Leyland,CNG
410.0,547.0,820,5064.0,49,21.0,2,1,0,Van,Eicher,Petrol
418.0,483.0,724,4314.0,39,10.0,11,0,0,Van,Mahindra,Diesel
222.0,247.0,370,1227.0,47,11.0,10,1,0,Tanker,Ashok Leyland,Petrol
306.0,311.0,466,4619.0,23,19.0,4,6,1,Tanker,Eicher,CNG
518.0,194.0,291,2197.0,23,11.0,11,1,0,Truck,Mahindra,CNG
374.0,34.0,51,3846.0,34,16.0,11,4,0,Tanker,Mahindra,Petrol
258.0,423.0,634,3950.0,26,1.0,10,0,0,Mini Truck,Mahindra,CNG
512.0,247.0,370,4093.0,34,18.0,3,3,0,Tanker,Eicher,Petrol
152.0,352.0,528,4314.0,46,15.0,2,6,1,Van,Mahindra,Diesel
222.0,172.0,258,3769.0,42,20.0,7,1,0,Truck,Eicher,Diesel
437.0,238.0,357,1549.0,55,2.0,12,0,0,Truck,Ashok Leyland,Diesel
378.0,273.0,409,7706.0,40,25.0,12,3,0,Tanker,Ashok Leyland,Petrol
528.0,52.0,78,652.0,51,14.0,3,3,0,Tanker,Mahindra,Diesel
87.0,277.0,415,4502.0,40,23.0,3,4,0,Van,Mahindra,Diesel
35.0,273.0,409,5006.0,23,16.0,5,3,0,Truck,Tata,CNG
450.0,586.0,879,4108.0,39,10.0,4,1,0,Truck,Ashok Leyland,CNG
356.0,25.0,37,4582.0,26,9.0,1,4,0,Tanker,Tata,CNG
600.0,168.0,252,5779.0,55,2.0,5,5,1,Mini Truck,Ashok Leyland,Petrol
345.0,435.0,652,7439.0,23,16.0,12,1,0,Truck,Tata,CNG
274.0,168.0,252,2942.0,29,11.0,2,6,1,Truck,Tata,CNG
309.0,58.0,87,5942.0,40,25.0,5,3,0,Truck,Ashok Leyland,CNG
577.0,52.0,78,2019.0,23,11.0,2,1,0,Van,Mahindra,Diesel
490.0,516.0,774,5006.0,34,16.0,1,5,1,Truck,Tata,CNG
105.0,264.0,396,2179.0,41,4.0,12,4,0,Van,Ashok Leyland,CNG
596.0,58.0,87,4550.0,24,17.0,12,4,0,Tanker,Eicher,Petrol
426.0,307.0,460,5006.0,33,23.0,5,6,1,Truck,Tata,CNG
343.0,592.0,888,652.0,52,11.0,5,2,0,Tanker,Mahindra,Diesel
68.0,216.0,324,2243.0,30,15.0,8,4,0,Mini Truck,Ashok Leyland,CNG
272.0,156.0,234,3400.0,42,20.0,6,6,1,Van,Ashok Leyland,Diesel
182.0,496.0,744,5813.0,31,13.0,6,5,1,Mini Truck,Ashok Leyland,CNG
373.0,322.0,483,5585.0,50,7.0,10,1,0,Truck,Ashok Leyland,CNG
368.0,245.0,367,6073.0,54,22.0,1,1,0,Truck,Mahindra,CNG
321.0,504.0,756,1812.0,24,2.0,2,1,0,Van,Tata,CNG
109.0,518.0,777,2112.0,39,11.0,9,2,0,Tanker,Tata,CNG
465.0,245.0,367,1549.0,29,5.0,2,3,0,Truck,Ashok Leyland,Diesel
302.0,311.0,466,1735.0,39,2.0,7,2,0,Mini Truck,Eicher,Diesel
97.0,172.0,258,6711.0,37,10.0,12,4,0,Van,Ashok Leyland,Petrol
326.0,297.0,445,9697.0,35,11.0,1,1,0,Mini Truck,Ashok Leyland,Diesel
261.0,578.0,867,4619.0,31,21.0,9,3,0,Tanker,Eicher,CNG
117.0,414.0,621,2035.0,34,16.0,8,1,0,Tanker,Tata,Diesel
264.0,559.0,838,2332.0,39,11.0,6,5,1,Mini Truck,Eicher,Diesel
444.0,441.0,661,2541.0,27,4.0,6,5,1,Mini Truck,Mahindra,CNG
467.0,255.0,382,3992.0,57,3.0,5,1,0,Truck,Tata,CNG
172.0,245.0,367,4874.0,48,24.0,1,1,0,Mini Truck,Mahindra,Diesel
234.0,592.0,888,4573.0,25,6.0,8,4,0,Tanker,Mahindra,Diesel
477.0,412.0,618,3757.0,44,4.0,10,6,1,Van,Tata,CNG
571.0,75.0,112,3846.0,22,5.0,11,2,0,Tanker,Mahindra,Petrol
184.0,53.0,79,5655.0,53,15.0,6,2,0,Truck,Ashok Leyland,CNG
461.0,253.0,379,5655.0,50,3.0,4,1,0,Truck,Ashok Leyland,CNG
186.0,61.0,91,7092.0,56,2.0,10,6,1,Mini Truck,Eicher,Petrol
320.0,535.0,802,4314.0,52,11.0,8,2,0,Van,Mahindra,Diesel
326.0,572.0,858,1639.0,39,11.0,11,4,0,Mini Truck,Ashok Leyland,CNG
242.0,442.0,663,4001.0,42,18.0,11,4,0,Tanker,Eicher,CNG
570.0,435.0,652,5655.0,48,8.0,6,5,1,Truck,Ashok Leyland,CNG
290.0,112.0,168,3992.0,52,14.0,7,3,0,Truck,Tata,CNG
152.0,61.0,91,2197.0,58,5.0,9,4,0,Truck,Mahindra,CNG
455.0,518.0,777,7507.0,42,6.0,3,5,1,Van,Eicher,CNG
31.0,194.0,291,7706.0,55,2.0,2,1,0,Tanker,Ashok Leyland,Petrol
594.0,172.0,258,2179.0,58,5.0,6,3,0,Van,Ashok Leyland,CNG
54.0,412.0,618,4085.0,25,17.0,12,4,0,Truck,Tata,Petrol
33.0,253.0,379,6362.0,37,8.0,12,5,1,Mini Truck,Mahindra,Diesel
542.0,475.0,712,4314.0,32,6.0,7,1,0,Van,Mahindra,Diesel
372.0,554.0,831,7290.0,26,9.0,8,2,0,Tanker,Tata,Petrol
456.0,296.0,444,7706.0,46,18.0,9,5,1,Tanker,Ashok Leyland,Petrol
597.0,412.0,618,3146.0,48,8.0,6,0,0,Van,Ashok Leyland,Petrol
110.0,53.0,79,8504.0,25,8.0,3,1,0,Van,Mahindra,CNG
244.0,250.0,375,7566.0,48,3.0,9,5,1,Truck,Ashok Leyland,Petrol
501.0,547.0,820,7619.0,39,2.0,2,5,1,Mini Truck,Tata,Diesel
576.0,555.0,832,1735.0,49,21.0,7,1,0,Mini Truck,Eicher,Diesel
138.0,194.0,291,1735.0,52,13.0,2,1,0,Mini Truck,Eicher,Diesel
419.0,197.0,295,2197.0,31,2.0,11,1,0,Truck,Mahindra,CNG
481.0,197.0,295,1604.0,23,19.0,3,6,1,Truck,Tata,Diesel
297.0,168.0,252,3795.0,46,15.0,4,5,1,Tanker,Ashok Leyland,CNG
518.0,112.0,168,8879.0,35,15.0,3,5,1,Mini Truck,Eicher,CNG
238.0,516.0,774,3769.0,46,15.0,10,4,0,Truck,Eicher,Diesel
446.0,273.0,409,5052.0,29,10.0,9,1,0,Van,Eicher,Petrol
138.0,423.0,634,3757.0,48,2.0,7,3,0,Van,Tata,CNG
404.0,238.0,357,4833.0,44,4.0,3,5,1,Truck,Mahindra,Petrol
356.0,484.0,726,8846.0,52,3.0,1,0,0,Mini Truck,Mahindra,CNG
565.0,172.0,258,3769.0,31,23.0,8,3,0,Truck,Eicher,Diesel
591.0,504.0,756,4497.0,37,22.0,2,0,0,Tanker,Eicher,Petrol
495.0,232.0,348,3205.0,49,19.0,1,6,1,Van,Eicher,CNG
563.0,143.0,214,3795.0,36,15.0,4,6,1,Tanker,Ashok Leyland,CNG
494.0,414.0,621,4085.0,48,18.0,7,4,0,Truck,Tata,Petrol
534.0,449.0,673,4874.0,33,23.0,3,1,0,Mini Truck,Mahindra,Diesel
578.0,27.0,40,1735.0,50,7.0,11,1,0,Mini Truck,Eicher,Diesel
85.0,423.0,634,6711.0,40,3.0,11,0,0,Van,Ashok Leyland,Petrol
282.0,535.0,802,1812.0,50,3.0,4,6,1,Van,Tata,CNG
525.0,555.0,832,3205.0,46,1.0,10,1,0,Van,Eicher,CNG
304.0,547.0,820,3400.0,35,23.0,1,2,0,Van,Ashok Leyland,Diesel
355.0,195.0,292,652.0,22,5.0,1,6,1,Tanker,Mahindra,Diesel
162.0,44.0,66,1151.0,49,22.0,2,1,0,Truck,Ashok Leyland,CNG
228.0,181.0,271,7412.0,51,14.0,6,2,0,Van,Eicher,Diesel
286.0,218.0,327,4874.0,22,15.0,5,4,0,Mini Truck,Mahindra,Diesel
155.0,435.0,652,4314.0,31,3.0,5,6,1,Van,Mahindra,Diesel
248.0,334.0,501,2019.0,58,5.0,10,1,0,Van,Mahindra,Diesel
99.0,559.0,838,1257.0,53,25.0,4,5,1,Van,Ashok Leyland,Diesel
201.0,61.0,91,7439.0,38,3.0,12,5,1,Truck,Tata,CNG
444.0,423.0,634,4093.0,39,17.0,8,5,1,Tanker,Eicher,Petrol
362.0,352.0,528,2643.0,53,1.0,2,5,1,Truck,Tata,Petrol
126.0,363.0,544,6477.0,29,11.0,12,1,0,Tanker,Mahindra,Petrol
99.0,412.0,618,7933.0,53,15.0,7,4,0,Mini Truck,Eicher,Diesel
370.0,128.0,192,4152.0,52,13.0,4,4,0,Mini Truck,Mahindra,Diesel
159.0,168.0,252,3992.0,46,1.0,6,0,0,Truck,Tata,CNG
68.0,44.0,66,7290.0,36,15.0,12,5,1,Tanker,Tata,Petrol
137.0,128.0,192,5052.0,37,23.0,12,3,0,Van,Eicher,Petrol
210.0,117.0,175,1321.0,58,3.0,2,3,0,Truck,Mahindra,Diesel
207.0,445.0,667,4502.0,28,5.0,12,2,0,Van,Mahindra,Diesel
576.0,181.0,271,2332.0,28,21.0,9,5,1,Mini Truck,Eicher,Diesel
188.0,516.0,774,2112.0,50,17.0,12,1,0,Tanker,Tata,CNG
322.0,216.0,324,3846.0,42,6.0,7,0,0,Tanker,Mahindra,Petrol
292.0,156.0,234,9697.0,52,3.0,11,4,0,Mini Truck,Ashok Leyland,Diesel
494.0,61.0,91,1549.0,49,19.0,11,0,0,Truck,Ashok Leyland,Diesel
76.0,436.0,654,6477.0,50,7.0,5,3,0,Tanker,Mahindra,Petrol
567.0,149.0,223,3769.0,26,1.0,5,1,0,Truck,Eicher,Diesel
155.0,74.0,111,7092.0,29,3.0,5,6,1,Mini Truck,Eicher,Petrol
170.0,475.0,712,4573.0,37,10.0,8,6,1,Tanker,Mahindra,Diesel
491.0,227.0,340,1227.0,27,14.0,2,3,0,Tanker,Ashok Leyland,Petrol
424.0,332.0,498,4779.0,47,17.0,7,1,0,Mini Truck,Tata,Diesel
597.0,105.0,157,7933.0,22,5.0,11,3,0,Mini Truck,Eicher,Diesel
532.0,264.0,396,3146.0,42,18.0,3,1,0,Van,Ashok Leyland,Petrol
541.0,484.0,726,1735.0,26,14.0,11,2,0,Mini Truck,Eicher,Diesel
422.0,495.0,742,4353.0,52,3.0,12,5,1,Truck,Tata,CNG
146.0,229.0,343,4619.0,50,17.0,6,4,0,Tanker,Eicher,CNG
294.0,449.0,673,4353.0,38,9.0,11,4,0,Truck,Tata,CNG
414.0,181.0,271,3146.0,51,20.0,8,4,0,Van,Ashok Leyland,Petrol
23.0,117.0,175,4573.0,37,8.0,8,0,0,Tanker,Mahindra,Diesel
74.0,54.0,81,4874.0,31,2.0,10,4,0,Mini Truck,Mahindra,Diesel
188.0,269.0,403,2541.0,32,6.0,1,3,0,Mini Truck,Mahindra,CNG
438.0,61.0,91,2296.0,31,3.0,6,4,0,Tanker,Tata,Diesel
278.0,310.0,465,2019.0,50,3.0,8,5,1,Van,Mahindra,Diesel
235.0,495.0,742,7412.0,50,8.0,3,0,0,Van,Eicher,Diesel
286.0,504.0,756,4619.0,28,21.0,10,0,0,Tanker,Eicher,CNG
252.0,255.0,382,6073.0,23,16.0,12,2,0,Truck,Mahindra,CNG
380.0,250.0,375,4085.0,31,3.0,6,5,1,Truck,Tata,Petrol
555.0,442.0,663,5064.0,26,25.0,11,2,0,Van,Eicher,Petrol
534.0,34.0,51,9400.0,52,11.0,8,3,0,Mini Truck,Ashok Leyland,Petrol
564.0,483.0,724,2243.0,55,2.0,10,1,0,Mini Truck,Ashok Leyland,CNG
455.0,149.0,223,5057.0,48,3.0,10,4,0,Van,Eicher,CNG
38.0,373.0,559,4874.0,48,2.0,4,0,0,Mini Truck,Mahindra,Diesel
377.0,255.0,382,1549.0,34,24.0,4,2,0,Truck,Ashok Leyland,Diesel
288.0,509.0,763,3400.0,52,3.0,9,0,0,Van,Ashok Leyland,Diesel
544.0,311.0,466,8504.0,46,1.0,11,0,0,Van,Mahindra,CNG
430.0,483.0,724,7805.0,38,9.0,6,5,1,Tanker,Eicher,CNG
122.0,531.0,796,2179.0,55,2.0,2,0,0,Van,Ashok Leyland,CNG
533.0,277.0,415,2541.0,44,4.0,11,4,0,Mini Truck,Mahindra,CNG
364.0,253.0,379,3950.0,35,11.0,11,1,0,Mini Truck,Mahindra,CNG
136.0,352.0,528,9605.0,43,15.0,7,0,0,Mini Truck,Eicher,CNG
526.0,34.0,51,4845.0,53,25.0,4,5,1,Tanker,Tata,Petrol
30.0,509.0,763,4085.0,31,2.0,10,2,0,Truck,Tata,Petrol
111.0,559.0,838,1791.0,31,23.0,10,1,0,Tanker,Tata,Petrol
593.0,245.0,367,7566.0,35,11.0,5,6,1,Truck,Ashok Leyland,Petrol
300.0,195.0,292,5942.0,50,8.0,4,4,0,Truck,Ashok Leyland,CNG
202.0,310.0,465,4353.0,39,10.0,4,4,0,Truck,Tata,CNG
440.0,34.0,51,7566.0,56,2.0,12,3,0,Truck,Ashok Leyland,Petrol
470.0,183.0,274,9202.0,48,16.0,12,1,0,Tanker,Ashok Leyland,Petrol
224.0,183.0,274,1604.0,39,11.0,2,5,1,Truck,Tata,Diesel
196.0,586.0,879,2179.0,23,16.0,9,3,0,Van,Ashok Leyland,CNG
170.0,277.0,415,8879.0,48,3.0,10,3,0,Mini Truck,Eicher,CNG
173.0,277.0,415,2588.0,27,14.0,9,1,0,Mini Truck,Ashok Leyland,Petrol
93.0,586.0,879,4446.0,24,17.0,8,2,0,Mini Truck,Ashok Leyland,Diesel
328.0,392.0,588,7933.0,57,14.0,11,0,0,Mini Truck,Eicher,Diesel
133.0,559.0,838,2643.0,57,3.0,6,2,0,Truck,Tata,Petrol
154.0,547.0,820,7092.0,41,23.0,3,5,1,Mini Truck,Eicher,Petrol
557.0,194.0,291,8979.0,52,3.0,7,2,0,Tanker,Mahindra,Petrol
485.0,414.0,621,9673.0,54,22.0,2,3,0,Van,Tata,Petrol
530.0,58.0,87,9227.0,24,2.0,4,3,0,Truck,Eicher,Diesel
192.0,363.0,544,4502.0,24,15.0,8,6,1,Van,Mahindra,Diesel
480.0,296.0,444,8017.0,35,11.0,6,1,0,Tanker,Eicher,CNG
485.0,484.0,726,1227.0,28,15.0,3,2,0,Tanker,Ashok Leyland,Petrol
448.0,322.0,483,3795.0,47,1.0,4,1,0,Tanker,Ashok Leyland,CNG
21.0,405.0,607,4399.0,44,4.0,2,4,0,Mini Truck,Tata,CNG
275.0,555.0,832,7933.0,47,1.0,8,4,0,Mini Truck,Eicher,Diesel
49.0,578.0,867,4093.0,50,9.0,3,3,0,Tanker,Eicher,Petrol
574.0,504.0,756,8879.0,33,23.0,10,4,0,Mini Truck,Eicher,CNG
201.0,423.0,634,5942.0,29,5.0,5,6,1,Truck,Ashok Leyland,CNG
490.0,232.0,348,1540.0,56,2.0,4,3,0,Van,Eicher,CNG
506.0,58.0,87,2035.0,44,9.0,5,4,0,Tanker,Tata,Diesel
143.0,509.0,763,6711.0,45,10.0,5,1,0,Van,Ashok Leyland,Petrol
210.0,363.0,544,4582.0,48,3.0,8,5,1,Tanker,Tata,CNG
173.0,504.0,756,6477.0,26,9.0,11,3,0,Tanker,Mahindra,Petrol
378.0,117.0,175,2541.0,53,15.0,6,3,0,Mini Truck,Mahindra,CNG
44.0,227.0,340,506.0,39,5.0,10,3,0,Mini Truck,Eicher,CNG
229.0,253.0,379,4314.0,41,25.0,6,1,0,Van,Mahindra,Diesel
418.0,322.0,483,1639.0,51,20.0,4,2,0,Mini Truck,Ashok Leyland,CNG
207.0,559.0,838,7439.0,39,10.0,3,2,0,Truck,Tata,CNG
596.0,334.0,501,5052.0,37,10.0,12,6,1,Van,Eicher,Petrol
426.0,554.0,831,7805.0,50,3.0,3,1,0,Tanker,Eicher,CNG
119.0,296.0,444,9400.0,52,3.0,11,2,0,Mini Truck,Ashok Leyland,Petrol
330.0,194.0,291,1151.0,28,18.0,12,1,0,Truck,Ashok Leyland,CNG
298.0,484.0,726,1791.0,53,1.0,7,2,0,Tanker,Tata,Petrol
288.0,547.0,820,3795.0,52,3.0,9,6,1,Tanker,Ashok Leyland,CNG
581.0,352.0,528,2019.0,29,5.0,12,3,0,Van,Mahindra,Diesel
367.0,112.0,168,7619.0,45,15.0,4,1,0,Mini Truck,Tata,Diesel
198.0,296.0,444,5585.0,42,18.0,4,0,0,Truck,Ashok Leyland,CNG
192.0,229.0,343,7072.0,52,11.0,12,1,0,Van,Tata,Petrol
32.0,74.0,111,506.0,39,22.0,1,3,0,Mini Truck,Eicher,CNG
576.0,555.0,832,652.0,47,11.0,6,0,0,Tanker,Mahindra,Diesel
206.0,232.0,348,4550.0,41,23.0,3,0,0,Tanker,Eicher,Petrol
352.0,332.0,498,1460.0,24,15.0,9,0,0,Tanker,Ashok Leyland,Petrol
158.0,484.0,726,1257.0,57,3.0,7,4,0,Van,Ashok Leyland,Diesel
102.0,61.0,91,8073.0,50,3.0,8,3,0,Van,Ashok Leyland,Diesel
280.0,436.0,654,4093.0,36,8.0,1,5,1,Tanker,Eicher,Petrol
264.0,495.0,742,7439.0,25,6.0,2,3,0,Truck,Eicher,Petrol
479.0,402.0,603,2644.0,42,18.0,1,1,0,Van,Mahindra,Petrol
569.0,520.0,780,5942.0,46,18.0,12,0,0,Truck,Ashok Leyland,CNG
322.0,564.0,846,4353.0,37,19.0,5,2,0,Truck,Tata,CNG
139.0,373.0,559,4314.0,53,1.0,6,4,0,Van,Mahindra,Diesel
132.0,445.0,667,8846.0,22,15.0,1,6,1,Mini Truck,Mahindra,CNG
320.0,75.0,112,2197.0,35,11.0,11,6,1,Truck,Mahindra,CNG
251.0,297.0,445,4446.0,48,18.0,4,6,1,Mini Truck,Ashok Leyland,Diesel
594.0,547.0,820,8073.0,58,8.0,10,1,0,Van,Ashok Leyland,Diesel
395.0,172.0,258,8945.0,23,20.0,6,2,0,Van,Tata,Petrol
600.0,172.0,258,1791.0,55,4.0,12,0,0,Tanker,Tata,Petrol
364.0,363.0,544,4152.0,38,9.0,3,5,1,Mini Truck,Mahindra,Diesel
122.0,44.0,66,2667.0,50,7.0,2,3,0,Tanker,Ashok Leyland,CNG
229.0,559.0,838,1639.0,31,13.0,9,0,0,Mini Truck,Ashok Leyland,CNG
459.0,195.0,292,5006.0,35,25.0,5,5,1,Truck,Tata,CNG
26.0,143.0,214,1791.0,55,4.0,1,1,0,Tanker,Tata,Petrol
61.0,25.0,37,3950.0,48,24.0,2,6,1,Mini Truck,Mahindra,CNG
359.0,61.0,91,2644.0,48,3.0,3,5,1,Van,Mahindra,Petrol
76.0,592.0,888,7507.0,30,10.0,12,3,0,Van,Eicher,CNG
524.0,496.0,744,2179.0,24,15.0,8,6,1,Van,Ashok Leyland,CNG
27.0,322.0,483,2035.0,51,2.0,2,6,1,Tanker,Tata,Diesel
238.0,143.0,214,9400.0,54,22.0,12,3,0,Mini Truck,Ashok Leyland,Petrol
235.0,181.0,271,4833.0,30,15.0,6,4,0,Truck,Mahindra,Petrol
93.0,535.0,802,5779.0,34,24.0,4,4,0,Mini Truck,Ashok Leyland,Petrol
77.0,402.0,603,9564.0,58,19.0,9,0,0,Mini Truck,Tata,Diesel
83.0,172.0,258,4314.0,57,20.0,9,0,0,Van,Mahindra,Diesel
512.0,105.0,157,4353.0,46,18.0,9,1,0,Truck,Tata,CNG
330.0,232.0,348,2942.0,39,9.0,2,0,0,Truck,Tata,CNG
199.0,218.0,327,4550.0,43,15.0,12,0,0,Tanker,Eicher,Petrol
153.0,172.0,258,6477.0,58,15.0,5,2,0,Tanker,Mahindra,Petrol
197.0,227.0,340,7439.0,31,7.0,12,3,0,Truck,Eicher,Petrol
124.0,334.0,501,4779.0,40,3.0,4,1,0,Mini Truck,Tata,Diesel
247.0,52.0,78,1639.0,39,10.0,10,1,0,Mini Truck,Ashok Leyland,CNG
71.0,255.0,382,3992.0,38,3.0,11,1,0,Truck,Tata,CNG
224.0,495.0,742,9356.0,31,2.0,3,6,1,Truck,Tata,CNG
464.0,322.0,483,9400.0,48,2.0,10,2,0,Mini Truck,Ashok Leyland,Petrol
587.0,44.0,66,4152.0,29,10.0,10,0,0,Mini Truck,Mahindra,Diesel
375.0,277.0,415,1321.0,58,12.0,4,2,0,Truck,Mahindra,Diesel
578.0,352.0,528,5052.0,42,20.0,12,4,0,Van,Eicher,Petrol
588.0,516.0,774,9202.0,24,15.0,5,6,1,Tanker,Ashok Leyland,Petrol
69.0,405.0,607,7566.0,40,23.0,12,0,0,Truck,Ashok Leyland,Petrol
435.0,181.0,271,4108.0,54,22.0,3,0,0,Truck,Ashok Leyland,CNG
482.0,578.0,867,5057.0,45,15.0,6,2,0,Van,Eicher,CNG
227.0,445.0,667,7072.0,28,21.0,1,3,0,Van,Tata,Petrol
277.0,423.0,634,7805.0,37,16.0,11,5,1,Tanker,Eicher,CNG
131.0,277.0,415,3619.0,43,15.0,12,1,0,Van,Eicher,Petrol
23.0,352.0,528,4093.0,41,23.0,7,0,0,Tanker,Eicher,Petrol
41.0,310.0,465,8979.0,46,1.0,8,3,0,Tanker,Mahindra,Petrol
514.0,435.0,652,3992.0,23,20.0,12,0,0,Truck,Tata,CNG
259.0,238.0,357,7933.0,49,21.0,2,5,1,Mini Truck,Eicher,Diesel
471.0,53.0,79,2179.0,42,6.0,9,0,0,Van,Ashok Leyland,CNG
328.0,509.0,763,9356.0,28,5.0,6,5,1,Truck,Tata,CNG
379.0,75.0,112,4497.0,26,25.0,4,4,0,Tanker,Eicher,Petrol
233.0,435.0,652,7805.0,46,15.0,3,3,0,Tanker,Eicher,CNG
551.0,264.0,396,3950.0,46,1.0,10,3,0,Mini Truck,Mahindra,CNG
254.0,227.0,340,4497.0,37,19.0,9,3,0,Tanker,Eicher,Petrol
206.0,73.0,109,7706.0,38,3.0,6,1,0,Tanker,Ashok Leyland,Petrol
550.0,53.0,79,1321.0,55,2.0,4,3,0,Truck,Mahindra,Diesel
525.0,238.0,357,4446.0,24,15.0,9,1,0,Mini Truck,Ashok Leyland,Diesel
104.0,509.0,763,7412.0,34,24.0,12,3,0,Van,Eicher,Diesel
32.0,156.0,234,7290.0,35,11.0,11,6,1,Tanker,Tata,Petrol
578.0,296.0,444,1604.0,29,11.0,10,5,1,Truck,Tata,Diesel
53.0,61.0,91,3619.0,53,25.0,5,0,0,Van,Eicher,Petrol
432.0,277.0,415,7092.0,23,20.0,2,6,1,Mini Truck,Eicher,Petrol
179.0,194.0,291,2112.0,55,2.0,5,5,1,Tanker,Tata,CNG
55.0,531.0,796,3795.0,58,8.0,2,1,0,Tanker,Ashok Leyland,CNG
274.0,475.0,712,4446.0,38,9.0,9,2,0,Mini Truck,Ashok Leyland,Diesel
353.0,405.0,607,5942.0,27,14.0,9,0,0,Truck,Ashok Leyland,CNG
238.0,578.0,867,7412.0,28,18.0,3,5,1,Van,Eicher,Diesel
457.0,183.0,274,3950.0,57,3.0,2,4,0,Mini Truck,Mahindra,CNG
598.0,449.0,673,6711.0,48,2.0,4,3,0,Van,Ashok Leyland,Petrol
411.0,531.0,796,7706.0,58,8.0,7,1,0,Tanker,Ashok Leyland,Petrol
530.0,216.0,324,5813.0,22,5.0,2,0,0,Mini Truck,Ashok Leyland,CNG
41.0,483.0,724,3400.0,29,5.0,12,1,0,Van,Ashok Leyland,Diesel
315.0,495.0,742,2112.0,37,22.0,12,1,0,Tanker,Tata,CNG
338.0,456.0,684,3400.0,39,22.0,11,6,1,Van,Ashok Leyland,Diesel
143.0,518.0,777,8979.0,57,3.0,10,3,0,Tanker,Mahindra,Petrol
28.0,531.0,796,4874.0,24,2.0,7,0,0,Mini Truck,Mahindra,Diesel
416.0,172.0,258,2332.0,42,18.0,12,3,0,Mini Truck,Eicher,Diesel
532.0,53.0,79,2942.0,52,11.0,10,4,0,Truck,Tata,CNG
102.0,373.0,559,7507.0,26,25.0,3,1,0,Van,Eicher,CNG
229.0,423.0,634,9605.0,51,20.0,6,5,1,Mini Truck,Eicher,CNG
162.0,245.0,367,9697.0,29,5.0,5,0,0,Mini Truck,Ashok Leyland,Diesel
550.0,297.0,445,9605.0,49,21.0,2,1,0,Mini Truck,Eicher,CNG
462.0,592.0,888,4573.0,48,24.0,6,0,0,Tanker,Mahindra,Diesel
234.0,311.0,466,7619.0,35,25.0,8,5,1,Mini Truck,Tata,Diesel
468.0,25.0,37,4001.0,29,3.0,1,1,0,Tanker,Eicher,CNG
139.0,25.0,37,2035.0,35,11.0,11,0,0,Tanker,Tata,Diesel
345.0,216.0,324,4353.0,49,8.0,12,6,1,Truck,Tata,CNG
523.0,74.0,111,9202.0,28,21.0,8,5,1,Tanker,Ashok Leyland,Petrol
570.0,483.0,724,9673.0,32,6.0,8,6,1,Van,Tata,Petrol
293.0,227.0,340,2179.0,39,10.0,3,6,1,Van,Ashok Leyland,CNG
443.0,183.0,274,7290.0,37,16.0,12,5,1,Tanker,Tata,Petrol
522.0,105.0,157,6073.0,58,5.0,11,5,1,Truck,Mahindra,CNG
336.0,34.0,51,3205.0,51,20.0,11,6,1,Van,Eicher,CNG
295.0,504.0,756,2588.0,31,2.0,9,0,0,Mini Truck,Ashok Leyland,Petrol
327.0,24.0,36,3950.0,53,15.0,9,4,0,Mini Truck,Mahindra,CNG
531.0,554.0,831,7412.0,22,5.0,4,3,0,Van,Eicher,Diesel
67.0,456.0,684,3757.0,53,1.0,9,0,0,Van,Tata,CNG
181.0,442.0,663,3146.0,53,12.0,11,0,0,Van,Ashok Leyland,Petrol
457.0,25.0,37,4779.0,41,4.0,3,1,0,Mini Truck,Tata,Diesel
537.0,156.0,234,4573.0,50,3.0,5,0,0,Tanker,Mahindra,Diesel
300.0,311.0,466,8846.0,41,4.0,6,1,0,Mini Truck,Mahindra,CNG
362.0,255.0,382,5052.0,51,14.0,3,1,0,Van,Eicher,Petrol
309.0,535.0,802,2179.0,40,23.0,11,1,0,Van,Ashok Leyland,CNG
75.0,531.0,796,506.0,40,8.0,10,1,0,Mini Truck,Eicher,CNG
44.0,441.0,661,2112.0,57,20.0,1,0,0,Tanker,Tata,CNG
422.0,504.0,756,2942.0,49,18.0,4,1,0,Truck,Tata,CNG
306.0,253.0,379,4874.0,50,17.0,2,1,0,Mini Truck,Mahindra,Diesel
36.0,531.0,796,2243.0,53,16.0,10,4,0,Mini Truck,Ashok Leyland,CNG
460.0,504.0,756,9356.0,42,6.0,5,2,0,Truck,Tata,CNG
220.0,423.0,634,2541.0,25,17.0,9,3,0,Mini Truck,Mahindra,CNG
29.0,61.0,91,1735.0,37,16.0,12,1,0,Mini Truck,Eicher,Diesel
398.0,495.0,742,1321.0,37,8.0,7,6,1,Truck,Mahindra,Diesel
291.0,218.0,327,5813.0,58,5.0,8,6,1,Mini Truck,Ashok Leyland,CNG
480.0,436.0,654,7439.0,23,19.0,2,6,1,Truck,Tata,CNG
246.0,218.0,327,2243.0,36,15.0,9,5,1,Mini Truck,Ashok Leyland,CNG
355.0,332.0,498,9400.0,42,18.0,10,1,0,Mini Truck,Ashok Leyland,Petrol
182.0,25.0,37,9605.0,50,25.0,5,1,0,Mini Truck,Eicher,CNG
222.0,414.0,621,6711.0,48,3.0,9,2,0,Van,Ashok Leyland,Petrol
542.0,495.0,742,3619.0,25,7.0,11,3,0,Van,Eicher,Petrol
211.0,264.0,396,9227.0,31,7.0,10,3,0,Truck,Eicher,Diesel
383.0,245.0,367,1460.0,42,6.0,1,5,1,Tanker,Ashok Leyland,Petrol
298.0,531.0,796,2179.0,53,15.0,7,4,0,Van,Ashok Leyland,CNG
548.0,423.0,634,3400.0,49,22.0,7,1,0,Van,Ashok Leyland,Diesel
289.0,58.0,87,3205.0,42,20.0,4,5,1,Van,Eicher,CNG
128.0,112.0,168,2035.0,55,9.0,10,1,0,Tanker,Tata,Diesel
326.0,58.0,87,8846.0,33,20.0,12,3,0,Mini Truck,Mahindra,CNG
314.0,441.0,661,8979.0,51,14.0,3,3,0,Tanker,Mahindra,Petrol
166.0,559.0,838,3757.0,26,9.0,12,0,0,Van,Tata,CNG
566.0,253.0,379,4446.0,38,9.0,5,6,1,Mini Truck,Ashok Leyland,Diesel
163.0,311.0,466,4779.0,40,23.0,5,3,0,Mini Truck,Tata,Diesel
351.0,93.0,139,2296.0,24,15.0,5,5,1,Tanker,Tata,Diesel
273.0,449.0,673,3400.0,48,3.0,9,1,0,Van,Ashok Leyland,Diesel
548.0,535.0,802,5779.0,33,20.0,1,3,0,Mini Truck,Ashok Leyland,Petrol
59.0,194.0,291,7290.0,49,18.0,10,5,1,Tanker,Tata,Petrol
582.0,75.0,112,4001.0,39,9.0,11,0,0,Tanker,Eicher,CNG
213.0,216.0,324,5942.0,29,11.0,2,1,0,Truck,Ashok Leyland,CNG
478.0,436.0,654,5006.0,52,3.0,10,3,0,Truck,Tata,CNG
205.0,564.0,846,2243.0,53,25.0,3,5,1,Mini Truck,Ashok Leyland,CNG
79.0,24.0,36,2019.0,54,4.0,4,2,0,Van,Mahindra,Diesel
572.0,297.0,445,2035.0,50,7.0,9,6,1,Tanker,Tata,Diesel
347.0,328.0,492,1791.0,48,3.0,2,2,0,Tanker,Tata,Petrol
325.0,586.0,879,4874.0,57,3.0,5,5,1,Mini Truck,Mahindra,Diesel
236.0,554.0,831,4152.0,35,11.0,2,5,1,Mini Truck,Mahindra,Diesel
221.0,572.0,858,4779.0,39,9.0,12,2,0,Mini Truck,Tata,Diesel
352.0,592.0,888,1735.0,34,18.0,1,1,0,Mini Truck,Eicher,Diesel
241.0,520.0,780,9400.0,28,5.0,2,4,0,Mini Truck,Ashok Leyland,Petrol
522.0,509.0,763,3400.0,55,2.0,10,3,0,Van,Ashok Leyland,Diesel
558.0,75.0,112,8073.0,30,10.0,5,4,0,Van,Ashok Leyland,Diesel
493.0,73.0,109,4085.0,48,18.0,5,5,1,Truck,Tata,Petrol
22.0,564.0,846,4353.0,57,22.0,8,0,0,Truck,Tata,CNG
264.0,253.0,379,4066.0,55,9.0,3,3,0,Van,Ashok Leyland,Petrol
592.0,52.0,78,1460.0,47,1.0,2,6,1,Tanker,Ashok Leyland,Petrol
500.0,269.0,403,6362.0,44,9.0,3,4,0,Mini Truck,Mahindra,Diesel
594.0,405.0,607,9673.0,39,11.0,3,2,0,Van,Tata,Petrol
463.0,518.0,777,506.0,52,13.0,1,5,1,Mini Truck,Eicher,CNG
99.0,483.0,724,1257.0,50,3.0,9,5,1,Van,Ashok Leyland,Diesel
323.0,216.0,324,2271.0,46,15.0,4,4,0,Van,Mahindra,Diesel
487.0,277.0,415,5942.0,31,3.0,6,3,0,Truck,Ashok Leyland,CNG
156.0,484.0,726,3619.0,42,6.0,1,5,1,Van,Eicher,Petrol
442.0,442.0,663,4001.0,37,8.0,3,2,0,Tanker,Eicher,CNG
137.0,25.0,37,5052.0,26,9.0,12,4,0,Van,Eicher,Petrol
275.0,518.0,777,2296.0,48,7.0,11,5,1,Tanker,Tata,Diesel
159.0,311.0,466,4550.0,44,9.0,12,5,1,Tanker,Eicher,Petrol
340.0,516.0,774,7412.0,40,23.0,7,4,0,Van,Eicher,Diesel
30.0,264.0,396,7933.0,50,25.0,3,4,0,Mini Truck,Eicher,Diesel
580.0,52.0,78,5052.0,25,7.0,8,3,0,Van,Eicher,Petrol
330.0,143.0,214,4446.0,48,24.0,4,4,0,Mini Truck,Ashok Leyland,Diesel
279.0,352.0,528,7092.0,46,1.0,8,4,0,Mini Truck,Eicher,Petrol
277.0,412.0,618,7439.0,33,6.0,12,4,0,Truck,Tata,CNG
493.0,52.0,78,7566.0,25,8.0,7,2,0,Truck,Ashok Leyland,Petrol
282.0,504.0,756,5006.0,23,11.0,5,1,0,Truck,Tata,CNG
34.0,555.0,832,1549.0,29,11.0,10,6,1,Truck,Ashok Leyland,Diesel
198.0,392.0,588,9673.0,34,18.0,2,6,1,Van,Tata,Petrol
201.0,485.0,727,1791.0,35,11.0,4,6,1,Tanker,Tata,Petrol
69.0,61.0,91,8945.0,57,3.0,9,6,1,Van,Tata,Petrol
412.0,229.0,343,3146.0,58,3.0,8,2,0,Van,Ashok Leyland,Petrol
420.0,52.0,78,4093.0,26,9.0,6,1,0,Tanker,Eicher,Petrol
206.0,194.0,291,7412.0,37,10.0,8,4,0,Van,Eicher,Diesel
584.0,592.0,888,5006.0,46,1.0,1,1,0,Truck,Tata,CNG
175.0,143.0,214,5655.0,51,14.0,10,5,1,Truck,Ashok Leyland,CNG
349.0,58.0,87,3146.0,29,5.0,5,1,0,Van,Ashok Leyland,Petrol
325.0,414.0,621,2643.0,46,4.0,12,2,0,Truck,Tata,Petrol
363.0,445.0,667,7439.0,39,5.0,7,2,0,Truck,Tata,CNG
181.0,334.0,501,4353.0,38,9.0,5,3,0,Truck,Tata,CNG
132.0,61.0,91,5064.0,28,15.0,5,1,0,Van,Eicher,Petrol
584.0,194.0,291,2179.0,31,23.0,12,1,0,Van,Ashok Leyland,CNG
21.0,483.0,724,4399.0,33,23.0,7,6,1,Mini Truck,Tata,CNG
525.0,496.0,744,3992.0,37,16.0,1,4,0,Truck,Tata,CNG
167.0,531.0,796,6362.0,24,17.0,8,4,0,Mini Truck,Mahindra,Diesel
274.0,435.0,652,8073.0,23,19.0,12,5,1,Van,Ashok Leyland,Diesel
119.0,402.0,603,4619.0,50,3.0,11,3,0,Tanker,Eicher,CNG
337.0,238.0,357,6477.0,37,8.0,5,5,1,Tanker,Mahindra,Petrol
423.0,44.0,66,1227.0,24,2.0,8,6,1,Tanker,Ashok Leyland,Petrol
202.0,255.0,382,4619.0,23,7.0,1,3,0,Tanker,Eicher,CNG
97.0,555.0,832,4399.0,52,13.0,11,5,1,Mini Truck,Tata,CNG
36.0,181.0,271,1460.0,51,20.0,2,3,0,Tanker,Ashok Leyland,Petrol
555.0,328.0,492,3146.0,39,2.0,11,0,0,Van,Ashok Leyland,Petrol
417.0,442.0,663,9400.0,58,14.0,9,6,1,Mini Truck,Ashok Leyland,Petrol
281.0,194.0,291,2332.0,39,2.0,11,1,0,Mini Truck,Eicher,Diesel
247.0,402.0,603,4085.0,25,7.0,3,1,0,Truck,Tata,Petrol
593.0,363.0,544,9202.0,41,13.0,10,6,1,Tanker,Ashok Leyland,Petrol
131.0,509.0,763,3619.0,23,7.0,3,5,1,Van,Eicher,Petrol
47.0,516.0,774,3619.0,54,22.0,2,5,1,Van,Eicher,Petrol
339.0,535.0,802,4619.0,50,7.0,7,0,0,Tanker,Eicher,CNG
586.0,554.0,831,9697.0,31,21.0,5,3,0,Mini Truck,Ashok Leyland,Diesel
592.0,456.0,684,7290.0,26,14.0,4,0,0,Tanker,Tata,Petrol
416.0,93.0,139,9605.0,52,11.0,9,6,1,Mini Truck,Eicher,CNG
534.0,181.0,271,1549.0,39,17.0,3,1,0,Truck,Ashok Leyland,Diesel
174.0,105.0,157,9605.0,34,24.0,4,4,0,Mini Truck,Eicher,CNG
269.0,253.0,379,5655.0,26,9.0,11,0,0,Truck,Ashok Leyland,CNG
89.0,149.0,223,4573.0,43,15.0,12,6,1,Tanker,Mahindra,Diesel
69.0,112.0,168,1460.0,34,24.0,12,3,0,Tanker,Ashok Leyland,Petrol
42.0,334.0,501,1604.0,48,3.0,12,4,0,Truck,Tata,Diesel
65.0,373.0,559,4353.0,48,7.0,2,2,0,Truck,Tata,CNG
535.0,156.0,234,7566.0,40,23.0,8,4,0,Truck,Ashok Leyland,Petrol
403.0,435.0,652,2643.0,54,22.0,3,3,0,Truck,Tata,Petrol
585.0,238.0,357,7805.0,58,19.0,12,2,0,Tanker,Eicher,CNG
245.0,442.0,663,6477.0,29,10.0,12,1,0,Tanker,Mahindra,Petrol
309.0,373.0,559,1227.0,24,17.0,8,3,0,Tanker,Ashok Leyland,Petrol
460.0,531.0,796,2019.0,53,16.0,4,1,0,Van,Mahindra,Diesel
525.0,311.0,466,6711.0,23,7.0,1,3,0,Van,Ashok Leyland,Petrol
319.0,352.0,528,4399.0,48,24.0,11,6,1,Mini Truck,Tata,CNG
420.0,269.0,403,8073.0,45,15.0,2,5,1,Van,Ashok Leyland,Diesel
586.0,412.0,618,6362.0,58,14.0,11,6,1,Mini Truck,Mahindra,Diesel
555.0,183.0,274,4446.0,46,15.0,3,6,1,Mini Truck,Ashok Leyland,Diesel
41.0,245.0,367,9356.0,30,15.0,10,0,0,Truck,Tata,CNG
438.0,392.0,588,4001.0,30,10.0,2,3,0,Tanker,Eicher,CNG
243.0,238.0,357,6477.0,50,3.0,10,1,0,Tanker,Mahindra,Petrol
123.0,334.0,501,4353.0,48,3.0,10,2,0,Truck,Tata,CNG
202.0,307.0,460,7439.0,40,25.0,6,5,1,Truck,Tata,CNG
67.0,485.0,727,3769.0,35,15.0,6,3,0,Truck,Eicher,Diesel
143.0,54.0,81,4001.0,23,11.0,2,3,0,Tanker,Eicher,CNG
461.0,93.0,139,3950.0,53,12.0,1,6,1,Mini Truck,Mahindra,CNG
149.0,73.0,109,7619.0,28,21.0,6,0,0,Mini Truck,Tata,Diesel
417.0,93.0,139,7092.0,46,15.0,4,0,0,Mini Truck,Eicher,Petrol
291.0,218.0,327,9564.0,53,12.0,5,5,1,Mini Truck,Tata,Diesel
572.0,554.0,831,4446.0,29,3.0,2,6,1,Mini Truck,Ashok Leyland,Diesel
162.0,520.0,780,6362.0,36,20.0,6,2,0,Mini Truck,Mahindra,Diesel
410.0,172.0,258,5585.0,58,19.0,4,4,0,Truck,Ashok Leyland,CNG
562.0,117.0,175,3950.0,22,5.0,8,3,0,Mini Truck,Mahindra,CNG
414.0,74.0,111,5813.0,42,6.0,7,2,0,Mini Truck,Ashok Leyland,CNG
261.0,387.0,580,1321.0,32,6.0,4,0,0,Truck,Mahindra,Diesel
534.0,373.0,559,7933.0,29,11.0,1,1,0,Mini Truck,Eicher,Diesel
542.0,363.0,544,4833.0,23,16.0,7,2,0,Truck,Mahindra,Petrol
378.0,520.0,780,6477.0,41,25.0,10,4,0,Tanker,Mahindra,Petrol
418.0,27.0,40,6073.0,48,16.0,2,0,0,Truck,Mahindra,CNG
118.0,61.0,91,3795.0,28,5.0,12,0,0,Tanker,Ashok Leyland,CNG
202.0,105.0,157,8846.0,32,6.0,11,6,1,Mini Truck,Mahindra,CNG
522.0,518.0,777,4001.0,57,14.0,12,3,0,Tanker,Eicher,CNG
594.0,495.0,742,6362.0,30,10.0,1,2,0,Mini Truck,Mahindra,Diesel
96.0,181.0,271,4001.0,50,3.0,6,4,0,Tanker,Eicher,CNG
550.0,255.0,382,5813.0,49,18.0,6,0,0,Mini Truck,Ashok Leyland,CNG
386.0,149.0,223,4093.0,37,10.0,11,6,1,Tanker,Eicher,Petrol
253.0,509.0,763,652.0,55,4.0,3,3,0,Tanker,Mahindra,Diesel
101.0,255.0,382,2019.0,39,2.0,12,6,1,Van,Mahindra,Diesel
33.0,485.0,727,2296.0,49,11.0,2,3,0,Tanker,Tata,Diesel
251.0,27.0,40,2035.0,55,2.0,7,2,0,Tanker,Tata,Diesel
357.0,483.0,724,3205.0,58,14.0,10,1,0,Van,Eicher,CNG
551.0,245.0,367,9227.0,29,5.0,5,3,0,Truck,Eicher,Diesel
61.0,273.0,409,3992.0,29,5.0,4,0,0,Truck,Tata,CNG
350.0,559.0,838,4152.0,35,23.0,1,4,0,Mini Truck,Mahindra,Diesel
589.0,297.0,445,1549.0,50,7.0,6,6,1,Truck,Ashok Leyland,Diesel
175.0,449.0,673,7412.0,35,23.0,10,3,0,Van,Eicher,Diesel
426.0,245.0,367,1735.0,48,2.0,7,2,0,Mini Truck,Eicher,Diesel
527.0,535.0,802,3992.0,29,11.0,12,0,0,Truck,Tata,CNG
465.0,504.0,756,7805.0,22,5.0,5,6,1,Tanker,Eicher,CNG
552.0,296.0,444,7072.0,31,21.0,1,4,0,Van,Tata,Petrol
205.0,387.0,580,4001.0,36,20.0,10,4,0,Tanker,Eicher,CNG
34.0,253.0,379,4001.0,30,15.0,9,6,1,Tanker,Eicher,CNG
185.0,572.0,858,7507.0,43,15.0,4,5,1,Van,Eicher,CNG
323.0,496.0,744,7072.0,27,14.0,10,2,0,Van,Tata,Petrol
90.0,264.0,396,1460.0,48,18.0,12,1,0,Tanker,Ashok Leyland,Petrol
302.0,255.0,382,4108.0,26,9.0,2,5,1,Truck,Ashok Leyland,CNG
550.0,412.0,618,4108.0,24,17.0,11,5,1,Truck,Ashok Leyland,CNG
213.0,183.0,274,4093.0,33,6.0,8,6,1,Tanker,Eicher,Petrol
573.0,435.0,652,8879.0,31,3.0,2,0,0,Mini Truck,Eicher,CNG
461.0,194.0,291,3769.0,53,12.0,7,5,1,Truck,Eicher,Diesel
143.0,194.0,291,3205.0,40,3.0,10,2,0,Van,Eicher,CNG
249.0,183.0,274,4152.0,39,5.0,6,6,1,Mini Truck,Mahindra,Diesel
255.0,277.0,415,7158.0,46,4.0,7,4,0,Truck,Ashok Leyland,Diesel
114.0,296.0,444,5006.0,32,6.0,3,5,1,Truck,Tata,CNG
198.0,296.0,444,8017.0,53,12.0,5,5,1,Tanker,Eicher,CNG
484.0,24.0,36,3757.0,42,18.0,7,1,0,Van,Tata,CNG
449.0,475.0,712,7566.0,57,22.0,3,3,0,Truck,Ashok Leyland,Petrol
242.0,73.0,109,9605.0,34,24.0,11,4,0,Mini Truck,Eicher,CNG
179.0,149.0,223,1549.0,30,10.0,12,1,0,Truck,Ashok Leyland,Diesel
30.0,516.0,774,3146.0,24,15.0,9,2,0,Van,Ashok Leyland,Petrol
434.0,435.0,652,4108.0,35,11.0,2,0,0,Truck,Ashok Leyland,CNG
67.0,53.0,79,4619.0,58,19.0,6,1,0,Tanker,Eicher,CNG
534.0,436.0,654,9356.0,29,11.0,4,6,1,Truck,Tata,CNG
376.0,509.0,763,7092.0,53,15.0,4,6,1,Mini Truck,Eicher,Petrol
286.0,53.0,79,3205.0,35,25.0,3,6,1,Van,Eicher,CNG
397.0,578.0,867,8846.0,23,19.0,10,3,0,Mini Truck,Mahindra,CNG
541.0,25.0,37,4845.0,58,8.0,4,5,1,Tanker,Tata,Petrol
37.0,255.0,382,3846.0,29,10.0,4,2,0,Tanker,Mahindra,Petrol
320.0,61.0,91,4573.0,29,11.0,2,4,0,Tanker,Mahindra,Diesel
160.0,58.0,87,8979.0,36,15.0,2,1,0,Tanker,Mahindra,Petrol
272.0,392.0,588,1460.0,52,3.0,8,3,0,Tanker,Ashok Leyland,Petrol
296.0,250.0,375,7619.0,50,9.0,11,4,0,Mini Truck,Tata,Diesel
150.0,485.0,727,2019.0,39,10.0,4,2,0,Van,Mahindra,Diesel
391.0,53.0,79,7072.0,58,8.0,3,2,0,Van,Tata,Petrol
528.0,363.0,544,9605.0,55,2.0,12,6,1,Mini Truck,Eicher,CNG
384.0,483.0,724,5779.0,48,3.0,12,3,0,Mini Truck,Ashok Leyland,Petrol
534.0,328.0,492,9564.0,35,11.0,9,1,0,Mini Truck,Tata,Diesel
75.0,475.0,712,1321.0,22,5.0,3,0,0,Truck,Mahindra,Diesel
206.0,273.0,409,3205.0,48,16.0,12,6,1,Van,Eicher,CNG
374.0,520.0,780,4093.0,46,1.0,7,3,0,Tanker,Eicher,Petrol
350.0,197.0,295,1151.0,36,20.0,7,6,1,Truck,Ashok Leyland,CNG
364.0,310.0,465,7290.0,44,4.0,5,0,0,Tanker,Tata,Petrol
236.0,485.0,727,6073.0,38,3.0,10,1,0,Truck,Mahindra,CNG
476.0,195.0,292,7933.0,22,5.0,8,5,1,Mini Truck,Eicher,Diesel
432.0,54.0,81,5064.0,28,5.0,5,0,0,Van,Eicher,Petrol
255.0,578.0,867,4108.0,25,8.0,9,4,0,Truck,Ashok Leyland,CNG
271.0,44.0,66,7507.0,57,22.0,10,6,1,Van,Eicher,CNG
250.0,269.0,403,2035.0,58,3.0,10,1,0,Tanker,Tata,Diesel
392.0,194.0,291,9227.0,51,14.0,3,5,1,Truck,Eicher,Diesel
497.0,547.0,820,4874.0,33,23.0,1,1,0,Mini Truck,Mahindra,Diesel
508.0,495.0,742,7619.0,46,1.0,10,1,0,Mini Truck,Tata,Diesel
414.0,531.0,796,652.0,36,15.0,1,6,1,Tanker,Mahindra,Diesel
95.0,149.0,223,8979.0,40,8.0,8,5,1,Tanker,Mahindra,Petrol
201.0,373.0,559,9202.0,23,11.0,9,2,0,Tanker,Ashok Leyland,Petrol
198.0,143.0,214,4497.0,35,15.0,11,4,0,Tanker,Eicher,Petrol
172.0,250.0,375,4619.0,50,3.0,4,4,0,Tanker,Eicher,CNG
149.0,495.0,742,4093.0,30,10.0,9,4,0,Tanker,Eicher,Petrol
553.0,328.0,492,7805.0,47,17.0,1,3,0,Tanker,Eicher,CNG
579.0,504.0,756,2296.0,48,16.0,5,5,1,Tanker,Tata,Diesel
105.0,218.0,327,1735.0,39,22.0,5,2,0,Mini Truck,Eicher,Diesel
563.0,564.0,846,4845.0,57,14.0,1,0,0,Tanker,Tata,Petrol
272.0,531.0,796,9697.0,42,6.0,11,0,0,Mini Truck,Ashok Leyland,Diesel
313.0,592.0,888,1540.0,36,15.0,11,0,0,Van,Eicher,CNG
75.0,456.0,684,9202.0,47,17.0,2,1,0,Tanker,Ashok Leyland,Petrol
248.0,504.0,756,4874.0,53,15.0,5,2,0,Mini Truck,Mahindra,Diesel
497.0,572.0,858,4550.0,52,11.0,11,1,0,Tanker,Eicher,Petrol
589.0,250.0,375,2271.0,58,12.0,8,3,0,Van,Mahindra,Diesel
583.0,25.0,37,2588.0,28,15.0,5,0,0,Mini Truck,Ashok Leyland,Petrol
105.0,334.0,501,1791.0,49,8.0,9,3,0,Tanker,Tata,Petrol
122.0,516.0,774,4353.0,35,25.0,12,0,0,Truck,Tata,CNG
225.0,277.0,415,2667.0,36,8.0,12,5,1,Tanker,Ashok Leyland,CNG
169.0,578.0,867,3846.0,22,5.0,4,6,1,Tanker,Mahindra,Petrol
475.0,435.0,652,4833.0,36,15.0,6,4,0,Truck,Mahindra,Petrol
385.0,423.0,634,2296.0,39,2.0,3,5,1,Tanker,Tata,Diesel
61.0,227.0,340,5655.0,56,2.0,7,1,0,Truck,Ashok Leyland,CNG
430.0,554.0,831,4550.0,28,5.0,12,5,1,Tanker,Eicher,Petrol
72.0,423.0,634,1549.0,28,5.0,7,0,0,Truck,Ashok Leyland,Diesel
555.0,105.0,157,1791.0,31,21.0,9,4,0,Tanker,Tata,Petrol
563.0,75.0,112,3992.0,45,10.0,1,1,0,Truck,Tata,CNG
192.0,227.0,340,2197.0,58,3.0,1,2,0,Truck,Mahindra,CNG
149.0,572.0,858,4399.0,54,22.0,11,6,1,Mini Truck,Tata,CNG
503.0,586.0,879,4874.0,46,18.0,9,5,1,Mini Truck,Mahindra,Diesel
546.0,436.0,654,2643.0,27,14.0,5,3,0,Truck,Tata,Petrol
487.0,328.0,492,7706.0,31,7.0,5,5,1,Tanker,Ashok Leyland,Petrol
334.0,25.0,37,9673.0,27,14.0,4,2,0,Van,Tata,Petrol
362.0,405.0,607,2588.0,57,3.0,6,5,1,Mini Truck,Ashok Leyland,Petrol
437.0,449.0,673,6362.0,33,23.0,10,5,1,Mini Truck,Mahindra,Diesel
463.0,269.0,403,4108.0,37,19.0,3,4,0,Truck,Ashok Leyland,CNG
219.0,195.0,292,6073.0,23,16.0,1,0,0,Truck,Mahindra,CNG
206.0,194.0,291,5057.0,44,9.0,3,1,0,Van,Eicher,CNG
165.0,520.0,780,2644.0,48,3.0,7,1,0,Van,Mahindra,Petrol
591.0,456.0,684,4874.0,31,7.0,9,1,0,Mini Truck,Mahindra,Diesel
30.0,218.0,327,7092.0,24,15.0,3,2,0,Mini Truck,Eicher,Petrol
137.0,34.0,51,4446.0,25,6.0,5,2,0,Mini Truck,Ashok Leyland,Diesel
324.0,586.0,879,3619.0,26,9.0,8,1,0,Van,Eicher,Petrol
119.0,445.0,667,5655.0,57,14.0,11,2,0,Truck,Ashok Leyland,CNG
388.0,172.0,258,2019.0,23,11.0,3,4,0,Van,Mahindra,Diesel
63.0,245.0,367,2332.0,52,14.0,3,5,1,Mini Truck,Eicher,Diesel
525.0,66.0,99,4066.0,58,15.0,4,1,0,Van,Ashok Leyland,Petrol
328.0,245.0,367,3769.0,31,7.0,12,5,1,Truck,Eicher,Diesel
117.0,74.0,111,4001.0,29,11.0,11,2,0,Tanker,Eicher,CNG
63.0,483.0,724,2643.0,40,8.0,1,6,1,Truck,Tata,Petrol
97.0,554.0,831,4874.0,41,25.0,2,5,1,Mini Truck,Mahindra,Diesel
489.0,44.0,66,4502.0,44,4.0,2,2,0,Van,Mahindra,Diesel
401.0,334.0,501,7092.0,47,17.0,2,1,0,Mini Truck,Eicher,Petrol
325.0,218.0,327,1604.0,58,3.0,4,2,0,Truck,Tata,Diesel
22.0,412.0,618,5052.0,41,25.0,6,4,0,Van,Eicher,Petrol
385.0,586.0,879,9202.0,49,11.0,7,6,1,Tanker,Ashok Leyland,Petrol
91.0,250.0,375,4845.0,50,9.0,8,0,0,Tanker,Tata,Petrol
241.0,238.0,357,2644.0,39,9.0,9,6,1,Van,Mahindra,Petrol
20.0,197.0,295,6362.0,49,21.0,1,3,0,Mini Truck,Mahindra,Diesel
225.0,66.0,99,6711.0,54,22.0,7,6,1,Van,Ashok Leyland,Petrol
578.0,128.0,192,2541.0,41,4.0,4,5,1,Mini Truck,Mahindra,CNG
403.0,255.0,382,3205.0,24,15.0,1,3,0,Van,Eicher,CNG
391.0,373.0,559,8979.0,38,9.0,8,3,0,Tanker,Mahindra,Petrol
129.0,387.0,580,1321.0,29,5.0,11,4,0,Truck,Mahindra,Diesel
410.0,564.0,846,1639.0,32,6.0,6,1,0,Mini Truck,Ashok Leyland,CNG
406.0,143.0,214,8846.0,39,17.0,1,3,0,Mini Truck,Mahindra,CNG
413.0,531.0,796,4152.0,48,16.0,7,0,0,Mini Truck,Mahindra,Diesel
213.0,322.0,483,2667.0,28,5.0,3,1,0,Tanker,Ashok Leyland,CNG
368.0,253.0,379,6477.0,55,4.0,3,2,0,Tanker,Mahindra,Petrol
172.0,117.0,175,2296.0,29,3.0,9,2,0,Tanker,Tata,Diesel
411.0,559.0,838,9356.0,41,4.0,6,6,1,Truck,Tata,CNG
495.0,518.0,777,3400.0,29,5.0,1,0,0,Van,Ashok Leyland,Diesel
555.0,25.0,37,4314.0,31,2.0,1,5,1,Van,Mahindra,Diesel
168.0,232.0,348,7619.0,34,18.0,8,2,0,Mini Truck,Tata,Diesel
575.0,449.0,673,1151.0,48,7.0,12,6,1,Truck,Ashok Leyland,CNG
338.0,442.0,663,1460.0,25,7.0,2,1,0,Tanker,Ashok Leyland,Petrol
311.0,435.0,652,4619.0,23,20.0,6,3,0,Tanker,Eicher,CNG
375.0,143.0,214,4502.0,42,20.0,6,0,0,Van,Mahindra,Diesel
252.0,495.0,742,7072.0,37,10.0,9,2,0,Van,Tata,Petrol
142.0,363.0,544,3992.0,48,24.0,2,2,0,Truck,Tata,CNG
21.0,311.0,466,5052.0,48,18.0,7,2,0,Van,Eicher,Petrol
166.0,149.0,223,6477.0,36,20.0,7,2,0,Tanker,Mahindra,Petrol
194.0,25.0,37,8017.0,28,5.0,12,4,0,Tanker,Eicher,CNG
113.0,554.0,831,3757.0,37,10.0,3,4,0,Van,Tata,CNG
508.0,112.0,168,5942.0,53,25.0,6,4,0,Truck,Ashok Leyland,CNG
254.0,495.0,742,7439.0,29,3.0,11,5,1,Truck,Eicher,Petrol
63.0,554.0,831,2332.0,48,24.0,2,1,0,Mini Truck,Eicher,Diesel
534.0,74.0,111,8017.0,52,11.0,11,5,1,Tanker,Eicher,CNG
23.0,435.0,652,3846.0,27,14.0,4,4,0,Tanker,Mahindra,Petrol
508.0,245.0,367,8846.0,40,3.0,10,4,0,Mini Truck,Mahindra,CNG
405.0,402.0,603,1227.0,45,15.0,3,2,0,Tanker,Ashok Leyland,Petrol
543.0,34.0,51,3846.0,25,8.0,2,3,0,Tanker,Mahindra,Petrol
321.0,572.0,858,1151.0,23,7.0,4,1,0,Truck,Ashok Leyland,CNG
481.0,255.0,382,3400.0,46,15.0,4,1,0,Van,Ashok Leyland,Diesel
295.0,255.0,382,6477.0,24,15.0,1,0,0,Tanker,Mahindra,Petrol
40.0,423.0,634,652.0,40,23.0,11,1,0,Tanker,Mahindra,Diesel
504.0,402.0,603,4108.0,40,23.0,9,2,0,Truck,Ashok Leyland,CNG
448.0,518.0,777,5779.0,42,18.0,11,3,0,Mini Truck,Ashok Leyland,Petrol
286.0,73.0,109,8879.0,24,2.0,4,3,0,Mini Truck,Eicher,CNG
253.0,194.0,291,5813.0,55,9.0,4,4,0,Mini Truck,Ashok Leyland,CNG
76.0,586.0,879,9202.0,31,2.0,12,3,0,Tanker,Ashok Leyland,Petrol
242.0,93.0,139,5779.0,24,15.0,7,3,0,Mini Truck,Ashok Leyland,Petrol
81.0,555.0,832,3846.0,25,8.0,3,0,0,Tanker,Mahindra,Petrol
202.0,93.0,139,7158.0,49,11.0,12,0,0,Truck,Ashok Leyland,Diesel
379.0,307.0,460,7933.0,45,10.0,11,6,1,Mini Truck,Eicher,Diesel
286.0,269.0,403,2667.0,58,12.0,11,6,1,Tanker,Ashok Leyland,CNG
542.0,168.0,252,4779.0,48,8.0,1,6,1,Mini Truck,Tata,Diesel
523.0,227.0,340,2019.0,27,14.0,10,0,0,Van,Mahindra,Diesel
269.0,402.0,603,7412.0,25,6.0,8,0,0,Van,Eicher,Diesel
88.0,128.0,192,1639.0,51,14.0,7,2,0,Mini Truck,Ashok Leyland,CNG
244.0,25.0,37,1257.0,57,20.0,2,4,0,Van,Ashok Leyland,Diesel
540.0,238.0,357,5813.0,35,11.0,4,1,0,Mini Truck,Ashok Leyland,CNG
255.0,495.0,742,8945.0,25,17.0,11,5,1,Van,Tata,Petrol
85.0,516.0,774,2197.0,29,11.0,11,3,0,Truck,Mahindra,CNG
390.0,73.0,109,1639.0,49,21.0,7,2,0,Mini Truck,Ashok Leyland,CNG
475.0,535.0,802,8073.0,24,17.0,10,6,1,Van,Ashok Leyland,Diesel
591.0,495.0,742,5942.0,53,16.0,3,3,0,Truck,Ashok Leyland,CNG
93.0,264.0,396,8504.0,49,18.0,3,3,0,Van,Mahindra,CNG
341.0,105.0,157,4446.0,58,15.0,11,3,0,Mini Truck,Ashok Leyland,Diesel
554.0,218.0,327,2197.0,29,11.0,5,2,0,Truck,Mahindra,CNG
68.0,273.0,409,7439.0,55,4.0,7,3,0,Truck,Tata,CNG
392.0,559.0,838,7805.0,51,20.0,3,1,0,Tanker,Eicher,CNG
397.0,495.0,742,5779.0,29,5.0,11,3,0,Mini Truck,Ashok Leyland,Petrol
49.0,441.0,661,9202.0,42,20.0,7,0,0,Tanker,Ashok Leyland,Petrol
291.0,405.0,607,2942.0,25,6.0,5,6,1,Truck,Tata,CNG
23.0,484.0,726,4085.0,53,15.0,6,6,1,Truck,Tata,Petrol
353.0,495.0,742,3619.0,57,14.0,7,4,0,Van,Eicher,Petrol
336.0,485.0,727,1540.0,40,23.0,1,0,0,Van,Eicher,CNG
518.0,229.0,343,7290.0,30,10.0,3,0,0,Tanker,Tata,Petrol
568.0,363.0,544,9202.0,35,15.0,1,0,0,Tanker,Ashok Leyland,Petrol
164.0,554.0,831,7439.0,35,15.0,10,5,1,Truck,Tata,CNG
594.0,334.0,501,9564.0,28,15.0,10,2,0,Mini Truck,Tata,Diesel
588.0,484.0,726,1257.0,58,3.0,3,0,0,Van,Ashok Leyland,Diesel
347.0,105.0,157,1540.0,39,17.0,3,6,1,Van,Eicher,CNG
89.0,61.0,91,1257.0,45,15.0,6,6,1,Van,Ashok Leyland,Diesel
271.0,414.0,621,1321.0,39,22.0,1,1,0,Truck,Mahindra,Diesel
102.0,363.0,544,3205.0,31,13.0,10,0,0,Van,Eicher,CNG
458.0,253.0,379,1540.0,26,25.0,7,5,1,Van,Eicher,CNG
227.0,554.0,831,1791.0,36,20.0,8,5,1,Tanker,Tata,Petrol
414.0,25.0,37,2644.0,37,8.0,6,5,1,Van,Mahindra,Petrol
227.0,334.0,501,9227.0,29,5.0,7,5,1,Truck,Eicher,Diesel
416.0,518.0,777,1735.0,35,23.0,1,2,0,Mini Truck,Eicher,Diesel
355.0,112.0,168,506.0,58,12.0,4,1,0,Mini Truck,Eicher,CNG
231.0,245.0,367,2541.0,40,25.0,6,2,0,Mini Truck,Mahindra,CNG
492.0,412.0,618,7158.0,29,5.0,8,1,0,Truck,Ashok Leyland,Diesel
389.0,328.0,492,2035.0,52,3.0,12,3,0,Tanker,Tata,Diesel
281.0,445.0,667,4845.0,42,18.0,6,5,1,Tanker,Tata,Petrol
421.0,181.0,271,1639.0,40,23.0,5,2,0,Mini Truck,Ashok Leyland,CNG
214.0,277.0,415,2942.0,48,2.0,7,4,0,Truck,Tata,CNG
84.0,423.0,634,2332.0,38,3.0,6,1,0,Mini Truck,Eicher,Diesel
557.0,229.0,343,3400.0,26,14.0,9,2,0,Van,Ashok Leyland,Diesel
589.0,436.0,654,2644.0,35,15.0,4,0,0,Van,Mahindra,Petrol
48.0,483.0,724,2942.0,24,15.0,7,1,0,Truck,Tata,CNG
176.0,194.0,291,4845.0,50,7.0,5,1,0,Tanker,Tata,Petrol
416.0,105.0,157,9673.0,58,3.0,10,4,0,Van,Tata,Petrol
130.0,564.0,846,3146.0,57,3.0,7,0,0,Van,Ashok Leyland,Petrol
196.0,485.0,727,4502.0,39,22.0,10,3,0,Van,Mahindra,Diesel
92.0,117.0,175,9356.0,29,3.0,3,6,1,Truck,Tata,CNG
318.0,436.0,654,9605.0,46,4.0,3,3,0,Mini Truck,Eicher,CNG
64.0,229.0,343,9356.0,48,24.0,6,5,1,Truck,Tata,CNG
367.0,216.0,324,2179.0,49,19.0,1,1,0,Van,Ashok Leyland,CNG
197.0,253.0,379,9356.0,57,22.0,8,1,0,Truck,Tata,CNG
39.0,449.0,673,2035.0,52,13.0,7,0,0,Tanker,Tata,Diesel
55.0,531.0,796,7566.0,48,3.0,8,6,1,Truck,Ashok Leyland,Petrol
26.0,402.0,603,652.0,25,17.0,4,0,0,Tanker,Mahindra,Diesel
50.0,307.0,460,2019.0,42,18.0,8,6,1,Van,Mahindra,Diesel
317.0,363.0,544,2243.0,31,2.0,4,0,0,Mini Truck,Ashok Leyland,CNG
553.0,245.0,367,7072.0,48,3.0,1,6,1,Van,Tata,Petrol
67.0,253.0,379,3146.0,27,4.0,11,5,1,Van,Ashok Leyland,Petrol
109.0,520.0,780,4845.0,53,15.0,10,1,0,Tanker,Tata,Petrol
468.0,564.0,846,2643.0,33,23.0,11,2,0,Truck,Tata,Petrol
297.0,475.0,712,4582.0,46,1.0,4,5,1,Tanker,Tata,CNG
126.0,387.0,580,1549.0,48,2.0,10,3,0,Truck,Ashok Leyland,Diesel
306.0,273.0,409,1812.0,58,14.0,6,5,1,Van,Tata,CNG
482.0,156.0,234,4446.0,56,2.0,10,3,0,Mini Truck,Ashok Leyland,Diesel
364.0,172.0,258,4108.0,46,1.0,4,0,0,Truck,Ashok Leyland,CNG
537.0,75.0,112,5057.0,57,3.0,9,4,0,Van,Eicher,CNG
517.0,74.0,111,4093.0,29,10.0,2,3,0,Tanker,Eicher,Petrol
543.0,392.0,588,2588.0,28,21.0,8,6,1,Mini Truck,Ashok Leyland,Petrol
213.0,34.0,51,1639.0,48,7.0,8,2,0,Mini Truck,Ashok Leyland,CNG
173.0,435.0,652,7439.0,22,15.0,2,0,0,Truck,Tata,CNG
349.0,564.0,846,1321.0,52,14.0,12,2,0,Truck,Mahindra,Diesel
356.0,310.0,465,4497.0,49,19.0,2,1,0,Tanker,Eicher,Petrol
311.0,296.0,444,3992.0,49,11.0,11,3,0,Truck,Tata,CNG
492.0,296.0,444,2643.0,37,16.0,7,1,0,Truck,Tata,Petrol
160.0,277.0,415,8073.0,49,19.0,8,1,0,Van,Ashok Leyland,Diesel
438.0,442.0,663,2588.0,50,17.0,7,1,0,Mini Truck,Ashok Leyland,Petrol
469.0,531.0,796,3400.0,34,16.0,10,4,0,Van,Ashok Leyland,Diesel
562.0,518.0,777,7706.0,31,13.0,10,5,1,Tanker,Ashok Leyland,Petrol
412.0,183.0,274,4108.0,37,22.0,5,3,0,Truck,Ashok Leyland,CNG
212.0,255.0,382,2112.0,50,3.0,4,5,1,Tanker,Tata,CNG
131.0,75.0,112,9605.0,48,16.0,2,4,0,Mini Truck,Eicher,CNG
189.0,27.0,40,1540.0,39,10.0,5,0,0,Van,Eicher,CNG
181.0,128.0,192,3757.0,57,14.0,8,2,0,Van,Tata,CNG
122.0,255.0,382,9227.0,47,11.0,5,4,0,Truck,Eicher,Diesel
106.0,44.0,66,4314.0,39,9.0,12,2,0,Van,Mahindra,Diesel
331.0,53.0,79,3795.0,42,18.0,3,6,1,Tanker,Ashok Leyland,CNG
526.0,435.0,652,3757.0,22,5.0,10,5,1,Van,Tata,CNG
153.0,255.0,382,9697.0,25,6.0,7,6,1,Mini Truck,Ashok Leyland,Diesel
119.0,586.0,879,9400.0,50,17.0,3,0,0,Mini Truck,Ashok Leyland,Petrol
274.0,483.0,724,3992.0,44,9.0,8,2,0,Truck,Tata,CNG
164.0,61.0,91,9356.0,39,10.0,12,4,0,Truck,Tata,CNG
573.0,218.0,327,4582.0,44,9.0,4,4,0,Tanker,Tata,CNG
296.0,172.0,258,4152.0,53,25.0,5,3,0,Mini Truck,Mahindra,Diesel
483.0,75.0,112,2942.0,58,15.0,9,1,0,Truck,Tata,CNG
208.0,74.0,111,3769.0,43,15.0,12,6,1,Truck,Eicher,Diesel
490.0,44.0,66,1227.0,50,9.0,6,0,0,Tanker,Ashok Leyland,Petrol
348.0,387.0,580,4353.0,38,3.0,10,2,0,Truck,Tata,CNG
188.0,264.0,396,1735.0,25,6.0,11,0,0,Mini Truck,Eicher,Diesel
61.0,392.0,588,2667.0,40,8.0,8,3,0,Tanker,Ashok Leyland,CNG
473.0,423.0,634,4399.0,33,20.0,12,1,0,Mini Truck,Tata,CNG
412.0,586.0,879,4001.0,51,14.0,8,5,1,Tanker,Eicher,CNG
368.0,555.0,832,1321.0,47,17.0,4,5,1,Truck,Mahindra,Diesel
438.0,52.0,78,5813.0,26,1.0,6,2,0,Mini Truck,Ashok Leyland,CNG
436.0,387.0,580,4446.0,32,6.0,4,1,0,Mini Truck,Ashok Leyland,Diesel
311.0,485.0,727,6073.0,49,10.0,11,1,0,Truck,Mahindra,CNG
362.0,392.0,588,5052.0,47,1.0,5,6,1,Van,Eicher,Petrol
461.0,149.0,223,7092.0,27,4.0,7,5,1,Mini Truck,Eicher,Petrol
439.0,255.0,382,4874.0,55,4.0,2,1,0,Mini Truck,Mahindra,Diesel
281.0,245.0,367,5813.0,57,14.0,1,0,0,Mini Truck,Ashok Leyland,CNG
557.0,229.0,343,6073.0,30,15.0,3,6,1,Truck,Mahindra,CNG
432.0,25.0,37,506.0,30,10.0,9,4,0,Mini Truck,Eicher,CNG
323.0,54.0,81,4001.0,23,11.0,6,1,0,Tanker,Eicher,CNG
218.0,245.0,367,2243.0,37,8.0,7,3,0,Mini Truck,Ashok Leyland,CNG
40.0,435.0,652,9202.0,48,7.0,8,6,1,Tanker,Ashok Leyland,Petrol
555.0,435.0,652,2112.0,24,15.0,6,2,0,Tanker,Tata,CNG
571.0,24.0,36,7439.0,39,5.0,11,6,1,Truck,Tata,CNG
468.0,181.0,271,6362.0,46,18.0,9,3,0,Mini Truck,Mahindra,Diesel
303.0,197.0,295,4152.0,42,18.0,7,4,0,Mini Truck,Mahindra,Diesel
396.0,363.0,544,652.0,28,5.0,12,2,0,Tanker,Mahindra,Diesel
161.0,531.0,796,2644.0,47,17.0,10,4,0,Van,Mahindra,Petrol
275.0,75.0,112,2243.0,41,25.0,4,2,0,Mini Truck,Ashok Leyland,CNG
81.0,495.0,742,7412.0,23,11.0,2,4,0,Van,Eicher,Diesel
458.0,520.0,780,5585.0,27,9.0,4,5,1,Truck,Ashok Leyland,CNG
197.0,328.0,492,4845.0,23,11.0,9,2,0,Tanker,Tata,Petrol
567.0,311.0,466,4779.0,57,14.0,1,2,0,Mini Truck,Tata,Diesel
337.0,52.0,78,5057.0,55,4.0,11,3,0,Van,Eicher,CNG
414.0,61.0,91,4833.0,24,15.0,2,1,0,Truck,Mahindra,Petrol
350.0,218.0,327,9400.0,24,17.0,2,6,1,Mini Truck,Ashok Leyland,Petrol
135.0,495.0,742,1460.0,42,20.0,8,5,1,Tanker,Ashok Leyland,Petrol
309.0,531.0,796,1812.0,54,4.0,7,2,0,Van,Tata,CNG
169.0,264.0,396,4582.0,31,23.0,12,0,0,Tanker,Tata,CNG
527.0,128.0,192,1791.0,50,17.0,8,4,0,Tanker,Tata,Petrol
537.0,194.0,291,3146.0,48,24.0,2,6,1,Van,Ashok Leyland,Petrol
369.0,172.0,258,2644.0,48,8.0,4,1,0,Van,Mahindra,Petrol
365.0,405.0,607,4845.0,35,25.0,1,3,0,Tanker,Tata,Petrol
576.0,352.0,528,2019.0,55,2.0,10,6,1,Van,Mahindra,Diesel
245.0,559.0,838,1257.0,42,6.0,2,1,0,Van,Ashok Leyland,Diesel
482.0,592.0,888,4497.0,31,3.0,8,6,1,Tanker,Eicher,Petrol
547.0,93.0,139,9202.0,25,17.0,3,6,1,Tanker,Ashok Leyland,Petrol
288.0,143.0,214,3769.0,27,4.0,9,4,0,Truck,Eicher,Diesel
530.0,509.0,763,8504.0,35,23.0,3,0,0,Van,Mahindra,CNG
441.0,373.0,559,7439.0,50,3.0,7,4,0,Truck,Eicher,Petrol
52.0,518.0,777,1604.0,30,15.0,7,2,0,Truck,Tata,Diesel
190.0,93.0,139,4446.0,45,10.0,3,2,0,Mini Truck,Ashok Leyland,Diesel
539.0,402.0,603,4314.0,41,23.0,10,3,0,Van,Mahindra,Diesel
565.0,156.0,234,9564.0,41,4.0,6,0,0,Mini Truck,Tata,Diesel
214.0,24.0,36,4093.0,26,9.0,10,3,0,Tanker,Eicher,Petrol
372.0,277.0,415,6362.0,50,25.0,12,1,0,Mini Truck,Mahindra,Diesel
92.0,535.0,802,4779.0,23,11.0,8,6,1,Mini Truck,Tata,Diesel
139.0,227.0,340,652.0,42,6.0,5,2,0,Tanker,Mahindra,Diesel
87.0,496.0,744,2643.0,39,9.0,10,1,0,Truck,Tata,Petrol
588.0,229.0,343,5052.0,52,3.0,5,0,0,Van,Eicher,Petrol
82.0,496.0,744,4399.0,47,17.0,7,2,0,Mini Truck,Tata,CNG
326.0,564.0,846,9673.0,53,15.0,6,3,0,Van,Tata,Petrol
163.0,334.0,501,4550.0,45,10.0,10,6,1,Tanker,Eicher,Petrol
340.0,218.0,327,4314.0,58,5.0,6,6,1,Van,Mahindra,Diesel
68.0,504.0,756,3992.0,23,11.0,5,4,0,Truck,Tata,CNG
87.0,402.0,603,9202.0,53,25.0,1,0,0,Tanker,Ashok Leyland,Petrol
539.0,229.0,343,1460.0,52,14.0,8,5,1,Tanker,Ashok Leyland,Petrol
494.0,297.0,445,9400.0,28,5.0,5,2,0,Mini Truck,Ashok Leyland,Petrol
490.0,297.0,445,4152.0,26,1.0,11,1,0,Mini Truck,Mahindra,Diesel
453.0,441.0,661,2197.0,51,14.0,10,4,0,Truck,Mahindra,CNG
169.0,264.0,396,1604.0,48,24.0,5,1,0,Truck,Tata,Diesel
73.0,442.0,663,4152.0,52,3.0,10,2,0,Mini Truck,Mahindra,Diesel
536.0,449.0,673,4152.0,29,10.0,7,3,0,Mini Truck,Mahindra,Diesel
523.0,247.0,370,5813.0,27,14.0,9,6,1,Mini Truck,Ashok Leyland,CNG
250.0,143.0,214,9673.0,28,5.0,6,5,1,Van,Tata,Petrol
228.0,61.0,91,4502.0,47,11.0,9,3,0,Van,Mahindra,Diesel
363.0,255.0,382,2112.0,39,10.0,6,3,0,Tanker,Tata,CNG
135.0,484.0,726,7158.0,40,8.0,12,5,1,Truck,Ashok Leyland,Diesel
181.0,44.0,66,5052.0,24,15.0,7,3,0,Van,Eicher,Petrol
331.0,555.0,832,5006.0,48,16.0,7,5,1,Truck,Tata,CNG
239.0,74.0,111,8017.0,54,4.0,12,0,0,Tanker,Eicher,CNG
170.0,245.0,367,4001.0,44,4.0,4,3,0,Tanker,Eicher,CNG
406.0,423.0,634,2197.0,50,3.0,9,2,0,Truck,Mahindra,CNG
286.0,328.0,492,7439.0,48,24.0,6,2,0,Truck,Tata,CNG
299.0,250.0,375,4001.0,37,8.0,12,6,1,Tanker,Eicher,CNG
185.0,373.0,559,4833.0,27,9.0,9,3,0,Truck,Mahindra,Petrol
589.0,578.0,867,7619.0,58,19.0,9,4,0,Mini Truck,Tata,Diesel
140.0,227.0,340,1460.0,47,17.0,11,3,0,Tanker,Ashok Leyland,Petrol
221.0,277.0,415,9673.0,25,17.0,10,0,0,Van,Tata,Petrol
319.0,44.0,66,3146.0,52,3.0,1,6,1,Van,Ashok Leyland,Petrol
558.0,156.0,234,1540.0,48,2.0,12,4,0,Van,Eicher,CNG
69.0,412.0,618,4446.0,39,2.0,8,3,0,Mini Truck,Ashok Leyland,Diesel
270.0,456.0,684,6362.0,53,12.0,2,6,1,Mini Truck,Mahindra,Diesel
299.0,352.0,528,4833.0,37,23.0,12,1,0,Truck,Mahindra,Petrol
542.0,264.0,396,9400.0,48,18.0,3,5,1,Mini Truck,Ashok Leyland,Petrol
330.0,245.0,367,4001.0,35,23.0,1,2,0,Tanker,Eicher,CNG
136.0,156.0,234,7290.0,33,6.0,4,4,0,Tanker,Tata,Petrol
206.0,564.0,846,7805.0,28,15.0,6,2,0,Tanker,Eicher,CNG
272.0,66.0,99,7933.0,25,6.0,2,5,1,Mini Truck,Eicher,Diesel
266.0,332.0,498,4152.0,49,11.0,7,4,0,Mini Truck,Mahindra,Diesel
145.0,456.0,684,5057.0,48,16.0,5,0,0,Van,Eicher,CNG
265.0,547.0,820,3400.0,55,9.0,3,2,0,Van,Ashok Leyland,Diesel
209.0,156.0,234,9400.0,24,2.0,12,4,0,Mini Truck,Ashok Leyland,Petrol
255.0,332.0,498,7619.0,23,7.0,11,0,0,Mini Truck,Tata,Diesel
406.0,475.0,712,4497.0,41,4.0,5,5,1,Tanker,Eicher,Petrol
311.0,334.0,501,5585.0,34,18.0,5,1,0,Truck,Ashok Leyland,CNG
498.0,273.0,409,9697.0,35,15.0,8,1,0,Mini Truck,Ashok Leyland,Diesel
355.0,34.0,51,2112.0,27,9.0,9,3,0,Tanker,Tata,CNG
333.0,227.0,340,3619.0,49,10.0,11,0,0,Van,Eicher,Petrol
554.0,559.0,838,2332.0,37,19.0,2,2,0,Mini Truck,Eicher,Diesel
331.0,531.0,796,2588.0,53,16.0,4,5,1,Mini Truck,Ashok Leyland,Petrol
441.0,363.0,544,4502.0,49,21.0,4,4,0,Van,Mahindra,Diesel
268.0,172.0,258,4833.0,58,12.0,4,1,0,Truck,Mahindra,Petrol
587.0,564.0,846,3992.0,48,24.0,8,0,0,Truck,Tata,CNG
180.0,423.0,634,3757.0,28,21.0,1,1,0,Van,Tata,CNG
592.0,75.0,112,5064.0,35,11.0,6,6,1,Van,Eicher,Petrol
197.0,296.0,444,2179.0,37,10.0,9,3,0,Van,Ashok Leyland,CNG
35.0,495.0,742,652.0,55,9.0,7,6,1,Tanker,Mahindra,Diesel
184.0,310.0,465,7805.0,23,7.0,12,0,0,Tanker,Eicher,CNG
480.0,277.0,415,5052.0,27,4.0,1,3,0,Van,Eicher,Petrol
588.0,250.0,375,5585.0,23,11.0,4,1,0,Truck,Ashok Leyland,CNG
434.0,586.0,879,1257.0,53,12.0,3,6,1,Van,Ashok Leyland,Diesel
537.0,277.0,415,506.0,29,5.0,12,1,0,Mini Truck,Eicher,CNG
466.0,52.0,78,9697.0,47,1.0,3,2,0,Mini Truck,Ashok Leyland,Diesel
253.0,245.0,367,8504.0,52,3.0,1,1,0,Van,Mahindra,CNG
481.0,328.0,492,9400.0,36,20.0,6,6,1,Mini Truck,Ashok Leyland,Petrol
21.0,253.0,379,4497.0,54,22.0,11,6,1,Tanker,Eicher,Petrol
423.0,227.0,340,5006.0,53,12.0,12,0,0,Truck,Tata,CNG
526.0,456.0,684,4779.0,38,3.0,8,4,0,Mini Truck,Tata,Diesel
566.0,253.0,379,5052.0,49,11.0,4,2,0,Van,Eicher,Petrol
524.0,449.0,673,2243.0,58,12.0,3,4,0,Mini Truck,Ashok Leyland,CNG
486.0,445.0,667,4550.0,34,18.0,4,3,0,Tanker,Eicher,Petrol
105.0,449.0,673,6362.0,25,17.0,12,1,0,Mini Truck,Mahindra,Diesel
159.0,183.0,274,1639.0,42,18.0,4,1,0,Mini Truck,Ashok Leyland,CNG
407.0,194.0,291,8945.0,26,1.0,5,5,1,Van,Tata,Petrol
533.0,436.0,654,8945.0,48,3.0,6,6,1,Van,Tata,Petrol
527.0,218.0,327,3950.0,49,19.0,6,2,0,Mini Truck,Mahindra,CNG
252.0,414.0,621,1639.0,27,14.0,3,2,0,Mini Truck,Ashok Leyland,CNG
212.0,402.0,603,2197.0,52,14.0,5,2,0,Truck,Mahindra,CNG
394.0,52.0,78,5813.0,50,9.0,6,5,1,Mini Truck,Ashok Leyland,CNG
594.0,442.0,663,3769.0,39,10.0,4,1,0,Truck,Eicher,Diesel
297.0,392.0,588,7092.0,53,25.0,11,2,0,Mini Truck,Eicher,Petrol
110.0,34.0,51,5057.0,56,2.0,4,4,0,Van,Eicher,CNG
562.0,181.0,271,8846.0,50,9.0,7,4,0,Mini Truck,Mahindra,CNG
401.0,435.0,652,5779.0,56,2.0,9,6,1,Mini Truck,Ashok Leyland,Petrol
40.0,74.0,111,4779.0,51,14.0,12,1,0,Mini Truck,Tata,Diesel
137.0,93.0,139,2667.0,42,6.0,4,3,0,Tanker,Ashok Leyland,CNG
389.0,195.0,292,3950.0,36,8.0,10,1,0,Mini Truck,Mahindra,CNG
278.0,194.0,291,1604.0,35,11.0,11,6,1,Truck,Tata,Diesel
312.0,445.0,667,4152.0,31,7.0,11,5,1,Mini Truck,Mahindra,Diesel
172.0,445.0,667,2296.0,30,15.0,5,2,0,Tanker,Tata,Diesel
182.0,414.0,621,3795.0,38,3.0,5,2,0,Tanker,Ashok Leyland,CNG
476.0,559.0,838,5779.0,27,14.0,10,3,0,Mini Truck,Ashok Leyland,Petrol
194.0,296.0,444,9697.0,31,7.0,10,1,0,Mini Truck,Ashok Leyland,Diesel
545.0,475.0,712,8846.0,42,20.0,9,4,0,Mini Truck,Mahindra,CNG
339.0,245.0,367,1604.0,38,9.0,3,1,0,Truck,Tata,Diesel
458.0,311.0,466,9697.0,29,5.0,10,3,0,Mini Truck,Ashok Leyland,Diesel
168.0,128.0,192,8073.0,34,18.0,8,6,1,Van,Ashok Leyland,Diesel
108.0,578.0,867,9564.0,33,20.0,2,0,0,Mini Truck,Tata,Diesel
400.0,531.0,796,4446.0,53,16.0,10,2,0,Mini Truck,Ashok Leyland,Diesel
76.0,297.0,445,7412.0,31,3.0,12,1,0,Van,Eicher,Diesel
471.0,509.0,763,1549.0,26,1.0,12,2,0,Truck,Ashok Leyland,Diesel
486.0,445.0,667,3757.0,57,14.0,7,1,0,Van,Tata,CNG
426.0,518.0,777,5655.0,48,2.0,8,2,0,Truck,Ashok Leyland,CNG
414.0,253.0,379,7439.0,39,17.0,11,5,1,Truck,Eicher,Petrol
184.0,435.0,652,4399.0,35,11.0,2,4,0,Mini Truck,Tata,CNG
41.0,412.0,618,4108.0,39,5.0,7,2,0,Truck,Ashok Leyland,CNG
28.0,34.0,51,2942.0,38,3.0,1,2,0,Truck,Tata,CNG
523.0,197.0,295,2644.0,51,20.0,8,5,1,Van,Mahindra,Petrol
121.0,495.0,742,4874.0,51,2.0,5,3,0,Mini Truck,Mahindra,Diesel
305.0,112.0,168,7439.0,24,2.0,4,0,0,Truck,Eicher,Petrol
489.0,269.0,403,2243.0,55,9.0,5,3,0,Mini Truck,Ashok Leyland,CNG
105.0,296.0,444,4108.0,50,17.0,1,3,0,Truck,Ashok Leyland,CNG
29.0,232.0,348,4399.0,55,2.0,5,3,0,Mini Truck,Tata,CNG
343.0,194.0,291,2243.0,42,6.0,8,4,0,Mini Truck,Ashok Leyland,CNG
165.0,181.0,271,2942.0,31,21.0,8,6,1,Truck,Tata,CNG
97.0,172.0,258,7805.0,44,9.0,11,0,0,Tanker,Eicher,CNG
391.0,495.0,742,1604.0,55,4.0,1,3,0,Truck,Tata,Diesel
523.0,229.0,343,8945.0,31,21.0,3,0,0,Van,Tata,Petrol
216.0,232.0,348,3400.0,27,4.0,10,0,0,Van,Ashok Leyland,Diesel
554.0,504.0,756,3795.0,34,16.0,5,5,1,Tanker,Ashok Leyland,CNG
67.0,143.0,214,506.0,37,10.0,3,2,0,Mini Truck,Eicher,CNG
524.0,449.0,673,9227.0,48,3.0,10,0,0,Truck,Eicher,Diesel
215.0,34.0,51,9697.0,48,3.0,7,1,0,Mini Truck,Ashok Leyland,Diesel
114.0,194.0,291,9400.0,25,6.0,7,2,0,Mini Truck,Ashok Leyland,Petrol
336.0,449.0,673,7933.0,28,21.0,5,0,0,Mini Truck,Eicher,Diesel
459.0,332.0,498,1735.0,47,1.0,3,0,0,Mini Truck,Eicher,Diesel
86.0,322.0,483,5057.0,31,23.0,5,4,0,Van,Eicher,CNG
428.0,495.0,742,5064.0,31,2.0,12,4,0,Van,Eicher,Petrol
351.0,504.0,756,2541.0,48,18.0,9,0,0,Mini Truck,Mahindra,CNG
59.0,255.0,382,4353.0,23,7.0,6,4,0,Truck,Tata,CNG
449.0,52.0,78,3795.0,48,24.0,10,1,0,Tanker,Ashok Leyland,CNG
262.0,218.0,327,2035.0,35,11.0,10,2,0,Tanker,Tata,Diesel
89.0,495.0,742,2271.0,22,15.0,3,3,0,Van,Mahindra,Diesel
469.0,245.0,367,1460.0,35,11.0,10,3,0,Tanker,Ashok Leyland,Petrol
364.0,269.0,403,1151.0,36,15.0,9,1,0,Truck,Ashok Leyland,CNG
318.0,197.0,295,3795.0,26,9.0,3,6,1,Tanker,Ashok Leyland,CNG
213.0,518.0,777,2588.0,23,11.0,11,1,0,Mini Truck,Ashok Leyland,Petrol
542.0,442.0,663,8979.0,31,7.0,7,0,0,Tanker,Mahindra,Petrol
181.0,105.0,157,4108.0,41,4.0,4,6,1,Truck,Ashok Leyland,CNG
563.0,227.0,340,4833.0,39,9.0,4,3,0,Truck,Mahindra,Petrol
72.0,61.0,91,3769.0,56,2.0,6,1,0,Truck,Eicher,Diesel
38.0,112.0,168,1321.0,28,15.0,2,6,1,Truck,Mahindra,Diesel
400.0,73.0,109,4353.0,55,2.0,3,5,1,Truck,Tata,CNG
131.0,445.0,667,7439.0,23,11.0,3,5,1,Truck,Tata,CNG
583.0,495.0,742,4108.0,36,20.0,7,6,1,Truck,Ashok Leyland,CNG
204.0,578.0,867,4108.0,37,22.0,9,2,0,Truck,Ashok Leyland,CNG
497.0,412.0,618,3619.0,25,7.0,4,1,0,Van,Eicher,Petrol
261.0,504.0,756,2296.0,49,8.0,6,6,1,Tanker,Tata,Diesel
338.0,445.0,667,1540.0,27,14.0,7,4,0,Van,Eicher,CNG
482.0,245.0,367,4314.0,34,16.0,7,0,0,Van,Mahindra,Diesel
554.0,232.0,348,7805.0,25,6.0,5,0,0,Tanker,Eicher,CNG
102.0,128.0,192,5006.0,56,2.0,6,4,0,Truck,Tata,CNG
171.0,387.0,580,4582.0,33,23.0,3,1,0,Tanker,Tata,CNG
127.0,520.0,780,9400.0,40,25.0,3,5,1,Mini Truck,Ashok Leyland,Petrol
43.0,73.0,109,3846.0,34,16.0,10,0,0,Tanker,Mahindra,Petrol
485.0,218.0,327,5779.0,42,20.0,2,2,0,Mini Truck,Ashok Leyland,Petrol
196.0,25.0,37,4353.0,28,5.0,4,5,1,Truck,Tata,CNG
267.0,554.0,831,4845.0,44,4.0,10,2,0,Tanker,Tata,Petrol
359.0,484.0,726,7158.0,45,15.0,12,1,0,Truck,Ashok Leyland,Diesel
579.0,66.0,99,7933.0,37,10.0,5,4,0,Mini Truck,Eicher,Diesel
140.0,332.0,498,4001.0,38,3.0,2,1,0,Tanker,Eicher,CNG
354.0,392.0,588,4314.0,49,11.0,3,1,0,Van,Mahindra,Diesel
114.0,496.0,744,4001.0,26,1.0,6,0,0,Tanker,Eicher,CNG
413.0,495.0,742,1321.0,33,23.0,9,3,0,Truck,Mahindra,Diesel
474.0,264.0,396,506.0,48,3.0,6,2,0,Mini Truck,Eicher,CNG
383.0,229.0,343,3619.0,29,3.0,10,3,0,Van,Eicher,Petrol
440.0,58.0,87,1791.0,37,16.0,1,2,0,Tanker,Tata,Petrol
475.0,592.0,888,652.0,50,17.0,3,4,0,Tanker,Mahindra,Diesel
120.0,387.0,580,1791.0,49,19.0,3,2,0,Tanker,Tata,Petrol
172.0,564.0,846,1540.0,28,5.0,9,3,0,Van,Eicher,CNG
127.0,535.0,802,3769.0,26,25.0,5,6,1,Truck,Eicher,Diesel
329.0,412.0,618,4152.0,23,7.0,11,6,1,Mini Truck,Mahindra,Diesel
119.0,504.0,756,2243.0,34,24.0,8,6,1,Mini Truck,Ashok Leyland,CNG
201.0,229.0,343,3846.0,35,25.0,4,2,0,Tanker,Mahindra,Petrol
492.0,442.0,663,652.0,58,15.0,10,6,1,Tanker,Mahindra,Diesel
472.0,247.0,370,8504.0,54,22.0,2,3,0,Van,Mahindra,CNG
107.0,449.0,673,2643.0,39,5.0,1,4,0,Truck,Tata,Petrol
501.0,509.0,763,4779.0,28,21.0,8,3,0,Mini Truck,Tata,Diesel
569.0,172.0,258,7439.0,23,19.0,10,0,0,Truck,Eicher,Petrol
210.0,255.0,382,4066.0,37,23.0,4,1,0,Van,Ashok Leyland,Petrol
156.0,172.0,258,4066.0,29,3.0,1,3,0,Van,Ashok Leyland,Petrol
427.0,328.0,492,6073.0,58,3.0,3,1,0,Truck,Mahindra,CNG
117.0,405.0,607,7933.0,34,18.0,9,3,0,Mini Truck,Eicher,Diesel
416.0,441.0,661,3757.0,45,15.0,4,1,0,Van,Tata,CNG
430.0,387.0,580,652.0,49,10.0,8,1,0,Tanker,Mahindra,Diesel
240.0,449.0,673,3769.0,42,20.0,2,3,0,Truck,Eicher,Diesel
173.0,578.0,867,3846.0,45,15.0,6,3,0,Tanker,Mahindra,Petrol
135.0,495.0,742,2179.0,42,18.0,4,3,0,Van,Ashok Leyland,CNG
596.0,387.0,580,7439.0,53,16.0,5,1,0,Truck,Tata,CNG
450.0,436.0,654,3950.0,55,2.0,12,1,0,Mini Truck,Mahindra,CNG
180.0,194.0,291,3846.0,42,6.0,12,5,1,Tanker,Mahindra,Petrol
160.0,456.0,684,1549.0,29,11.0,3,5,1,Truck,Ashok Leyland,Diesel
488.0,363.0,544,4108.0,40,25.0,5,0,0,Truck,Ashok Leyland,CNG
361.0,264.0,396,4093.0,42,20.0,2,3,0,Tanker,Eicher,Petrol
209.0,73.0,109,4085.0,43,15.0,5,3,0,Truck,Tata,Petrol
206.0,156.0,234,9564.0,41,25.0,3,2,0,Mini Truck,Tata,Diesel
363.0,253.0,379,4001.0,28,5.0,10,3,0,Tanker,Eicher,CNG
405.0,172.0,258,2197.0,35,23.0,5,0,0,Truck,Mahindra,CNG
557.0,172.0,258,4353.0,35,25.0,11,5,1,Truck,Tata,CNG
569.0,277.0,415,506.0,44,9.0,1,2,0,Mini Truck,Eicher,CNG
523.0,352.0,528,2112.0,47,1.0,5,3,0,Tanker,Tata,CNG
83.0,423.0,634,1321.0,50,17.0,7,1,0,Truck,Mahindra,Diesel
175.0,54.0,81,9605.0,46,1.0,1,5,1,Mini Truck,Eicher,CNG
197.0,449.0,673,9564.0,48,16.0,7,5,1,Mini Truck,Tata,Diesel
505.0,194.0,291,2179.0,25,17.0,6,2,0,Van,Ashok Leyland,CNG
73.0,423.0,634,2667.0,35,23.0,3,2,0,Tanker,Ashok Leyland,CNG
553.0,34.0,51,7439.0,46,4.0,9,1,0,Truck,Tata,CNG
498.0,61.0,91,4573.0,52,14.0,8,6,1,Tanker,Mahindra,Diesel
239.0,53.0,79,3769.0,24,2.0,6,0,0,Truck,Eicher,Diesel
90.0,269.0,403,2643.0,22,5.0,9,5,1,Truck,Tata,Petrol
54.0,229.0,343,7072.0,44,9.0,3,1,0,Van,Tata,Petrol
494.0,456.0,684,7412.0,47,1.0,6,4,0,Van,Eicher,Diesel
339.0,456.0,684,7566.0,31,23.0,12,0,0,Truck,Ashok Leyland,Petrol
413.0,592.0,888,8073.0,35,15.0,1,4,0,Van,Ashok Leyland,Diesel
577.0,520.0,780,4619.0,47,11.0,3,5,1,Tanker,Eicher,CNG
208.0,423.0,634,5585.0,23,11.0,12,1,0,Truck,Ashok Leyland,CNG
162.0,373.0,559,3950.0,58,3.0,2,1,0,Mini Truck,Mahindra,CNG
272.0,402.0,603,5052.0,23,20.0,3,6,1,Van,Eicher,Petrol
115.0,509.0,763,4582.0,50,8.0,8,4,0,Tanker,Tata,CNG
171.0,555.0,832,4550.0,31,13.0,11,3,0,Tanker,Eicher,Petrol
240.0,387.0,580,7619.0,37,16.0,1,1,0,Mini Truck,Tata,Diesel
179.0,504.0,756,2019.0,35,23.0,10,6,1,Van,Mahindra,Diesel
559.0,218.0,327,8504.0,27,4.0,7,2,0,Van,Mahindra,CNG
284.0,181.0,271,8879.0,23,11.0,12,3,0,Mini Truck,Eicher,CNG
74.0,483.0,724,6477.0,56,2.0,7,4,0,Tanker,Mahindra,Petrol
252.0,181.0,271,8504.0,51,2.0,8,0,0,Van,Mahindra,CNG
311.0,414.0,621,7439.0,31,7.0,10,3,0,Truck,Eicher,Petrol
160.0,531.0,796,8979.0,58,12.0,8,1,0,Tanker,Mahindra,Petrol
461.0,352.0,528,2541.0,57,3.0,12,0,0,Mini Truck,Mahindra,CNG
433.0,531.0,796,3757.0,37,19.0,10,2,0,Van,Tata,CNG
591.0,352.0,528,1604.0,49,22.0,8,2,0,Truck,Tata,Diesel
94.0,586.0,879,5779.0,53,1.0,8,0,0,Mini Truck,Ashok Leyland,Petrol
155.0,322.0,483,2667.0,52,11.0,9,2,0,Tanker,Ashok Leyland,CNG
322.0,34.0,51,4550.0,31,21.0,3,4,0,Tanker,Eicher,Petrol
480.0,555.0,832,6711.0,48,24.0,4,4,0,Van,Ashok Leyland,Petrol
279.0,496.0,744,7290.0,26,9.0,11,0,0,Tanker,Tata,Petrol
49.0,168.0,252,3146.0,49,22.0,6,5,1,Van,Ashok Leyland,Petrol
216.0,194.0,291,7706.0,58,12.0,7,0,0,Tanker,Ashok Leyland,Petrol
298.0,73.0,109,1604.0,23,7.0,7,1,0,Truck,Tata,Diesel
162.0,218.0,327,8979.0,28,21.0,4,0,0,Tanker,Mahindra,Petrol
518.0,363.0,544,7507.0,30,10.0,11,0,0,Van,Eicher,CNG
553.0,143.0,214,1227.0,51,14.0,6,2,0,Tanker,Ashok Leyland,Petrol
62.0,117.0,175,7566.0,42,6.0,12,3,0,Truck,Ashok Leyland,Petrol
472.0,485.0,727,3619.0,25,7.0,5,4,0,Van,Eicher,Petrol
247.0,311.0,466,7706.0,41,23.0,6,1,0,Tanker,Ashok Leyland,Petrol
506.0,310.0,465,4093.0,47,11.0,7,5,1,Tanker,Eicher,Petrol
313.0,373.0,559,9356.0,37,22.0,7,1,0,Truck,Tata,CNG
391.0,442.0,663,5052.0,42,18.0,11,3,0,Van,Eicher,Petrol
127.0,483.0,724,9356.0,46,15.0,10,0,0,Truck,Tata,CNG
76.0,484.0,726,9697.0,35,15.0,4,5,1,Mini Truck,Ashok Leyland,Diesel
407.0,53.0,79,1639.0,48,3.0,2,0,0,Mini Truck,Ashok Leyland,CNG
590.0,423.0,634,9697.0,48,7.0,1,4,0,Mini Truck,Ashok Leyland,Diesel
109.0,496.0,744,2332.0,39,2.0,6,4,0,Mini Truck,Eicher,Diesel
434.0,449.0,673,6073.0,58,15.0,3,5,1,Truck,Mahindra,CNG
537.0,194.0,291,8504.0,52,3.0,8,4,0,Van,Mahindra,CNG
510.0,572.0,858,2019.0,38,9.0,11,5,1,Van,Mahindra,Diesel
169.0,456.0,684,6073.0,40,8.0,1,0,0,Truck,Mahindra,CNG
245.0,332.0,498,4108.0,29,5.0,6,3,0,Truck,Ashok Leyland,CNG
569.0,423.0,634,4497.0,25,6.0,10,4,0,Tanker,Eicher,Petrol
419.0,334.0,501,4152.0,40,8.0,6,4,0,Mini Truck,Mahindra,Diesel
497.0,484.0,726,3757.0,23,11.0,11,0,0,Van,Tata,CNG
302.0,531.0,796,4314.0,25,7.0,3,3,0,Van,Mahindra,Diesel
163.0,518.0,777,3769.0,48,3.0,4,0,0,Truck,Eicher,Diesel
55.0,194.0,291,3619.0,37,8.0,3,4,0,Van,Eicher,Petrol
259.0,264.0,396,5006.0,31,2.0,3,5,1,Truck,Tata,CNG
302.0,414.0,621,4353.0,40,23.0,10,4,0,Truck,Tata,CNG
72.0,310.0,465,7072.0,41,4.0,12,4,0,Van,Tata,Petrol
71.0,172.0,258,1540.0,49,11.0,3,5,1,Van,Eicher,CNG
280.0,172.0,258,9564.0,30,15.0,12,3,0,Mini Truck,Tata,Diesel
104.0,277.0,415,4833.0,34,24.0,5,4,0,Truck,Mahindra,Petrol
419.0,197.0,295,7072.0,37,10.0,1,2,0,Van,Tata,Petrol
280.0,554.0,831,6073.0,31,13.0,10,2,0,Truck,Mahindra,CNG
334.0,572.0,858,8979.0,41,23.0,3,2,0,Tanker,Mahindra,Petrol
502.0,496.0,744,5006.0,39,2.0,2,4,0,Truck,Tata,CNG
269.0,328.0,492,6073.0,23,19.0,9,6,1,Truck,Mahindra,CNG
378.0,247.0,370,6477.0,52,11.0,12,3,0,Tanker,Mahindra,Petrol
537.0,483.0,724,7619.0,54,22.0,5,4,0,Mini Truck,Tata,Diesel
205.0,559.0,838,9202.0,29,10.0,6,3,0,Tanker,Ashok Leyland,Petrol
240.0,310.0,465,8073.0,50,8.0,10,4,0,Van,Ashok Leyland,Diesel
50.0,25.0,37,3205.0,58,19.0,12,5,1,Van,Eicher,CNG
174.0,34.0,51,2271.0,36,20.0,12,6,1,Van,Mahindra,Diesel
566.0,245.0,367,4152.0,30,10.0,12,2,0,Mini Truck,Mahindra,Diesel
221.0,247.0,370,5064.0,41,4.0,10,5,1,Van,Eicher,Petrol
173.0,156.0,234,4066.0,49,18.0,12,6,1,Van,Ashok Leyland,Petrol
375.0,74.0,111,2643.0,29,11.0,3,0,0,Truck,Tata,Petrol
554.0,559.0,838,3146.0,57,20.0,5,1,0,Van,Ashok Leyland,Petrol
120.0,250.0,375,3146.0,28,21.0,9,6,1,Van,Ashok Leyland,Petrol
476.0,332.0,498,4833.0,22,15.0,5,3,0,Truck,Mahindra,Petrol
566.0,578.0,867,6362.0,49,22.0,6,5,1,Mini Truck,Mahindra,Diesel
582.0,328.0,492,2667.0,55,9.0,9,4,0,Tanker,Ashok Leyland,CNG
500.0,24.0,36,6362.0,49,19.0,11,5,1,Mini Truck,Mahindra,Diesel
439.0,310.0,465,4066.0,57,3.0,2,1,0,Van,Ashok Leyland,Petrol
305.0,269.0,403,8504.0,57,14.0,10,3,0,Van,Mahindra,CNG
375.0,586.0,879,9227.0,53,1.0,4,2,0,Truck,Eicher,Diesel
437.0,73.0,109,4001.0,29,3.0,11,4,0,Tanker,Eicher,CNG
449.0,238.0,357,2296.0,31,13.0,11,1,0,Tanker,Tata,Diesel
200.0,449.0,673,8846.0,47,17.0,1,2,0,Mini Truck,Mahindra,CNG
84.0,25.0,37,4152.0,48,7.0,9,0,0,Mini Truck,Mahindra,Diesel
371.0,436.0,654,3795.0,33,23.0,7,5,1,Tanker,Ashok Leyland,CNG
396.0,441.0,661,7805.0,51,14.0,7,5,1,Tanker,Eicher,CNG
332.0,332.0,498,1151.0,34,24.0,8,6,1,Truck,Ashok Leyland,CNG
553.0,25.0,37,3205.0,27,9.0,7,6,1,Van,Eicher,CNG
362.0,34.0,51,2588.0,48,7.0,3,6,1,Mini Truck,Ashok Leyland,Petrol
65.0,322.0,483,4833.0,43,15.0,10,4,0,Truck,Mahindra,Petrol
29.0,216.0,324,7706.0,23,11.0,6,4,0,Tanker,Ashok Leyland,Petrol
539.0,269.0,403,5655.0,29,11.0,7,3,0,Truck,Ashok Leyland,CNG
527.0,311.0,466,4314.0,55,2.0,4,0,0,Van,Mahindra,Diesel
282.0,456.0,684,4353.0,46,15.0,6,2,0,Truck,Tata,CNG
320.0,547.0,820,2243.0,50,17.0,10,3,0,Mini Truck,Ashok Leyland,CNG
87.0,423.0,634,6073.0,47,17.0,5,4,0,Truck,Mahindra,CNG
386.0,44.0,66,3769.0,53,16.0,2,2,0,Truck,Eicher,Diesel
404.0,183.0,274,7092.0,42,18.0,2,5,1,Mini Truck,Eicher,Petrol
583.0,483.0,724,4152.0,25,6.0,5,1,0,Mini Truck,Mahindra,Diesel
162.0,27.0,40,9564.0,50,25.0,1,2,0,Mini Truck,Tata,Diesel
387.0,578.0,867,8504.0,51,14.0,7,5,1,Van,Mahindra,CNG
568.0,484.0,726,2179.0,22,15.0,6,3,0,Van,Ashok Leyland,CNG
81.0,245.0,367,6477.0,50,17.0,4,1,0,Tanker,Mahindra,Petrol
369.0,423.0,634,3950.0,22,5.0,12,0,0,Mini Truck,Mahindra,CNG
497.0,592.0,888,7619.0,26,1.0,6,0,0,Mini Truck,Tata,Diesel
262.0,181.0,271,5052.0,56,15.0,11,4,0,Van,Eicher,Petrol
315.0,156.0,234,2019.0,52,13.0,10,2,0,Van,Mahindra,Diesel
323.0,495.0,742,9400.0,26,14.0,6,2,0,Mini Truck,Ashok Leyland,Petrol
583.0,328.0,492,9697.0,25,8.0,1,6,1,Mini Truck,Ashok Leyland,Diesel
251.0,227.0,340,4573.0,45,10.0,11,3,0,Tanker,Mahindra,Diesel
40.0,183.0,274,1604.0,36,20.0,6,2,0,Truck,Tata,Diesel
376.0,352.0,528,9400.0,24,15.0,4,3,0,Mini Truck,Ashok Leyland,Petrol
215.0,128.0,192,1151.0,52,3.0,2,5,1,Truck,Ashok Leyland,CNG
522.0,54.0,81,7439.0,24,2.0,2,3,0,Truck,Tata,CNG
588.0,483.0,724,3146.0,36,8.0,6,5,1,Van,Ashok Leyland,Petrol
234.0,554.0,831,4874.0,33,6.0,5,5,1,Mini Truck,Mahindra,Diesel
382.0,414.0,621,8846.0,41,23.0,12,6,1,Mini Truck,Mahindra,CNG
372.0,273.0,409,9227.0,34,16.0,11,5,1,Truck,Eicher,Diesel
22.0,483.0,724,3950.0,39,22.0,9,5,1,Mini Truck,Mahindra,CNG
483.0,445.0,667,6073.0,37,22.0,7,1,0,Truck,Mahindra,CNG
556.0,445.0,667,4833.0,30,15.0,2,3,0,Truck,Mahindra,Petrol
216.0,181.0,271,7933.0,34,24.0,12,3,0,Mini Truck,Eicher,Diesel
547.0,229.0,343,7092.0,48,24.0,3,4,0,Mini Truck,Eicher,Petrol
568.0,250.0,375,2332.0,31,3.0,10,0,0,Mini Truck,Eicher,Diesel
197.0,555.0,832,3757.0,25,17.0,10,2,0,Van,Tata,CNG
298.0,520.0,780,4314.0,57,20.0,9,6,1,Van,Mahindra,Diesel
43.0,194.0,291,9202.0,40,23.0,1,4,0,Tanker,Ashok Leyland,Petrol
394.0,168.0,252,8846.0,27,9.0,6,2,0,Mini Truck,Mahindra,CNG
570.0,442.0,663,2332.0,55,2.0,8,3,0,Mini Truck,Eicher,Diesel
127.0,181.0,271,8945.0,39,5.0,5,6,1,Van,Tata,Petrol
330.0,168.0,252,7158.0,42,18.0,4,0,0,Truck,Ashok Leyland,Diesel
323.0,245.0,367,4001.0,31,2.0,4,4,0,Tanker,Eicher,CNG
51.0,414.0,621,8979.0,23,7.0,5,3,0,Tanker,Mahindra,Petrol
147.0,414.0,621,5064.0,58,5.0,2,6,1,Van,Eicher,Petrol
164.0,255.0,382,3846.0,33,6.0,3,4,0,Tanker,Mahindra,Petrol
494.0,105.0,157,1735.0,25,8.0,7,0,0,Mini Truck,Eicher,Diesel
130.0,296.0,444,2296.0,30,10.0,7,6,1,Tanker,Tata,Diesel
481.0,277.0,415,4582.0,51,20.0,9,4,0,Tanker,Tata,CNG
88.0,245.0,367,3619.0,41,13.0,6,4,0,Van,Eicher,Petrol
510.0,456.0,684,1540.0,37,10.0,12,1,0,Van,Eicher,CNG
486.0,172.0,258,7158.0,49,18.0,2,6,1,Truck,Ashok Leyland,Diesel
398.0,245.0,367,4108.0,50,17.0,8,3,0,Truck,Ashok Leyland,CNG
163.0,423.0,634,2588.0,31,3.0,5,1,0,Mini Truck,Ashok Leyland,Petrol
93.0,392.0,588,2243.0,28,15.0,2,2,0,Mini Truck,Ashok Leyland,CNG
429.0,44.0,66,2942.0,35,11.0,6,4,0,Truck,Tata,CNG
489.0,352.0,528,5655.0,28,5.0,4,1,0,Truck,Ashok Leyland,CNG
95.0,352.0,528,7072.0,39,9.0,2,5,1,Van,Tata,Petrol
371.0,273.0,409,2243.0,25,8.0,2,1,0,Mini Truck,Ashok Leyland,CNG
354.0,52.0,78,3400.0,46,18.0,11,4,0,Van,Ashok Leyland,Diesel
287.0,442.0,663,8017.0,33,23.0,3,3,0,Tanker,Eicher,CNG
512.0,509.0,763,1791.0,57,20.0,9,2,0,Tanker,Tata,Petrol
588.0,572.0,858,5813.0,37,19.0,1,6,1,Mini Truck,Ashok Leyland,CNG
409.0,25.0,37,2541.0,25,7.0,2,5,1,Mini Truck,Mahindra,CNG
139.0,34.0,51,3757.0,37,22.0,10,2,0,Van,Tata,CNG
24.0,74.0,111,8017.0,36,20.0,10,0,0,Tanker,Eicher,CNG
350.0,34.0,51,1460.0,28,18.0,6,6,1,Tanker,Ashok Leyland,Petrol
571.0,518.0,777,7290.0,23,11.0,5,4,0,Tanker,Tata,Petrol
394.0,172.0,258,2644.0,35,11.0,7,2,0,Van,Mahindra,Petrol
218.0,328.0,492,7290.0,28,21.0,10,5,1,Tanker,Tata,Petrol
194.0,509.0,763,9564.0,47,17.0,3,6,1,Mini Truck,Tata,Diesel
267.0,586.0,879,9400.0,27,4.0,1,2,0,Mini Truck,Ashok Leyland,Petrol
36.0,296.0,444,3992.0,27,9.0,7,0,0,Truck,Tata,CNG
209.0,247.0,370,1321.0,27,9.0,9,4,0,Truck,Mahindra,Diesel
454.0,442.0,663,7706.0,31,21.0,9,3,0,Tanker,Ashok Leyland,Petrol
414.0,436.0,654,2035.0,23,11.0,1,0,0,Tanker,Tata,Diesel
47.0,554.0,831,8879.0,26,1.0,3,6,1,Mini Truck,Eicher,CNG
439.0,58.0,87,7566.0,48,24.0,1,2,0,Truck,Ashok Leyland,Petrol
489.0,564.0,846,5779.0,26,9.0,1,0,0,Mini Truck,Ashok Leyland,Petrol
242.0,24.0,36,4066.0,39,17.0,11,6,1,Van,Ashok Leyland,Petrol
306.0,61.0,91,4152.0,50,7.0,7,3,0,Mini Truck,Mahindra,Diesel
364.0,105.0,157,652.0,38,9.0,11,4,0,Tanker,Mahindra,Diesel
339.0,328.0,492,8073.0,40,25.0,8,5,1,Van,Ashok Leyland,Diesel
252.0,555.0,832,8945.0,26,1.0,10,4,0,Van,Tata,Petrol
453.0,73.0,109,3400.0,23,19.0,8,2,0,Van,Ashok Leyland,Diesel
92.0,332.0,498,2179.0,50,3.0,1,5,1,Van,Ashok Leyland,CNG
89.0,334.0,501,3795.0,25,8.0,9,6,1,Tanker,Ashok Leyland,CNG
464.0,194.0,291,6073.0,47,17.0,4,0,0,Truck,Mahindra,CNG
366.0,229.0,343,652.0,54,4.0,7,6,1,Tanker,Mahindra,Diesel
36.0,509.0,763,3619.0,57,14.0,3,0,0,Van,Eicher,Petrol
328.0,559.0,838,4152.0,53,25.0,5,6,1,Mini Truck,Mahindra,Diesel
381.0,405.0,607,1321.0,35,25.0,8,5,1,Truck,Mahindra,Diesel
59.0,75.0,112,506.0,57,20.0,6,5,1,Mini Truck,Eicher,CNG
448.0,54.0,81,4582.0,48,24.0,2,5,1,Tanker,Tata,CNG
389.0,485.0,727,4502.0,38,9.0,5,6,1,Van,Mahindra,Diesel
529.0,373.0,559,4497.0,24,2.0,8,6,1,Tanker,Eicher,Petrol
309.0,255.0,382,1549.0,32,6.0,6,0,0,Truck,Ashok Leyland,Diesel
323.0,311.0,466,3846.0,37,8.0,9,6,1,Tanker,Mahindra,Petrol
160.0,58.0,87,4001.0,41,23.0,5,3,0,Tanker,Eicher,CNG
217.0,392.0,588,2942.0,52,3.0,5,3,0,Truck,Tata,CNG
31.0,520.0,780,7092.0,39,2.0,11,6,1,Mini Truck,Eicher,Petrol
253.0,195.0,292,4108.0,34,24.0,2,6,1,Truck,Ashok Leyland,CNG
282.0,227.0,340,7706.0,26,14.0,11,3,0,Tanker,Ashok Leyland,Petrol
415.0,53.0,79,1227.0,41,13.0,10,1,0,Tanker,Ashok Leyland,Petrol
254.0,128.0,192,5779.0,57,20.0,5,5,1,Mini Truck,Ashok Leyland,Petrol
157.0,61.0,91,7805.0,39,10.0,2,6,1,Tanker,Eicher,CNG
577.0,445.0,667,7619.0,40,23.0,5,3,0,Mini Truck,Tata,Diesel
357.0,307.0,460,4353.0,28,5.0,11,2,0,Truck,Tata,CNG
305.0,227.0,340,7158.0,41,13.0,4,4,0,Truck,Ashok Leyland,Diesel
464.0,255.0,382,2541.0,30,15.0,3,1,0,Mini Truck,Mahindra,CNG
207.0,332.0,498,4399.0,48,16.0,1,5,1,Mini Truck,Tata,CNG
489.0,572.0,858,8504.0,48,18.0,1,2,0,Van,Mahindra,CNG
165.0,245.0,367,2643.0,26,25.0,4,2,0,Truck,Tata,Petrol
246.0,93.0,139,4573.0,54,22.0,1,4,0,Tanker,Mahindra,Diesel
80.0,516.0,774,4152.0,50,3.0,6,3,0,Mini Truck,Mahindra,Diesel
190.0,495.0,742,5585.0,31,7.0,8,5,1,Truck,Ashok Leyland,CNG
290.0,436.0,654,4874.0,28,5.0,4,2,0,Mini Truck,Mahindra,Diesel
438.0,423.0,634,1151.0,44,9.0,1,4,0,Truck,Ashok Leyland,CNG
435.0,564.0,846,4353.0,27,9.0,6,5,1,Truck,Tata,CNG
278.0,518.0,777,4845.0,58,8.0,7,6,1,Tanker,Tata,Petrol
516.0,156.0,234,7507.0,33,20.0,1,3,0,Van,Eicher,CNG
192.0,307.0,460,9202.0,29,5.0,8,6,1,Tanker,Ashok Leyland,Petrol
591.0,112.0,168,7566.0,37,10.0,11,1,0,Truck,Ashok Leyland,Petrol
289.0,183.0,274,652.0,48,3.0,8,2,0,Tanker,Mahindra,Diesel
557.0,483.0,724,3205.0,55,4.0,7,3,0,Van,Eicher,CNG
511.0,334.0,501,2332.0,49,18.0,5,3,0,Mini Truck,Eicher,Diesel
575.0,435.0,652,4779.0,54,22.0,4,6,1,Mini Truck,Tata,Diesel
577.0,61.0,91,4399.0,33,6.0,8,6,1,Mini Truck,Tata,CNG
537.0,328.0,492,5057.0,28,18.0,5,0,0,Van,Eicher,CNG
111.0,227.0,340,5057.0,34,24.0,11,5,1,Van,Eicher,CNG
270.0,232.0,348,1549.0,30,15.0,11,2,0,Truck,Ashok Leyland,Diesel
237.0,554.0,831,4833.0,49,19.0,12,3,0,Truck,Mahindra,Petrol
579.0,564.0,846,7566.0,58,5.0,4,3,0,Truck,Ashok Leyland,Petrol
178.0,168.0,252,1791.0,53,1.0,1,6,1,Tanker,Tata,Petrol
505.0,264.0,396,3619.0,53,16.0,3,0,0,Van,Eicher,Petrol
27.0,27.0,40,5779.0,25,17.0,1,6,1,Mini Truck,Ashok Leyland,Petrol
210.0,495.0,742,5942.0,50,8.0,12,6,1,Truck,Ashok Leyland,CNG
269.0,296.0,444,652.0,22,15.0,10,5,1,Tanker,Mahindra,Diesel
74.0,253.0,379,3757.0,29,3.0,7,6,1,Van,Tata,CNG
95.0,483.0,724,4502.0,49,8.0,4,1,0,Van,Mahindra,Diesel
496.0,387.0,580,9202.0,50,8.0,8,5,1,Tanker,Ashok Leyland,Petrol
331.0,61.0,91,5813.0,51,14.0,5,1,0,Mini Truck,Ashok Leyland,CNG
520.0,363.0,544,3205.0,49,22.0,4,6,1,Van,Eicher,CNG
493.0,387.0,580,2667.0,46,4.0,2,3,0,Tanker,Ashok Leyland,CNG
289.0,535.0,802,4353.0,31,7.0,11,1,0,Truck,Tata,CNG
191.0,586.0,879,9697.0,28,5.0,3,5,1,Mini Truck,Ashok Leyland,Diesel
517.0,504.0,756,5006.0,41,13.0,9,5,1,Truck,Tata,CNG
417.0,547.0,820,1791.0,48,2.0,3,5,1,Tanker,Tata,Petrol
57.0,61.0,91,8879.0,40,8.0,12,1,0,Mini Truck,Eicher,CNG
572.0,194.0,291,5813.0,38,9.0,4,0,0,Mini Truck,Ashok Leyland,CNG
333.0,554.0,831,4779.0,35,23.0,6,5,1,Mini Truck,Tata,Diesel
397.0,495.0,742,5585.0,57,22.0,12,3,0,Truck,Ashok Leyland,CNG
73.0,52.0,78,8846.0,32,6.0,8,5,1,Mini Truck,Mahindra,CNG
93.0,435.0,652,4066.0,31,2.0,5,5,1,Van,Ashok Leyland,Petrol
469.0,273.0,409,5813.0,42,6.0,3,6,1,Mini Truck,Ashok Leyland,CNG
125.0,484.0,726,2296.0,39,10.0,2,5,1,Tanker,Tata,Diesel
468.0,156.0,234,1227.0,29,5.0,11,0,0,Tanker,Ashok Leyland,Petrol
374.0,181.0,271,2942.0,57,3.0,3,3,0,Truck,Tata,CNG
576.0,449.0,673,4845.0,31,3.0,1,1,0,Tanker,Tata,Petrol
259.0,93.0,139,4497.0,30,15.0,7,6,1,Tanker,Eicher,Petrol
513.0,485.0,727,6362.0,51,2.0,3,1,0,Mini Truck,Mahindra,Diesel
379.0,245.0,367,3950.0,37,16.0,12,2,0,Mini Truck,Mahindra,CNG
289.0,334.0,501,2541.0,37,8.0,8,4,0,Mini Truck,Mahindra,CNG
283.0,475.0,712,9356.0,37,10.0,5,0,0,Truck,Tata,CNG
523.0,441.0,661,1812.0,41,13.0,9,0,0,Van,Tata,CNG
51.0,555.0,832,8846.0,52,3.0,11,5,1,Mini Truck,Mahindra,CNG
215.0,181.0,271,3146.0,26,9.0,5,2,0,Van,Ashok Leyland,Petrol
60.0,564.0,846,4502.0,52,3.0,9,3,0,Van,Mahindra,Diesel
428.0,554.0,831,7805.0,35,11.0,3,1,0,Tanker,Eicher,CNG
340.0,441.0,661,9564.0,37,8.0,3,1,0,Mini Truck,Tata,Diesel
510.0,264.0,396,4845.0,49,11.0,3,5,1,Tanker,Tata,Petrol
148.0,328.0,492,2179.0,27,9.0,6,4,0,Van,Ashok Leyland,CNG
151.0,435.0,652,1540.0,56,2.0,3,2,0,Van,Eicher,CNG
520.0,183.0,274,4582.0,48,7.0,5,0,0,Tanker,Tata,CNG
168.0,227.0,340,1791.0,58,15.0,11,3,0,Tanker,Tata,Petrol
319.0,518.0,777,7290.0,58,5.0,7,0,0,Tanker,Tata,Petrol
82.0,456.0,684,4550.0,27,9.0,7,5,1,Tanker,Eicher,Petrol
522.0,392.0,588,5006.0,55,2.0,5,6,1,Truck,Tata,CNG
40.0,405.0,607,3757.0,35,25.0,10,6,1,Van,Tata,CNG
462.0,475.0,712,1321.0,47,17.0,12,4,0,Truck,Mahindra,Diesel
511.0,156.0,234,4446.0,48,18.0,1,0,0,Mini Truck,Ashok Leyland,Diesel
380.0,255.0,382,3795.0,31,13.0,10,1,0,Tanker,Ashok Leyland,CNG
521.0,194.0,291,4353.0,42,6.0,9,0,0,Truck,Tata,CNG
270.0,559.0,838,1227.0,32,6.0,1,6,1,Tanker,Ashok Leyland,Petrol
260.0,311.0,466,3795.0,29,10.0,9,0,0,Tanker,Ashok Leyland,CNG
396.0,195.0,292,8945.0,41,25.0,8,1,0,Van,Tata,Petrol
281.0,149.0,223,7290.0,29,5.0,9,1,0,Tanker,Tata,Petrol
363.0,58.0,87,7439.0,26,14.0,1,4,0,Truck,Tata,CNG
433.0,373.0,559,2019.0,48,3.0,6,5,1,Van,Mahindra,Diesel
435.0,61.0,91,1460.0,33,20.0,9,0,0,Tanker,Ashok Leyland,Petrol
550.0,322.0,483,5057.0,22,15.0,9,1,0,Van,Eicher,CNG
314.0,297.0,445,5779.0,30,10.0,12,0,0,Mini Truck,Ashok Leyland,Petrol
155.0,531.0,796,1735.0,37,19.0,11,0,0,Mini Truck,Eicher,Diesel
480.0,475.0,712,3769.0,37,10.0,4,2,0,Truck,Eicher,Diesel
84.0,435.0,652,3846.0,26,9.0,5,6,1,Tanker,Mahindra,Petrol
323.0,52.0,78,9202.0,35,23.0,1,2,0,Tanker,Ashok Leyland,Petrol
540.0,373.0,559,9697.0,40,8.0,6,2,0,Mini Truck,Ashok Leyland,Diesel
568.0,435.0,652,2643.0,23,16.0,2,0,0,Truck,Tata,Petrol
205.0,334.0,501,3846.0,26,1.0,9,3,0,Tanker,Mahindra,Petrol
591.0,156.0,234,4085.0,48,3.0,5,3,0,Truck,Tata,Petrol
475.0,54.0,81,2197.0,28,5.0,2,0,0,Truck,Mahindra,CNG
223.0,238.0,357,2942.0,29,3.0,10,2,0,Truck,Tata,CNG
87.0,405.0,607,4066.0,28,5.0,3,5,1,Van,Ashok Leyland,Petrol
421.0,332.0,498,4446.0,57,3.0,12,1,0,Mini Truck,Ashok Leyland,Diesel
49.0,435.0,652,4619.0,58,14.0,5,3,0,Tanker,Eicher,CNG
305.0,436.0,654,4573.0,46,4.0,5,3,0,Tanker,Mahindra,Diesel
131.0,564.0,846,9697.0,31,7.0,4,0,0,Mini Truck,Ashok Leyland,Diesel
379.0,128.0,192,4399.0,26,1.0,5,6,1,Mini Truck,Tata,CNG
559.0,441.0,661,6362.0,45,10.0,9,5,1,Mini Truck,Mahindra,Diesel
81.0,559.0,838,4152.0,57,14.0,1,6,1,Mini Truck,Mahindra,Diesel
129.0,322.0,483,1321.0,53,15.0,10,1,0,Truck,Mahindra,Diesel
252.0,66.0,99,3205.0,44,9.0,5,0,0,Van,Eicher,CNG
422.0,449.0,673,2296.0,39,10.0,4,6,1,Tanker,Tata,Diesel
58.0,352.0,528,2296.0,48,24.0,1,6,1,Tanker,Tata,Diesel
431.0,485.0,727,7290.0,28,21.0,5,6,1,Tanker,Tata,Petrol
253.0,435.0,652,4550.0,41,4.0,1,6,1,Tanker,Eicher,Petrol
592.0,435.0,652,7092.0,50,3.0,1,3,0,Mini Truck,Eicher,Petrol
226.0,273.0,409,2197.0,37,23.0,10,0,0,Truck,Mahindra,CNG
258.0,547.0,820,4550.0,39,10.0,12,3,0,Tanker,Eicher,Petrol
234.0,195.0,292,8846.0,49,21.0,10,5,1,Mini Truck,Mahindra,CNG
347.0,435.0,652,5064.0,58,15.0,9,4,0,Van,Eicher,Petrol
412.0,229.0,343,2541.0,49,21.0,5,2,0,Mini Truck,Mahindra,CNG
591.0,245.0,367,2035.0,35,11.0,8,4,0,Tanker,Tata,Diesel
559.0,117.0,175,3619.0,53,15.0,4,4,0,Van,Eicher,Petrol
80.0,531.0,796,4502.0,31,2.0,12,1,0,Van,Mahindra,Diesel
342.0,34.0,51,2179.0,29,3.0,7,1,0,Van,Ashok Leyland,CNG
78.0,328.0,492,4446.0,46,15.0,9,1,0,Mini Truck,Ashok Leyland,Diesel
558.0,66.0,99,7619.0,53,12.0,9,5,1,Mini Truck,Tata,Diesel
543.0,392.0,588,9605.0,46,15.0,9,0,0,Mini Truck,Eicher,CNG
234.0,531.0,796,7507.0,53,1.0,2,1,0,Van,Eicher,CNG
344.0,405.0,607,6073.0,40,25.0,7,5,1,Truck,Mahindra,CNG
344.0,445.0,667,9400.0,58,3.0,11,4,0,Mini Truck,Ashok Leyland,Petrol
280.0,195.0,292,7072.0,22,15.0,7,6,1,Van,Tata,Petrol
455.0,255.0,382,5655.0,39,11.0,5,3,0,Truck,Ashok Leyland,CNG
242.0,423.0,634,8945.0,42,20.0,3,0,0,Van,Tata,Petrol
591.0,264.0,396,3619.0,23,7.0,6,4,0,Van,Eicher,Petrol
26.0,475.0,712,3146.0,29,10.0,7,0,0,Van,Ashok Leyland,Petrol
329.0,412.0,618,2588.0,58,15.0,1,3,0,Mini Truck,Ashok Leyland,Petrol
427.0,53.0,79,3400.0,43,15.0,12,4,0,Van,Ashok Leyland,Diesel
509.0,564.0,846,7507.0,26,9.0,2,0,0,Van,Eicher,CNG
267.0,392.0,588,506.0,31,13.0,9,5,1,Mini Truck,Eicher,CNG
338.0,27.0,40,1604.0,24,17.0,10,3,0,Truck,Tata,Diesel
585.0,578.0,867,2019.0,50,8.0,10,1,0,Van,Mahindra,Diesel
234.0,245.0,367,1549.0,49,22.0,10,6,1,Truck,Ashok Leyland,Diesel
428.0,387.0,580,4446.0,26,9.0,11,4,0,Mini Truck,Ashok Leyland,Diesel
389.0,572.0,858,7805.0,42,6.0,8,5,1,Tanker,Eicher,CNG
69.0,195.0,292,7933.0,34,18.0,9,5,1,Mini Truck,Eicher,Diesel
526.0,456.0,684,7072.0,28,18.0,10,2,0,Van,Tata,Petrol
548.0,172.0,258,4833.0,58,5.0,10,2,0,Truck,Mahindra,Petrol
42.0,484.0,726,9400.0,26,9.0,4,5,1,Mini Truck,Ashok Leyland,Petrol
374.0,93.0,139,9227.0,35,25.0,7,1,0,Truck,Eicher,Diesel
278.0,449.0,673,1227.0,53,16.0,11,0,0,Tanker,Ashok Leyland,Petrol
347.0,44.0,66,2588.0,24,15.0,7,6,1,Mini Truck,Ashok Leyland,Petrol
190.0,578.0,867,5942.0,31,2.0,9,0,0,Truck,Ashok Leyland,CNG
50.0,245.0,367,1791.0,40,3.0,1,1,0,Tanker,Tata,Petrol
429.0,183.0,274,9400.0,51,20.0,7,3,0,Mini Truck,Ashok Leyland,Petrol
590.0,484.0,726,5655.0,48,24.0,5,0,0,Truck,Ashok Leyland,CNG
425.0,172.0,258,5779.0,50,7.0,3,1,0,Mini Truck,Ashok Leyland,Petrol
574.0,441.0,661,3950.0,48,7.0,9,6,1,Mini Truck,Mahindra,CNG
65.0,195.0,292,7507.0,42,18.0,11,6,1,Van,Eicher,CNG
307.0,250.0,375,9605.0,40,3.0,7,2,0,Mini Truck,Eicher,CNG
382.0,554.0,831,1227.0,29,3.0,5,2,0,Tanker,Ashok Leyland,Petrol
33.0,485.0,727,4550.0,22,5.0,1,1,0,Tanker,Eicher,Petrol
231.0,504.0,756,4399.0,49,8.0,11,6,1,Mini Truck,Tata,CNG
248.0,504.0,756,2112.0,23,11.0,9,4,0,Tanker,Tata,CNG
400.0,435.0,652,7805.0,47,11.0,6,5,1,Tanker,Eicher,CNG
204.0,34.0,51,5942.0,39,9.0,11,4,0,Truck,Ashok Leyland,CNG
159.0,253.0,379,4619.0,41,13.0,8,6,1,Tanker,Eicher,CNG
385.0,238.0,357,1812.0,39,22.0,5,6,1,Van,Tata,CNG
528.0,483.0,724,2019.0,50,8.0,9,4,0,Van,Mahindra,Diesel
533.0,586.0,879,8846.0,45,10.0,6,6,1,Mini Truck,Mahindra,CNG
350.0,495.0,742,3619.0,40,3.0,10,3,0,Van,Eicher,Petrol
266.0,504.0,756,2271.0,49,11.0,11,5,1,Van,Mahindra,Diesel
154.0,183.0,274,4573.0,32,6.0,1,5,1,Tanker,Mahindra,Diesel
519.0,74.0,111,8017.0,51,20.0,9,1,0,Tanker,Eicher,CNG
434.0,328.0,492,7439.0,31,21.0,12,0,0,Truck,Tata,CNG
213.0,352.0,528,5585.0,36,20.0,8,1,0,Truck,Ashok Leyland,CNG
27.0,105.0,157,1639.0,22,5.0,7,2,0,Mini Truck,Ashok Leyland,CNG
594.0,516.0,774,8504.0,28,5.0,4,5,1,Van,Mahindra,CNG
521.0,218.0,327,7072.0,53,1.0,3,0,0,Van,Tata,Petrol
565.0,322.0,483,7412.0,28,5.0,8,2,0,Van,Eicher,Diesel
205.0,247.0,370,5813.0,51,14.0,3,6,1,Mini Truck,Ashok Leyland,CNG
400.0,149.0,223,8073.0,51,2.0,10,5,1,Van,Ashok Leyland,Diesel
348.0,334.0,501,4497.0,37,10.0,5,6,1,Tanker,Eicher,Petrol
242.0,54.0,81,7412.0,51,14.0,6,0,0,Van,Eicher,Diesel
49.0,547.0,820,3950.0,36,8.0,6,0,0,Mini Truck,Mahindra,CNG
567.0,197.0,295,4497.0,58,14.0,9,0,0,Tanker,Eicher,Petrol
510.0,238.0,357,9564.0,31,3.0,7,0,0,Mini Truck,Tata,Diesel
71.0,61.0,91,1257.0,26,25.0,9,5,1,Van,Ashok Leyland,Diesel
544.0,44.0,66,7072.0,39,9.0,10,1,0,Van,Tata,Petrol
316.0,578.0,867,4874.0,26,9.0,3,6,1,Mini Truck,Mahindra,Diesel
542.0,53.0,79,7092.0,48,24.0,12,0,0,Mini Truck,Eicher,Petrol
482.0,105.0,157,2112.0,52,3.0,5,1,0,Tanker,Tata,CNG
582.0,442.0,663,2019.0,56,15.0,3,4,0,Van,Mahindra,Diesel
539.0,74.0,111,1735.0,23,7.0,9,6,1,Mini Truck,Eicher,Diesel
296.0,578.0,867,1735.0,47,1.0,3,0,0,Mini Truck,Eicher,Diesel
408.0,25.0,37,2332.0,28,21.0,4,3,0,Mini Truck,Eicher,Diesel
420.0,168.0,252,7507.0,47,1.0,7,5,1,Van,Eicher,CNG
207.0,61.0,91,3205.0,52,13.0,7,5,1,Van,Eicher,CNG
200.0,245.0,367,3146.0,39,9.0,12,3,0,Van,Ashok Leyland,Petrol
283.0,516.0,774,7072.0,51,14.0,12,6,1,Van,Tata,Petrol
404.0,311.0,466,9400.0,48,18.0,4,4,0,Mini Truck,Ashok Leyland,Petrol
208.0,307.0,460,8879.0,40,8.0,5,2,0,Mini Truck,Eicher,CNG
279.0,475.0,712,2296.0,40,25.0,8,5,1,Tanker,Tata,Diesel
548.0,218.0,327,3205.0,46,15.0,11,4,0,Van,Eicher,CNG
554.0,52.0,78,4399.0,25,7.0,11,0,0,Mini Truck,Tata,CNG
458.0,484.0,726,2644.0,46,1.0,5,0,0,Van,Mahindra,Petrol
286.0,27.0,40,4108.0,34,24.0,10,4,0,Truck,Ashok Leyland,CNG
366.0,436.0,654,3769.0,58,15.0,2,3,0,Truck,Eicher,Diesel
297.0,218.0,327,9673.0,34,16.0,5,5,1,Van,Tata,Petrol
311.0,128.0,192,3619.0,39,11.0,5,5,1,Van,Eicher,Petrol
261.0,273.0,409,8504.0,57,20.0,1,0,0,Van,Mahindra,CNG
115.0,238.0,357,4066.0,53,15.0,1,1,0,Van,Ashok Leyland,Petrol
103.0,53.0,79,2112.0,29,11.0,9,6,1,Tanker,Tata,CNG
271.0,412.0,618,1460.0,44,4.0,10,1,0,Tanker,Ashok Leyland,Petrol
146.0,412.0,618,7412.0,55,9.0,9,6,1,Van,Eicher,Diesel
305.0,250.0,375,3757.0,56,2.0,6,1,0,Van,Tata,CNG
296.0,195.0,292,2644.0,28,5.0,10,5,1,Van,Mahindra,Petrol
256.0,387.0,580,4001.0,39,2.0,9,5,1,Tanker,Eicher,CNG
579.0,554.0,831,9605.0,39,22.0,9,0,0,Mini Truck,Eicher,CNG
241.0,392.0,588,6711.0,45,15.0,8,5,1,Van,Ashok Leyland,Petrol
86.0,504.0,756,4845.0,24,15.0,9,4,0,Tanker,Tata,Petrol
198.0,197.0,295,4502.0,39,2.0,10,0,0,Van,Mahindra,Diesel
463.0,34.0,51,7072.0,38,9.0,11,3,0,Van,Tata,Petrol
25.0,253.0,379,9227.0,52,3.0,10,5,1,Truck,Eicher,Diesel
94.0,297.0,445,2643.0,29,11.0,4,2,0,Truck,Tata,Petrol
448.0,54.0,81,7706.0,48,2.0,4,3,0,Tanker,Ashok Leyland,Petrol
285.0,555.0,832,3795.0,32,6.0,12,2,0,Tanker,Ashok Leyland,CNG
581.0,44.0,66,4399.0,31,13.0,1,2,0,Mini Truck,Tata,CNG
249.0,194.0,291,5813.0,25,7.0,4,5,1,Mini Truck,Ashok Leyland,CNG
101.0,168.0,252,8945.0,53,16.0,3,2,0,Van,Tata,Petrol
230.0,547.0,820,9400.0,32,6.0,7,3,0,Mini Truck,Ashok Leyland,Petrol
146.0,423.0,634,5813.0,51,14.0,7,2,0,Mini Truck,Ashok Leyland,CNG
179.0,53.0,79,1257.0,54,22.0,10,0,0,Van,Ashok Leyland,Diesel
192.0,516.0,774,2019.0,55,4.0,11,3,0,Van,Mahindra,Diesel
93.0,255.0,382,4314.0,31,3.0,8,0,0,Van,Mahindra,Diesel
118.0,277.0,415,2296.0,37,22.0,2,3,0,Tanker,Tata,Diesel
223.0,531.0,796,3795.0,41,13.0,8,6,1,Tanker,Ashok Leyland,CNG
157.0,483.0,724,8017.0,27,14.0,12,1,0,Tanker,Eicher,CNG
121.0,194.0,291,4582.0,39,17.0,10,5,1,Tanker,Tata,CNG
26.0,54.0,81,7412.0,46,1.0,4,6,1,Van,Eicher,Diesel
499.0,66.0,99,4085.0,48,8.0,3,2,0,Truck,Tata,Petrol
544.0,554.0,831,4152.0,58,12.0,10,3,0,Mini Truck,Mahindra,Diesel
279.0,483.0,724,5813.0,27,4.0,5,3,0,Mini Truck,Ashok Leyland,CNG
446.0,277.0,415,9202.0,46,18.0,10,0,0,Tanker,Ashok Leyland,Petrol
396.0,232.0,348,4314.0,33,6.0,3,2,0,Van,Mahindra,Diesel
254.0,73.0,109,4066.0,49,10.0,5,2,0,Van,Ashok Leyland,Petrol
509.0,332.0,498,1812.0,27,9.0,7,2,0,Van,Tata,CNG
189.0,273.0,409,9202.0,51,2.0,8,1,0,Tanker,Ashok Leyland,Petrol
531.0,449.0,673,1791.0,26,9.0,11,6,1,Tanker,Tata,Petrol
228.0,58.0,87,2296.0,44,4.0,12,3,0,Tanker,Tata,Diesel
286.0,250.0,375,7412.0,50,8.0,10,0,0,Van,Eicher,Diesel
454.0,149.0,223,4066.0,31,23.0,8,5,1,Van,Ashok Leyland,Petrol
436.0,559.0,838,4779.0,31,23.0,2,5,1,Mini Truck,Tata,Diesel
62.0,247.0,370,4108.0,43,15.0,8,3,0,Truck,Ashok Leyland,CNG
40.0,414.0,621,1540.0,52,3.0,5,3,0,Van,Eicher,CNG
73.0,105.0,157,5779.0,48,16.0,7,4,0,Mini Truck,Ashok Leyland,Petrol
397.0,273.0,409,7072.0,36,8.0,11,5,1,Van,Tata,Petrol
522.0,449.0,673,1791.0,49,19.0,11,6,1,Tanker,Tata,Petrol
58.0,423.0,634,8945.0,57,20.0,8,2,0,Van,Tata,Petrol
550.0,435.0,652,5779.0,23,19.0,12,6,1,Mini Truck,Ashok Leyland,Petrol
156.0,264.0,396,7805.0,42,6.0,3,6,1,Tanker,Eicher,CNG
389.0,387.0,580,5585.0,46,1.0,1,4,0,Truck,Ashok Leyland,CNG
431.0,518.0,777,9697.0,32,6.0,4,1,0,Mini Truck,Ashok Leyland,Diesel
58.0,297.0,445,7439.0,31,3.0,5,6,1,Truck,Eicher,Petrol
235.0,547.0,820,9564.0,26,9.0,5,0,0,Mini Truck,Tata,Diesel
107.0,74.0,111,1227.0,24,15.0,4,0,0,Tanker,Ashok Leyland,Petrol
543.0,255.0,382,4314.0,53,25.0,11,5,1,Van,Mahindra,Diesel
330.0,181.0,271,8846.0,41,25.0,2,4,0,Mini Truck,Mahindra,CNG
248.0,61.0,91,9356.0,52,13.0,10,4,0,Truck,Tata,CNG
389.0,475.0,712,4446.0,47,1.0,3,0,0,Mini Truck,Ashok Leyland,Diesel
183.0,58.0,87,8017.0,52,3.0,10,2,0,Tanker,Eicher,CNG
245.0,311.0,466,4874.0,36,15.0,2,0,0,Mini Truck,Mahindra,Diesel
252.0,277.0,415,3769.0,24,15.0,6,2,0,Truck,Eicher,Diesel
457.0,586.0,879,1604.0,58,14.0,9,5,1,Truck,Tata,Diesel
51.0,245.0,367,5006.0,38,9.0,8,1,0,Truck,Tata,CNG
84.0,181.0,271,2271.0,28,18.0,7,1,0,Van,Mahindra,Diesel
194.0,149.0,223,8879.0,53,1.0,1,2,0,Mini Truck,Eicher,CNG
359.0,255.0,382,3205.0,31,23.0,7,4,0,Van,Eicher,CNG
446.0,277.0,415,1540.0,28,18.0,1,2,0,Van,Eicher,CNG
192.0,311.0,466,3992.0,56,15.0,2,6,1,Truck,Tata,CNG
112.0,311.0,466,9697.0,41,25.0,10,0,0,Mini Truck,Ashok Leyland,Diesel
87.0,181.0,271,1460.0,26,1.0,6,1,0,Tanker,Ashok Leyland,Petrol
576.0,496.0,744,3757.0,31,23.0,10,3,0,Van,Tata,CNG
97.0,392.0,588,4108.0,54,22.0,1,1,0,Truck,Ashok Leyland,CNG
351.0,112.0,168,3619.0,50,3.0,6,5,1,Van,Eicher,Petrol
375.0,197.0,295,7439.0,48,24.0,9,5,1,Truck,Tata,CNG
553.0,518.0,777,6073.0,48,16.0,9,5,1,Truck,Mahindra,CNG
156.0,445.0,667,3795.0,45,10.0,9,5,1,Tanker,Ashok Leyland,CNG
204.0,322.0,483,3846.0,46,18.0,8,5,1,Tanker,Mahindra,Petrol
238.0,168.0,252,4573.0,35,15.0,5,0,0,Tanker,Mahindra,Diesel
539.0,73.0,109,4085.0,35,23.0,10,3,0,Truck,Tata,Petrol
292.0,509.0,763,7507.0,46,18.0,11,3,0,Van,Eicher,CNG
125.0,238.0,357,9697.0,24,15.0,12,1,0,Mini Truck,Ashok Leyland,Diesel
528.0,485.0,727,4833.0,29,3.0,6,1,0,Truck,Mahindra,Petrol
439.0,53.0,79,4497.0,42,18.0,1,5,1,Tanker,Eicher,Petrol
245.0,73.0,109,4108.0,49,21.0,12,6,1,Truck,Ashok Leyland,CNG
147.0,128.0,192,7439.0,48,3.0,12,1,0,Truck,Eicher,Petrol
85.0,54.0,81,1540.0,53,1.0,8,6,1,Van,Eicher,CNG
45.0,245.0,367,1227.0,26,14.0,9,0,0,Tanker,Ashok Leyland,Petrol
522.0,245.0,367,8945.0,23,19.0,2,0,0,Van,Tata,Petrol
400.0,172.0,258,5585.0,31,23.0,5,6,1,Truck,Ashok Leyland,CNG
343.0,255.0,382,1151.0,46,15.0,7,4,0,Truck,Ashok Leyland,CNG
399.0,475.0,712,4152.0,54,4.0,7,1,0,Mini Truck,Mahindra,Diesel
458.0,245.0,367,4066.0,46,18.0,2,2,0,Van,Ashok Leyland,Petrol
252.0,475.0,712,2243.0,24,2.0,4,2,0,Mini Truck,Ashok Leyland,CNG
354.0,475.0,712,4874.0,27,14.0,10,5,1,Mini Truck,Mahindra,Diesel
556.0,586.0,879,2035.0,48,24.0,6,0,0,Tanker,Tata,Diesel
73.0,232.0,348,9400.0,31,3.0,8,4,0,Mini Truck,Ashok Leyland,Petrol
209.0,547.0,820,3795.0,47,17.0,3,6,1,Tanker,Ashok Leyland,CNG
249.0,435.0,652,1257.0,33,6.0,9,6,1,Van,Ashok Leyland,Diesel
521.0,197.0,295,4085.0,46,4.0,5,4,0,Truck,Tata,Petrol
443.0,34.0,51,7158.0,50,8.0,5,3,0,Truck,Ashok Leyland,Diesel
364.0,273.0,409,5942.0,39,9.0,10,2,0,Truck,Ashok Leyland,CNG
52.0,229.0,343,5779.0,37,10.0,1,4,0,Mini Truck,Ashok Leyland,Petrol
178.0,307.0,460,1227.0,22,15.0,11,5,1,Tanker,Ashok Leyland,Petrol
271.0,296.0,444,4093.0,26,1.0,5,1,0,Tanker,Eicher,Petrol
581.0,172.0,258,3205.0,49,10.0,7,2,0,Van,Eicher,CNG
283.0,75.0,112,2643.0,30,10.0,9,6,1,Truck,Tata,Petrol
219.0,93.0,139,2296.0,41,25.0,5,6,1,Tanker,Tata,Diesel
571.0,277.0,415,4093.0,53,1.0,3,5,1,Tanker,Eicher,Petrol
124.0,334.0,501,9227.0,26,14.0,10,6,1,Truck,Eicher,Diesel
99.0,392.0,588,5057.0,29,3.0,4,3,0,Van,Eicher,CNG
272.0,149.0,223,2541.0,37,19.0,7,2,0,Mini Truck,Mahindra,CNG
587.0,516.0,774,4845.0,58,14.0,1,5,1,Tanker,Tata,Petrol
377.0,363.0,544,6073.0,34,16.0,5,2,0,Truck,Mahindra,CNG
35.0,504.0,756,7412.0,46,18.0,7,6,1,Van,Eicher,Diesel
258.0,578.0,867,8846.0,25,7.0,1,6,1,Mini Truck,Mahindra,CNG
237.0,75.0,112,3400.0,54,22.0,8,0,0,Van,Ashok Leyland,Diesel
341.0,518.0,777,5064.0,50,3.0,6,6,1,Van,Eicher,Petrol
522.0,373.0,559,2197.0,53,15.0,9,5,1,Truck,Mahindra,CNG
154.0,504.0,756,4446.0,26,14.0,5,6,1,Mini Truck,Ashok Leyland,Diesel
112.0,297.0,445,2643.0,52,3.0,4,1,0,Truck,Tata,Petrol
85.0,496.0,744,4619.0,54,22.0,6,5,1,Tanker,Eicher,CNG
355.0,310.0,465,4353.0,50,25.0,9,2,0,Truck,Tata,CNG
367.0,52.0,78,3400.0,33,23.0,2,5,1,Van,Ashok Leyland,Diesel
419.0,247.0,370,7566.0,50,7.0,8,4,0,Truck,Ashok Leyland,Petrol
311.0,504.0,756,2942.0,49,18.0,9,5,1,Truck,Tata,CNG
503.0,218.0,327,9673.0,49,10.0,5,3,0,Van,Tata,Petrol
330.0,93.0,139,2019.0,45,10.0,2,5,1,Van,Mahindra,Diesel
166.0,520.0,780,2197.0,35,11.0,3,1,0,Truck,Mahindra,CNG
107.0,277.0,415,7439.0,27,9.0,3,6,1,Truck,Eicher,Petrol
574.0,334.0,501,1257.0,33,23.0,6,3,0,Van,Ashok Leyland,Diesel
262.0,194.0,291,2588.0,23,20.0,10,2,0,Mini Truck,Ashok Leyland,Petrol
424.0,296.0,444,9400.0,46,18.0,1,6,1,Mini Truck,Ashok Leyland,Petrol
159.0,183.0,274,506.0,46,4.0,7,6,1,Mini Truck,Eicher,CNG
142.0,227.0,340,1791.0,57,14.0,8,4,0,Tanker,Tata,Petrol
569.0,216.0,324,2667.0,36,8.0,4,0,0,Tanker,Ashok Leyland,CNG
135.0,435.0,652,1812.0,29,3.0,4,5,1,Van,Tata,CNG
57.0,392.0,588,5655.0,41,4.0,3,2,0,Truck,Ashok Leyland,CNG
268.0,149.0,223,3619.0,41,25.0,8,3,0,Van,Eicher,Petrol
507.0,181.0,271,3146.0,50,9.0,7,6,1,Van,Ashok Leyland,Petrol
533.0,586.0,879,6477.0,48,2.0,11,2,0,Tanker,Mahindra,Petrol
411.0,25.0,37,4833.0,34,18.0,3,5,1,Truck,Mahindra,Petrol
115.0,247.0,370,2667.0,47,17.0,6,4,0,Tanker,Ashok Leyland,CNG
347.0,547.0,820,7439.0,42,6.0,8,6,1,Truck,Eicher,Petrol
387.0,518.0,777,6477.0,53,1.0,10,2,0,Tanker,Mahindra,Petrol
243.0,504.0,756,4845.0,35,23.0,2,2,0,Tanker,Tata,Petrol
396.0,332.0,498,3619.0,41,4.0,10,0,0,Van,Eicher,Petrol
119.0,194.0,291,3400.0,58,3.0,11,4,0,Van,Ashok Leyland,Diesel
448.0,555.0,832,5006.0,29,3.0,11,4,0,Truck,Tata,CNG
172.0,414.0,621,4152.0,50,9.0,4,0,0,Mini Truck,Mahindra,Diesel
563.0,227.0,340,4353.0,39,10.0,3,1,0,Truck,Tata,CNG
340.0,156.0,234,2243.0,26,14.0,4,2,0,Mini Truck,Ashok Leyland,CNG
105.0,554.0,831,4093.0,34,24.0,10,1,0,Tanker,Eicher,Petrol
575.0,66.0,99,9673.0,57,20.0,1,1,0,Van,Tata,Petrol
251.0,34.0,51,4066.0,46,4.0,8,5,1,Van,Ashok Leyland,Petrol
120.0,352.0,528,5585.0,31,23.0,12,0,0,Truck,Ashok Leyland,CNG
36.0,456.0,684,9564.0,24,17.0,8,4,0,Mini Truck,Tata,Diesel
290.0,232.0,348,4497.0,24,2.0,5,2,0,Tanker,Eicher,Petrol
448.0,52.0,78,1321.0,39,22.0,1,2,0,Truck,Mahindra,Diesel
376.0,496.0,744,3757.0,41,13.0,11,4,0,Van,Tata,CNG
463.0,485.0,727,3795.0,49,8.0,2,4,0,Tanker,Ashok Leyland,CNG
416.0,73.0,109,4446.0,36,8.0,3,6,1,Mini Truck,Ashok Leyland,Diesel
150.0,247.0,370,2541.0,40,3.0,7,0,0,Mini Truck,Mahindra,CNG
85.0,483.0,724,4497.0,40,8.0,12,3,0,Tanker,Eicher,Petrol
360.0,247.0,370,4152.0,25,7.0,11,3,0,Mini Truck,Mahindra,Diesel
564.0,66.0,99,4085.0,54,22.0,10,2,0,Truck,Tata,Petrol
484.0,495.0,742,9605.0,41,23.0,7,6,1,Mini Truck,Eicher,CNG
436.0,34.0,51,4066.0,48,3.0,5,6,1,Van,Ashok Leyland,Petrol
204.0,435.0,652,7507.0,34,16.0,7,2,0,Van,Eicher,CNG
571.0,516.0,774,7439.0,35,11.0,5,2,0,Truck,Tata,CNG
392.0,172.0,258,7072.0,41,23.0,12,0,0,Van,Tata,Petrol
364.0,449.0,673,3950.0,31,21.0,7,1,0,Mini Truck,Mahindra,CNG
224.0,449.0,673,8846.0,51,14.0,3,4,0,Mini Truck,Mahindra,CNG
262.0,387.0,580,9356.0,55,9.0,2,2,0,Truck,Tata,CNG
543.0,449.0,673,5779.0,54,22.0,4,3,0,Mini Truck,Ashok Leyland,Petrol
535.0,255.0,382,1549.0,33,23.0,1,4,0,Truck,Ashok Leyland,Diesel
501.0,53.0,79,7706.0,25,6.0,4,5,1,Tanker,Ashok Leyland,Petrol
85.0,105.0,157,1460.0,51,2.0,9,0,0,Tanker,Ashok Leyland,Petrol
405.0,255.0,382,7706.0,28,5.0,7,2,0,Tanker,Ashok Leyland,Petrol
347.0,273.0,409,1812.0,26,1.0,8,0,0,Van,Tata,CNG
282.0,195.0,292,8846.0,40,8.0,7,5,1,Mini Truck,Mahindra,CNG
214.0,34.0,51,2197.0,23,11.0,5,3,0,Truck,Mahindra,CNG
416.0,456.0,684,1604.0,35,23.0,2,3,0,Truck,Tata,Diesel
565.0,405.0,607,5006.0,37,19.0,5,5,1,Truck,Tata,CNG
377.0,168.0,252,4085.0,23,20.0,6,6,1,Truck,Tata,Petrol
320.0,520.0,780,1227.0,37,10.0,2,4,0,Tanker,Ashok Leyland,Petrol
253.0,387.0,580,9697.0,57,14.0,5,3,0,Mini Truck,Ashok Leyland,Diesel
145.0,181.0,271,5942.0,27,14.0,11,4,0,Truck,Ashok Leyland,CNG
370.0,149.0,223,4001.0,48,24.0,10,1,0,Tanker,Eicher,CNG
453.0,322.0,483,7439.0,50,17.0,4,2,0,Truck,Eicher,Petrol
394.0,516.0,774,2588.0,35,23.0,11,2,0,Mini Truck,Ashok Leyland,Petrol
34.0,456.0,684,1227.0,43,15.0,12,0,0,Tanker,Ashok Leyland,Petrol
488.0,172.0,258,4874.0,50,3.0,1,5,1,Mini Truck,Mahindra,Diesel
398.0,93.0,139,4874.0,31,21.0,2,1,0,Mini Truck,Mahindra,Diesel
389.0,405.0,607,9356.0,54,22.0,8,6,1,Truck,Tata,CNG
417.0,332.0,498,3619.0,53,1.0,8,4,0,Van,Eicher,Petrol
179.0,509.0,763,3769.0,55,2.0,1,3,0,Truck,Eicher,Diesel
456.0,445.0,667,5813.0,24,2.0,11,5,1,Mini Truck,Ashok Leyland,CNG
250.0,436.0,654,4314.0,51,20.0,9,4,0,Van,Mahindra,Diesel
517.0,485.0,727,4399.0,38,3.0,9,2,0,Mini Truck,Tata,CNG
194.0,277.0,415,2667.0,34,16.0,1,5,1,Tanker,Ashok Leyland,CNG
167.0,484.0,726,3950.0,24,17.0,5,3,0,Mini Truck,Mahindra,CNG
577.0,535.0,802,5585.0,35,15.0,6,6,1,Truck,Ashok Leyland,CNG
489.0,168.0,252,6362.0,49,10.0,8,4,0,Mini Truck,Mahindra,Diesel
96.0,197.0,295,7412.0,49,19.0,11,0,0,Van,Eicher,Diesel
333.0,273.0,409,1321.0,38,3.0,4,5,1,Truck,Mahindra,Diesel
58.0,564.0,846,8945.0,51,14.0,7,3,0,Van,Tata,Petrol
397.0,586.0,879,8846.0,51,14.0,11,3,0,Mini Truck,Mahindra,CNG
433.0,25.0,37,6073.0,51,14.0,10,2,0,Truck,Mahindra,CNG
139.0,250.0,375,1540.0,48,24.0,10,0,0,Van,Eicher,CNG
154.0,255.0,382,7706.0,57,14.0,8,4,0,Tanker,Ashok Leyland,Petrol
437.0,52.0,78,7933.0,26,9.0,9,1,0,Mini Truck,Eicher,Diesel
311.0,61.0,91,3757.0,29,5.0,6,4,0,Van,Tata,CNG
73.0,117.0,175,8945.0,27,9.0,5,3,0,Van,Tata,Petrol
592.0,74.0,111,4833.0,25,7.0,12,2,0,Truck,Mahindra,Petrol
482.0,61.0,91,4399.0,38,9.0,10,1,0,Mini Truck,Tata,CNG
577.0,255.0,382,4314.0,58,19.0,3,2,0,Van,Mahindra,Diesel
194.0,402.0,603,9202.0,49,21.0,3,6,1,Tanker,Ashok Leyland,Petrol
22.0,73.0,109,4874.0,52,3.0,11,0,0,Mini Truck,Mahindra,Diesel
224.0,250.0,375,506.0,39,11.0,6,2,0,Mini Truck,Eicher,CNG
297.0,405.0,607,9605.0,34,24.0,3,0,0,Mini Truck,Eicher,CNG
29.0,181.0,271,1604.0,35,15.0,8,6,1,Truck,Tata,Diesel
291.0,75.0,112,1791.0,58,12.0,7,2,0,Tanker,Tata,Petrol
487.0,535.0,802,2667.0,41,25.0,10,4,0,Tanker,Ashok Leyland,CNG
187.0,387.0,580,3992.0,48,2.0,3,3,0,Truck,Tata,CNG
589.0,264.0,396,7566.0,37,19.0,6,5,1,Truck,Ashok Leyland,Petrol
124.0,592.0,888,7158.0,37,19.0,10,0,0,Truck,Ashok Leyland,Diesel
445.0,75.0,112,7072.0,49,21.0,1,0,0,Van,Tata,Petrol
522.0,586.0,879,8979.0,23,16.0,6,5,1,Tanker,Mahindra,Petrol
359.0,245.0,367,1604.0,22,5.0,2,2,0,Truck,Tata,Diesel
473.0,238.0,357,3619.0,47,11.0,9,6,1,Van,Eicher,Petrol
508.0,61.0,91,9356.0,26,9.0,5,3,0,Truck,Tata,CNG
100.0,238.0,357,3846.0,24,15.0,3,4,0,Tanker,Mahindra,Petrol
485.0,423.0,634,1735.0,26,9.0,2,6,1,Mini Truck,Eicher,Diesel
567.0,483.0,724,9356.0,31,21.0,5,2,0,Truck,Tata,CNG
586.0,149.0,223,8504.0,48,3.0,9,3,0,Van,Mahindra,CNG
264.0,66.0,99,1540.0,54,4.0,5,1,0,Van,Eicher,CNG
530.0,449.0,673,8017.0,54,4.0,10,0,0,Tanker,Eicher,CNG
251.0,245.0,367,4399.0,52,13.0,11,1,0,Mini Truck,Tata,CNG
356.0,156.0,234,3950.0,37,10.0,4,3,0,Mini Truck,Mahindra,CNG
575.0,449.0,673,5064.0,24,15.0,6,6,1,Van,Eicher,Petrol
466.0,441.0,661,4502.0,32,6.0,6,0,0,Van,Mahindra,Diesel
556.0,149.0,223,8846.0,48,8.0,6,1,0,Mini Truck,Mahindra,CNG
424.0,273.0,409,4152.0,37,16.0,11,5,1,Mini Truck,Mahindra,Diesel
429.0,277.0,415,8504.0,36,8.0,9,6,1,Van,Mahindra,CNG
97.0,194.0,291,6362.0,58,5.0,11,0,0,Mini Truck,Mahindra,Diesel
95.0,105.0,157,2643.0,22,15.0,6,1,0,Truck,Tata,Petrol
218.0,578.0,867,2197.0,22,5.0,8,5,1,Truck,Mahindra,CNG
433.0,253.0,379,7439.0,25,17.0,1,0,0,Truck,Eicher,Petrol
234.0,328.0,492,1227.0,53,1.0,11,5,1,Tanker,Ashok Leyland,Petrol
537.0,195.0,292,9227.0,49,21.0,4,4,0,Truck,Eicher,Diesel
234.0,307.0,460,4399.0,29,10.0,8,3,0,Mini Truck,Tata,CNG
30.0,181.0,271,5052.0,28,18.0,8,1,0,Van,Eicher,Petrol
153.0,363.0,544,4001.0,38,3.0,10,0,0,Tanker,Eicher,CNG
170.0,61.0,91,2332.0,27,14.0,10,4,0,Mini Truck,Eicher,Diesel
515.0,392.0,588,1791.0,23,16.0,2,3,0,Tanker,Tata,Petrol
197.0,250.0,375,8017.0,42,6.0,8,4,0,Tanker,Eicher,CNG
187.0,247.0,370,5064.0,48,8.0,10,1,0,Van,Eicher,Petrol
68.0,328.0,492,7158.0,23,16.0,10,2,0,Truck,Ashok Leyland,Diesel
390.0,245.0,367,5057.0,54,22.0,12,0,0,Van,Eicher,CNG
529.0,253.0,379,3205.0,50,7.0,12,1,0,Van,Eicher,CNG
473.0,52.0,78,1604.0,44,9.0,9,4,0,Truck,Tata,Diesel
261.0,245.0,367,5052.0,58,5.0,7,4,0,Van,Eicher,Petrol
95.0,559.0,838,5813.0,39,11.0,9,2,0,Mini Truck,Ashok Leyland,CNG
518.0,332.0,498,7933.0,39,5.0,6,5,1,Mini Truck,Eicher,Diesel
247.0,328.0,492,4093.0,25,6.0,6,3,0,Tanker,Eicher,Petrol
350.0,555.0,832,4093.0,31,2.0,11,1,0,Tanker,Eicher,Petrol
294.0,592.0,888,8846.0,55,2.0,4,5,1,Mini Truck,Mahindra,CNG
359.0,61.0,91,1540.0,26,9.0,9,6,1,Van,Eicher,CNG
474.0,310.0,465,8945.0,26,9.0,8,1,0,Van,Tata,Petrol
564.0,586.0,879,1549.0,28,5.0,9,0,0,Truck,Ashok Leyland,Diesel
263.0,34.0,51,4066.0,48,3.0,6,6,1,Van,Ashok Leyland,Petrol
158.0,250.0,375,7412.0,31,23.0,9,3,0,Van,Eicher,Diesel
52.0,128.0,192,1151.0,28,21.0,8,0,0,Truck,Ashok Leyland,CNG
80.0,564.0,846,9697.0,31,7.0,1,1,0,Mini Truck,Ashok Leyland,Diesel
366.0,559.0,838,2197.0,30,10.0,10,3,0,Truck,Mahindra,CNG
464.0,93.0,139,1540.0,34,24.0,10,3,0,Van,Eicher,CNG
21.0,485.0,727,3769.0,34,16.0,4,4,0,Truck,Eicher,Diesel
258.0,229.0,343,2296.0,52,14.0,11,6,1,Tanker,Tata,Diesel
162.0,334.0,501,4314.0,39,9.0,3,1,0,Van,Mahindra,Diesel
70.0,363.0,544,1460.0,47,1.0,8,6,1,Tanker,Ashok Leyland,Petrol
174.0,332.0,498,1812.0,47,17.0,11,4,0,Van,Tata,CNG
542.0,334.0,501,7439.0,50,3.0,10,4,0,Truck,Eicher,Petrol
318.0,93.0,139,4779.0,46,18.0,9,0,0,Mini Truck,Tata,Diesel
31.0,307.0,460,2541.0,35,11.0,1,5,1,Mini Truck,Mahindra,CNG
33.0,332.0,498,2332.0,38,9.0,6,3,0,Mini Truck,Eicher,Diesel
96.0,518.0,777,3146.0,38,3.0,1,1,0,Van,Ashok Leyland,Petrol
276.0,61.0,91,7805.0,37,22.0,12,0,0,Tanker,Eicher,CNG
306.0,495.0,742,2643.0,39,17.0,6,6,1,Truck,Tata,Petrol
495.0,328.0,492,5942.0,44,4.0,3,4,0,Truck,Ashok Leyland,CNG
362.0,495.0,742,3769.0,39,22.0,8,5,1,Truck,Eicher,Diesel
223.0,402.0,603,5655.0,46,15.0,6,2,0,Truck,Ashok Leyland,CNG
175.0,149.0,223,8945.0,50,9.0,4,5,1,Van,Tata,Petrol
294.0,311.0,466,4108.0,23,11.0,8,4,0,Truck,Ashok Leyland,CNG
448.0,54.0,81,7706.0,58,8.0,4,6,1,Tanker,Ashok Leyland,Petrol
349.0,412.0,618,2296.0,41,23.0,8,3,0,Tanker,Tata,Diesel
363.0,24.0,36,5585.0,39,17.0,7,3,0,Truck,Ashok Leyland,CNG
88.0,310.0,465,1639.0,47,17.0,8,3,0,Mini Truck,Ashok Leyland,CNG
293.0,73.0,109,7092.0,52,14.0,11,1,0,Mini Truck,Eicher,Petrol
205.0,412.0,618,3795.0,46,1.0,8,6,1,Tanker,Ashok Leyland,CNG
357.0,495.0,742,6362.0,56,15.0,6,2,0,Mini Truck,Mahindra,Diesel
570.0,484.0,726,5813.0,33,20.0,2,0,0,Mini Truck,Ashok Leyland,CNG
336.0,578.0,867,3146.0,39,17.0,9,1,0,Van,Ashok Leyland,Petrol
448.0,412.0,618,4502.0,37,23.0,10,3,0,Van,Mahindra,Diesel
503.0,555.0,832,2644.0,58,15.0,1,2,0,Van,Mahindra,Petrol
130.0,245.0,367,2271.0,49,8.0,3,4,0,Van,Mahindra,Diesel
420.0,253.0,379,1227.0,46,1.0,9,6,1,Tanker,Ashok Leyland,Petrol
407.0,156.0,234,2243.0,48,3.0,2,2,0,Mini Truck,Ashok Leyland,CNG
442.0,25.0,37,3769.0,24,17.0,10,3,0,Truck,Eicher,Diesel
176.0,73.0,109,7439.0,29,11.0,9,1,0,Truck,Eicher,Petrol
137.0,105.0,157,8945.0,46,15.0,6,1,0,Van,Tata,Petrol
307.0,255.0,382,2179.0,26,1.0,2,5,1,Van,Ashok Leyland,CNG
21.0,27.0,40,2019.0,42,18.0,6,0,0,Van,Mahindra,Diesel
439.0,61.0,91,4833.0,27,14.0,8,5,1,Truck,Mahindra,Petrol
47.0,245.0,367,5779.0,44,4.0,1,3,0,Mini Truck,Ashok Leyland,Petrol
445.0,24.0,36,2643.0,52,14.0,10,5,1,Truck,Tata,Petrol
256.0,245.0,367,9227.0,48,8.0,4,5,1,Truck,Eicher,Diesel
217.0,445.0,667,4497.0,26,14.0,11,0,0,Tanker,Eicher,Petrol
140.0,352.0,528,2667.0,39,22.0,9,1,0,Tanker,Ashok Leyland,CNG
441.0,245.0,367,4093.0,28,5.0,10,1,0,Tanker,Eicher,Petrol
432.0,387.0,580,1321.0,36,15.0,10,6,1,Truck,Mahindra,Diesel
545.0,435.0,652,7158.0,34,16.0,2,6,1,Truck,Ashok Leyland,Diesel
337.0,297.0,445,8073.0,48,7.0,10,1,0,Van,Ashok Leyland,Diesel
534.0,441.0,661,4833.0,35,25.0,2,6,1,Truck,Mahindra,Petrol
170.0,554.0,831,7507.0,39,11.0,5,1,0,Van,Eicher,CNG
365.0,255.0,382,4619.0,46,18.0,11,1,0,Tanker,Eicher,CNG
243.0,586.0,879,3400.0,54,4.0,5,1,0,Van,Ashok Leyland,Diesel
467.0,172.0,258,2541.0,41,25.0,11,1,0,Mini Truck,Mahindra,CNG
593.0,181.0,271,1549.0,58,14.0,5,3,0,Truck,Ashok Leyland,Diesel
108.0,58.0,87,5052.0,37,10.0,10,2,0,Van,Eicher,Petrol
389.0,183.0,274,4833.0,39,9.0,10,0,0,Truck,Mahindra,Petrol
270.0,435.0,652,5052.0,29,3.0,9,5,1,Van,Eicher,Petrol
27.0,194.0,291,2332.0,37,8.0,9,0,0,Mini Truck,Eicher,Diesel
412.0,392.0,588,4573.0,44,4.0,11,4,0,Tanker,Mahindra,Diesel
580.0,245.0,367,9605.0,34,18.0,9,3,0,Mini Truck,Eicher,CNG
85.0,128.0,192,3769.0,33,20.0,11,2,0,Truck,Eicher,Diesel
419.0,250.0,375,4573.0,55,2.0,4,1,0,Tanker,Mahindra,Diesel
131.0,73.0,109,9227.0,23,11.0,12,0,0,Truck,Eicher,Diesel
287.0,436.0,654,4152.0,50,7.0,12,0,0,Mini Truck,Mahindra,Diesel
250.0,27.0,40,9605.0,52,11.0,10,2,0,Mini Truck,Eicher,CNG
219.0,484.0,726,6711.0,36,15.0,12,3,0,Van,Ashok Leyland,Petrol
151.0,172.0,258,9564.0,48,2.0,5,4,0,Mini Truck,Tata,Diesel
553.0,495.0,742,8879.0,23,7.0,8,4,0,Mini Truck,Eicher,CNG
59.0,554.0,831,2541.0,41,4.0,4,5,1,Mini Truck,Mahindra,CNG
522.0,250.0,375,4619.0,25,7.0,2,3,0,Tanker,Eicher,CNG
498.0,311.0,466,9605.0,27,9.0,8,5,1,Mini Truck,Eicher,CNG
243.0,183.0,274,9202.0,31,21.0,9,4,0,Tanker,Ashok Leyland,Petrol
48.0,229.0,343,7072.0,58,3.0,11,1,0,Van,Tata,Petrol
169.0,183.0,274,2243.0,44,4.0,7,0,0,Mini Truck,Ashok Leyland,CNG
488.0,554.0,831,4833.0,29,10.0,2,6,1,Truck,Mahindra,Petrol
100.0,442.0,663,2112.0,29,11.0,6,1,0,Tanker,Tata,CNG
56.0,485.0,727,8879.0,22,5.0,9,3,0,Mini Truck,Eicher,CNG
88.0,105.0,157,2197.0,35,25.0,1,3,0,Truck,Mahindra,CNG
562.0,564.0,846,4001.0,47,1.0,7,2,0,Tanker,Eicher,CNG
585.0,238.0,357,3619.0,52,14.0,4,1,0,Van,Eicher,Petrol
310.0,520.0,780,8073.0,33,20.0,11,0,0,Van,Ashok Leyland,Diesel
454.0,559.0,838,2243.0,26,9.0,1,1,0,Mini Truck,Ashok Leyland,CNG
458.0,307.0,460,5052.0,28,15.0,8,2,0,Van,Eicher,Petrol
422.0,181.0,271,2019.0,36,8.0,2,0,0,Van,Mahindra,Diesel
306.0,34.0,51,2112.0,37,8.0,2,5,1,Tanker,Tata,CNG
493.0,245.0,367,2035.0,49,8.0,10,1,0,Tanker,Tata,Diesel
577.0,156.0,234,8504.0,22,15.0,1,4,0,Van,Mahindra,CNG
27.0,310.0,465,3619.0,49,10.0,11,0,0,Van,Eicher,Petrol
566.0,24.0,36,4582.0,49,8.0,2,6,1,Tanker,Tata,CNG
546.0,181.0,271,2112.0,49,19.0,11,6,1,Tanker,Tata,CNG
196.0,547.0,820,7439.0,33,20.0,5,3,0,Truck,Eicher,Petrol
310.0,352.0,528,4619.0,56,2.0,7,6,1,Tanker,Eicher,CNG
128.0,435.0,652,2019.0,35,23.0,2,6,1,Van,Mahindra,Diesel
338.0,311.0,466,3950.0,53,1.0,5,0,0,Mini Truck,Mahindra,CNG
596.0,61.0,91,5655.0,58,5.0,8,3,0,Truck,Ashok Leyland,CNG
344.0,572.0,858,6073.0,53,12.0,8,3,0,Truck,Mahindra,CNG
292.0,112.0,168,4845.0,44,9.0,4,5,1,Tanker,Tata,Petrol
498.0,405.0,607,4446.0,48,3.0,12,5,1,Mini Truck,Ashok Leyland,Diesel
170.0,277.0,415,1460.0,39,11.0,5,2,0,Tanker,Ashok Leyland,Petrol
219.0,332.0,498,5942.0,27,4.0,11,4,0,Truck,Ashok Leyland,CNG
321.0,405.0,607,5064.0,35,25.0,10,2,0,Van,Eicher,Petrol
51.0,255.0,382,7412.0,26,14.0,11,6,1,Van,Eicher,Diesel
333.0,572.0,858,5052.0,41,4.0,12,6,1,Van,Eicher,Petrol
37.0,238.0,357,2179.0,39,2.0,8,0,0,Van,Ashok Leyland,CNG
418.0,149.0,223,2019.0,39,17.0,4,3,0,Van,Mahindra,Diesel
147.0,516.0,774,9564.0,49,18.0,3,2,0,Mini Truck,Tata,Diesel
103.0,483.0,724,6477.0,28,21.0,12,0,0,Tanker,Mahindra,Petrol
449.0,310.0,465,8945.0,57,3.0,9,5,1,Van,Tata,Petrol
87.0,296.0,444,9605.0,40,23.0,9,4,0,Mini Truck,Eicher,CNG
58.0,227.0,340,2179.0,35,11.0,3,0,0,Van,Ashok Leyland,CNG
588.0,564.0,846,8879.0,49,21.0,8,3,0,Mini Truck,Eicher,CNG
287.0,216.0,324,2035.0,24,17.0,4,3,0,Tanker,Tata,Diesel
336.0,483.0,724,3400.0,55,2.0,2,4,0,Van,Ashok Leyland,Diesel
599.0,227.0,340,7158.0,58,3.0,9,0,0,Truck,Ashok Leyland,Diesel
259.0,75.0,112,2588.0,39,22.0,4,1,0,Mini Truck,Ashok Leyland,Petrol
543.0,436.0,654,3205.0,52,14.0,2,5,1,Van,Eicher,CNG
43.0,61.0,91,5006.0,50,25.0,4,2,0,Truck,Tata,CNG
98.0,592.0,888,6362.0,24,2.0,8,6,1,Mini Truck,Mahindra,Diesel
127.0,273.0,409,7619.0,37,22.0,7,0,0,Mini Truck,Tata,Diesel
232.0,535.0,802,9605.0,33,20.0,3,5,1,Mini Truck,Eicher,CNG
441.0,495.0,742,2112.0,45,10.0,10,1,0,Tanker,Tata,CNG
317.0,24.0,36,8504.0,30,15.0,9,1,0,Van,Mahindra,CNG
22.0,66.0,99,3146.0,31,3.0,8,5,1,Van,Ashok Leyland,Petrol
512.0,352.0,528,1639.0,47,1.0,9,6,1,Mini Truck,Ashok Leyland,CNG
316.0,216.0,324,9356.0,36,20.0,5,5,1,Truck,Tata,CNG
151.0,197.0,295,2243.0,35,11.0,8,5,1,Mini Truck,Ashok Leyland,CNG
402.0,495.0,742,3795.0,37,19.0,7,5,1,Tanker,Ashok Leyland,CNG
277.0,149.0,223,7805.0,41,25.0,4,6,1,Tanker,Eicher,CNG
419.0,496.0,744,9673.0,41,13.0,5,0,0,Van,Tata,Petrol
107.0,277.0,415,1227.0,24,15.0,10,0,0,Tanker,Ashok Leyland,Petrol
463.0,74.0,111,5942.0,24,15.0,11,0,0,Truck,Ashok Leyland,CNG
354.0,250.0,375,1812.0,41,25.0,8,4,0,Van,Tata,CNG
258.0,518.0,777,8504.0,31,3.0,9,6,1,Van,Mahindra,CNG
54.0,495.0,742,7290.0,30,10.0,7,1,0,Tanker,Tata,Petrol
28.0,352.0,528,1460.0,50,7.0,5,4,0,Tanker,Ashok Leyland,Petrol
102.0,578.0,867,7507.0,56,2.0,11,1,0,Van,Eicher,CNG
227.0,194.0,291,9697.0,32,6.0,8,3,0,Mini Truck,Ashok Leyland,Diesel
296.0,73.0,109,4152.0,22,5.0,7,4,0,Mini Truck,Mahindra,Diesel
116.0,484.0,726,8979.0,46,1.0,11,2,0,Tanker,Mahindra,Petrol
289.0,578.0,867,7158.0,42,6.0,7,1,0,Truck,Ashok Leyland,Diesel
54.0,25.0,37,3757.0,53,15.0,10,4,0,Van,Tata,CNG
89.0,496.0,744,8073.0,38,3.0,3,5,1,Van,Ashok Leyland,Diesel
175.0,245.0,367,9697.0,35,25.0,6,2,0,Mini Truck,Ashok Leyland,Diesel
481.0,334.0,501,3846.0,58,19.0,9,0,0,Tanker,Mahindra,Petrol
426.0,183.0,274,5057.0,47,1.0,7,3,0,Van,Eicher,CNG
200.0,232.0,348,4353.0,27,4.0,3,0,0,Truck,Tata,CNG
461.0,456.0,684,2942.0,31,23.0,3,6,1,Truck,Tata,CNG
531.0,564.0,846,5052.0,48,8.0,12,0,0,Van,Eicher,Petrol
186.0,27.0,40,3992.0,40,8.0,10,6,1,Truck,Tata,CNG
371.0,25.0,37,5057.0,39,5.0,11,1,0,Van,Eicher,CNG
106.0,518.0,777,8846.0,35,11.0,10,2,0,Mini Truck,Mahindra,CNG
161.0,227.0,340,9605.0,41,13.0,8,4,0,Mini Truck,Eicher,CNG
396.0,194.0,291,3205.0,39,2.0,10,6,1,Van,Eicher,CNG
112.0,373.0,559,5057.0,38,9.0,11,0,0,Van,Eicher,CNG
476.0,518.0,777,9202.0,44,9.0,10,5,1,Tanker,Ashok Leyland,Petrol
45.0,183.0,274,3619.0,22,5.0,5,2,0,Van,Eicher,Petrol
209.0,441.0,661,3619.0,39,10.0,1,5,1,Van,Eicher,Petrol
191.0,559.0,838,3795.0,26,9.0,5,5,1,Tanker,Ashok Leyland,CNG
520.0,247.0,370,5585.0,37,10.0,11,6,1,Truck,Ashok Leyland,CNG
334.0,495.0,742,9673.0,39,2.0,1,0,0,Van,Tata,Petrol
393.0,156.0,234,4582.0,54,4.0,7,3,0,Tanker,Tata,CNG
263.0,255.0,382,2644.0,44,4.0,1,6,1,Van,Mahindra,Petrol
170.0,373.0,559,5779.0,56,2.0,1,4,0,Mini Truck,Ashok Leyland,Petrol
340.0,255.0,382,3846.0,55,4.0,7,6,1,Tanker,Mahindra,Petrol
164.0,334.0,501,3769.0,46,4.0,3,4,0,Truck,Eicher,Diesel
336.0,172.0,258,5585.0,57,22.0,4,2,0,Truck,Ashok Leyland,CNG
61.0,105.0,157,1227.0,47,11.0,11,6,1,Tanker,Ashok Leyland,Petrol
492.0,547.0,820,4108.0,43,15.0,1,5,1,Truck,Ashok Leyland,CNG
357.0,197.0,295,1735.0,48,7.0,11,6,1,Mini Truck,Eicher,Diesel
554.0,253.0,379,8945.0,48,3.0,6,2,0,Van,Tata,Petrol
536.0,496.0,744,1604.0,31,3.0,4,1,0,Truck,Tata,Diesel
35.0,509.0,763,2643.0,55,4.0,1,0,0,Truck,Tata,Petrol
480.0,311.0,466,5655.0,54,4.0,9,0,0,Truck,Ashok Leyland,CNG
54.0,277.0,415,7290.0,29,11.0,5,3,0,Tanker,Tata,Petrol
526.0,74.0,111,8017.0,41,4.0,4,6,1,Tanker,Eicher,CNG
50.0,34.0,51,1460.0,49,22.0,11,5,1,Tanker,Ashok Leyland,Petrol
103.0,216.0,324,4353.0,41,23.0,10,0,0,Truck,Tata,CNG
143.0,516.0,774,3757.0,55,4.0,9,5,1,Van,Tata,CNG
177.0,531.0,796,9202.0,35,15.0,4,4,0,Tanker,Ashok Leyland,Petrol
329.0,227.0,340,2035.0,29,10.0,7,1,0,Tanker,Tata,Diesel
461.0,255.0,382,8504.0,39,17.0,12,6,1,Van,Mahindra,CNG
125.0,414.0,621,5057.0,53,1.0,5,6,1,Van,Eicher,CNG
534.0,392.0,588,3757.0,37,22.0,9,6,1,Van,Tata,CNG
159.0,245.0,367,4314.0,26,9.0,11,3,0,Van,Mahindra,Diesel
150.0,229.0,343,9605.0,50,3.0,5,4,0,Mini Truck,Eicher,CNG
132.0,516.0,774,5006.0,25,17.0,3,2,0,Truck,Tata,CNG
547.0,441.0,661,7706.0,48,7.0,6,6,1,Tanker,Ashok Leyland,Petrol
28.0,547.0,820,9697.0,33,6.0,11,6,1,Mini Truck,Ashok Leyland,Diesel
248.0,232.0,348,8879.0,27,14.0,2,6,1,Mini Truck,Eicher,CNG
470.0,245.0,367,2643.0,57,20.0,11,3,0,Truck,Tata,Petrol
460.0,495.0,742,3619.0,51,14.0,10,5,1,Van,Eicher,Petrol
320.0,181.0,271,652.0,42,18.0,7,4,0,Tanker,Mahindra,Diesel
568.0,93.0,139,9356.0,48,8.0,12,1,0,Truck,Tata,CNG
335.0,197.0,295,1549.0,49,19.0,7,5,1,Truck,Ashok Leyland,Diesel
70.0,328.0,492,7507.0,51,20.0,4,2,0,Van,Eicher,CNG
570.0,310.0,465,7439.0,57,22.0,10,6,1,Truck,Eicher,Petrol
99.0,559.0,838,5942.0,56,15.0,6,6,1,Truck,Ashok Leyland,CNG
532.0,194.0,291,7290.0,31,3.0,3,5,1,Tanker,Tata,Petrol
490.0,310.0,465,1604.0,39,11.0,4,2,0,Truck,Tata,Diesel
579.0,363.0,544,2179.0,44,9.0,11,6,1,Van,Ashok Leyland,CNG
215.0,495.0,742,9697.0,33,20.0,10,5,1,Mini Truck,Ashok Leyland,Diesel
496.0,518.0,777,8846.0,40,8.0,5,6,1,Mini Truck,Mahindra,CNG
136.0,194.0,291,7933.0,48,2.0,12,2,0,Mini Truck,Eicher,Diesel
587.0,250.0,375,4502.0,22,5.0,8,6,1,Van,Mahindra,Diesel
463.0,245.0,367,3205.0,37,10.0,12,0,0,Van,Eicher,CNG
234.0,238.0,357,3846.0,48,8.0,7,6,1,Tanker,Mahindra,Petrol
493.0,441.0,661,2019.0,48,8.0,4,6,1,Van,Mahindra,Diesel
346.0,423.0,634,9202.0,23,11.0,5,3,0,Tanker,Ashok Leyland,Petrol
545.0,535.0,802,1540.0,58,15.0,10,4,0,Van,Eicher,CNG
259.0,181.0,271,5942.0,38,9.0,5,4,0,Truck,Ashok Leyland,CNG
115.0,592.0,888,7092.0,58,12.0,4,3,0,Mini Truck,Eicher,Petrol
70.0,34.0,51,5064.0,41,25.0,3,6,1,Van,Eicher,Petrol
246.0,435.0,652,4779.0,50,25.0,8,1,0,Mini Truck,Tata,Diesel
600.0,297.0,445,6711.0,25,8.0,3,5,1,Van,Ashok Leyland,Petrol
304.0,520.0,780,7412.0,42,18.0,5,4,0,Van,Eicher,Diesel
349.0,128.0,192,4833.0,45,15.0,4,2,0,Truck,Mahindra,Petrol
118.0,559.0,838,9564.0,38,9.0,11,6,1,Mini Truck,Tata,Diesel
103.0,518.0,777,4066.0,50,17.0,5,2,0,Van,Ashok Leyland,Petrol
321.0,73.0,109,7619.0,57,3.0,10,2,0,Mini Truck,Tata,Diesel
141.0,423.0,634,3205.0,48,7.0,9,3,0,Van,Eicher,CNG
547.0,112.0,168,9697.0,58,8.0,7,0,0,Mini Truck,Ashok Leyland,Diesel
600.0,484.0,726,2035.0,23,11.0,3,4,0,Tanker,Tata,Diesel
78.0,297.0,445,5057.0,33,20.0,1,2,0,Van,Eicher,CNG
42.0,250.0,375,5057.0,46,1.0,12,2,0,Van,Eicher,CNG
164.0,495.0,742,4550.0,48,16.0,11,1,0,Tanker,Eicher,Petrol
292.0,216.0,324,1540.0,36,8.0,6,6,1,Van,Eicher,CNG
496.0,475.0,712,1151.0,28,21.0,5,6,1,Truck,Ashok Leyland,CNG
397.0,264.0,396,4001.0,50,17.0,10,1,0,Tanker,Eicher,CNG
235.0,149.0,223,6711.0,29,5.0,10,1,0,Van,Ashok Leyland,Petrol
169.0,168.0,252,4502.0,25,17.0,6,6,1,Van,Mahindra,Diesel
448.0,27.0,40,4502.0,39,2.0,5,5,1,Van,Mahindra,Diesel
127.0,172.0,258,6711.0,54,4.0,4,3,0,Van,Ashok Leyland,Petrol
459.0,255.0,382,1604.0,46,1.0,4,3,0,Truck,Tata,Diesel
160.0,75.0,112,4093.0,41,25.0,5,3,0,Tanker,Eicher,Petrol
268.0,423.0,634,3400.0,34,18.0,8,6,1,Van,Ashok Leyland,Diesel
121.0,269.0,403,4085.0,52,3.0,11,1,0,Truck,Tata,Petrol
484.0,555.0,832,7619.0,26,25.0,9,1,0,Mini Truck,Tata,Diesel
534.0,578.0,867,3950.0,37,23.0,8,4,0,Mini Truck,Mahindra,CNG
414.0,509.0,763,2112.0,25,8.0,8,4,0,Tanker,Tata,CNG
515.0,168.0,252,1460.0,34,24.0,8,2,0,Tanker,Ashok Leyland,Petrol
294.0,149.0,223,2035.0,28,15.0,11,6,1,Tanker,Tata,Diesel
129.0,423.0,634,9227.0,47,11.0,1,0,0,Truck,Eicher,Diesel
49.0,156.0,234,1257.0,49,21.0,12,0,0,Van,Ashok Leyland,Diesel
501.0,310.0,465,2112.0,46,4.0,9,5,1,Tanker,Tata,CNG
524.0,194.0,291,3769.0,38,3.0,2,6,1,Truck,Eicher,Diesel
340.0,564.0,846,7439.0,25,7.0,1,2,0,Truck,Eicher,Petrol
297.0,61.0,91,2332.0,29,5.0,9,5,1,Mini Truck,Eicher,Diesel
225.0,559.0,838,5779.0,49,22.0,3,1,0,Mini Truck,Ashok Leyland,Petrol
296.0,456.0,684,3769.0,57,22.0,4,2,0,Truck,Eicher,Diesel
172.0,405.0,607,7805.0,58,8.0,7,0,0,Tanker,Eicher,CNG
293.0,475.0,712,5052.0,23,11.0,5,6,1,Van,Eicher,Petrol
34.0,238.0,357,3400.0,49,22.0,7,3,0,Van,Ashok Leyland,Diesel
515.0,245.0,367,8945.0,28,21.0,11,1,0,Van,Tata,Petrol
571.0,297.0,445,2332.0,51,20.0,5,2,0,Mini Truck,Eicher,Diesel
323.0,435.0,652,4152.0,48,16.0,12,2,0,Mini Truck,Mahindra,Diesel
540.0,172.0,258,4582.0,35,15.0,4,6,1,Tanker,Tata,CNG
142.0,143.0,214,9697.0,37,23.0,5,4,0,Mini Truck,Ashok Leyland,Diesel
577.0,253.0,379,7290.0,29,10.0,3,6,1,Tanker,Tata,Petrol
376.0,238.0,357,4399.0,37,16.0,2,3,0,Mini Truck,Tata,CNG
542.0,245.0,367,4314.0,46,15.0,10,4,0,Van,Mahindra,Diesel
500.0,423.0,634,7439.0,57,20.0,6,5,1,Truck,Tata,CNG
510.0,277.0,415,2541.0,40,25.0,3,3,0,Mini Truck,Mahindra,CNG
445.0,128.0,192,5655.0,34,24.0,2,5,1,Truck,Ashok Leyland,CNG
302.0,328.0,492,4619.0,35,23.0,8,5,1,Tanker,Eicher,CNG
100.0,54.0,81,3950.0,31,13.0,3,0,0,Mini Truck,Mahindra,CNG
378.0,197.0,295,1227.0,31,13.0,7,2,0,Tanker,Ashok Leyland,Petrol
131.0,392.0,588,2942.0,24,17.0,6,6,1,Truck,Tata,CNG
115.0,156.0,234,7412.0,23,11.0,8,5,1,Van,Eicher,Diesel
562.0,34.0,51,4502.0,58,3.0,10,3,0,Van,Mahindra,Diesel
252.0,518.0,777,7619.0,58,15.0,12,1,0,Mini Truck,Tata,Diesel
62.0,255.0,382,7706.0,28,18.0,8,4,0,Tanker,Ashok Leyland,Petrol
404.0,559.0,838,3846.0,56,2.0,2,1,0,Tanker,Mahindra,Petrol
210.0,435.0,652,8846.0,26,9.0,3,1,0,Mini Truck,Mahindra,CNG
473.0,334.0,501,7158.0,41,4.0,10,4,0,Truck,Ashok Leyland,Diesel
574.0,53.0,79,2588.0,28,5.0,11,3,0,Mini Truck,Ashok Leyland,Petrol
417.0,392.0,588,7805.0,31,21.0,8,6,1,Tanker,Eicher,CNG
526.0,44.0,66,8073.0,22,15.0,11,4,0,Van,Ashok Leyland,Diesel
568.0,322.0,483,4093.0,37,19.0,8,4,0,Tanker,Eicher,Petrol
581.0,183.0,274,6477.0,29,5.0,9,3,0,Tanker,Mahindra,Petrol
255.0,456.0,684,2588.0,25,6.0,11,1,0,Mini Truck,Ashok Leyland,Petrol
232.0,495.0,742,9356.0,49,18.0,9,3,0,Truck,Tata,CNG
333.0,535.0,802,3795.0,48,16.0,7,0,0,Tanker,Ashok Leyland,CNG
153.0,105.0,157,4874.0,36,15.0,4,4,0,Mini Truck,Mahindra,Diesel
174.0,229.0,343,7507.0,45,15.0,2,1,0,Van,Eicher,CNG
44.0,112.0,168,3950.0,49,11.0,8,3,0,Mini Truck,Mahindra,CNG
243.0,322.0,483,1639.0,40,3.0,6,2,0,Mini Truck,Ashok Leyland,CNG
572.0,253.0,379,4619.0,52,14.0,3,3,0,Tanker,Eicher,CNG
99.0,518.0,777,8073.0,39,17.0,2,3,0,Van,Ashok Leyland,Diesel
103.0,25.0,37,5064.0,40,25.0,7,4,0,Van,Eicher,Petrol
495.0,555.0,832,7706.0,58,15.0,4,3,0,Tanker,Ashok Leyland,Petrol
107.0,34.0,51,4582.0,57,22.0,1,4,0,Tanker,Tata,CNG
562.0,238.0,357,2643.0,58,15.0,10,2,0,Truck,Tata,Petrol
454.0,172.0,258,9400.0,53,1.0,12,4,0,Mini Truck,Ashok Leyland,Petrol
45.0,373.0,559,3769.0,37,22.0,4,5,1,Truck,Eicher,Diesel
531.0,216.0,324,4314.0,40,8.0,12,0,0,Van,Mahindra,Diesel
393.0,496.0,744,6477.0,41,23.0,2,4,0,Tanker,Mahindra,Petrol
520.0,61.0,91,4497.0,30,10.0,12,6,1,Tanker,Eicher,Petrol
198.0,195.0,292,4550.0,51,14.0,2,4,0,Tanker,Eicher,Petrol
202.0,245.0,367,4874.0,39,17.0,9,3,0,Mini Truck,Mahindra,Diesel
533.0,112.0,168,6362.0,52,13.0,10,6,1,Mini Truck,Mahindra,Diesel
345.0,475.0,712,2942.0,28,21.0,11,2,0,Truck,Tata,CNG
200.0,435.0,652,9356.0,41,13.0,11,2,0,Truck,Tata,CNG
583.0,255.0,382,1151.0,28,5.0,12,0,0,Truck,Ashok Leyland,CNG
477.0,456.0,684,4833.0,31,23.0,5,1,0,Truck,Mahindra,Petrol
529.0,435.0,652,7706.0,45,15.0,6,3,0,Tanker,Ashok Leyland,Petrol
270.0,255.0,382,7439.0,52,3.0,7,3,0,Truck,Eicher,Petrol
395.0,572.0,858,4152.0,48,2.0,7,1,0,Mini Truck,Mahindra,Diesel
397.0,456.0,684,3795.0,27,14.0,11,0,0,Tanker,Ashok Leyland,CNG
360.0,53.0,79,9227.0,23,11.0,11,6,1,Truck,Eicher,Diesel
279.0,509.0,763,5064.0,39,17.0,7,5,1,Van,Eicher,Petrol
298.0,183.0,274,9202.0,34,24.0,9,2,0,Tanker,Ashok Leyland,Petrol
413.0,442.0,663,7072.0,40,8.0,3,6,1,Van,Tata,Petrol
321.0,197.0,295,5942.0,41,13.0,11,6,1,Truck,Ashok Leyland,CNG
87.0,504.0,756,3400.0,39,5.0,12,4,0,Van,Ashok Leyland,Diesel
398.0,334.0,501,4399.0,48,3.0,6,5,1,Mini Truck,Tata,CNG
574.0,332.0,498,1791.0,37,8.0,12,1,0,Tanker,Tata,Petrol
333.0,58.0,87,4001.0,49,8.0,5,2,0,Tanker,Eicher,CNG
165.0,227.0,340,8017.0,39,2.0,8,1,0,Tanker,Eicher,CNG
561.0,52.0,78,4833.0,41,23.0,10,3,0,Truck,Mahindra,Petrol
279.0,496.0,744,4085.0,28,21.0,1,5,1,Truck,Tata,Petrol
191.0,509.0,763,8017.0,49,21.0,7,5,1,Tanker,Eicher,CNG
69.0,27.0,40,7706.0,27,14.0,6,5,1,Tanker,Ashok Leyland,Petrol
313.0,229.0,343,8073.0,36,20.0,3,2,0,Van,Ashok Leyland,Diesel
82.0,194.0,291,4446.0,31,3.0,10,1,0,Mini Truck,Ashok Leyland,Diesel
250.0,232.0,348,2296.0,47,1.0,12,4,0,Tanker,Tata,Diesel
446.0,181.0,271,3992.0,29,3.0,7,2,0,Truck,Tata,CNG
373.0,441.0,661,7933.0,36,20.0,1,3,0,Mini Truck,Eicher,Diesel
121.0,352.0,528,4502.0,28,15.0,5,6,1,Van,Mahindra,Diesel
560.0,475.0,712,5655.0,52,11.0,5,5,1,Truck,Ashok Leyland,CNG
304.0,572.0,858,2197.0,26,1.0,3,1,0,Truck,Mahindra,CNG
447.0,34.0,51,9605.0,28,21.0,7,1,0,Mini Truck,Eicher,CNG
185.0,392.0,588,3769.0,27,9.0,8,0,0,Truck,Eicher,Diesel
37.0,475.0,712,6362.0,39,2.0,2,2,0,Mini Truck,Mahindra,Diesel
61.0,402.0,603,2644.0,42,6.0,1,4,0,Van,Mahindra,Petrol
553.0,332.0,498,4550.0,31,2.0,12,1,0,Tanker,Eicher,Petrol
364.0,516.0,774,4573.0,48,24.0,9,1,0,Tanker,Mahindra,Diesel
131.0,578.0,867,7805.0,25,17.0,7,5,1,Tanker,Eicher,CNG
117.0,93.0,139,4446.0,49,10.0,3,6,1,Mini Truck,Ashok Leyland,Diesel
229.0,334.0,501,9202.0,47,11.0,9,1,0,Tanker,Ashok Leyland,Petrol
333.0,197.0,295,3205.0,39,11.0,8,3,0,Van,Eicher,CNG
212.0,66.0,99,8945.0,29,10.0,8,2,0,Van,Tata,Petrol
398.0,296.0,444,4582.0,52,3.0,12,4,0,Tanker,Tata,CNG
27.0,559.0,838,9202.0,34,16.0,12,2,0,Tanker,Ashok Leyland,Petrol
369.0,547.0,820,1604.0,47,11.0,8,2,0,Truck,Tata,Diesel
271.0,183.0,274,9400.0,24,15.0,5,6,1,Mini Truck,Ashok Leyland,Petrol
505.0,307.0,460,7290.0,26,14.0,6,3,0,Tanker,Tata,Petrol
493.0,547.0,820,3757.0,46,15.0,8,6,1,Van,Tata,CNG
134.0,168.0,252,8846.0,33,23.0,7,3,0,Mini Truck,Mahindra,CNG
499.0,586.0,879,2019.0,50,3.0,11,0,0,Van,Mahindra,Diesel
535.0,66.0,99,8945.0,41,25.0,5,2,0,Van,Tata,Petrol
498.0,307.0,460,1735.0,27,14.0,9,0,0,Mini Truck,Eicher,Diesel
172.0,74.0,111,4833.0,54,22.0,12,2,0,Truck,Mahindra,Petrol
134.0,449.0,673,2112.0,31,23.0,12,2,0,Tanker,Tata,CNG
560.0,277.0,415,7706.0,55,2.0,5,1,0,Tanker,Ashok Leyland,Petrol
326.0,484.0,726,1604.0,43,15.0,1,3,0,Truck,Tata,Diesel
110.0,75.0,112,3795.0,27,14.0,7,3,0,Tanker,Ashok Leyland,CNG
134.0,334.0,501,8879.0,36,8.0,4,6,1,Mini Truck,Eicher,CNG
305.0,66.0,99,2296.0,48,3.0,9,2,0,Tanker,Tata,Diesel
335.0,373.0,559,2644.0,29,11.0,11,1,0,Van,Mahindra,Petrol
429.0,183.0,274,4093.0,52,13.0,11,2,0,Tanker,Eicher,Petrol
83.0,392.0,588,7092.0,46,18.0,8,5,1,Mini Truck,Eicher,Petrol
369.0,245.0,367,2243.0,55,2.0,11,5,1,Mini Truck,Ashok Leyland,CNG
565.0,518.0,777,9697.0,39,9.0,1,6,1,Mini Truck,Ashok Leyland,Diesel
306.0,483.0,724,5006.0,51,14.0,11,0,0,Truck,Tata,CNG
401.0,183.0,274,3769.0,35,11.0,4,6,1,Truck,Eicher,Diesel
90.0,34.0,51,7439.0,44,9.0,6,0,0,Truck,Tata,CNG
367.0,227.0,340,7933.0,53,12.0,2,6,1,Mini Truck,Eicher,Diesel
552.0,445.0,667,5942.0,42,6.0,3,6,1,Truck,Ashok Leyland,CNG
212.0,496.0,744,5813.0,35,11.0,2,1,0,Mini Truck,Ashok Leyland,CNG
167.0,520.0,780,6362.0,30,10.0,4,5,1,Mini Truck,Mahindra,Diesel
212.0,245.0,367,4152.0,41,25.0,5,5,1,Mini Truck,Mahindra,Diesel
562.0,232.0,348,5006.0,25,17.0,1,4,0,Truck,Tata,CNG
396.0,255.0,382,2035.0,26,25.0,9,2,0,Tanker,Tata,Diesel
423.0,216.0,324,5655.0,55,9.0,8,1,0,Truck,Ashok Leyland,CNG
427.0,559.0,838,7072.0,50,8.0,9,4,0,Van,Tata,Petrol
107.0,52.0,78,2588.0,41,4.0,6,1,0,Mini Truck,Ashok Leyland,Petrol
584.0,484.0,726,9564.0,25,7.0,6,2,0,Mini Truck,Tata,Diesel
326.0,168.0,252,1460.0,44,9.0,9,3,0,Tanker,Ashok Leyland,Petrol
430.0,296.0,444,4314.0,58,12.0,7,1,0,Van,Mahindra,Diesel
33.0,117.0,175,1151.0,28,5.0,3,2,0,Truck,Ashok Leyland,CNG
189.0,592.0,888,7158.0,34,24.0,12,4,0,Truck,Ashok Leyland,Diesel
189.0,172.0,258,1227.0,22,15.0,11,0,0,Tanker,Ashok Leyland,Petrol
130.0,483.0,724,4779.0,41,13.0,12,0,0,Mini Truck,Tata,Diesel
510.0,531.0,796,3769.0,35,11.0,10,2,0,Truck,Eicher,Diesel
356.0,586.0,879,4619.0,49,11.0,2,3,0,Tanker,Eicher,CNG
501.0,149.0,223,3846.0,36,8.0,11,6,1,Tanker,Mahindra,Petrol
261.0,392.0,588,8979.0,26,14.0,3,2,0,Tanker,Mahindra,Petrol
159.0,436.0,654,4874.0,51,20.0,12,6,1,Mini Truck,Mahindra,Diesel
165.0,387.0,580,2644.0,52,14.0,9,2,0,Van,Mahindra,Petrol
323.0,61.0,91,5655.0,40,3.0,8,4,0,Truck,Ashok Leyland,CNG
430.0,34.0,51,4314.0,48,24.0,2,5,1,Van,Mahindra,Diesel
404.0,24.0,36,2541.0,41,25.0,10,6,1,Mini Truck,Mahindra,CNG
249.0,168.0,252,6477.0,32,6.0,1,5,1,Tanker,Mahindra,Petrol
308.0,58.0,87,8979.0,52,14.0,6,0,0,Tanker,Mahindra,Petrol
362.0,485.0,727,5655.0,37,16.0,3,3,0,Truck,Ashok Leyland,CNG
555.0,445.0,667,2643.0,44,9.0,2,3,0,Truck,Tata,Petrol
447.0,531.0,796,7092.0,53,25.0,4,1,0,Mini Truck,Eicher,Petrol
277.0,194.0,291,1540.0,48,8.0,4,6,1,Van,Eicher,CNG
226.0,495.0,742,7933.0,35,23.0,4,6,1,Mini Truck,Eicher,Diesel
511.0,414.0,621,6477.0,33,6.0,1,0,0,Tanker,Mahindra,Petrol
330.0,297.0,445,3146.0,50,7.0,8,6,1,Van,Ashok Leyland,Petrol
58.0,34.0,51,8879.0,52,14.0,1,3,0,Mini Truck,Eicher,CNG
194.0,445.0,667,9564.0,48,3.0,3,1,0,Mini Truck,Tata,Diesel
287.0,245.0,367,2667.0,22,5.0,12,6,1,Tanker,Ashok Leyland,CNG
135.0,578.0,867,9564.0,37,23.0,2,3,0,Mini Truck,Tata,Diesel
101.0,34.0,51,3205.0,42,18.0,3,0,0,Van,Eicher,CNG
463.0,387.0,580,7805.0,40,8.0,2,3,0,Tanker,Eicher,CNG
24.0,34.0,51,7566.0,55,4.0,10,4,0,Truck,Ashok Leyland,Petrol
103.0,572.0,858,4066.0,38,3.0,1,6,1,Van,Ashok Leyland,Petrol
63.0,75.0,112,9673.0,58,12.0,3,5,1,Van,Tata,Petrol
47.0,387.0,580,7619.0,57,14.0,12,2,0,Mini Truck,Tata,Diesel
348.0,277.0,415,5006.0,52,13.0,6,5,1,Truck,Tata,CNG
584.0,238.0,357,8945.0,41,4.0,1,5,1,Van,Tata,Petrol
410.0,34.0,51,3619.0,35,23.0,2,2,0,Van,Eicher,Petrol
471.0,253.0,379,2035.0,37,19.0,6,0,0,Tanker,Tata,Diesel
282.0,334.0,501,2179.0,35,23.0,12,5,1,Van,Ashok Leyland,CNG
496.0,296.0,444,1227.0,31,13.0,7,3,0,Tanker,Ashok Leyland,Petrol
275.0,227.0,340,2667.0,41,4.0,11,1,0,Tanker,Ashok Leyland,CNG
595.0,168.0,252,7158.0,47,11.0,2,1,0,Truck,Ashok Leyland,Diesel
236.0,34.0,51,7092.0,31,13.0,7,1,0,Mini Truck,Eicher,Petrol
206.0,414.0,621,2644.0,48,24.0,1,6,1,Van,Mahindra,Petrol
256.0,238.0,357,7439.0,57,14.0,7,1,0,Truck,Eicher,Petrol
399.0,172.0,258,4353.0,40,25.0,8,5,1,Truck,Tata,CNG
456.0,311.0,466,4550.0,31,21.0,8,4,0,Tanker,Eicher,Petrol
101.0,273.0,409,5942.0,49,22.0,11,2,0,Truck,Ashok Leyland,CNG
232.0,34.0,51,7706.0,51,20.0,1,4,0,Tanker,Ashok Leyland,Petrol
157.0,445.0,667,7805.0,41,4.0,4,6,1,Tanker,Eicher,CNG
153.0,181.0,271,2197.0,55,2.0,11,2,0,Truck,Mahindra,CNG
163.0,61.0,91,5585.0,23,7.0,4,3,0,Truck,Ashok Leyland,CNG
472.0,311.0,466,9356.0,49,11.0,2,3,0,Truck,Tata,CNG
525.0,227.0,340,2243.0,38,9.0,4,1,0,Mini Truck,Ashok Leyland,CNG
416.0,112.0,168,4085.0,31,23.0,7,5,1,Truck,Tata,Petrol
581.0,392.0,588,7290.0,28,5.0,5,4,0,Tanker,Tata,Petrol
567.0,334.0,501,506.0,52,11.0,5,6,1,Mini Truck,Eicher,CNG
579.0,75.0,112,3795.0,46,15.0,5,1,0,Tanker,Ashok Leyland,CNG
249.0,168.0,252,2588.0,38,9.0,3,0,0,Mini Truck,Ashok Leyland,Petrol
150.0,495.0,742,5779.0,48,24.0,3,3,0,Mini Truck,Ashok Leyland,Petrol
116.0,112.0,168,5006.0,31,7.0,7,2,0,Truck,Tata,CNG
578.0,61.0,91,4399.0,33,6.0,8,6,1,Mini Truck,Tata,CNG
549.0,423.0,634,1639.0,40,8.0,12,3,0,Mini Truck,Ashok Leyland,CNG
74.0,117.0,175,2942.0,58,15.0,4,2,0,Truck,Tata,CNG
29.0,181.0,271,4085.0,41,4.0,7,6,1,Truck,Tata,Petrol
518.0,253.0,379,7092.0,26,9.0,6,1,0,Mini Truck,Eicher,Petrol
286.0,531.0,796,7072.0,44,9.0,4,1,0,Van,Tata,Petrol
390.0,311.0,466,8945.0,33,23.0,11,3,0,Van,Tata,Petrol
186.0,195.0,292,8945.0,49,11.0,7,2,0,Van,Tata,Petrol
376.0,495.0,742,9697.0,57,14.0,9,3,0,Mini Truck,Ashok Leyland,Diesel
372.0,572.0,858,2197.0,39,2.0,9,2,0,Truck,Mahindra,CNG
532.0,61.0,91,1735.0,45,10.0,1,0,0,Mini Truck,Eicher,Diesel
80.0,504.0,756,5655.0,35,23.0,6,1,0,Truck,Ashok Leyland,CNG
276.0,554.0,831,5813.0,25,17.0,5,6,1,Mini Truck,Ashok Leyland,CNG
47.0,564.0,846,4314.0,23,16.0,4,6,1,Van,Mahindra,Diesel
446.0,363.0,544,4582.0,26,1.0,2,0,0,Tanker,Tata,CNG
117.0,253.0,379,1321.0,39,11.0,10,3,0,Truck,Mahindra,Diesel
46.0,475.0,712,8017.0,41,25.0,4,1,0,Tanker,Eicher,CNG
586.0,554.0,831,1639.0,27,14.0,5,6,1,Mini Truck,Ashok Leyland,CNG
555.0,34.0,51,2296.0,55,9.0,12,0,0,Tanker,Tata,Diesel
423.0,334.0,501,4833.0,31,13.0,11,1,0,Truck,Mahindra,Petrol
76.0,586.0,879,5585.0,52,13.0,6,3,0,Truck,Ashok Leyland,CNG
160.0,105.0,157,8073.0,41,4.0,2,5,1,Van,Ashok Leyland,Diesel
442.0,387.0,580,1257.0,47,11.0,9,6,1,Van,Ashok Leyland,Diesel
45.0,232.0,348,3205.0,34,24.0,6,1,0,Van,Eicher,CNG
555.0,387.0,580,4093.0,35,15.0,8,4,0,Tanker,Eicher,Petrol
364.0,373.0,559,7619.0,52,3.0,2,6,1,Mini Truck,Tata,Diesel
316.0,307.0,460,3619.0,48,8.0,6,0,0,Van,Eicher,Petrol
195.0,547.0,820,4582.0,37,23.0,8,2,0,Tanker,Tata,CNG
597.0,156.0,234,8979.0,34,16.0,5,3,0,Tanker,Mahindra,Petrol
334.0,441.0,661,2541.0,35,11.0,4,3,0,Mini Truck,Mahindra,CNG
433.0,578.0,867,9202.0,57,14.0,8,6,1,Tanker,Ashok Leyland,Petrol
441.0,442.0,663,1151.0,54,22.0,10,4,0,Truck,Ashok Leyland,CNG
85.0,564.0,846,1540.0,49,10.0,6,6,1,Van,Eicher,CNG
371.0,117.0,175,1321.0,22,5.0,8,5,1,Truck,Mahindra,Diesel
449.0,475.0,712,3757.0,52,14.0,10,2,0,Van,Tata,CNG
295.0,264.0,396,4619.0,23,19.0,8,4,0,Tanker,Eicher,CNG
312.0,255.0,382,9564.0,31,3.0,12,4,0,Mini Truck,Tata,Diesel
439.0,232.0,348,4779.0,37,19.0,2,0,0,Mini Truck,Tata,Diesel
431.0,334.0,501,2541.0,39,2.0,4,5,1,Mini Truck,Mahindra,CNG
434.0,66.0,99,8979.0,32,6.0,11,5,1,Tanker,Mahindra,Petrol
453.0,197.0,295,3619.0,28,5.0,4,4,0,Van,Eicher,Petrol
527.0,143.0,214,2541.0,55,4.0,11,3,0,Mini Truck,Mahindra,CNG
497.0,75.0,112,9356.0,23,19.0,6,6,1,Truck,Tata,CNG
113.0,255.0,382,7092.0,48,3.0,4,2,0,Mini Truck,Eicher,Petrol
504.0,363.0,544,8879.0,24,15.0,7,2,0,Mini Truck,Eicher,CNG
225.0,277.0,415,5585.0,31,13.0,3,3,0,Truck,Ashok Leyland,CNG
91.0,73.0,109,1151.0,29,11.0,1,5,1,Truck,Ashok Leyland,CNG
414.0,495.0,742,4001.0,48,7.0,4,4,0,Tanker,Eicher,CNG
530.0,547.0,820,7290.0,48,24.0,9,4,0,Tanker,Tata,Petrol
281.0,117.0,175,9697.0,48,8.0,6,1,0,Mini Truck,Ashok Leyland,Diesel
423.0,449.0,673,8504.0,52,3.0,4,4,0,Van,Mahindra,CNG
376.0,414.0,621,4353.0,26,25.0,3,5,1,Truck,Tata,CNG
157.0,535.0,802,2332.0,48,24.0,1,6,1,Mini Truck,Eicher,Diesel
301.0,554.0,831,5006.0,35,15.0,3,2,0,Truck,Tata,CNG
171.0,25.0,37,4353.0,22,15.0,5,0,0,Truck,Tata,CNG
212.0,168.0,252,2271.0,55,9.0,7,3,0,Van,Mahindra,Diesel
584.0,535.0,802,4399.0,35,11.0,6,5,1,Mini Truck,Tata,CNG
211.0,238.0,357,2271.0,39,9.0,4,1,0,Van,Mahindra,Diesel
523.0,555.0,832,3769.0,52,13.0,5,3,0,Truck,Eicher,Diesel
93.0,194.0,291,1460.0,23,11.0,12,2,0,Tanker,Ashok Leyland,Petrol
484.0,54.0,81,4550.0,33,23.0,4,3,0,Tanker,Eicher,Petrol
485.0,229.0,343,4108.0,41,23.0,4,0,0,Truck,Ashok Leyland,CNG
77.0,564.0,846,506.0,55,2.0,3,0,0,Mini Truck,Eicher,CNG
466.0,297.0,445,7412.0,37,19.0,3,1,0,Van,Eicher,Diesel
180.0,495.0,742,9400.0,39,17.0,8,5,1,Mini Truck,Ashok Leyland,Petrol
189.0,112.0,168,7412.0,42,18.0,9,2,0,Van,Eicher,Diesel
409.0,112.0,168,6073.0,45,10.0,5,1,0,Truck,Mahindra,CNG
64.0,54.0,81,2179.0,26,9.0,12,4,0,Van,Ashok Leyland,CNG
202.0,504.0,756,4399.0,31,21.0,12,0,0,Mini Truck,Tata,CNG
204.0,128.0,192,2644.0,31,2.0,10,1,0,Van,Mahindra,Petrol
417.0,25.0,37,1540.0,49,10.0,10,5,1,Van,Eicher,CNG
107.0,61.0,91,1549.0,44,9.0,5,4,0,Truck,Ashok Leyland,Diesel
232.0,238.0,357,2644.0,31,13.0,5,0,0,Van,Mahindra,Petrol
79.0,105.0,157,8879.0,55,2.0,5,5,1,Mini Truck,Eicher,CNG
154.0,412.0,618,4152.0,40,3.0,1,0,0,Mini Truck,Mahindra,Diesel
372.0,156.0,234,9697.0,26,14.0,9,2,0,Mini Truck,Ashok Leyland,Diesel
266.0,194.0,291,2197.0,38,9.0,8,4,0,Truck,Mahindra,CNG
467.0,229.0,343,3619.0,37,16.0,8,5,1,Van,Eicher,Petrol
492.0,322.0,483,4152.0,48,18.0,10,3,0,Mini Truck,Mahindra,Diesel
474.0,435.0,652,5813.0,50,3.0,1,6,1,Mini Truck,Ashok Leyland,CNG
120.0,245.0,367,4573.0,37,8.0,10,1,0,Tanker,Mahindra,Diesel
523.0,483.0,724,1604.0,51,2.0,4,3,0,Truck,Tata,Diesel
570.0,442.0,663,5052.0,28,5.0,3,4,0,Van,Eicher,Petrol
203.0,307.0,460,7412.0,58,19.0,12,4,0,Van,Eicher,Diesel
214.0,328.0,492,3146.0,51,2.0,5,4,0,Van,Ashok Leyland,Petrol
165.0,332.0,498,1604.0,49,19.0,4,6,1,Truck,Tata,Diesel
339.0,128.0,192,2643.0,38,3.0,3,0,0,Truck,Tata,Petrol
334.0,555.0,832,1639.0,28,21.0,8,5,1,Mini Truck,Ashok Leyland,CNG
212.0,194.0,291,2541.0,40,3.0,11,5,1,Mini Truck,Mahindra,CNG
34.0,296.0,444,7072.0,40,8.0,4,3,0,Van,Tata,Petrol
563.0,441.0,661,7805.0,26,9.0,12,5,1,Tanker,Eicher,CNG
135.0,310.0,465,4353.0,55,2.0,5,3,0,Truck,Tata,CNG
357.0,531.0,796,8504.0,28,18.0,5,0,0,Van,Mahindra,CNG
81.0,310.0,465,2112.0,27,9.0,1,3,0,Tanker,Tata,CNG
341.0,322.0,483,4314.0,47,11.0,5,2,0,Van,Mahindra,Diesel
183.0,509.0,763,4108.0,31,13.0,12,0,0,Truck,Ashok Leyland,CNG
83.0,66.0,99,7092.0,52,3.0,5,2,0,Mini Truck,Eicher,Petrol
551.0,392.0,588,3400.0,58,3.0,6,3,0,Van,Ashok Leyland,Diesel
327.0,307.0,460,2243.0,22,5.0,2,6,1,Mini Truck,Ashok Leyland,CNG
352.0,334.0,501,4497.0,36,8.0,11,2,0,Tanker,Eicher,Petrol
132.0,520.0,780,1735.0,27,14.0,9,2,0,Mini Truck,Eicher,Diesel
261.0,183.0,274,5942.0,48,16.0,3,2,0,Truck,Ashok Leyland,CNG
53.0,328.0,492,7439.0,23,20.0,3,2,0,Truck,Tata,CNG
336.0,484.0,726,7507.0,52,14.0,8,5,1,Van,Eicher,CNG
204.0,441.0,661,1812.0,58,15.0,11,6,1,Van,Tata,CNG
492.0,496.0,744,2643.0,24,17.0,12,4,0,Truck,Tata,Petrol
509.0,311.0,466,9227.0,24,15.0,9,0,0,Truck,Eicher,Diesel
592.0,238.0,357,1639.0,50,7.0,4,2,0,Mini Truck,Ashok Leyland,CNG
409.0,264.0,396,7805.0,35,25.0,3,1,0,Tanker,Eicher,CNG
292.0,535.0,802,5057.0,23,16.0,3,3,0,Van,Eicher,CNG
115.0,229.0,343,2942.0,27,9.0,12,4,0,Truck,Tata,CNG
80.0,572.0,858,3795.0,23,11.0,3,1,0,Tanker,Ashok Leyland,CNG
71.0,504.0,756,1639.0,23,16.0,3,2,0,Mini Truck,Ashok Leyland,CNG
29.0,484.0,726,3795.0,46,15.0,12,0,0,Tanker,Ashok Leyland,CNG
381.0,245.0,367,8945.0,29,3.0,9,2,0,Van,Tata,Petrol
554.0,277.0,415,3769.0,49,8.0,7,0,0,Truck,Eicher,Diesel
533.0,93.0,139,2588.0,53,12.0,2,0,0,Mini Truck,Ashok Leyland,Petrol
293.0,555.0,832,4619.0,37,10.0,12,3,0,Tanker,Eicher,CNG
243.0,250.0,375,2942.0,37,10.0,8,1,0,Truck,Tata,CNG
257.0,117.0,175,2643.0,39,17.0,11,3,0,Truck,Tata,Petrol
518.0,328.0,492,1604.0,42,6.0,10,6,1,Truck,Tata,Diesel
584.0,52.0,78,652.0,26,9.0,5,1,0,Tanker,Mahindra,Diesel
581.0,328.0,492,8879.0,24,17.0,7,6,1,Mini Truck,Eicher,CNG
545.0,423.0,634,8504.0,35,15.0,3,5,1,Van,Mahindra,CNG
391.0,61.0,91,8017.0,58,8.0,9,4,0,Tanker,Eicher,CNG
59.0,559.0,838,652.0,27,4.0,8,1,0,Tanker,Mahindra,Diesel
188.0,456.0,684,1735.0,28,5.0,3,0,0,Mini Truck,Eicher,Diesel
436.0,485.0,727,7412.0,50,17.0,1,2,0,Van,Eicher,Diesel
593.0,269.0,403,2643.0,33,20.0,11,5,1,Truck,Tata,Petrol
476.0,238.0,357,2197.0,28,21.0,9,1,0,Truck,Mahindra,CNG
20.0,264.0,396,5813.0,52,14.0,9,2,0,Mini Truck,Ashok Leyland,CNG
71.0,227.0,340,2644.0,27,9.0,7,1,0,Van,Mahindra,Petrol
235.0,310.0,465,4314.0,50,25.0,10,0,0,Van,Mahindra,Diesel
545.0,227.0,340,5057.0,42,20.0,12,2,0,Van,Eicher,CNG
20.0,264.0,396,2296.0,41,13.0,3,1,0,Tanker,Tata,Diesel
350.0,456.0,684,7619.0,23,19.0,8,4,0,Mini Truck,Tata,Diesel
512.0,412.0,618,4108.0,56,2.0,9,0,0,Truck,Ashok Leyland,CNG
204.0,52.0,78,4152.0,50,25.0,8,6,1,Mini Truck,Mahindra,Diesel
207.0,194.0,291,9202.0,56,2.0,2,1,0,Tanker,Ashok Leyland,Petrol
275.0,332.0,498,4550.0,26,1.0,9,4,0,Tanker,Eicher,Petrol
302.0,322.0,483,4833.0,28,5.0,10,0,0,Truck,Mahindra,Petrol
338.0,484.0,726,4874.0,36,20.0,1,6,1,Mini Truck,Mahindra,Diesel
435.0,194.0,291,2942.0,31,23.0,7,2,0,Truck,Tata,CNG
21.0,58.0,87,7933.0,57,3.0,7,0,0,Mini Truck,Eicher,Diesel
263.0,149.0,223,4833.0,36,15.0,3,1,0,Truck,Mahindra,Petrol
77.0,229.0,343,9605.0,22,5.0,2,5,1,Mini Truck,Eicher,CNG
403.0,531.0,796,6477.0,58,5.0,11,2,0,Tanker,Mahindra,Petrol
568.0,564.0,846,9697.0,48,3.0,4,2,0,Mini Truck,Ashok Leyland,Diesel
206.0,441.0,661,1257.0,40,25.0,11,6,1,Van,Ashok Leyland,Diesel
154.0,264.0,396,4085.0,53,1.0,1,5,1,Truck,Tata,Petrol
579.0,24.0,36,9673.0,29,3.0,11,4,0,Van,Tata,Petrol
592.0,238.0,357,5585.0,38,3.0,8,5,1,Truck,Ashok Leyland,CNG
456.0,504.0,756,4446.0,26,9.0,5,5,1,Mini Truck,Ashok Leyland,Diesel
106.0,310.0,465,7805.0,33,20.0,10,4,0,Tanker,Eicher,CNG
597.0,73.0,109,4502.0,31,3.0,2,0,0,Van,Mahindra,Diesel
554.0,194.0,291,2296.0,36,20.0,10,0,0,Tanker,Tata,Diesel
546.0,34.0,51,4845.0,42,6.0,3,1,0,Tanker,Tata,Petrol
470.0,245.0,367,9356.0,22,15.0,5,6,1,Truck,Tata,CNG
360.0,44.0,66,4497.0,42,18.0,4,1,0,Tanker,Eicher,Petrol
516.0,232.0,348,8017.0,37,8.0,12,6,1,Tanker,Eicher,CNG
498.0,73.0,109,2541.0,48,3.0,5,1,0,Mini Truck,Mahindra,CNG
454.0,412.0,618,5057.0,23,19.0,10,6,1,Van,Eicher,CNG
236.0,485.0,727,4399.0,23,7.0,4,6,1,Mini Truck,Tata,CNG
420.0,412.0,618,6073.0,41,23.0,11,3,0,Truck,Mahindra,CNG
252.0,197.0,295,652.0,54,22.0,4,5,1,Tanker,Mahindra,Diesel
542.0,564.0,846,5057.0,36,15.0,2,3,0,Van,Eicher,CNG
491.0,402.0,603,8846.0,50,3.0,3,1,0,Mini Truck,Mahindra,CNG
267.0,435.0,652,5052.0,51,20.0,12,0,0,Van,Eicher,Petrol
504.0,25.0,37,1639.0,46,15.0,6,6,1,Mini Truck,Ashok Leyland,CNG
567.0,143.0,214,6711.0,23,20.0,4,4,0,Van,Ashok Leyland,Petrol
136.0,34.0,51,8073.0,39,11.0,12,1,0,Van,Ashok Leyland,Diesel
527.0,484.0,726,1460.0,40,25.0,9,4,0,Tanker,Ashok Leyland,Petrol
487.0,218.0,327,3846.0,58,8.0,8,2,0,Tanker,Mahindra,Petrol
474.0,269.0,403,4093.0,31,7.0,11,6,1,Tanker,Eicher,Petrol
516.0,197.0,295,9202.0,31,13.0,2,2,0,Tanker,Ashok Leyland,Petrol
81.0,61.0,91,4085.0,35,23.0,8,2,0,Truck,Tata,Petrol
285.0,27.0,40,7706.0,29,10.0,11,0,0,Tanker,Ashok Leyland,Petrol
295.0,296.0,444,3992.0,25,6.0,7,0,0,Truck,Tata,CNG
77.0,227.0,340,4573.0,26,25.0,12,5,1,Tanker,Mahindra,Diesel
246.0,229.0,343,2019.0,28,18.0,6,4,0,Van,Mahindra,Diesel
406.0,520.0,780,2035.0,38,9.0,10,4,0,Tanker,Tata,Diesel
166.0,435.0,652,4108.0,48,3.0,10,0,0,Truck,Ashok Leyland,CNG
587.0,253.0,379,1549.0,30,10.0,2,1,0,Truck,Ashok Leyland,Diesel
126.0,149.0,223,7507.0,26,14.0,12,6,1,Van,Eicher,CNG
542.0,392.0,588,1227.0,33,20.0,4,0,0,Tanker,Ashok Leyland,Petrol
136.0,412.0,618,8945.0,46,4.0,8,1,0,Van,Tata,Petrol
294.0,484.0,726,4108.0,55,9.0,7,6,1,Truck,Ashok Leyland,CNG
388.0,516.0,774,7092.0,32,6.0,11,2,0,Mini Truck,Eicher,Petrol
82.0,328.0,492,4779.0,37,8.0,12,1,0,Mini Truck,Tata,Diesel
52.0,423.0,634,2644.0,40,8.0,2,4,0,Van,Mahindra,Petrol
434.0,495.0,742,1812.0,27,9.0,8,5,1,Van,Tata,CNG
363.0,297.0,445,7507.0,51,2.0,2,2,0,Van,Eicher,CNG
326.0,195.0,292,2243.0,31,13.0,5,1,0,Mini Truck,Ashok Leyland,CNG
196.0,197.0,295,3400.0,52,11.0,11,3,0,Van,Ashok Leyland,Diesel
383.0,495.0,742,2296.0,52,3.0,11,4,0,Tanker,Tata,Diesel
575.0,93.0,139,5655.0,50,3.0,10,4,0,Truck,Ashok Leyland,CNG
522.0,264.0,396,7619.0,54,4.0,8,1,0,Mini Truck,Tata,Diesel
37.0,105.0,157,506.0,26,14.0,11,6,1,Mini Truck,Eicher,CNG
145.0,255.0,382,4399.0,24,15.0,6,3,0,Mini Truck,Tata,CNG
105.0,436.0,654,5057.0,57,3.0,9,5,1,Van,Eicher,CNG
179.0,128.0,192,4085.0,44,4.0,9,5,1,Truck,Tata,Petrol
215.0,264.0,396,3846.0,57,14.0,10,3,0,Tanker,Mahindra,Petrol
279.0,442.0,663,7412.0,48,8.0,2,6,1,Van,Eicher,Diesel
596.0,435.0,652,4550.0,41,4.0,7,4,0,Tanker,Eicher,Petrol
90.0,572.0,858,4399.0,44,4.0,10,1,0,Mini Truck,Tata,CNG
586.0,405.0,607,3619.0,40,25.0,4,1,0,Van,Eicher,Petrol
77.0,25.0,37,2197.0,41,4.0,9,4,0,Truck,Mahindra,CNG
492.0,61.0,91,4502.0,39,17.0,9,2,0,Van,Mahindra,Diesel
68.0,504.0,756,2019.0,39,2.0,6,5,1,Van,Mahindra,Diesel
152.0,516.0,774,2667.0,34,18.0,12,2,0,Tanker,Ashok Leyland,CNG
240.0,456.0,684,9356.0,57,22.0,2,0,0,Truck,Tata,CNG
296.0,73.0,109,5006.0,58,8.0,8,4,0,Truck,Tata,CNG
469.0,535.0,802,9673.0,53,12.0,4,0,0,Van,Tata,Petrol
419.0,172.0,258,2179.0,49,18.0,12,5,1,Van,Ashok Leyland,CNG
227.0,264.0,396,8846.0,37,10.0,6,5,1,Mini Truck,Mahindra,CNG
357.0,578.0,867,4779.0,38,9.0,5,2,0,Mini Truck,Tata,Diesel
408.0,253.0,379,8073.0,48,8.0,9,4,0,Van,Ashok Leyland,Diesel
92.0,194.0,291,3757.0,58,14.0,11,6,1,Van,Tata,CNG
322.0,73.0,109,2179.0,28,5.0,4,0,0,Van,Ashok Leyland,CNG
372.0,559.0,838,4497.0,35,11.0,3,5,1,Tanker,Eicher,Petrol
73.0,334.0,501,2541.0,43,15.0,4,4,0,Mini Truck,Mahindra,CNG
242.0,232.0,348,8504.0,50,25.0,5,6,1,Van,Mahindra,CNG
399.0,496.0,744,1227.0,53,16.0,6,5,1,Tanker,Ashok Leyland,Petrol
477.0,277.0,415,6477.0,57,3.0,9,1,0,Tanker,Mahindra,Petrol
383.0,61.0,91,4085.0,50,3.0,6,1,0,Truck,Tata,Petrol
32.0,531.0,796,2271.0,24,2.0,7,0,0,Van,Mahindra,Diesel
105.0,475.0,712,6477.0,40,25.0,9,0,0,Tanker,Mahindra,Petrol
463.0,232.0,348,506.0,29,5.0,4,4,0,Mini Truck,Eicher,CNG
369.0,484.0,726,4085.0,48,8.0,9,6,1,Truck,Tata,Petrol
504.0,238.0,357,506.0,57,3.0,1,4,0,Mini Truck,Eicher,CNG
233.0,495.0,742,3400.0,24,15.0,7,3,0,Van,Ashok Leyland,Diesel
491.0,564.0,846,8945.0,34,24.0,7,5,1,Van,Tata,Petrol
488.0,555.0,832,1604.0,24,15.0,10,6,1,Truck,Tata,Diesel
257.0,373.0,559,2588.0,29,3.0,1,4,0,Mini Truck,Ashok Leyland,Petrol
37.0,247.0,370,2271.0,46,15.0,1,2,0,Van,Mahindra,Diesel
340.0,405.0,607,3769.0,30,15.0,9,2,0,Truck,Eicher,Diesel
538.0,44.0,66,2541.0,48,8.0,11,1,0,Mini Truck,Mahindra,CNG
140.0,93.0,139,9564.0,48,16.0,8,3,0,Mini Truck,Tata,Diesel
502.0,475.0,712,1549.0,44,9.0,12,6,1,Truck,Ashok Leyland,Diesel
119.0,216.0,324,9564.0,57,3.0,9,5,1,Mini Truck,Tata,Diesel
410.0,143.0,214,1257.0,31,7.0,12,4,0,Van,Ashok Leyland,Diesel
357.0,194.0,291,2179.0,24,15.0,1,5,1,Van,Ashok Leyland,CNG
244.0,387.0,580,9697.0,31,2.0,3,1,0,Mini Truck,Ashok Leyland,Diesel
389.0,143.0,214,1540.0,35,23.0,4,0,0,Van,Eicher,CNG
28.0,578.0,867,7439.0,31,7.0,12,6,1,Truck,Eicher,Petrol
439.0,58.0,87,7805.0,53,15.0,5,3,0,Tanker,Eicher,CNG
420.0,168.0,252,1151.0,58,14.0,7,0,0,Truck,Ashok Leyland,CNG
472.0,475.0,712,2296.0,50,3.0,7,3,0,Tanker,Tata,Diesel
507.0,105.0,157,4845.0,38,9.0,9,3,0,Tanker,Tata,Petrol
518.0,269.0,403,4353.0,29,11.0,9,0,0,Truck,Tata,CNG
594.0,253.0,379,7566.0,46,15.0,2,3,0,Truck,Ashok Leyland,Petrol
164.0,296.0,444,4582.0,46,15.0,9,4,0,Tanker,Tata,CNG
571.0,197.0,295,4550.0,39,5.0,7,0,0,Tanker,Eicher,Petrol
493.0,54.0,81,9202.0,31,7.0,4,0,0,Tanker,Ashok Leyland,Petrol
108.0,229.0,343,7412.0,38,3.0,10,3,0,Van,Eicher,Diesel
432.0,34.0,51,1549.0,49,21.0,5,1,0,Truck,Ashok Leyland,Diesel
212.0,352.0,528,9202.0,26,9.0,2,1,0,Tanker,Ashok Leyland,Petrol
425.0,168.0,252,4085.0,48,16.0,3,3,0,Truck,Tata,Petrol
256.0,112.0,168,8504.0,24,15.0,7,0,0,Van,Mahindra,CNG
170.0,143.0,214,652.0,53,25.0,5,2,0,Tanker,Mahindra,Diesel
423.0,392.0,588,7158.0,38,9.0,8,4,0,Truck,Ashok Leyland,Diesel
94.0,253.0,379,2644.0,44,4.0,7,0,0,Van,Mahindra,Petrol
438.0,53.0,79,3757.0,28,5.0,6,0,0,Van,Tata,CNG
300.0,232.0,348,5585.0,31,21.0,7,2,0,Truck,Ashok Leyland,CNG
481.0,112.0,168,6711.0,54,4.0,1,3,0,Van,Ashok Leyland,Petrol
571.0,273.0,409,4874.0,43,15.0,11,3,0,Mini Truck,Mahindra,Diesel
390.0,442.0,663,9202.0,42,18.0,12,4,0,Tanker,Ashok Leyland,Petrol
581.0,149.0,223,1791.0,47,1.0,2,6,1,Tanker,Tata,Petrol
486.0,535.0,802,1540.0,28,18.0,3,5,1,Van,Eicher,CNG
291.0,435.0,652,2019.0,41,13.0,10,1,0,Van,Mahindra,Diesel
315.0,475.0,712,4093.0,57,20.0,9,1,0,Tanker,Eicher,Petrol
558.0,483.0,724,4833.0,47,17.0,8,1,0,Truck,Mahindra,Petrol
395.0,105.0,157,4573.0,48,7.0,11,4,0,Tanker,Mahindra,Diesel
590.0,554.0,831,2271.0,58,15.0,10,1,0,Van,Mahindra,Diesel
483.0,518.0,777,4353.0,40,23.0,8,1,0,Truck,Tata,CNG
311.0,195.0,292,6073.0,36,20.0,5,4,0,Truck,Mahindra,CNG
586.0,328.0,492,4845.0,55,4.0,6,5,1,Tanker,Tata,Petrol
514.0,75.0,112,6711.0,50,25.0,10,4,0,Van,Ashok Leyland,Petrol
388.0,53.0,79,3619.0,39,2.0,11,5,1,Van,Eicher,Petrol
268.0,24.0,36,8073.0,58,14.0,9,2,0,Van,Ashok Leyland,Diesel
310.0,255.0,382,1812.0,36,8.0,5,5,1,Van,Tata,CNG
69.0,128.0,192,8073.0,39,10.0,10,1,0,Van,Ashok Leyland,Diesel
188.0,273.0,409,2643.0,31,13.0,11,3,0,Truck,Tata,Petrol
211.0,509.0,763,2019.0,45,15.0,7,3,0,Van,Mahindra,Diesel
182.0,307.0,460,4550.0,58,19.0,8,6,1,Tanker,Eicher,Petrol
158.0,496.0,744,2296.0,42,20.0,12,5,1,Tanker,Tata,Diesel
415.0,58.0,87,4152.0,50,17.0,1,5,1,Mini Truck,Mahindra,Diesel
226.0,423.0,634,2112.0,48,18.0,7,3,0,Tanker,Tata,CNG
332.0,66.0,99,4619.0,49,11.0,10,0,0,Tanker,Eicher,CNG
519.0,297.0,445,9400.0,31,7.0,12,3,0,Mini Truck,Ashok Leyland,Petrol
131.0,441.0,661,2019.0,40,23.0,6,6,1,Van,Mahindra,Diesel
191.0,105.0,157,4779.0,57,3.0,2,3,0,Mini Truck,Tata,Diesel
110.0,402.0,603,4779.0,31,23.0,9,6,1,Mini Truck,Tata,Diesel
291.0,531.0,796,1151.0,58,15.0,4,1,0,Truck,Ashok Leyland,CNG
168.0,578.0,867,4550.0,50,9.0,4,4,0,Tanker,Eicher,Petrol
556.0,520.0,780,9605.0,48,24.0,6,6,1,Mini Truck,Eicher,CNG
50.0,592.0,888,9227.0,32,6.0,3,5,1,Truck,Eicher,Diesel
98.0,531.0,796,7706.0,34,16.0,12,2,0,Tanker,Ashok Leyland,Petrol
549.0,586.0,879,8979.0,37,8.0,7,4,0,Tanker,Mahindra,Petrol
539.0,332.0,498,5057.0,48,8.0,3,5,1,Van,Eicher,CNG
516.0,61.0,91,1460.0,49,11.0,1,0,0,Tanker,Ashok Leyland,Petrol
26.0,216.0,324,7158.0,49,10.0,6,3,0,Truck,Ashok Leyland,Diesel
439.0,516.0,774,6711.0,30,15.0,5,6,1,Van,Ashok Leyland,Petrol
306.0,495.0,742,5057.0,52,3.0,6,2,0,Van,Eicher,CNG
557.0,105.0,157,3846.0,53,16.0,9,2,0,Tanker,Mahindra,Petrol
536.0,334.0,501,7412.0,23,16.0,6,0,0,Van,Eicher,Diesel
137.0,307.0,460,3769.0,46,1.0,4,6,1,Truck,Eicher,Diesel
117.0,572.0,858,5942.0,37,16.0,7,6,1,Truck,Ashok Leyland,CNG
194.0,264.0,396,4550.0,53,12.0,3,6,1,Tanker,Eicher,Petrol
230.0,559.0,838,3769.0,49,18.0,10,5,1,Truck,Eicher,Diesel
138.0,311.0,466,1791.0,41,4.0,7,4,0,Tanker,Tata,Petrol
271.0,296.0,444,2243.0,49,18.0,3,0,0,Mini Truck,Ashok Leyland,CNG
378.0,227.0,340,4001.0,25,8.0,9,1,0,Tanker,Eicher,CNG
243.0,238.0,357,7439.0,42,18.0,11,4,0,Truck,Eicher,Petrol
318.0,255.0,382,2643.0,37,19.0,2,5,1,Truck,Tata,Petrol
590.0,555.0,832,4093.0,53,12.0,12,1,0,Tanker,Eicher,Petrol
263.0,495.0,742,1151.0,27,14.0,6,1,0,Truck,Ashok Leyland,CNG
95.0,197.0,295,8073.0,29,3.0,11,6,1,Van,Ashok Leyland,Diesel
201.0,449.0,673,7507.0,26,9.0,4,3,0,Van,Eicher,CNG
444.0,572.0,858,7933.0,58,15.0,7,2,0,Mini Truck,Eicher,Diesel
456.0,436.0,654,1812.0,29,10.0,10,6,1,Van,Tata,CNG
598.0,194.0,291,4399.0,22,15.0,1,0,0,Mini Truck,Tata,CNG
263.0,44.0,66,5006.0,42,6.0,6,0,0,Truck,Tata,CNG
275.0,516.0,774,5655.0,28,18.0,5,3,0,Truck,Ashok Leyland,CNG
497.0,456.0,684,8945.0,46,4.0,5,3,0,Van,Tata,Petrol
492.0,34.0,51,1735.0,58,14.0,7,6,1,Mini Truck,Eicher,Diesel
511.0,277.0,415,7412.0,42,20.0,8,6,1,Van,Eicher,Diesel
362.0,518.0,777,5052.0,52,3.0,2,2,0,Van,Eicher,Petrol
135.0,572.0,858,3757.0,45,10.0,12,3,0,Van,Tata,CNG
175.0,247.0,370,9564.0,51,14.0,6,2,0,Mini Truck,Tata,Diesel
171.0,352.0,528,8879.0,45,15.0,5,5,1,Mini Truck,Eicher,CNG
191.0,34.0,51,652.0,44,9.0,11,3,0,Tanker,Mahindra,Diesel
332.0,195.0,292,2942.0,40,3.0,5,4,0,Truck,Tata,CNG
109.0,332.0,498,1604.0,24,17.0,5,5,1,Truck,Tata,Diesel
419.0,414.0,621,9564.0,58,3.0,11,6,1,Mini Truck,Tata,Diesel
278.0,24.0,36,5064.0,37,23.0,6,4,0,Van,Eicher,Petrol
586.0,66.0,99,5813.0,53,16.0,7,5,1,Mini Truck,Ashok Leyland,CNG
297.0,592.0,888,5813.0,53,15.0,12,6,1,Mini Truck,Ashok Leyland,CNG
91.0,435.0,652,4779.0,58,8.0,1,1,0,Mini Truck,Tata,Diesel
27.0,105.0,157,5942.0,25,7.0,11,5,1,Truck,Ashok Leyland,CNG
213.0,181.0,271,9605.0,39,17.0,3,5,1,Mini Truck,Eicher,CNG
237.0,117.0,175,3757.0,56,15.0,11,5,1,Van,Tata,CNG
429.0,373.0,559,4152.0,48,24.0,7,6,1,Mini Truck,Mahindra,Diesel
268.0,27.0,40,8879.0,29,3.0,10,6,1,Mini Truck,Eicher,CNG
180.0,441.0,661,5006.0,23,11.0,10,5,1,Truck,Tata,CNG
244.0,586.0,879,506.0,34,18.0,12,6,1,Mini Truck,Eicher,CNG
179.0,363.0,544,2243.0,58,8.0,7,0,0,Mini Truck,Ashok Leyland,CNG
299.0,66.0,99,8979.0,24,15.0,12,1,0,Tanker,Mahindra,Petrol
288.0,328.0,492,3795.0,38,9.0,3,1,0,Tanker,Ashok Leyland,CNG
460.0,328.0,492,2243.0,52,13.0,2,0,0,Mini Truck,Ashok Leyland,CNG
451.0,238.0,357,9202.0,37,8.0,1,1,0,Tanker,Ashok Leyland,Petrol
299.0,484.0,726,2644.0,28,5.0,7,5,1,Van,Mahindra,Petrol
367.0,441.0,661,9564.0,25,8.0,10,1,0,Mini Truck,Tata,Diesel
577.0,128.0,192,1639.0,40,8.0,12,4,0,Mini Truck,Ashok Leyland,CNG
484.0,255.0,382,9400.0,47,11.0,7,4,0,Mini Truck,Ashok Leyland,Petrol
390.0,247.0,370,8073.0,50,9.0,3,1,0,Van,Ashok Leyland,Diesel
298.0,402.0,603,2019.0,53,1.0,1,6,1,Van,Mahindra,Diesel
112.0,564.0,846,9227.0,27,4.0,12,0,0,Truck,Eicher,Diesel
539.0,229.0,343,506.0,33,23.0,6,1,0,Mini Truck,Eicher,CNG
39.0,373.0,559,5064.0,55,2.0,1,4,0,Van,Eicher,Petrol
322.0,311.0,466,1227.0,50,17.0,12,6,1,Tanker,Ashok Leyland,Petrol
475.0,227.0,340,7706.0,53,12.0,5,5,1,Tanker,Ashok Leyland,Petrol
148.0,197.0,295,7072.0,50,8.0,11,5,1,Van,Tata,Petrol
241.0,52.0,78,5655.0,42,6.0,6,0,0,Truck,Ashok Leyland,CNG
249.0,54.0,81,4619.0,53,12.0,4,4,0,Tanker,Eicher,CNG
328.0,445.0,667,2296.0,58,5.0,10,3,0,Tanker,Tata,Diesel
594.0,27.0,40,4399.0,33,20.0,7,5,1,Mini Truck,Tata,CNG
408.0,61.0,91,4314.0,37,8.0,9,5,1,Van,Mahindra,Diesel
114.0,442.0,663,4502.0,38,3.0,3,2,0,Van,Mahindra,Diesel
162.0,66.0,99,1321.0,49,8.0,12,0,0,Truck,Mahindra,Diesel
406.0,218.0,327,5064.0,35,11.0,7,4,0,Van,Eicher,Petrol
127.0,392.0,588,1321.0,47,1.0,6,3,0,Truck,Mahindra,Diesel
198.0,25.0,37,2197.0,53,12.0,12,5,1,Truck,Mahindra,CNG
502.0,495.0,742,4108.0,57,20.0,2,5,1,Truck,Ashok Leyland,CNG
504.0,194.0,291,2019.0,31,7.0,7,6,1,Van,Mahindra,Diesel
451.0,483.0,724,1549.0,31,2.0,9,0,0,Truck,Ashok Leyland,Diesel
235.0,44.0,66,3205.0,23,11.0,9,3,0,Van,Eicher,CNG
600.0,373.0,559,1151.0,52,14.0,10,1,0,Truck,Ashok Leyland,CNG
244.0,334.0,501,5585.0,24,15.0,8,6,1,Truck,Ashok Leyland,CNG
402.0,423.0,634,4093.0,26,9.0,3,3,0,Tanker,Eicher,Petrol
254.0,128.0,192,9605.0,39,9.0,1,6,1,Mini Truck,Eicher,CNG
207.0,496.0,744,6477.0,46,4.0,10,4,0,Tanker,Mahindra,Petrol
207.0,269.0,403,2271.0,35,15.0,10,0,0,Van,Mahindra,Diesel
197.0,277.0,415,2667.0,28,5.0,2,5,1,Tanker,Ashok Leyland,CNG
182.0,172.0,258,6711.0,46,1.0,8,6,1,Van,Ashok Leyland,Petrol
150.0,172.0,258,1812.0,49,18.0,1,0,0,Van,Tata,CNG
419.0,247.0,370,4001.0,40,23.0,6,0,0,Tanker,Eicher,CNG
212.0,25.0,37,3950.0,40,25.0,4,0,0,Mini Truck,Mahindra,CNG
433.0,75.0,112,5813.0,31,2.0,7,6,1,Mini Truck,Ashok Leyland,CNG
60.0,181.0,271,4108.0,23,16.0,5,0,0,Truck,Ashok Leyland,CNG
425.0,75.0,112,1549.0,22,5.0,7,4,0,Truck,Ashok Leyland,Diesel
286.0,44.0,66,4573.0,42,18.0,5,4,0,Tanker,Mahindra,Diesel
433.0,143.0,214,2588.0,52,14.0,5,4,0,Mini Truck,Ashok Leyland,Petrol
187.0,247.0,370,7412.0,38,3.0,11,2,0,Van,Eicher,Diesel
69.0,52.0,78,4108.0,39,17.0,1,4,0,Truck,Ashok Leyland,CNG
67.0,456.0,684,2019.0,23,19.0,1,2,0,Van,Mahindra,Diesel
363.0,245.0,367,3950.0,31,21.0,8,6,1,Mini Truck,Mahindra,CNG
257.0,531.0,796,4314.0,48,16.0,5,2,0,Van,Mahindra,Diesel
351.0,445.0,667,3146.0,58,19.0,9,2,0,Van,Ashok Leyland,Petrol
75.0,559.0,838,4874.0,33,20.0,1,0,0,Mini Truck,Mahindra,Diesel
286.0,255.0,382,8017.0,38,3.0,4,2,0,Tanker,Eicher,CNG
433.0,436.0,654,5052.0,28,18.0,7,2,0,Van,Eicher,Petrol
101.0,277.0,415,1549.0,39,2.0,6,5,1,Truck,Ashok Leyland,Diesel
370.0,572.0,858,1151.0,52,13.0,1,2,0,Truck,Ashok Leyland,CNG
210.0,586.0,879,5585.0,33,6.0,8,6,1,Truck,Ashok Leyland,CNG
376.0,34.0,51,1227.0,25,6.0,10,6,1,Tanker,Ashok Leyland,Petrol
495.0,495.0,742,7805.0,57,3.0,10,1,0,Tanker,Eicher,CNG
244.0,592.0,888,4085.0,26,25.0,6,6,1,Truck,Tata,Petrol
536.0,405.0,607,4108.0,53,1.0,6,0,0,Truck,Ashok Leyland,CNG
160.0,93.0,139,5813.0,46,4.0,9,3,0,Mini Truck,Ashok Leyland,CNG
519.0,66.0,99,7805.0,38,9.0,1,3,0,Tanker,Eicher,CNG
71.0,52.0,78,9605.0,24,15.0,10,1,0,Mini Truck,Eicher,CNG
182.0,332.0,498,2644.0,40,25.0,8,3,0,Van,Mahindra,Petrol
82.0,273.0,409,2644.0,47,17.0,1,4,0,Van,Mahindra,Petrol
274.0,112.0,168,3992.0,49,10.0,7,3,0,Truck,Tata,CNG
514.0,456.0,684,8879.0,58,12.0,10,2,0,Mini Truck,Eicher,CNG
414.0,441.0,661,1639.0,37,16.0,8,6,1,Mini Truck,Ashok Leyland,CNG
171.0,229.0,343,4066.0,37,10.0,1,2,0,Van,Ashok Leyland,Petrol
571.0,578.0,867,4399.0,32,6.0,2,5,1,Mini Truck,Tata,CNG
363.0,216.0,324,1257.0,48,16.0,5,6,1,Van,Ashok Leyland,Diesel
200.0,25.0,37,3619.0,49,11.0,4,2,0,Van,Eicher,Petrol
248.0,572.0,858,4085.0,27,14.0,2,0,0,Truck,Tata,Petrol
321.0,435.0,652,7619.0,46,4.0,10,3,0,Mini Truck,Tata,Diesel
540.0,435.0,652,4314.0,37,10.0,3,0,0,Van,Mahindra,Diesel
25.0,520.0,780,7439.0,49,18.0,1,2,0,Truck,Eicher,Petrol
575.0,334.0,501,2112.0,23,11.0,2,5,1,Tanker,Tata,CNG
480.0,564.0,846,4502.0,26,9.0,1,6,1,Van,Mahindra,Diesel
455.0,54.0,81,1460.0,49,21.0,1,5,1,Tanker,Ashok Leyland,Petrol
548.0,245.0,367,6362.0,43,15.0,7,6,1,Mini Truck,Mahindra,Diesel
222.0,194.0,291,4582.0,42,6.0,9,4,0,Tanker,Tata,CNG
233.0,253.0,379,2197.0,47,1.0,12,1,0,Truck,Mahindra,CNG
125.0,156.0,234,4619.0,31,2.0,8,4,0,Tanker,Eicher,CNG
300.0,518.0,777,7412.0,40,25.0,4,3,0,Van,Eicher,Diesel
94.0,172.0,258,5006.0,39,5.0,9,1,0,Truck,Tata,CNG
282.0,564.0,846,1151.0,34,16.0,4,6,1,Truck,Ashok Leyland,CNG
439.0,311.0,466,4497.0,53,12.0,12,2,0,Tanker,Eicher,Petrol
266.0,572.0,858,4314.0,52,3.0,9,2,0,Van,Mahindra,Diesel
299.0,75.0,112,5052.0,58,12.0,1,0,0,Van,Eicher,Petrol
395.0,518.0,777,1604.0,37,8.0,2,2,0,Truck,Tata,Diesel
284.0,25.0,37,4550.0,31,3.0,10,0,0,Tanker,Eicher,Petrol
372.0,128.0,192,4619.0,48,7.0,10,1,0,Tanker,Eicher,CNG
482.0,435.0,652,8979.0,37,10.0,9,4,0,Tanker,Mahindra,Petrol
288.0,34.0,51,7412.0,35,23.0,3,6,1,Van,Eicher,Diesel
494.0,149.0,223,7706.0,50,17.0,2,3,0,Tanker,Ashok Leyland,Petrol
193.0,143.0,214,1735.0,24,17.0,3,1,0,Mini Truck,Eicher,Diesel
324.0,117.0,175,652.0,46,4.0,7,0,0,Tanker,Mahindra,Diesel
532.0,117.0,175,4108.0,49,8.0,5,0,0,Truck,Ashok Leyland,CNG
526.0,143.0,214,2243.0,31,21.0,3,0,0,Mini Truck,Ashok Leyland,CNG
335.0,310.0,465,2644.0,39,17.0,6,6,1,Van,Mahindra,Petrol
363.0,435.0,652,2243.0,46,4.0,12,3,0,Mini Truck,Ashok Leyland,CNG
176.0,586.0,879,3846.0,39,5.0,5,3,0,Tanker,Mahindra,Petrol
101.0,53.0,79,2332.0,37,23.0,4,3,0,Mini Truck,Eicher,Diesel
221.0,74.0,111,7290.0,48,7.0,12,0,0,Tanker,Tata,Petrol
474.0,586.0,879,2197.0,28,5.0,3,2,0,Truck,Mahindra,CNG
251.0,194.0,291,5052.0,25,7.0,10,3,0,Van,Eicher,Petrol
253.0,58.0,87,1460.0,53,25.0,6,6,1,Tanker,Ashok Leyland,Petrol
374.0,73.0,109,7507.0,41,4.0,9,1,0,Van,Eicher,CNG
588.0,247.0,370,4573.0,26,14.0,1,5,1,Tanker,Mahindra,Diesel
569.0,34.0,51,7439.0,58,5.0,9,0,0,Truck,Eicher,Petrol
175.0,61.0,91,4085.0,39,9.0,7,5,1,Truck,Tata,Petrol
550.0,238.0,357,1549.0,58,3.0,2,2,0,Truck,Ashok Leyland,Diesel
136.0,53.0,79,2667.0,57,14.0,7,5,1,Tanker,Ashok Leyland,CNG
320.0,143.0,214,4093.0,26,9.0,11,1,0,Tanker,Eicher,Petrol
178.0,475.0,712,5942.0,28,21.0,12,1,0,Truck,Ashok Leyland,CNG
503.0,572.0,858,4001.0,29,3.0,9,6,1,Tanker,Eicher,CNG
576.0,66.0,99,2296.0,31,21.0,6,4,0,Tanker,Tata,Diesel
478.0,172.0,258,6711.0,23,19.0,1,2,0,Van,Ashok Leyland,Petrol
362.0,216.0,324,8017.0,37,8.0,3,6,1,Tanker,Eicher,CNG
227.0,105.0,157,3992.0,49,8.0,1,4,0,Truck,Tata,CNG
543.0,105.0,157,4001.0,50,8.0,7,0,0,Tanker,Eicher,CNG
213.0,250.0,375,8879.0,50,3.0,12,4,0,Mini Truck,Eicher,CNG
415.0,194.0,291,7072.0,49,18.0,3,6,1,Van,Tata,Petrol
65.0,232.0,348,9356.0,48,16.0,10,0,0,Truck,Tata,CNG
247.0,435.0,652,3205.0,52,3.0,12,1,0,Van,Eicher,CNG
44.0,93.0,139,4550.0,49,18.0,10,2,0,Tanker,Eicher,Petrol
366.0,555.0,832,8945.0,23,19.0,7,1,0,Van,Tata,Petrol
356.0,373.0,559,2197.0,23,20.0,9,5,1,Truck,Mahindra,CNG
74.0,520.0,780,3400.0,48,8.0,11,2,0,Van,Ashok Leyland,Diesel
380.0,435.0,652,1227.0,54,22.0,3,2,0,Tanker,Ashok Leyland,Petrol
32.0,172.0,258,2019.0,34,24.0,4,1,0,Van,Mahindra,Diesel
387.0,238.0,357,3992.0,29,5.0,12,1,0,Truck,Tata,CNG
580.0,149.0,223,3400.0,23,11.0,7,0,0,Van,Ashok Leyland,Diesel
560.0,128.0,192,3992.0,39,5.0,7,2,0,Truck,Tata,CNG
95.0,61.0,91,9202.0,42,20.0,9,1,0,Tanker,Ashok Leyland,Petrol
21.0,74.0,111,2243.0,50,25.0,8,5,1,Mini Truck,Ashok Leyland,CNG
392.0,269.0,403,7566.0,27,14.0,10,2,0,Truck,Ashok Leyland,Petrol
282.0,112.0,168,9202.0,53,16.0,9,6,1,Tanker,Ashok Leyland,Petrol
325.0,61.0,91,1549.0,49,8.0,8,5,1,Truck,Ashok Leyland,Diesel
385.0,531.0,796,7072.0,35,11.0,3,2,0,Van,Tata,Petrol
567.0,172.0,258,2243.0,25,17.0,6,5,1,Mini Truck,Ashok Leyland,CNG
27.0,559.0,838,4833.0,58,8.0,10,2,0,Truck,Mahindra,Petrol
390.0,572.0,858,4085.0,58,3.0,5,4,0,Truck,Tata,Petrol
430.0,54.0,81,9605.0,52,13.0,11,5,1,Mini Truck,Eicher,CNG
547.0,352.0,528,2541.0,50,8.0,10,6,1,Mini Truck,Mahindra,CNG
87.0,58.0,87,4845.0,26,9.0,11,4,0,Tanker,Tata,Petrol
430.0,435.0,652,2942.0,50,25.0,11,5,1,Truck,Tata,CNG
438.0,495.0,742,9227.0,58,15.0,5,6,1,Truck,Eicher,Diesel
28.0,24.0,36,2035.0,26,14.0,3,0,0,Tanker,Tata,Diesel
112.0,392.0,588,4874.0,45,15.0,7,4,0,Mini Truck,Mahindra,Diesel
574.0,496.0,744,2296.0,40,25.0,4,1,0,Tanker,Tata,Diesel
115.0,547.0,820,2643.0,48,16.0,6,5,1,Truck,Tata,Petrol
562.0,547.0,820,506.0,50,3.0,9,1,0,Mini Truck,Eicher,CNG
436.0,105.0,157,4550.0,52,3.0,3,2,0,Tanker,Eicher,Petrol
244.0,441.0,661,4833.0,24,17.0,5,4,0,Truck,Mahindra,Petrol
107.0,363.0,544,9697.0,25,6.0,5,4,0,Mini Truck,Ashok Leyland,Diesel
484.0,156.0,234,4399.0,46,1.0,1,0,0,Mini Truck,Tata,CNG
345.0,483.0,724,7412.0,57,22.0,9,5,1,Van,Eicher,Diesel
195.0,156.0,234,2035.0,49,10.0,12,4,0,Tanker,Tata,Diesel
428.0,310.0,465,4108.0,42,20.0,4,2,0,Truck,Ashok Leyland,CNG
236.0,273.0,409,3205.0,52,3.0,1,2,0,Van,Eicher,CNG
73.0,255.0,382,7619.0,34,18.0,12,3,0,Mini Truck,Tata,Diesel
255.0,218.0,327,1812.0,54,22.0,11,5,1,Van,Tata,CNG
521.0,247.0,370,3769.0,35,15.0,10,5,1,Truck,Eicher,Diesel
294.0,273.0,409,1735.0,49,18.0,11,0,0,Mini Truck,Eicher,Diesel
331.0,75.0,112,9400.0,36,8.0,10,4,0,Mini Truck,Ashok Leyland,Petrol
162.0,495.0,742,4108.0,42,6.0,5,2,0,Truck,Ashok Leyland,CNG
249.0,74.0,111,4446.0,38,9.0,3,5,1,Mini Truck,Ashok Leyland,Diesel
413.0,387.0,580,3205.0,23,16.0,1,5,1,Van,Eicher,CNG
52.0,311.0,466,1227.0,42,6.0,3,2,0,Tanker,Ashok Leyland,Petrol
186.0,405.0,607,3992.0,50,9.0,3,6,1,Truck,Tata,CNG
464.0,520.0,780,4108.0,23,20.0,2,0,0,Truck,Ashok Leyland,CNG
582.0,75.0,112,4085.0,33,20.0,11,3,0,Truck,Tata,Petrol
465.0,44.0,66,2271.0,24,15.0,3,1,0,Van,Mahindra,Diesel
327.0,509.0,763,4845.0,35,25.0,6,6,1,Tanker,Tata,Petrol
68.0,25.0,37,4550.0,52,11.0,12,2,0,Tanker,Eicher,Petrol
502.0,496.0,744,7933.0,34,16.0,6,4,0,Mini Truck,Eicher,Diesel
406.0,310.0,465,6711.0,52,14.0,8,1,0,Van,Ashok Leyland,Petrol
95.0,554.0,831,4845.0,49,10.0,8,5,1,Tanker,Tata,Petrol
224.0,435.0,652,3795.0,29,3.0,8,2,0,Tanker,Ashok Leyland,CNG
207.0,572.0,858,5064.0,35,11.0,2,2,0,Van,Eicher,Petrol
73.0,435.0,652,8504.0,26,9.0,6,6,1,Van,Mahindra,CNG
281.0,232.0,348,4573.0,42,20.0,8,2,0,Tanker,Mahindra,Diesel
242.0,52.0,78,6073.0,23,11.0,6,0,0,Truck,Mahindra,CNG
419.0,172.0,258,4446.0,47,1.0,10,6,1,Mini Truck,Ashok Leyland,Diesel
49.0,496.0,744,4001.0,39,17.0,7,4,0,Tanker,Eicher,CNG
454.0,363.0,544,7507.0,58,19.0,9,4,0,Van,Eicher,CNG
340.0,218.0,327,4502.0,28,21.0,1,1,0,Van,Mahindra,Diesel
354.0,520.0,780,2112.0,42,6.0,11,6,1,Tanker,Tata,CNG
381.0,183.0,274,9227.0,44,4.0,8,1,0,Truck,Eicher,Diesel
384.0,564.0,846,1227.0,34,24.0,9,6,1,Tanker,Ashok Leyland,Petrol
156.0,559.0,838,5942.0,58,15.0,11,6,1,Truck,Ashok Leyland,CNG
29.0,24.0,36,7072.0,41,23.0,9,4,0,Van,Tata,Petrol
300.0,218.0,327,2179.0,40,25.0,10,0,0,Van,Ashok Leyland,CNG
533.0,483.0,724,7412.0,31,7.0,3,5,1,Van,Eicher,Diesel
347.0,112.0,168,1604.0,26,9.0,1,6,1,Truck,Tata,Diesel
397.0,495.0,742,8073.0,49,21.0,10,5,1,Van,Ashok Leyland,Diesel
296.0,73.0,109,506.0,35,23.0,8,0,0,Mini Truck,Eicher,CNG
476.0,483.0,724,1460.0,24,2.0,6,3,0,Tanker,Ashok Leyland,Petrol
576.0,441.0,661,7566.0,50,25.0,1,5,1,Truck,Ashok Leyland,Petrol
539.0,586.0,879,3757.0,47,17.0,5,3,0,Van,Tata,CNG
263.0,75.0,112,1151.0,40,23.0,10,5,1,Truck,Ashok Leyland,CNG
79.0,387.0,580,3400.0,39,2.0,1,1,0,Van,Ashok Leyland,Diesel
433.0,93.0,139,652.0,24,15.0,6,1,0,Tanker,Mahindra,Diesel
369.0,559.0,838,5779.0,57,20.0,10,4,0,Mini Truck,Ashok Leyland,Petrol
165.0,307.0,460,9564.0,31,23.0,4,2,0,Mini Truck,Tata,Diesel
380.0,414.0,621,652.0,48,18.0,10,1,0,Tanker,Mahindra,Diesel
579.0,53.0,79,1257.0,25,17.0,8,6,1,Van,Ashok Leyland,Diesel
410.0,483.0,724,3769.0,58,3.0,6,4,0,Truck,Eicher,Diesel
498.0,269.0,403,6477.0,44,9.0,3,4,0,Tanker,Mahindra,Petrol
31.0,255.0,382,2667.0,58,14.0,4,0,0,Tanker,Ashok Leyland,CNG
484.0,483.0,724,3795.0,24,2.0,11,3,0,Tanker,Ashok Leyland,CNG
468.0,93.0,139,3950.0,46,18.0,6,5,1,Mini Truck,Mahindra,CNG
525.0,273.0,409,5813.0,53,15.0,1,2,0,Mini Truck,Ashok Leyland,CNG
288.0,74.0,111,4874.0,41,13.0,10,2,0,Mini Truck,Mahindra,Diesel
396.0,334.0,501,2035.0,51,14.0,1,4,0,Tanker,Tata,Diesel
46.0,105.0,157,8504.0,49,10.0,3,4,0,Van,Mahindra,CNG
156.0,504.0,756,5057.0,48,18.0,6,6,1,Van,Eicher,CNG
454.0,496.0,744,3950.0,31,2.0,6,5,1,Mini Truck,Mahindra,CNG
207.0,44.0,66,2667.0,49,8.0,12,1,0,Tanker,Ashok Leyland,CNG
414.0,484.0,726,3992.0,25,7.0,10,0,0,Truck,Tata,CNG
543.0,54.0,81,6362.0,53,25.0,1,5,1,Mini Truck,Mahindra,Diesel
150.0,216.0,324,1321.0,35,23.0,1,6,1,Truck,Mahindra,Diesel
388.0,216.0,324,6711.0,49,22.0,12,4,0,Van,Ashok Leyland,Petrol
214.0,564.0,846,6073.0,25,17.0,10,1,0,Truck,Mahindra,CNG
360.0,227.0,340,4399.0,40,23.0,6,2,0,Mini Truck,Tata,CNG
516.0,74.0,111,7439.0,50,25.0,11,0,0,Truck,Eicher,Petrol
415.0,34.0,51,4573.0,26,9.0,9,2,0,Tanker,Mahindra,Diesel
223.0,34.0,51,4399.0,30,10.0,8,4,0,Mini Truck,Tata,CNG
156.0,456.0,684,5585.0,22,15.0,6,3,0,Truck,Ashok Leyland,CNG
508.0,564.0,846,2271.0,23,11.0,9,2,0,Van,Mahindra,Diesel
50.0,112.0,168,1460.0,41,4.0,5,4,0,Tanker,Ashok Leyland,Petrol
510.0,449.0,673,1227.0,55,4.0,12,2,0,Tanker,Ashok Leyland,Petrol
499.0,531.0,796,652.0,29,3.0,2,0,0,Tanker,Mahindra,Diesel
156.0,172.0,258,2644.0,53,15.0,2,0,0,Van,Mahindra,Petrol
82.0,311.0,466,9564.0,50,7.0,8,1,0,Mini Truck,Tata,Diesel
294.0,496.0,744,3146.0,41,13.0,9,0,0,Van,Ashok Leyland,Petrol
275.0,66.0,99,9697.0,42,6.0,4,5,1,Mini Truck,Ashok Leyland,Diesel
538.0,483.0,724,2197.0,27,9.0,12,4,0,Truck,Mahindra,CNG
549.0,232.0,348,1639.0,49,8.0,2,3,0,Mini Truck,Ashok Leyland,CNG
375.0,310.0,465,9356.0,36,20.0,7,3,0,Truck,Tata,CNG
357.0,564.0,846,7072.0,25,6.0,3,6,1,Van,Tata,Petrol
550.0,435.0,652,1151.0,50,3.0,12,3,0,Truck,Ashok Leyland,CNG
72.0,495.0,742,9605.0,45,10.0,6,4,0,Mini Truck,Eicher,CNG
536.0,559.0,838,1639.0,29,10.0,10,5,1,Mini Truck,Ashok Leyland,CNG
382.0,559.0,838,7439.0,48,18.0,7,4,0,Truck,Tata,CNG
454.0,34.0,51,4108.0,27,9.0,10,1,0,Truck,Ashok Leyland,CNG
330.0,520.0,780,2643.0,35,11.0,7,4,0,Truck,Tata,Petrol
422.0,149.0,223,3619.0,53,16.0,4,4,0,Van,Eicher,Petrol
157.0,495.0,742,1735.0,39,2.0,3,5,1,Mini Truck,Eicher,Diesel
381.0,373.0,559,1540.0,58,3.0,8,6,1,Van,Eicher,CNG
417.0,402.0,603,3846.0,51,14.0,8,0,0,Tanker,Mahindra,Petrol
122.0,269.0,403,2296.0,50,3.0,6,5,1,Tanker,Tata,Diesel
197.0,27.0,40,4845.0,58,3.0,9,2,0,Tanker,Tata,Petrol
55.0,484.0,726,2243.0,42,20.0,8,6,1,Mini Truck,Ashok Leyland,CNG
497.0,392.0,588,8979.0,39,10.0,2,1,0,Tanker,Mahindra,Petrol
544.0,195.0,292,7158.0,27,4.0,1,0,0,Truck,Ashok Leyland,Diesel
299.0,54.0,81,4353.0,39,10.0,4,5,1,Truck,Tata,CNG
229.0,172.0,258,3400.0,23,11.0,8,6,1,Van,Ashok Leyland,Diesel
105.0,156.0,234,3992.0,30,15.0,1,4,0,Truck,Tata,CNG
267.0,520.0,780,3950.0,23,11.0,4,6,1,Mini Truck,Mahindra,CNG
549.0,449.0,673,5779.0,36,8.0,1,5,1,Mini Truck,Ashok Leyland,Petrol
579.0,75.0,112,3400.0,29,11.0,7,6,1,Van,Ashok Leyland,Diesel
379.0,54.0,81,1227.0,48,7.0,9,3,0,Tanker,Ashok Leyland,Petrol
183.0,495.0,742,2112.0,28,5.0,1,2,0,Tanker,Tata,CNG
151.0,578.0,867,7805.0,45,10.0,8,3,0,Tanker,Eicher,CNG
190.0,310.0,465,7507.0,25,7.0,2,0,0,Van,Eicher,CNG
89.0,172.0,258,1227.0,42,18.0,10,0,0,Tanker,Ashok Leyland,Petrol
495.0,52.0,78,6477.0,41,23.0,8,0,0,Tanker,Mahindra,Petrol
262.0,328.0,492,9605.0,58,19.0,11,4,0,Mini Truck,Eicher,CNG
299.0,181.0,271,9697.0,39,11.0,7,4,0,Mini Truck,Ashok Leyland,Diesel
453.0,297.0,445,8017.0,52,11.0,8,1,0,Tanker,Eicher,CNG
369.0,93.0,139,2019.0,46,1.0,12,0,0,Van,Mahindra,Diesel
540.0,328.0,492,3846.0,48,16.0,11,5,1,Tanker,Mahindra,Petrol
468.0,387.0,580,7706.0,41,13.0,7,6,1,Tanker,Ashok Leyland,Petrol
52.0,310.0,465,4874.0,45,10.0,1,5,1,Mini Truck,Mahindra,Diesel
176.0,74.0,111,4833.0,25,7.0,5,0,0,Truck,Mahindra,Petrol
599.0,334.0,501,3757.0,39,5.0,8,6,1,Van,Tata,CNG
454.0,296.0,444,5813.0,26,14.0,12,4,0,Mini Truck,Ashok Leyland,CNG
432.0,564.0,846,7805.0,38,9.0,3,5,1,Tanker,Eicher,CNG
446.0,475.0,712,9605.0,29,3.0,11,2,0,Mini Truck,Eicher,CNG
116.0,352.0,528,506.0,49,10.0,10,6,1,Mini Truck,Eicher,CNG
90.0,520.0,780,2019.0,52,3.0,3,4,0,Van,Mahindra,Diesel
44.0,277.0,415,5006.0,31,2.0,6,6,1,Truck,Tata,CNG
579.0,518.0,777,1812.0,33,20.0,4,0,0,Van,Tata,CNG
576.0,495.0,742,7805.0,56,15.0,2,1,0,Tanker,Eicher,CNG
143.0,238.0,357,4093.0,25,6.0,7,1,0,Tanker,Eicher,Petrol
338.0,509.0,763,5057.0,40,25.0,8,1,0,Van,Eicher,CNG
404.0,149.0,223,2271.0,23,16.0,4,6,1,Van,Mahindra,Diesel
283.0,363.0,544,2296.0,37,8.0,4,1,0,Tanker,Tata,Diesel
244.0,449.0,673,2112.0,52,13.0,10,4,0,Tanker,Tata,CNG
459.0,445.0,667,7439.0,22,5.0,8,5,1,Truck,Tata,CNG
589.0,232.0,348,9356.0,27,14.0,7,1,0,Truck,Tata,CNG
134.0,296.0,444,7805.0,46,15.0,12,4,0,Tanker,Eicher,CNG
291.0,373.0,559,7933.0,48,18.0,4,2,0,Mini Truck,Eicher,Diesel
64.0,547.0,820,3619.0,28,5.0,5,6,1,Van,Eicher,Petrol
443.0,74.0,111,1791.0,28,5.0,4,6,1,Tanker,Tata,Petrol
567.0,352.0,528,9673.0,23,11.0,4,4,0,Van,Tata,Petrol
163.0,363.0,544,1460.0,57,22.0,12,2,0,Tanker,Ashok Leyland,Petrol
78.0,586.0,879,4353.0,34,24.0,8,4,0,Truck,Tata,CNG
68.0,61.0,91,7439.0,48,8.0,10,1,0,Truck,Eicher,Petrol
422.0,61.0,91,5052.0,56,15.0,9,0,0,Van,Eicher,Petrol
104.0,554.0,831,1151.0,46,18.0,8,2,0,Truck,Ashok Leyland,CNG
127.0,441.0,661,7072.0,49,21.0,9,6,1,Van,Tata,Petrol
409.0,74.0,111,9673.0,42,6.0,7,4,0,Van,Tata,Petrol
203.0,572.0,858,1791.0,48,16.0,1,4,0,Tanker,Tata,Petrol
565.0,328.0,492,6477.0,24,17.0,9,6,1,Tanker,Mahindra,Petrol
103.0,392.0,588,7290.0,37,16.0,7,6,1,Tanker,Tata,Petrol
377.0,44.0,66,4845.0,23,19.0,10,1,0,Tanker,Tata,Petrol
327.0,445.0,667,4502.0,48,18.0,6,6,1,Van,Mahindra,Diesel
566.0,218.0,327,7619.0,23,19.0,10,6,1,Mini Truck,Tata,Diesel
498.0,227.0,340,8879.0,51,2.0,9,6,1,Mini Truck,Eicher,CNG
128.0,414.0,621,7290.0,33,6.0,7,2,0,Tanker,Tata,Petrol
75.0,334.0,501,4353.0,31,7.0,3,4,0,Truck,Tata,CNG
410.0,245.0,367,4093.0,25,7.0,2,5,1,Tanker,Eicher,Petrol
330.0,93.0,139,1460.0,41,13.0,1,3,0,Tanker,Ashok Leyland,Petrol
309.0,405.0,607,2644.0,52,3.0,1,2,0,Van,Mahindra,Petrol
503.0,435.0,652,4001.0,39,11.0,12,6,1,Tanker,Eicher,CNG
259.0,218.0,327,3757.0,47,1.0,3,4,0,Van,Tata,CNG
599.0,181.0,271,8846.0,49,19.0,2,5,1,Mini Truck,Mahindra,CNG
432.0,436.0,654,6362.0,34,16.0,9,1,0,Mini Truck,Mahindra,Diesel
445.0,405.0,607,4582.0,33,6.0,3,0,0,Tanker,Tata,CNG
294.0,24.0,36,1791.0,57,22.0,9,1,0,Tanker,Tata,Petrol
595.0,442.0,663,5057.0,40,8.0,6,4,0,Van,Eicher,CNG
447.0,334.0,501,7439.0,53,12.0,6,4,0,Truck,Tata,CNG
192.0,296.0,444,4066.0,41,13.0,9,1,0,Van,Ashok Leyland,Petrol
534.0,435.0,652,6477.0,34,24.0,9,4,0,Tanker,Mahindra,Petrol
231.0,322.0,483,4001.0,55,9.0,4,2,0,Tanker,Eicher,CNG
399.0,307.0,460,1540.0,33,20.0,10,3,0,Van,Eicher,CNG
34.0,24.0,36,2243.0,51,2.0,1,2,0,Mini Truck,Ashok Leyland,CNG
333.0,441.0,661,8846.0,25,8.0,8,4,0,Mini Truck,Mahindra,CNG
551.0,414.0,621,2179.0,44,4.0,4,5,1,Van,Ashok Leyland,CNG
528.0,483.0,724,4845.0,50,9.0,1,1,0,Tanker,Tata,Petrol
99.0,168.0,252,6073.0,52,11.0,12,4,0,Truck,Mahindra,CNG
551.0,392.0,588,8017.0,40,23.0,8,5,1,Tanker,Eicher,CNG
141.0,194.0,291,1151.0,42,18.0,5,2,0,Truck,Ashok Leyland,CNG
520.0,253.0,379,6711.0,58,19.0,4,1,0,Van,Ashok Leyland,Petrol
154.0,216.0,324,1257.0,35,23.0,10,2,0,Van,Ashok Leyland,Diesel
413.0,216.0,324,8504.0,49,19.0,6,6,1,Van,Mahindra,CNG
464.0,216.0,324,6362.0,50,25.0,6,1,0,Mini Truck,Mahindra,Diesel
138.0,253.0,379,6073.0,54,22.0,12,5,1,Truck,Mahindra,CNG
426.0,238.0,357,9673.0,40,8.0,10,0,0,Van,Tata,Petrol
300.0,264.0,396,4085.0,24,17.0,3,0,0,Truck,Tata,Petrol
459.0,402.0,603,6711.0,25,17.0,12,5,1,Van,Ashok Leyland,Petrol
166.0,332.0,498,506.0,56,15.0,5,6,1,Mini Truck,Eicher,CNG
498.0,423.0,634,2019.0,57,22.0,6,6,1,Van,Mahindra,Diesel
37.0,484.0,726,1791.0,26,9.0,5,5,1,Tanker,Tata,Petrol
236.0,559.0,838,9400.0,48,18.0,7,2,0,Mini Truck,Ashok Leyland,Petrol
283.0,112.0,168,2112.0,28,5.0,7,5,1,Tanker,Tata,CNG
592.0,441.0,661,7439.0,41,23.0,4,0,0,Truck,Eicher,Petrol
334.0,75.0,112,1460.0,25,7.0,4,4,0,Tanker,Ashok Leyland,Petrol
473.0,227.0,340,4582.0,31,23.0,1,5,1,Tanker,Tata,CNG
86.0,181.0,271,5942.0,51,20.0,9,6,1,Truck,Ashok Leyland,CNG
249.0,245.0,367,2644.0,52,13.0,7,0,0,Van,Mahindra,Petrol
471.0,373.0,559,2296.0,48,16.0,6,0,0,Tanker,Tata,Diesel
514.0,93.0,139,9564.0,34,16.0,2,0,0,Mini Truck,Tata,Diesel
152.0,245.0,367,1604.0,48,16.0,9,3,0,Truck,Tata,Diesel
157.0,194.0,291,4502.0,23,11.0,1,5,1,Van,Mahindra,Diesel
480.0,328.0,492,8073.0,30,15.0,7,3,0,Van,Ashok Leyland,Diesel
201.0,307.0,460,8979.0,50,7.0,7,4,0,Tanker,Mahindra,Petrol
515.0,34.0,51,7072.0,29,10.0,8,4,0,Van,Tata,Petrol
445.0,44.0,66,4874.0,29,3.0,9,3,0,Mini Truck,Mahindra,Diesel
465.0,516.0,774,9564.0,23,16.0,6,6,1,Mini Truck,Tata,Diesel
424.0,52.0,78,1151.0,47,17.0,8,2,0,Truck,Ashok Leyland,CNG
216.0,229.0,343,5655.0,44,9.0,12,5,1,Truck,Ashok Leyland,CNG
186.0,363.0,544,4619.0,27,9.0,7,4,0,Tanker,Eicher,CNG
421.0,373.0,559,7439.0,23,19.0,4,6,1,Truck,Tata,CNG
347.0,310.0,465,6362.0,44,4.0,11,2,0,Mini Truck,Mahindra,Diesel
499.0,435.0,652,2179.0,39,22.0,10,2,0,Van,Ashok Leyland,CNG
498.0,414.0,621,3795.0,57,22.0,8,1,0,Tanker,Ashok Leyland,CNG
526.0,572.0,858,1540.0,28,5.0,10,5,1,Van,Eicher,CNG
464.0,25.0,37,4314.0,34,18.0,8,6,1,Van,Mahindra,Diesel
481.0,509.0,763,4833.0,41,23.0,8,2,0,Truck,Mahindra,Petrol
250.0,168.0,252,4353.0,47,17.0,5,4,0,Truck,Tata,CNG
185.0,250.0,375,4085.0,49,22.0,7,4,0,Truck,Tata,Petrol
540.0,441.0,661,2197.0,49,11.0,5,1,0,Truck,Mahindra,CNG
325.0,435.0,652,4582.0,57,3.0,11,3,0,Tanker,Tata,CNG
83.0,564.0,846,8879.0,49,22.0,1,2,0,Mini Truck,Eicher,CNG
360.0,297.0,445,4399.0,33,23.0,3,3,0,Mini Truck,Tata,CNG
540.0,414.0,621,652.0,31,3.0,3,2,0,Tanker,Mahindra,Diesel
429.0,181.0,271,9564.0,50,25.0,3,2,0,Mini Truck,Tata,Diesel
376.0,93.0,139,8846.0,48,7.0,8,1,0,Mini Truck,Mahindra,CNG
495.0,307.0,460,2019.0,56,15.0,6,3,0,Van,Mahindra,Diesel
269.0,44.0,66,7805.0,49,11.0,10,6,1,Tanker,Eicher,CNG
209.0,229.0,343,4833.0,49,21.0,9,3,0,Truck,Mahindra,Petrol
482.0,449.0,673,3619.0,49,11.0,6,5,1,Van,Eicher,Petrol
405.0,73.0,109,1257.0,58,8.0,11,5,1,Van,Ashok Leyland,Diesel
540.0,572.0,858,4779.0,31,23.0,3,4,0,Mini Truck,Tata,Diesel
547.0,483.0,724,6073.0,52,13.0,6,5,1,Truck,Mahindra,CNG
241.0,53.0,79,7933.0,41,4.0,3,6,1,Mini Truck,Eicher,Diesel
508.0,58.0,87,2112.0,48,7.0,5,4,0,Tanker,Tata,CNG
214.0,105.0,157,8945.0,33,6.0,9,5,1,Van,Tata,Petrol
47.0,504.0,756,1812.0,23,19.0,8,5,1,Van,Tata,CNG
297.0,232.0,348,5779.0,25,8.0,11,2,0,Mini Truck,Ashok Leyland,Petrol
464.0,442.0,663,3992.0,32,6.0,9,0,0,Truck,Tata,CNG
275.0,441.0,661,1791.0,48,7.0,11,5,1,Tanker,Tata,Petrol
406.0,54.0,81,5779.0,46,4.0,6,3,0,Mini Truck,Ashok Leyland,Petrol
188.0,112.0,168,4093.0,40,8.0,10,6,1,Tanker,Eicher,Petrol
574.0,227.0,340,7158.0,53,25.0,7,0,0,Truck,Ashok Leyland,Diesel
281.0,564.0,846,1735.0,34,24.0,9,6,1,Mini Truck,Eicher,Diesel
237.0,277.0,415,8846.0,44,4.0,4,3,0,Mini Truck,Mahindra,CNG
275.0,449.0,673,5779.0,26,9.0,5,3,0,Mini Truck,Ashok Leyland,Petrol
61.0,53.0,79,7439.0,23,11.0,7,3,0,Truck,Tata,CNG
204.0,128.0,192,4152.0,49,10.0,8,5,1,Mini Truck,Mahindra,Diesel
575.0,149.0,223,2296.0,58,19.0,6,4,0,Tanker,Tata,Diesel
423.0,392.0,588,2112.0,35,23.0,4,3,0,Tanker,Tata,CNG
102.0,412.0,618,4085.0,42,6.0,1,2,0,Truck,Tata,Petrol
419.0,227.0,340,4066.0,39,17.0,6,2,0,Van,Ashok Leyland,Petrol
591.0,143.0,214,6362.0,52,13.0,2,1,0,Mini Truck,Mahindra,Diesel
252.0,255.0,382,3400.0,58,15.0,12,1,0,Van,Ashok Leyland,Diesel
558.0,485.0,727,4573.0,25,8.0,1,1,0,Tanker,Mahindra,Diesel
369.0,495.0,742,3950.0,22,15.0,12,2,0,Mini Truck,Mahindra,CNG
463.0,255.0,382,3992.0,48,18.0,11,4,0,Truck,Tata,CNG
501.0,253.0,379,7439.0,43,15.0,2,2,0,Truck,Eicher,Petrol
435.0,363.0,544,8846.0,50,3.0,9,3,0,Mini Truck,Mahindra,CNG
384.0,531.0,796,3619.0,48,2.0,9,5,1,Van,Eicher,Petrol
588.0,156.0,234,5006.0,35,11.0,12,4,0,Truck,Tata,CNG
246.0,578.0,867,7092.0,29,10.0,10,0,0,Mini Truck,Eicher,Petrol
481.0,27.0,40,3795.0,29,10.0,12,0,0,Tanker,Ashok Leyland,CNG
106.0,392.0,588,5064.0,41,4.0,2,2,0,Van,Eicher,Petrol
334.0,547.0,820,1604.0,40,25.0,2,0,0,Truck,Tata,Diesel
530.0,194.0,291,1791.0,52,3.0,6,3,0,Tanker,Tata,Petrol
427.0,24.0,36,6073.0,39,10.0,11,5,1,Truck,Mahindra,CNG
545.0,250.0,375,4619.0,45,15.0,7,1,0,Tanker,Eicher,CNG
206.0,554.0,831,1257.0,53,15.0,8,3,0,Van,Ashok Leyland,Diesel
353.0,296.0,444,4066.0,49,18.0,11,5,1,Van,Ashok Leyland,Petrol
458.0,277.0,415,7566.0,31,21.0,4,0,0,Truck,Ashok Leyland,Petrol
344.0,310.0,465,8879.0,30,10.0,1,0,0,Mini Truck,Eicher,CNG
280.0,172.0,258,6073.0,23,7.0,11,0,0,Truck,Mahindra,CNG
180.0,516.0,774,4779.0,50,7.0,5,0,0,Mini Truck,Tata,Diesel
67.0,25.0,37,9202.0,29,5.0,3,2,0,Tanker,Ashok Leyland,Petrol
374.0,435.0,652,4353.0,26,1.0,9,1,0,Truck,Tata,CNG
186.0,572.0,858,7290.0,35,15.0,3,5,1,Tanker,Tata,Petrol
228.0,61.0,91,4619.0,58,15.0,5,2,0,Tanker,Eicher,CNG
367.0,387.0,580,4833.0,52,13.0,12,1,0,Truck,Mahindra,Petrol
541.0,296.0,444,8846.0,50,3.0,12,4,0,Mini Truck,Mahindra,CNG
247.0,66.0,99,4845.0,37,10.0,11,4,0,Tanker,Tata,Petrol
496.0,112.0,168,7158.0,50,25.0,9,6,1,Truck,Ashok Leyland,Diesel
531.0,307.0,460,1791.0,58,19.0,4,0,0,Tanker,Tata,Petrol
353.0,495.0,742,4502.0,49,21.0,3,2,0,Van,Mahindra,Diesel
249.0,495.0,742,3950.0,29,10.0,10,0,0,Mini Truck,Mahindra,CNG
278.0,195.0,292,4085.0,58,15.0,3,4,0,Truck,Tata,Petrol
275.0,112.0,168,4550.0,26,14.0,1,0,0,Tanker,Eicher,Petrol
535.0,555.0,832,2942.0,31,21.0,8,2,0,Truck,Tata,CNG
262.0,441.0,661,4833.0,30,10.0,7,5,1,Truck,Mahindra,Petrol
571.0,445.0,667,6711.0,40,23.0,2,1,0,Van,Ashok Leyland,Petrol
118.0,442.0,663,3950.0,42,18.0,7,6,1,Mini Truck,Mahindra,CNG
387.0,559.0,838,1227.0,48,2.0,10,5,1,Tanker,Ashok Leyland,Petrol
399.0,445.0,667,3769.0,24,2.0,12,6,1,Truck,Eicher,Diesel
475.0,149.0,223,1604.0,44,9.0,8,6,1,Truck,Tata,Diesel
436.0,128.0,192,3795.0,39,11.0,4,6,1,Tanker,Ashok Leyland,CNG
222.0,586.0,879,7706.0,55,4.0,6,6,1,Tanker,Ashok Leyland,Petrol
337.0,441.0,661,6362.0,58,3.0,7,0,0,Mini Truck,Mahindra,Diesel
335.0,516.0,774,4582.0,51,20.0,4,0,0,Tanker,Tata,CNG
341.0,435.0,652,8945.0,41,25.0,7,3,0,Van,Tata,Petrol
501.0,61.0,91,8979.0,52,14.0,8,3,0,Tanker,Mahindra,Petrol
480.0,296.0,444,9673.0,47,1.0,4,0,0,Van,Tata,Petrol
76.0,232.0,348,7566.0,31,13.0,11,1,0,Truck,Ashok Leyland,Petrol
264.0,441.0,661,8879.0,28,5.0,8,5,1,Mini Truck,Eicher,CNG
513.0,449.0,673,9697.0,50,7.0,3,6,1,Mini Truck,Ashok Leyland,Diesel
375.0,74.0,111,4550.0,22,15.0,4,3,0,Tanker,Eicher,Petrol
229.0,238.0,357,7507.0,23,7.0,12,4,0,Van,Eicher,CNG
298.0,483.0,724,1460.0,27,14.0,6,2,0,Tanker,Ashok Leyland,Petrol
67.0,449.0,673,2644.0,48,18.0,2,2,0,Van,Mahindra,Petrol
103.0,58.0,87,5006.0,33,23.0,5,4,0,Truck,Tata,CNG
168.0,495.0,742,3795.0,52,14.0,8,1,0,Tanker,Ashok Leyland,CNG
31.0,322.0,483,506.0,56,2.0,10,6,1,Mini Truck,Eicher,CNG
61.0,93.0,139,7507.0,58,19.0,10,3,0,Van,Eicher,CNG
471.0,516.0,774,1639.0,23,11.0,11,0,0,Mini Truck,Ashok Leyland,CNG
463.0,504.0,756,1735.0,40,25.0,8,4,0,Mini Truck,Eicher,Diesel
166.0,392.0,588,2643.0,26,1.0,4,1,0,Truck,Tata,Petrol
36.0,232.0,348,3950.0,50,9.0,1,2,0,Mini Truck,Mahindra,CNG
210.0,172.0,258,3795.0,29,3.0,5,1,0,Tanker,Ashok Leyland,CNG
575.0,232.0,348,2541.0,33,20.0,9,0,0,Mini Truck,Mahindra,CNG
378.0,307.0,460,5655.0,39,22.0,2,6,1,Truck,Ashok Leyland,CNG
365.0,112.0,168,2942.0,46,1.0,12,5,1,Truck,Tata,CNG
72.0,423.0,634,4093.0,52,13.0,9,3,0,Tanker,Eicher,Petrol
483.0,402.0,603,7158.0,39,9.0,3,5,1,Truck,Ashok Leyland,Diesel
469.0,475.0,712,2243.0,23,11.0,5,2,0,Mini Truck,Ashok Leyland,CNG
129.0,485.0,727,4066.0,58,12.0,2,6,1,Van,Ashok Leyland,Petrol
556.0,435.0,652,3619.0,24,17.0,2,3,0,Van,Eicher,Petrol
268.0,58.0,87,3146.0,36,20.0,3,1,0,Van,Ashok Leyland,Petrol
600.0,547.0,820,1540.0,27,9.0,5,0,0,Van,Eicher,CNG
420.0,143.0,214,7706.0,31,7.0,9,4,0,Tanker,Ashok Leyland,Petrol
463.0,66.0,99,9202.0,35,11.0,5,4,0,Tanker,Ashok Leyland,Petrol
399.0,61.0,91,5006.0,28,15.0,10,4,0,Truck,Tata,CNG
311.0,264.0,396,4314.0,50,9.0,4,0,0,Van,Mahindra,Diesel
160.0,255.0,382,8846.0,53,25.0,6,4,0,Mini Truck,Mahindra,CNG
513.0,586.0,879,4502.0,53,12.0,6,4,0,Van,Mahindra,Diesel
273.0,578.0,867,1540.0,40,8.0,3,4,0,Van,Eicher,CNG
139.0,172.0,258,1227.0,24,2.0,7,1,0,Tanker,Ashok Leyland,Petrol
375.0,58.0,87,4833.0,49,18.0,2,0,0,Truck,Mahindra,Petrol
33.0,435.0,652,4619.0,26,1.0,1,0,0,Tanker,Eicher,CNG
163.0,449.0,673,4779.0,38,3.0,4,4,0,Mini Truck,Tata,Diesel
481.0,58.0,87,2588.0,48,2.0,1,5,1,Mini Truck,Ashok Leyland,Petrol
341.0,52.0,78,2332.0,23,19.0,5,4,0,Mini Truck,Eicher,Diesel
92.0,334.0,501,4874.0,23,20.0,7,2,0,Mini Truck,Mahindra,Diesel
213.0,232.0,348,4093.0,48,7.0,4,2,0,Tanker,Eicher,Petrol
212.0,58.0,87,4314.0,26,1.0,6,2,0,Van,Mahindra,Diesel
539.0,245.0,367,2643.0,37,23.0,7,1,0,Truck,Tata,Petrol
56.0,66.0,99,3846.0,50,25.0,12,1,0,Tanker,Mahindra,Petrol
463.0,352.0,528,4399.0,36,15.0,11,2,0,Mini Truck,Tata,CNG
225.0,181.0,271,4582.0,49,22.0,10,5,1,Tanker,Tata,CNG
217.0,496.0,744,1604.0,24,15.0,11,2,0,Truck,Tata,Diesel
212.0,52.0,78,2271.0,46,1.0,8,3,0,Van,Mahindra,Diesel
109.0,435.0,652,4582.0,36,20.0,10,1,0,Tanker,Tata,CNG
459.0,449.0,673,4108.0,49,18.0,7,1,0,Truck,Ashok Leyland,CNG
20.0,52.0,78,1639.0,26,14.0,10,5,1,Mini Truck,Ashok Leyland,CNG
56.0,195.0,292,2541.0,40,23.0,4,6,1,Mini Truck,Mahindra,CNG
597.0,253.0,379,4314.0,23,20.0,5,6,1,Van,Mahindra,Diesel
571.0,93.0,139,4833.0,46,18.0,9,3,0,Truck,Mahindra,Petrol
75.0,61.0,91,2588.0,53,16.0,2,4,0,Mini Truck,Ashok Leyland,Petrol
301.0,554.0,831,3769.0,37,19.0,11,4,0,Truck,Eicher,Diesel
229.0,475.0,712,2019.0,39,17.0,5,2,0,Van,Mahindra,Diesel
337.0,509.0,763,9227.0,39,2.0,5,5,1,Truck,Eicher,Diesel
93.0,197.0,295,8017.0,57,3.0,1,0,0,Tanker,Eicher,CNG
414.0,54.0,81,5655.0,58,12.0,5,6,1,Truck,Ashok Leyland,CNG
435.0,229.0,343,3992.0,37,8.0,4,1,0,Truck,Tata,CNG
346.0,183.0,274,4619.0,43,15.0,8,5,1,Tanker,Eicher,CNG
404.0,61.0,91,3992.0,40,8.0,11,1,0,Truck,Tata,CNG
485.0,592.0,888,1812.0,31,7.0,6,3,0,Van,Tata,CNG
21.0,58.0,87,4874.0,22,15.0,6,0,0,Mini Truck,Mahindra,Diesel
312.0,183.0,274,8846.0,41,23.0,12,1,0,Mini Truck,Mahindra,CNG
192.0,475.0,712,2296.0,56,2.0,2,1,0,Tanker,Tata,Diesel
163.0,435.0,652,4085.0,37,23.0,1,6,1,Truck,Tata,Petrol
210.0,25.0,37,3205.0,35,15.0,2,3,0,Van,Eicher,CNG
543.0,586.0,879,4353.0,57,14.0,3,6,1,Truck,Tata,CNG
120.0,475.0,712,5052.0,51,20.0,4,3,0,Van,Eicher,Petrol
392.0,73.0,109,9400.0,43,15.0,9,5,1,Mini Truck,Ashok Leyland,Petrol
487.0,436.0,654,8504.0,26,1.0,2,3,0,Van,Mahindra,CNG
546.0,194.0,291,3400.0,55,4.0,11,5,1,Van,Ashok Leyland,Diesel
408.0,255.0,382,4353.0,51,14.0,12,4,0,Truck,Tata,CNG
498.0,520.0,780,4001.0,34,18.0,5,2,0,Tanker,Eicher,CNG
144.0,183.0,274,4399.0,48,18.0,2,2,0,Mini Truck,Tata,CNG
165.0,504.0,756,1227.0,50,17.0,8,6,1,Tanker,Ashok Leyland,Petrol
87.0,247.0,370,4497.0,52,13.0,4,0,0,Tanker,Eicher,Petrol
131.0,253.0,379,7805.0,49,11.0,6,3,0,Tanker,Eicher,CNG
205.0,255.0,382,3205.0,43,15.0,2,1,0,Van,Eicher,CNG
476.0,255.0,382,7805.0,37,10.0,1,0,0,Tanker,Eicher,CNG
561.0,475.0,712,9227.0,33,20.0,6,1,0,Truck,Eicher,Diesel
547.0,156.0,234,3769.0,52,3.0,9,1,0,Truck,Eicher,Diesel
249.0,572.0,858,8879.0,50,25.0,2,4,0,Mini Truck,Eicher,CNG
486.0,572.0,858,7566.0,58,19.0,12,5,1,Truck,Ashok Leyland,Petrol
325.0,436.0,654,2197.0,37,10.0,4,6,1,Truck,Mahindra,CNG
391.0,128.0,192,7072.0,51,14.0,7,2,0,Van,Tata,Petrol
173.0,117.0,175,7566.0,35,15.0,5,6,1,Truck,Ashok Leyland,Petrol
591.0,53.0,79,4779.0,26,25.0,11,0,0,Mini Truck,Tata,Diesel
380.0,54.0,81,2588.0,39,9.0,7,1,0,Mini Truck,Ashok Leyland,Petrol
181.0,564.0,846,3146.0,49,19.0,11,0,0,Van,Ashok Leyland,Petrol
344.0,149.0,223,7439.0,50,8.0,12,5,1,Truck,Tata,CNG
52.0,307.0,460,3146.0,40,23.0,3,1,0,Van,Ashok Leyland,Petrol
245.0,402.0,603,8073.0,50,9.0,10,2,0,Van,Ashok Leyland,Diesel
94.0,435.0,652,6362.0,33,6.0,12,2,0,Mini Truck,Mahindra,Diesel
174.0,310.0,465,4619.0,50,7.0,11,4,0,Tanker,Eicher,CNG
280.0,54.0,81,7805.0,56,15.0,10,1,0,Tanker,Eicher,CNG
437.0,255.0,382,2197.0,42,18.0,2,5,1,Truck,Mahindra,CNG
455.0,128.0,192,8504.0,39,2.0,8,1,0,Van,Mahindra,CNG
411.0,509.0,763,4582.0,31,7.0,6,6,1,Tanker,Tata,CNG
27.0,227.0,340,2644.0,51,2.0,3,5,1,Van,Mahindra,Petrol
337.0,423.0,634,9564.0,42,6.0,5,0,0,Mini Truck,Tata,Diesel
533.0,423.0,634,4779.0,37,16.0,6,4,0,Mini Truck,Tata,Diesel
456.0,496.0,744,4573.0,27,4.0,4,5,1,Tanker,Mahindra,Diesel
28.0,61.0,91,8846.0,28,15.0,9,2,0,Mini Truck,Mahindra,CNG
184.0,181.0,271,1321.0,48,16.0,11,2,0,Truck,Mahindra,Diesel
489.0,181.0,271,6362.0,50,8.0,10,1,0,Mini Truck,Mahindra,Diesel
211.0,277.0,415,2667.0,31,13.0,1,4,0,Tanker,Ashok Leyland,CNG
567.0,435.0,652,6477.0,53,15.0,5,1,0,Tanker,Mahindra,Petrol
425.0,156.0,234,3619.0,49,18.0,5,1,0,Van,Eicher,Petrol
40.0,311.0,466,8879.0,52,11.0,8,5,1,Mini Truck,Eicher,CNG
245.0,535.0,802,2112.0,35,23.0,3,4,0,Tanker,Tata,CNG
181.0,592.0,888,652.0,37,16.0,5,3,0,Tanker,Mahindra,Diesel
39.0,412.0,618,9697.0,31,7.0,2,4,0,Mini Truck,Ashok Leyland,Diesel
477.0,310.0,465,2332.0,52,14.0,9,5,1,Mini Truck,Eicher,Diesel
460.0,387.0,580,9227.0,38,9.0,11,6,1,Truck,Eicher,Diesel
344.0,555.0,832,6477.0,41,13.0,2,1,0,Tanker,Mahindra,Petrol
481.0,255.0,382,652.0,41,13.0,5,2,0,Tanker,Mahindra,Diesel
143.0,247.0,370,7706.0,23,20.0,8,4,0,Tanker,Ashok Leyland,Petrol
138.0,34.0,51,4845.0,23,16.0,2,3,0,Tanker,Tata,Petrol
101.0,332.0,498,652.0,48,3.0,6,3,0,Tanker,Mahindra,Diesel
230.0,310.0,465,4399.0,28,21.0,6,1,0,Mini Truck,Tata,CNG
151.0,445.0,667,7805.0,46,1.0,1,3,0,Tanker,Eicher,CNG
166.0,27.0,40,9564.0,23,7.0,7,4,0,Mini Truck,Tata,Diesel
365.0,52.0,78,7072.0,26,25.0,6,2,0,Van,Tata,Petrol
460.0,172.0,258,4497.0,48,3.0,5,2,0,Tanker,Eicher,Petrol
175.0,334.0,501,6362.0,43,15.0,5,0,0,Mini Truck,Mahindra,Diesel
21.0,564.0,846,1151.0,42,6.0,4,0,0,Truck,Ashok Leyland,CNG
476.0,218.0,327,7158.0,52,11.0,9,5,1,Truck,Ashok Leyland,Diesel
297.0,172.0,258,9400.0,48,3.0,6,4,0,Mini Truck,Ashok Leyland,Petrol
399.0,54.0,81,9227.0,39,10.0,6,0,0,Truck,Eicher,Diesel
506.0,58.0,87,3757.0,25,7.0,11,4,0,Van,Tata,CNG
438.0,328.0,492,9673.0,39,11.0,3,6,1,Van,Tata,Petrol
131.0,547.0,820,2112.0,23,16.0,11,3,0,Tanker,Tata,CNG
73.0,194.0,291,7566.0,23,11.0,11,0,0,Truck,Ashok Leyland,Petrol
252.0,516.0,774,9400.0,49,19.0,1,4,0,Mini Truck,Ashok Leyland,Petrol
73.0,456.0,684,3400.0,29,11.0,9,1,0,Van,Ashok Leyland,Diesel
520.0,149.0,223,1549.0,42,20.0,1,2,0,Truck,Ashok Leyland,Diesel
55.0,484.0,726,7507.0,40,8.0,3,1,0,Van,Eicher,CNG
470.0,495.0,742,652.0,39,17.0,8,3,0,Tanker,Mahindra,Diesel
589.0,44.0,66,2243.0,34,16.0,2,0,0,Mini Truck,Ashok Leyland,CNG
460.0,149.0,223,9227.0,46,4.0,10,2,0,Truck,Eicher,Diesel
98.0,535.0,802,7290.0,57,3.0,11,6,1,Tanker,Tata,Petrol
127.0,255.0,382,652.0,24,17.0,7,5,1,Tanker,Mahindra,Diesel
35.0,535.0,802,9564.0,58,15.0,11,4,0,Mini Truck,Tata,Diesel
328.0,423.0,634,4399.0,50,7.0,1,1,0,Mini Truck,Tata,CNG
590.0,483.0,724,2296.0,56,15.0,11,0,0,Tanker,Tata,Diesel
598.0,227.0,340,2644.0,35,15.0,10,0,0,Van,Mahindra,Petrol
228.0,435.0,652,7805.0,48,16.0,6,6,1,Tanker,Eicher,CNG
530.0,194.0,291,5585.0,26,25.0,5,0,0,Truck,Ashok Leyland,CNG
173.0,197.0,295,8879.0,26,9.0,4,2,0,Mini Truck,Eicher,CNG
128.0,297.0,445,9564.0,31,3.0,6,4,0,Mini Truck,Tata,Diesel
29.0,412.0,618,1812.0,49,19.0,11,4,0,Van,Tata,CNG
454.0,156.0,234,1639.0,24,15.0,11,5,1,Mini Truck,Ashok Leyland,CNG
205.0,143.0,214,3619.0,28,18.0,9,2,0,Van,Eicher,Petrol
492.0,216.0,324,4446.0,44,9.0,7,6,1,Mini Truck,Ashok Leyland,Diesel
308.0,61.0,91,4833.0,28,21.0,10,4,0,Truck,Mahindra,Petrol
136.0,143.0,214,8504.0,29,10.0,1,5,1,Van,Mahindra,CNG
264.0,412.0,618,4152.0,23,7.0,7,0,0,Mini Truck,Mahindra,Diesel
403.0,93.0,139,2035.0,24,17.0,5,2,0,Tanker,Tata,Diesel
559.0,504.0,756,9227.0,54,22.0,2,5,1,Truck,Eicher,Diesel
343.0,229.0,343,4779.0,23,20.0,1,2,0,Mini Truck,Tata,Diesel
549.0,555.0,832,5006.0,24,15.0,8,2,0,Truck,Tata,CNG
569.0,197.0,295,4833.0,28,15.0,2,6,1,Truck,Mahindra,Petrol
401.0,112.0,168,9673.0,50,8.0,3,5,1,Van,Tata,Petrol
30.0,227.0,340,5057.0,50,7.0,9,2,0,Van,Eicher,CNG
433.0,518.0,777,4550.0,24,2.0,2,2,0,Tanker,Eicher,Petrol
147.0,387.0,580,5064.0,23,19.0,3,0,0,Van,Eicher,Petrol
373.0,194.0,291,8945.0,39,22.0,10,3,0,Van,Tata,Petrol
346.0,27.0,40,7566.0,25,17.0,5,3,0,Truck,Ashok Leyland,Petrol
135.0,592.0,888,3205.0,52,3.0,5,6,1,Van,Eicher,CNG
126.0,250.0,375,8073.0,23,11.0,8,3,0,Van,Ashok Leyland,Diesel
180.0,412.0,618,6073.0,48,18.0,10,6,1,Truck,Mahindra,CNG
189.0,518.0,777,5064.0,47,11.0,10,4,0,Van,Eicher,Petrol
373.0,273.0,409,4550.0,33,20.0,7,1,0,Tanker,Eicher,Petrol
499.0,61.0,91,2179.0,52,3.0,2,4,0,Van,Ashok Leyland,CNG
487.0,518.0,777,7805.0,51,14.0,2,4,0,Tanker,Eicher,CNG
85.0,322.0,483,2243.0,31,13.0,7,3,0,Mini Truck,Ashok Leyland,CNG
422.0,475.0,712,3146.0,34,18.0,9,0,0,Van,Ashok Leyland,Petrol
192.0,93.0,139,5585.0,22,5.0,6,6,1,Truck,Ashok Leyland,CNG
531.0,592.0,888,4314.0,27,14.0,12,2,0,Van,Mahindra,Diesel
587.0,255.0,382,2019.0,50,9.0,5,4,0,Van,Mahindra,Diesel
215.0,245.0,367,506.0,41,13.0,11,0,0,Mini Truck,Eicher,CNG
458.0,555.0,832,5057.0,39,9.0,7,4,0,Van,Eicher,CNG
261.0,264.0,396,4446.0,49,11.0,5,5,1,Mini Truck,Ashok Leyland,Diesel
481.0,435.0,652,7507.0,29,5.0,3,6,1,Van,Eicher,CNG
464.0,547.0,820,9697.0,53,1.0,10,2,0,Mini Truck,Ashok Leyland,Diesel
476.0,334.0,501,1735.0,29,5.0,8,1,0,Mini Truck,Eicher,Diesel
595.0,387.0,580,5006.0,49,8.0,9,5,1,Truck,Tata,CNG
368.0,34.0,51,4502.0,37,23.0,4,0,0,Van,Mahindra,Diesel
562.0,27.0,40,4573.0,37,23.0,12,5,1,Tanker,Mahindra,Diesel
509.0,392.0,588,1321.0,39,9.0,8,2,0,Truck,Mahindra,Diesel
146.0,34.0,51,6477.0,53,16.0,4,0,0,Tanker,Mahindra,Petrol
132.0,168.0,252,7439.0,40,25.0,6,3,0,Truck,Tata,CNG
541.0,402.0,603,506.0,51,2.0,8,1,0,Mini Truck,Eicher,CNG
594.0,495.0,742,5006.0,52,14.0,2,4,0,Truck,Tata,CNG
513.0,227.0,340,3992.0,27,9.0,9,6,1,Truck,Tata,CNG
209.0,247.0,370,1791.0,37,23.0,7,2,0,Tanker,Tata,Petrol
532.0,245.0,367,5655.0,30,10.0,3,0,0,Truck,Ashok Leyland,CNG
431.0,405.0,607,5779.0,24,15.0,11,1,0,Mini Truck,Ashok Leyland,Petrol
329.0,495.0,742,2332.0,58,15.0,1,4,0,Mini Truck,Eicher,Diesel
490.0,149.0,223,2643.0,40,3.0,4,1,0,Truck,Tata,Petrol
128.0,555.0,832,7933.0,42,18.0,8,0,0,Mini Truck,Eicher,Diesel
105.0,456.0,684,9697.0,24,15.0,3,3,0,Mini Truck,Ashok Leyland,Diesel
460.0,66.0,99,5057.0,29,5.0,12,5,1,Van,Eicher,CNG
393.0,402.0,603,5006.0,50,3.0,4,4,0,Truck,Tata,CNG
360.0,195.0,292,7805.0,35,23.0,11,4,0,Tanker,Eicher,CNG
483.0,194.0,291,4833.0,47,17.0,6,3,0,Truck,Mahindra,Petrol
579.0,250.0,375,4001.0,23,16.0,3,0,0,Tanker,Eicher,CNG
542.0,197.0,295,7290.0,35,23.0,4,0,0,Tanker,Tata,Petrol
473.0,441.0,661,5064.0,25,6.0,4,1,0,Van,Eicher,Petrol
455.0,74.0,111,5813.0,39,2.0,9,0,0,Mini Truck,Ashok Leyland,CNG
286.0,423.0,634,4353.0,35,25.0,3,2,0,Truck,Tata,CNG
343.0,112.0,168,8073.0,58,12.0,3,5,1,Van,Ashok Leyland,Diesel
197.0,195.0,292,9564.0,28,15.0,7,6,1,Mini Truck,Tata,Diesel
36.0,255.0,382,6073.0,58,14.0,12,2,0,Truck,Mahindra,CNG
396.0,402.0,603,3846.0,23,11.0,1,6,1,Tanker,Mahindra,Petrol
21.0,495.0,742,4399.0,24,15.0,5,3,0,Mini Truck,Tata,CNG
544.0,156.0,234,2243.0,42,18.0,12,6,1,Mini Truck,Ashok Leyland,CNG
201.0,475.0,712,1460.0,37,23.0,6,5,1,Tanker,Ashok Leyland,Petrol
311.0,445.0,667,4446.0,38,9.0,4,0,0,Mini Truck,Ashok Leyland,Diesel
590.0,296.0,444,3619.0,34,16.0,6,4,0,Van,Eicher,Petrol
62.0,531.0,796,1639.0,52,13.0,10,1,0,Mini Truck,Ashok Leyland,CNG
206.0,143.0,214,9564.0,35,15.0,8,5,1,Mini Truck,Tata,Diesel
415.0,554.0,831,1549.0,58,3.0,4,1,0,Truck,Ashok Leyland,Diesel
49.0,334.0,501,3846.0,47,17.0,3,4,0,Tanker,Mahindra,Petrol
581.0,93.0,139,9202.0,47,11.0,8,6,1,Tanker,Ashok Leyland,Petrol
533.0,172.0,258,4502.0,39,10.0,4,3,0,Van,Mahindra,Diesel
213.0,547.0,820,4874.0,29,11.0,7,1,0,Mini Truck,Mahindra,Diesel
211.0,52.0,78,7092.0,58,14.0,6,0,0,Mini Truck,Eicher,Petrol
278.0,245.0,367,1549.0,26,1.0,10,2,0,Truck,Ashok Leyland,Diesel
313.0,442.0,663,4066.0,40,8.0,7,6,1,Van,Ashok Leyland,Petrol
310.0,73.0,109,3146.0,27,9.0,2,1,0,Van,Ashok Leyland,Petrol
87.0,496.0,744,2271.0,30,10.0,1,4,0,Van,Mahindra,Diesel
468.0,392.0,588,3757.0,35,15.0,5,4,0,Van,Tata,CNG
380.0,229.0,343,4833.0,36,8.0,8,1,0,Truck,Mahindra,Petrol
308.0,172.0,258,2541.0,37,22.0,8,6,1,Mini Truck,Mahindra,CNG
287.0,310.0,465,1227.0,36,15.0,11,4,0,Tanker,Ashok Leyland,Petrol
431.0,245.0,367,7507.0,31,7.0,2,3,0,Van,Eicher,CNG
189.0,44.0,66,3950.0,42,18.0,11,6,1,Mini Truck,Mahindra,CNG
318.0,307.0,460,9697.0,48,8.0,6,0,0,Mini Truck,Ashok Leyland,Diesel
276.0,156.0,234,3769.0,31,13.0,7,5,1,Truck,Eicher,Diesel
163.0,93.0,139,1791.0,58,8.0,10,2,0,Tanker,Tata,Petrol
71.0,484.0,726,4001.0,37,16.0,12,5,1,Tanker,Eicher,CNG
121.0,264.0,396,9605.0,28,5.0,4,0,0,Mini Truck,Eicher,CNG
106.0,296.0,444,2644.0,49,18.0,2,2,0,Van,Mahindra,Petrol
343.0,44.0,66,3795.0,35,23.0,7,1,0,Tanker,Ashok Leyland,CNG
354.0,392.0,588,9400.0,52,13.0,1,3,0,Mini Truck,Ashok Leyland,Petrol
143.0,269.0,403,652.0,55,9.0,8,2,0,Tanker,Mahindra,Diesel
289.0,197.0,295,4093.0,45,10.0,4,0,0,Tanker,Eicher,Petrol
78.0,592.0,888,4314.0,22,15.0,10,0,0,Van,Mahindra,Diesel
386.0,25.0,37,4550.0,25,17.0,5,4,0,Tanker,Eicher,Petrol
492.0,117.0,175,1540.0,29,3.0,6,1,0,Van,Eicher,CNG
297.0,117.0,175,1791.0,42,6.0,12,4,0,Tanker,Tata,Petrol
277.0,352.0,528,9673.0,49,22.0,11,5,1,Van,Tata,Petrol
430.0,363.0,544,2112.0,55,4.0,9,3,0,Tanker,Tata,CNG
501.0,194.0,291,4833.0,31,3.0,6,4,0,Truck,Mahindra,Petrol
433.0,195.0,292,7158.0,29,5.0,7,2,0,Truck,Ashok Leyland,Diesel
574.0,475.0,712,4314.0,43,15.0,2,5,1,Van,Mahindra,Diesel
397.0,232.0,348,7619.0,42,6.0,5,5,1,Mini Truck,Tata,Diesel
435.0,53.0,79,3205.0,43,15.0,2,2,0,Van,Eicher,CNG
390.0,24.0,36,9202.0,57,20.0,5,3,0,Tanker,Ashok Leyland,Petrol
121.0,73.0,109,7805.0,50,17.0,12,1,0,Tanker,Eicher,CNG
61.0,516.0,774,6477.0,31,23.0,5,6,1,Tanker,Mahindra,Petrol
175.0,518.0,777,3950.0,38,3.0,3,2,0,Mini Truck,Mahindra,CNG
198.0,307.0,460,2035.0,41,23.0,5,3,0,Tanker,Tata,Diesel
407.0,269.0,403,3846.0,55,9.0,1,5,1,Tanker,Mahindra,Petrol
324.0,392.0,588,7507.0,28,15.0,2,0,0,Van,Eicher,CNG
349.0,456.0,684,7805.0,58,3.0,10,3,0,Tanker,Eicher,CNG
61.0,238.0,357,9605.0,50,3.0,8,3,0,Mini Truck,Eicher,CNG
149.0,572.0,858,2243.0,33,20.0,9,2,0,Mini Truck,Ashok Leyland,CNG
547.0,238.0,357,3950.0,48,3.0,8,1,0,Mini Truck,Mahindra,CNG
282.0,105.0,157,7619.0,42,6.0,1,6,1,Mini Truck,Tata,Diesel
126.0,445.0,667,4001.0,52,14.0,9,5,1,Tanker,Eicher,CNG
125.0,310.0,465,5057.0,22,15.0,3,0,0,Van,Eicher,CNG
214.0,105.0,157,2332.0,41,13.0,8,1,0,Mini Truck,Eicher,Diesel
94.0,34.0,51,6362.0,57,3.0,8,3,0,Mini Truck,Mahindra,Diesel
188.0,387.0,580,8979.0,56,2.0,10,0,0,Tanker,Mahindra,Petrol
333.0,559.0,838,1321.0,36,8.0,9,3,0,Truck,Mahindra,Diesel
329.0,414.0,621,8979.0,52,11.0,5,4,0,Tanker,Mahindra,Petrol
310.0,387.0,580,6073.0,30,10.0,7,1,0,Truck,Mahindra,CNG
227.0,25.0,37,2332.0,29,3.0,1,6,1,Mini Truck,Eicher,Diesel
574.0,61.0,91,5779.0,54,22.0,9,3,0,Mini Truck,Ashok Leyland,Petrol
137.0,445.0,667,9673.0,52,3.0,5,0,0,Van,Tata,Petrol
191.0,34.0,51,2644.0,54,4.0,11,3,0,Van,Mahindra,Petrol
167.0,229.0,343,2942.0,41,4.0,1,5,1,Truck,Tata,CNG
563.0,250.0,375,1812.0,47,11.0,4,4,0,Van,Tata,CNG
504.0,436.0,654,5057.0,39,9.0,12,5,1,Van,Eicher,CNG
87.0,24.0,36,2942.0,37,23.0,6,3,0,Truck,Tata,CNG
391.0,485.0,727,1151.0,53,15.0,10,4,0,Truck,Ashok Leyland,CNG
553.0,27.0,40,2332.0,33,20.0,6,2,0,Mini Truck,Eicher,Diesel
578.0,311.0,466,506.0,37,19.0,2,4,0,Mini Truck,Eicher,CNG
386.0,44.0,66,4152.0,49,21.0,12,4,0,Mini Truck,Mahindra,Diesel
556.0,194.0,291,5779.0,56,15.0,11,6,1,Mini Truck,Ashok Leyland,Petrol
288.0,554.0,831,5057.0,42,18.0,6,6,1,Van,Eicher,CNG
217.0,423.0,634,8073.0,24,2.0,6,2,0,Van,Ashok Leyland,Diesel
213.0,112.0,168,5057.0,35,11.0,6,0,0,Van,Eicher,CNG
311.0,307.0,460,1227.0,38,3.0,3,5,1,Tanker,Ashok Leyland,Petrol
538.0,117.0,175,3205.0,29,5.0,9,4,0,Van,Eicher,CNG
52.0,412.0,618,5064.0,37,10.0,5,1,0,Van,Eicher,Petrol
391.0,334.0,501,9400.0,53,25.0,2,2,0,Mini Truck,Ashok Leyland,Petrol
595.0,93.0,139,7439.0,25,7.0,11,3,0,Truck,Eicher,Petrol
255.0,156.0,234,4550.0,41,4.0,10,6,1,Tanker,Eicher,Petrol
131.0,52.0,78,4874.0,50,3.0,7,0,0,Mini Truck,Mahindra,Diesel
535.0,402.0,603,4093.0,31,13.0,1,0,0,Tanker,Eicher,Petrol
294.0,456.0,684,9356.0,52,14.0,12,2,0,Truck,Tata,CNG
461.0,128.0,192,4833.0,57,20.0,3,5,1,Truck,Mahindra,Petrol
300.0,74.0,111,9202.0,57,3.0,7,6,1,Tanker,Ashok Leyland,Petrol
209.0,27.0,40,2179.0,45,10.0,4,2,0,Van,Ashok Leyland,CNG
443.0,195.0,292,3992.0,26,25.0,8,1,0,Truck,Tata,CNG
367.0,547.0,820,2332.0,58,8.0,3,2,0,Mini Truck,Eicher,Diesel
113.0,296.0,444,1549.0,39,9.0,3,6,1,Truck,Ashok Leyland,Diesel
571.0,197.0,295,1321.0,50,8.0,1,0,0,Truck,Mahindra,Diesel
264.0,195.0,292,1257.0,34,18.0,3,5,1,Van,Ashok Leyland,Diesel
42.0,483.0,724,2035.0,42,18.0,10,2,0,Tanker,Tata,Diesel
587.0,572.0,858,4497.0,53,15.0,10,3,0,Tanker,Eicher,Petrol
587.0,496.0,744,3846.0,25,6.0,4,4,0,Tanker,Mahindra,Petrol
250.0,414.0,621,4152.0,28,21.0,12,6,1,Mini Truck,Mahindra,Diesel
265.0,255.0,382,4093.0,51,20.0,8,4,0,Tanker,Eicher,Petrol
274.0,54.0,81,6711.0,50,17.0,11,4,0,Van,Ashok Leyland,Petrol
549.0,149.0,223,3992.0,27,9.0,5,6,1,Truck,Tata,CNG
341.0,516.0,774,2271.0,49,11.0,10,5,1,Van,Mahindra,Diesel
177.0,484.0,726,2541.0,42,18.0,12,0,0,Mini Truck,Mahindra,CNG
591.0,34.0,51,1735.0,42,6.0,12,0,0,Mini Truck,Eicher,Diesel
216.0,516.0,774,2019.0,28,15.0,8,4,0,Van,Mahindra,Diesel
36.0,156.0,234,2271.0,46,1.0,3,3,0,Van,Mahindra,Diesel
557.0,586.0,879,2271.0,51,2.0,10,2,0,Van,Mahindra,Diesel
357.0,34.0,51,2541.0,37,10.0,8,6,1,Mini Truck,Mahindra,CNG
549.0,518.0,777,7933.0,33,23.0,9,4,0,Mini Truck,Eicher,Diesel
556.0,58.0,87,2112.0,23,16.0,11,4,0,Tanker,Tata,CNG
109.0,547.0,820,4066.0,57,20.0,8,4,0,Van,Ashok Leyland,Petrol
22.0,328.0,492,4314.0,31,23.0,7,0,0,Van,Mahindra,Diesel
63.0,232.0,348,7092.0,28,5.0,6,0,0,Mini Truck,Eicher,Petrol
407.0,66.0,99,8879.0,40,8.0,1,0,0,Mini Truck,Eicher,CNG
197.0,402.0,603,4093.0,42,18.0,11,2,0,Tanker,Eicher,Petrol
437.0,475.0,712,4446.0,35,11.0,11,0,0,Mini Truck,Ashok Leyland,Diesel
323.0,334.0,501,9227.0,23,7.0,10,1,0,Truck,Eicher,Diesel
383.0,54.0,81,5585.0,45,15.0,3,5,1,Truck,Ashok Leyland,CNG
565.0,414.0,621,7507.0,53,12.0,5,0,0,Van,Eicher,CNG
448.0,307.0,460,2541.0,53,15.0,6,2,0,Mini Truck,Mahindra,CNG
222.0,247.0,370,4446.0,53,25.0,8,6,1,Mini Truck,Ashok Leyland,Diesel
310.0,197.0,295,3205.0,39,11.0,12,6,1,Van,Eicher,CNG
485.0,436.0,654,2019.0,34,18.0,12,1,0,Van,Mahindra,Diesel
214.0,238.0,357,1460.0,53,25.0,11,6,1,Tanker,Ashok Leyland,Petrol
232.0,149.0,223,7290.0,35,23.0,10,6,1,Tanker,Tata,Petrol
255.0,310.0,465,7706.0,57,14.0,1,0,0,Tanker,Ashok Leyland,Petrol
148.0,269.0,403,9673.0,48,3.0,12,3,0,Van,Tata,Petrol
518.0,197.0,295,9605.0,41,4.0,10,6,1,Mini Truck,Eicher,CNG
560.0,547.0,820,1321.0,28,5.0,10,5,1,Truck,Mahindra,Diesel
224.0,297.0,445,6073.0,57,14.0,4,6,1,Truck,Mahindra,CNG
229.0,547.0,820,4833.0,53,12.0,12,2,0,Truck,Mahindra,Petrol
157.0,194.0,291,7092.0,27,14.0,2,1,0,Mini Truck,Eicher,Petrol
463.0,232.0,348,652.0,56,2.0,8,4,0,Tanker,Mahindra,Diesel
422.0,520.0,780,7805.0,39,10.0,12,6,1,Tanker,Eicher,CNG
254.0,172.0,258,5655.0,57,22.0,12,4,0,Truck,Ashok Leyland,CNG
422.0,495.0,742,5585.0,31,13.0,6,1,0,Truck,Ashok Leyland,CNG
499.0,25.0,37,6477.0,41,23.0,12,5,1,Tanker,Mahindra,Petrol
33.0,75.0,112,4502.0,33,23.0,4,5,1,Van,Mahindra,Diesel
596.0,373.0,559,1604.0,39,17.0,10,1,0,Truck,Tata,Diesel
580.0,24.0,36,3619.0,23,11.0,5,0,0,Van,Eicher,Petrol
411.0,484.0,726,4446.0,29,11.0,11,5,1,Mini Truck,Ashok Leyland,Diesel
114.0,245.0,367,506.0,53,16.0,10,4,0,Mini Truck,Eicher,CNG
187.0,475.0,712,1460.0,35,11.0,5,2,0,Tanker,Ashok Leyland,Petrol
90.0,363.0,544,3205.0,39,2.0,6,3,0,Van,Eicher,CNG
47.0,578.0,867,9605.0,48,16.0,6,6,1,Mini Truck,Eicher,CNG
506.0,352.0,528,1735.0,29,11.0,1,0,0,Mini Truck,Eicher,Diesel
293.0,27.0,40,4093.0,55,2.0,10,2,0,Tanker,Eicher,Petrol
196.0,273.0,409,3795.0,26,9.0,10,3,0,Tanker,Ashok Leyland,CNG
520.0,34.0,51,3992.0,31,2.0,6,5,1,Truck,Tata,CNG
469.0,592.0,888,9400.0,29,3.0,3,3,0,Mini Truck,Ashok Leyland,Petrol
496.0,52.0,78,2243.0,40,8.0,2,5,1,Mini Truck,Ashok Leyland,CNG
343.0,238.0,357,7412.0,47,1.0,6,3,0,Van,Eicher,Diesel
81.0,484.0,726,506.0,50,9.0,3,0,0,Mini Truck,Eicher,CNG
417.0,255.0,382,7412.0,46,15.0,6,2,0,Van,Eicher,Diesel
109.0,495.0,742,6362.0,42,18.0,6,3,0,Mini Truck,Mahindra,Diesel
21.0,559.0,838,9697.0,48,3.0,11,0,0,Mini Truck,Ashok Leyland,Diesel
288.0,435.0,652,3205.0,47,1.0,1,0,0,Van,Eicher,CNG
56.0,586.0,879,8945.0,55,4.0,9,0,0,Van,Tata,Petrol
494.0,592.0,888,5942.0,29,10.0,8,5,1,Truck,Ashok Leyland,CNG
426.0,456.0,684,5052.0,56,15.0,8,2,0,Van,Eicher,Petrol
134.0,73.0,109,8945.0,58,14.0,9,4,0,Van,Tata,Petrol
374.0,44.0,66,7072.0,29,3.0,4,3,0,Van,Tata,Petrol
194.0,484.0,726,7805.0,25,7.0,5,4,0,Tanker,Eicher,CNG
218.0,405.0,607,4779.0,57,22.0,12,4,0,Mini Truck,Tata,Diesel
342.0,414.0,621,7566.0,24,15.0,7,2,0,Truck,Ashok Leyland,Petrol
153.0,74.0,111,4845.0,52,3.0,1,3,0,Tanker,Tata,Petrol
199.0,495.0,742,8017.0,50,25.0,10,3,0,Tanker,Eicher,CNG
140.0,216.0,324,4550.0,55,9.0,12,1,0,Tanker,Eicher,Petrol
588.0,250.0,375,5585.0,50,3.0,7,0,0,Truck,Ashok Leyland,CNG
107.0,442.0,663,4353.0,52,11.0,2,0,0,Truck,Tata,CNG
141.0,578.0,867,1812.0,48,8.0,5,2,0,Van,Tata,CNG
166.0,414.0,621,3950.0,53,25.0,10,2,0,Mini Truck,Mahindra,CNG
483.0,58.0,87,2296.0,48,16.0,2,0,0,Tanker,Tata,Diesel
482.0,232.0,348,8073.0,29,11.0,6,0,0,Van,Ashok Leyland,Diesel
135.0,172.0,258,7805.0,53,15.0,7,5,1,Tanker,Eicher,CNG
316.0,296.0,444,1549.0,49,8.0,8,1,0,Truck,Ashok Leyland,Diesel
127.0,412.0,618,1227.0,41,4.0,7,1,0,Tanker,Ashok Leyland,Petrol
195.0,516.0,774,1639.0,39,10.0,8,1,0,Mini Truck,Ashok Leyland,CNG
97.0,435.0,652,2942.0,53,16.0,11,5,1,Truck,Tata,CNG
338.0,495.0,742,9564.0,30,15.0,9,6,1,Mini Truck,Tata,Diesel
557.0,504.0,756,4446.0,42,6.0,8,0,0,Mini Truck,Ashok Leyland,Diesel
353.0,412.0,618,1257.0,39,9.0,9,1,0,Van,Ashok Leyland,Diesel
548.0,297.0,445,1321.0,58,3.0,2,6,1,Truck,Mahindra,Diesel
140.0,373.0,559,6073.0,38,9.0,11,5,1,Truck,Mahindra,CNG
398.0,484.0,726,4399.0,23,11.0,5,0,0,Mini Truck,Tata,CNG
217.0,495.0,742,4085.0,41,25.0,1,6,1,Truck,Tata,Petrol
263.0,74.0,111,1791.0,35,11.0,5,1,0,Tanker,Tata,Petrol
255.0,264.0,396,3795.0,49,18.0,1,2,0,Tanker,Ashok Leyland,CNG
512.0,255.0,382,4619.0,24,15.0,3,3,0,Tanker,Eicher,CNG
70.0,44.0,66,1321.0,48,7.0,4,2,0,Truck,Mahindra,Diesel
36.0,483.0,724,5585.0,22,15.0,2,4,0,Truck,Ashok Leyland,CNG
193.0,296.0,444,3205.0,54,4.0,1,5,1,Van,Eicher,CNG
577.0,485.0,727,3400.0,58,3.0,2,3,0,Van,Ashok Leyland,Diesel
92.0,247.0,370,6362.0,47,1.0,1,2,0,Mini Truck,Mahindra,Diesel
393.0,297.0,445,4108.0,45,15.0,4,4,0,Truck,Ashok Leyland,CNG
258.0,578.0,867,2643.0,57,20.0,12,1,0,Truck,Tata,Petrol
526.0,520.0,780,8073.0,58,12.0,12,4,0,Van,Ashok Leyland,Diesel
423.0,172.0,258,4833.0,49,10.0,2,0,0,Truck,Mahindra,Petrol
421.0,250.0,375,6073.0,26,1.0,4,6,1,Truck,Mahindra,CNG
104.0,559.0,838,7439.0,31,7.0,2,1,0,Truck,Tata,CNG
63.0,149.0,223,6477.0,46,1.0,7,0,0,Tanker,Mahindra,Petrol
50.0,232.0,348,6073.0,26,1.0,9,1,0,Truck,Mahindra,CNG
64.0,547.0,820,4502.0,57,3.0,9,1,0,Van,Mahindra,Diesel
448.0,93.0,139,2644.0,58,14.0,10,4,0,Van,Mahindra,Petrol
254.0,322.0,483,1639.0,33,20.0,8,6,1,Mini Truck,Ashok Leyland,CNG
370.0,143.0,214,2197.0,47,17.0,8,5,1,Truck,Mahindra,CNG
420.0,564.0,846,4066.0,30,10.0,3,2,0,Van,Ashok Leyland,Petrol
194.0,414.0,621,4833.0,48,3.0,10,2,0,Truck,Mahindra,Petrol
522.0,105.0,157,7439.0,36,15.0,12,1,0,Truck,Tata,CNG
386.0,194.0,291,9227.0,28,21.0,8,0,0,Truck,Eicher,Diesel
587.0,168.0,252,5942.0,28,5.0,8,4,0,Truck,Ashok Leyland,CNG
520.0,149.0,223,2942.0,50,9.0,12,2,0,Truck,Tata,CNG
100.0,435.0,652,2179.0,55,2.0,12,0,0,Van,Ashok Leyland,CNG
278.0,328.0,492,2942.0,24,15.0,7,4,0,Truck,Tata,CNG
384.0,44.0,66,1549.0,50,8.0,12,4,0,Truck,Ashok Leyland,Diesel
335.0,322.0,483,9202.0,56,15.0,7,0,0,Tanker,Ashok Leyland,Petrol
118.0,414.0,621,2942.0,54,22.0,4,6,1,Truck,Tata,CNG
85.0,168.0,252,2667.0,50,8.0,12,6,1,Tanker,Ashok Leyland,CNG
70.0,53.0,79,4446.0,58,12.0,6,6,1,Mini Truck,Ashok Leyland,Diesel
296.0,436.0,654,9697.0,48,3.0,10,4,0,Mini Truck,Ashok Leyland,Diesel
70.0,255.0,382,7933.0,41,13.0,9,5,1,Mini Truck,Eicher,Diesel
195.0,578.0,867,9202.0,51,14.0,12,1,0,Tanker,Ashok Leyland,Petrol
433.0,93.0,139,1460.0,40,25.0,1,1,0,Tanker,Ashok Leyland,Petrol
258.0,449.0,673,1460.0,36,8.0,12,1,0,Tanker,Ashok Leyland,Petrol
278.0,578.0,867,8073.0,51,20.0,3,4,0,Van,Ashok Leyland,Diesel
353.0,564.0,846,2019.0,48,3.0,2,0,0,Van,Mahindra,Diesel
511.0,442.0,663,5585.0,30,15.0,5,0,0,Truck,Ashok Leyland,CNG
180.0,269.0,403,1460.0,39,22.0,2,1,0,Tanker,Ashok Leyland,Petrol
94.0,436.0,654,506.0,53,12.0,6,6,1,Mini Truck,Eicher,CNG
123.0,250.0,375,3146.0,58,8.0,11,5,1,Van,Ashok Leyland,Petrol
482.0,435.0,652,3950.0,46,1.0,12,2,0,Mini Truck,Mahindra,CNG
509.0,105.0,157,2243.0,50,7.0,5,2,0,Mini Truck,Ashok Leyland,CNG
160.0,105.0,157,652.0,28,15.0,10,1,0,Tanker,Mahindra,Diesel
283.0,495.0,742,5057.0,25,7.0,7,4,0,Van,Eicher,CNG
353.0,449.0,673,3757.0,58,15.0,5,6,1,Van,Tata,CNG
189.0,25.0,37,7072.0,30,10.0,2,4,0,Van,Tata,Petrol
68.0,496.0,744,2296.0,28,21.0,11,6,1,Tanker,Tata,Diesel
444.0,27.0,40,1227.0,24,2.0,10,6,1,Tanker,Ashok Leyland,Petrol
85.0,423.0,634,5064.0,29,10.0,3,4,0,Van,Eicher,Petrol
501.0,183.0,274,1735.0,31,3.0,12,0,0,Mini Truck,Eicher,Diesel
149.0,547.0,820,3769.0,58,15.0,8,1,0,Truck,Eicher,Diesel
392.0,586.0,879,8073.0,31,3.0,2,0,0,Van,Ashok Leyland,Diesel
500.0,586.0,879,4446.0,57,20.0,2,4,0,Mini Truck,Ashok Leyland,Diesel
592.0,25.0,37,4108.0,48,3.0,11,5,1,Truck,Ashok Leyland,CNG
409.0,322.0,483,9697.0,23,11.0,5,3,0,Mini Truck,Ashok Leyland,Diesel
214.0,442.0,663,2296.0,23,20.0,3,5,1,Tanker,Tata,Diesel
555.0,496.0,744,1321.0,44,9.0,10,1,0,Truck,Mahindra,Diesel
537.0,245.0,367,506.0,39,2.0,5,2,0,Mini Truck,Eicher,CNG
31.0,555.0,832,6711.0,50,25.0,12,1,0,Van,Ashok Leyland,Petrol
142.0,156.0,234,4108.0,31,3.0,5,3,0,Truck,Ashok Leyland,CNG
404.0,559.0,838,6362.0,39,2.0,2,0,0,Mini Truck,Mahindra,Diesel
113.0,310.0,465,2296.0,44,4.0,12,2,0,Tanker,Tata,Diesel
255.0,245.0,367,2644.0,54,22.0,4,0,0,Van,Mahindra,Petrol
309.0,495.0,742,8504.0,35,11.0,2,4,0,Van,Mahindra,CNG
252.0,183.0,274,7290.0,31,23.0,12,2,0,Tanker,Tata,Petrol
79.0,559.0,838,3619.0,32,6.0,11,5,1,Van,Eicher,Petrol
222.0,277.0,415,2179.0,48,16.0,7,3,0,Van,Ashok Leyland,CNG
594.0,61.0,91,2197.0,37,16.0,12,5,1,Truck,Mahindra,CNG
566.0,475.0,712,8879.0,37,10.0,4,3,0,Mini Truck,Eicher,CNG
486.0,485.0,727,2667.0,39,17.0,3,5,1,Tanker,Ashok Leyland,CNG
357.0,194.0,291,4001.0,49,19.0,8,1,0,Tanker,Eicher,CNG
170.0,445.0,667,7439.0,50,25.0,1,5,1,Truck,Tata,CNG
164.0,58.0,87,1791.0,50,17.0,12,0,0,Tanker,Tata,Petrol
423.0,554.0,831,5006.0,28,5.0,1,6,1,Truck,Tata,CNG
490.0,484.0,726,4874.0,26,1.0,10,5,1,Mini Truck,Mahindra,Diesel
332.0,195.0,292,1227.0,53,25.0,9,6,1,Tanker,Ashok Leyland,Petrol
525.0,495.0,742,1791.0,31,23.0,3,3,0,Tanker,Tata,Petrol
123.0,449.0,673,3992.0,48,8.0,9,2,0,Truck,Tata,CNG
188.0,58.0,87,9227.0,48,3.0,5,3,0,Truck,Eicher,Diesel
166.0,229.0,343,3400.0,28,5.0,8,2,0,Van,Ashok Leyland,Diesel
576.0,143.0,214,5057.0,51,2.0,7,4,0,Van,Eicher,CNG
560.0,128.0,192,2332.0,58,5.0,1,2,0,Mini Truck,Eicher,Diesel
313.0,435.0,652,2296.0,35,11.0,9,0,0,Tanker,Tata,Diesel
463.0,73.0,109,3795.0,58,14.0,3,6,1,Tanker,Ashok Leyland,CNG
200.0,586.0,879,4582.0,23,7.0,3,1,0,Tanker,Tata,CNG
174.0,117.0,175,3146.0,37,23.0,1,5,1,Van,Ashok Leyland,Petrol
66.0,253.0,379,7412.0,37,22.0,12,0,0,Van,Eicher,Diesel
172.0,559.0,838,4497.0,53,16.0,5,2,0,Tanker,Eicher,Petrol
260.0,495.0,742,2035.0,44,4.0,3,5,1,Tanker,Tata,Diesel
178.0,572.0,858,4314.0,28,21.0,4,1,0,Van,Mahindra,Diesel
84.0,277.0,415,7072.0,52,11.0,2,2,0,Van,Tata,Petrol
314.0,392.0,588,7158.0,39,5.0,8,6,1,Truck,Ashok Leyland,Diesel
416.0,66.0,99,1321.0,31,2.0,8,2,0,Truck,Mahindra,Diesel
353.0,44.0,66,5813.0,23,11.0,10,5,1,Mini Truck,Ashok Leyland,CNG
173.0,332.0,498,3400.0,24,15.0,11,0,0,Van,Ashok Leyland,Diesel
568.0,516.0,774,4093.0,41,25.0,5,3,0,Tanker,Eicher,Petrol
591.0,592.0,888,9227.0,58,19.0,6,6,1,Truck,Eicher,Diesel
135.0,504.0,756,8945.0,28,5.0,1,3,0,Van,Tata,Petrol
385.0,58.0,87,7439.0,38,9.0,9,2,0,Truck,Eicher,Petrol
424.0,250.0,375,2643.0,25,7.0,12,3,0,Truck,Tata,Petrol
25.0,168.0,252,4399.0,48,8.0,3,2,0,Mini Truck,Tata,CNG
174.0,218.0,327,4108.0,25,7.0,9,4,0,Truck,Ashok Leyland,CNG
372.0,547.0,820,5064.0,37,22.0,9,2,0,Van,Eicher,Petrol
68.0,509.0,763,4497.0,28,5.0,11,0,0,Tanker,Eicher,Petrol
373.0,75.0,112,5006.0,58,19.0,6,1,0,Truck,Tata,CNG
61.0,183.0,274,1812.0,29,3.0,11,3,0,Van,Tata,CNG
386.0,456.0,684,4582.0,39,5.0,3,6,1,Tanker,Tata,CNG
66.0,75.0,112,4066.0,55,4.0,5,4,0,Van,Ashok Leyland,Petrol
401.0,297.0,445,2643.0,23,20.0,2,6,1,Truck,Tata,Petrol
195.0,66.0,99,8945.0,28,15.0,9,1,0,Van,Tata,Petrol
485.0,218.0,327,4550.0,53,12.0,5,4,0,Tanker,Eicher,Petrol
292.0,449.0,673,2588.0,35,23.0,7,6,1,Mini Truck,Ashok Leyland,Petrol
401.0,229.0,343,7412.0,51,20.0,7,2,0,Van,Eicher,Diesel
170.0,128.0,192,3757.0,56,2.0,7,6,1,Van,Tata,CNG
520.0,253.0,379,4550.0,39,10.0,8,5,1,Tanker,Eicher,Petrol
136.0,296.0,444,2332.0,31,2.0,11,0,0,Mini Truck,Eicher,Diesel
94.0,328.0,492,2643.0,50,9.0,12,5,1,Truck,Tata,Petrol
178.0,128.0,192,3950.0,50,7.0,3,6,1,Mini Truck,Mahindra,CNG
40.0,328.0,492,1604.0,42,20.0,3,2,0,Truck,Tata,Diesel
528.0,586.0,879,4779.0,33,20.0,1,5,1,Mini Truck,Tata,Diesel
61.0,44.0,66,4497.0,49,8.0,2,2,0,Tanker,Eicher,Petrol
469.0,334.0,501,8846.0,48,18.0,4,4,0,Mini Truck,Mahindra,CNG
215.0,25.0,37,5813.0,46,15.0,2,1,0,Mini Truck,Ashok Leyland,CNG
339.0,555.0,832,5779.0,40,25.0,10,3,0,Mini Truck,Ashok Leyland,Petrol
412.0,238.0,357,4497.0,51,2.0,9,5,1,Tanker,Eicher,Petrol
285.0,297.0,445,5052.0,22,15.0,5,2,0,Van,Eicher,Petrol
454.0,392.0,588,8073.0,53,1.0,11,6,1,Van,Ashok Leyland,Diesel
366.0,273.0,409,7439.0,46,4.0,12,1,0,Truck,Tata,CNG
98.0,73.0,109,2243.0,50,25.0,3,1,0,Mini Truck,Ashok Leyland,CNG
294.0,181.0,271,4582.0,31,13.0,12,2,0,Tanker,Tata,CNG
480.0,423.0,634,4001.0,39,22.0,5,0,0,Tanker,Eicher,CNG
389.0,405.0,607,2243.0,36,15.0,5,1,0,Mini Truck,Ashok Leyland,CNG
537.0,483.0,724,7805.0,34,24.0,10,1,0,Tanker,Eicher,CNG
488.0,232.0,348,3146.0,52,14.0,5,0,0,Van,Ashok Leyland,Petrol
74.0,414.0,621,6477.0,37,8.0,4,1,0,Tanker,Mahindra,Petrol
296.0,93.0,139,5585.0,35,15.0,12,1,0,Truck,Ashok Leyland,CNG
503.0,112.0,168,6073.0,47,17.0,9,3,0,Truck,Mahindra,CNG
96.0,52.0,78,2332.0,49,18.0,9,5,1,Mini Truck,Eicher,Diesel
447.0,247.0,370,7805.0,33,23.0,10,2,0,Tanker,Eicher,CNG
173.0,531.0,796,3205.0,44,4.0,4,5,1,Van,Eicher,CNG
572.0,229.0,343,506.0,28,5.0,6,3,0,Mini Truck,Eicher,CNG
410.0,250.0,375,6073.0,41,23.0,11,5,1,Truck,Mahindra,CNG
564.0,245.0,367,9564.0,48,8.0,8,2,0,Mini Truck,Tata,Diesel
450.0,149.0,223,3146.0,25,17.0,4,5,1,Van,Ashok Leyland,Petrol
271.0,149.0,223,1791.0,23,19.0,6,2,0,Tanker,Tata,Petrol
519.0,128.0,192,9673.0,47,1.0,11,6,1,Van,Tata,Petrol
55.0,554.0,831,8017.0,28,15.0,2,0,0,Tanker,Eicher,CNG
192.0,392.0,588,5585.0,30,15.0,4,5,1,Truck,Ashok Leyland,CNG
301.0,572.0,858,9227.0,53,12.0,3,5,1,Truck,Eicher,Diesel
130.0,195.0,292,2035.0,47,1.0,6,3,0,Tanker,Tata,Diesel
223.0,238.0,357,7566.0,47,1.0,12,1,0,Truck,Ashok Leyland,Petrol
436.0,311.0,466,4066.0,39,22.0,12,4,0,Van,Ashok Leyland,Petrol
529.0,352.0,528,4502.0,28,21.0,4,4,0,Van,Mahindra,Diesel
60.0,414.0,621,2644.0,23,16.0,10,4,0,Van,Mahindra,Petrol
286.0,555.0,832,2588.0,34,18.0,8,5,1,Mini Truck,Ashok Leyland,Petrol
419.0,392.0,588,8846.0,22,5.0,5,1,0,Mini Truck,Mahindra,CNG
493.0,105.0,157,8945.0,46,18.0,6,6,1,Van,Tata,Petrol
391.0,34.0,51,4497.0,51,2.0,12,6,1,Tanker,Eicher,Petrol
244.0,449.0,673,8979.0,29,3.0,4,3,0,Tanker,Mahindra,Petrol
147.0,412.0,618,8073.0,48,7.0,10,5,1,Van,Ashok Leyland,Diesel
508.0,564.0,846,3146.0,47,11.0,3,2,0,Van,Ashok Leyland,Petrol
547.0,311.0,466,9202.0,44,9.0,12,1,0,Tanker,Ashok Leyland,Petrol
594.0,311.0,466,7158.0,34,16.0,11,4,0,Truck,Ashok Leyland,Diesel
570.0,232.0,348,3950.0,53,25.0,3,6,1,Mini Truck,Mahindra,CNG
251.0,456.0,684,2271.0,57,20.0,7,1,0,Van,Mahindra,Diesel
591.0,232.0,348,8879.0,23,7.0,3,3,0,Mini Truck,Eicher,CNG
554.0,554.0,831,4573.0,57,22.0,10,6,1,Tanker,Mahindra,Diesel
396.0,586.0,879,2643.0,29,3.0,9,0,0,Truck,Tata,Petrol
369.0,334.0,501,3992.0,40,8.0,10,4,0,Truck,Tata,CNG
487.0,402.0,603,4108.0,58,5.0,4,5,1,Truck,Ashok Leyland,CNG
336.0,52.0,78,2296.0,37,8.0,1,5,1,Tanker,Tata,Diesel
237.0,227.0,340,4152.0,58,5.0,8,4,0,Mini Truck,Mahindra,Diesel
411.0,117.0,175,3757.0,50,8.0,11,3,0,Van,Tata,CNG
284.0,296.0,444,6711.0,39,11.0,7,3,0,Van,Ashok Leyland,Petrol
313.0,592.0,888,1639.0,38,3.0,12,0,0,Mini Truck,Ashok Leyland,CNG
157.0,156.0,234,2588.0,25,17.0,9,6,1,Mini Truck,Ashok Leyland,Petrol
78.0,255.0,382,9605.0,31,3.0,10,3,0,Mini Truck,Eicher,CNG
369.0,25.0,37,9202.0,44,9.0,3,3,0,Tanker,Ashok Leyland,Petrol
389.0,253.0,379,506.0,26,9.0,1,3,0,Mini Truck,Eicher,CNG
26.0,105.0,157,506.0,26,25.0,12,6,1,Mini Truck,Eicher,CNG
296.0,273.0,409,8504.0,58,15.0,12,4,0,Van,Mahindra,CNG
497.0,172.0,258,4152.0,54,22.0,11,6,1,Mini Truck,Mahindra,Diesel
527.0,449.0,673,4399.0,57,14.0,3,1,0,Mini Truck,Tata,CNG
367.0,53.0,79,8979.0,24,15.0,3,4,0,Tanker,Mahindra,Petrol
312.0,54.0,81,7566.0,50,7.0,9,1,0,Truck,Ashok Leyland,Petrol
404.0,435.0,652,2197.0,58,19.0,4,1,0,Truck,Mahindra,CNG
39.0,592.0,888,2942.0,26,14.0,9,2,0,Truck,Tata,CNG
513.0,436.0,654,5006.0,41,4.0,2,1,0,Truck,Tata,CNG
300.0,195.0,292,4353.0,48,16.0,6,6,1,Truck,Tata,CNG
152.0,334.0,501,7566.0,56,2.0,9,0,0,Truck,Ashok Leyland,Petrol
22.0,363.0,544,9605.0,50,3.0,12,4,0,Mini Truck,Eicher,CNG
532.0,74.0,111,9227.0,57,20.0,8,3,0,Truck,Eicher,Diesel
554.0,363.0,544,7439.0,27,9.0,5,4,0,Truck,Eicher,Petrol
128.0,229.0,343,2942.0,27,14.0,8,4,0,Truck,Tata,CNG
81.0,61.0,91,2332.0,50,3.0,9,0,0,Mini Truck,Eicher,Diesel
59.0,559.0,838,7566.0,57,20.0,5,3,0,Truck,Ashok Leyland,Petrol
571.0,495.0,742,9202.0,24,17.0,6,0,0,Tanker,Ashok Leyland,Petrol
309.0,322.0,483,3400.0,29,3.0,1,0,0,Van,Ashok Leyland,Diesel
347.0,520.0,780,2643.0,52,11.0,3,3,0,Truck,Tata,Petrol
353.0,435.0,652,8504.0,42,20.0,8,4,0,Van,Mahindra,CNG
341.0,483.0,724,506.0,58,3.0,3,5,1,Mini Truck,Eicher,CNG
339.0,296.0,444,8017.0,48,18.0,7,5,1,Tanker,Eicher,CNG
109.0,547.0,820,4108.0,36,8.0,10,3,0,Truck,Ashok Leyland,CNG
158.0,578.0,867,4108.0,41,23.0,12,6,1,Truck,Ashok Leyland,CNG
191.0,52.0,78,1257.0,57,20.0,11,3,0,Van,Ashok Leyland,Diesel
370.0,412.0,618,1460.0,26,9.0,1,1,0,Tanker,Ashok Leyland,Petrol
465.0,128.0,192,5585.0,41,13.0,2,5,1,Truck,Ashok Leyland,CNG
522.0,586.0,879,7706.0,31,21.0,1,1,0,Tanker,Ashok Leyland,Petrol
419.0,34.0,51,4108.0,53,16.0,9,0,0,Truck,Ashok Leyland,CNG
114.0,441.0,661,6477.0,41,4.0,12,6,1,Tanker,Mahindra,Petrol
568.0,296.0,444,6362.0,46,4.0,7,0,0,Mini Truck,Mahindra,Diesel
287.0,183.0,274,9673.0,28,5.0,1,0,0,Van,Tata,Petrol
399.0,93.0,139,4108.0,39,22.0,9,4,0,Truck,Ashok Leyland,CNG
401.0,172.0,258,8979.0,24,17.0,8,0,0,Tanker,Mahindra,Petrol
116.0,559.0,838,1791.0,42,20.0,1,2,0,Tanker,Tata,Petrol
60.0,531.0,796,4085.0,37,22.0,7,5,1,Truck,Tata,Petrol
563.0,194.0,291,7706.0,48,3.0,11,2,0,Tanker,Ashok Leyland,Petrol
587.0,255.0,382,6362.0,30,15.0,1,0,0,Mini Truck,Mahindra,Diesel
345.0,586.0,879,5655.0,58,12.0,11,0,0,Truck,Ashok Leyland,CNG
20.0,412.0,618,5942.0,48,3.0,12,4,0,Truck,Ashok Leyland,CNG
494.0,402.0,603,2019.0,25,17.0,7,0,0,Van,Mahindra,Diesel
326.0,297.0,445,9605.0,38,3.0,4,3,0,Mini Truck,Eicher,CNG
22.0,195.0,292,4582.0,46,15.0,9,3,0,Tanker,Tata,CNG
182.0,352.0,528,3619.0,47,17.0,3,5,1,Van,Eicher,Petrol
493.0,412.0,618,3205.0,51,14.0,2,2,0,Van,Eicher,CNG
318.0,253.0,379,1257.0,49,11.0,3,1,0,Van,Ashok Leyland,Diesel
361.0,435.0,652,1257.0,39,17.0,6,4,0,Van,Ashok Leyland,Diesel
361.0,442.0,663,7439.0,39,2.0,6,1,0,Truck,Eicher,Petrol
367.0,232.0,348,7439.0,31,23.0,2,0,0,Truck,Tata,CNG
168.0,227.0,340,4066.0,24,15.0,10,0,0,Van,Ashok Leyland,Petrol
185.0,264.0,396,2035.0,55,2.0,6,3,0,Tanker,Tata,Diesel
187.0,586.0,879,1227.0,34,18.0,5,5,1,Tanker,Ashok Leyland,Petrol
562.0,441.0,661,7507.0,48,18.0,5,4,0,Van,Eicher,CNG
353.0,387.0,580,4001.0,27,4.0,10,5,1,Tanker,Eicher,CNG
140.0,504.0,756,5813.0,47,1.0,11,4,0,Mini Truck,Ashok Leyland,CNG
498.0,578.0,867,1321.0,29,3.0,8,4,0,Truck,Mahindra,Diesel
117.0,149.0,223,1639.0,57,22.0,8,6,1,Mini Truck,Ashok Leyland,CNG
228.0,255.0,382,4108.0,58,19.0,2,1,0,Truck,Ashok Leyland,CNG
562.0,245.0,367,1549.0,49,11.0,4,3,0,Truck,Ashok Leyland,Diesel
62.0,194.0,291,2296.0,58,19.0,10,5,1,Tanker,Tata,Diesel
176.0,253.0,379,4619.0,40,8.0,2,4,0,Tanker,Eicher,CNG
401.0,229.0,343,7566.0,50,25.0,6,0,0,Truck,Ashok Leyland,Petrol
133.0,436.0,654,1549.0,49,19.0,5,2,0,Truck,Ashok Leyland,Diesel
159.0,516.0,774,1540.0,23,20.0,8,5,1,Van,Eicher,CNG
199.0,194.0,291,7439.0,53,15.0,9,2,0,Truck,Eicher,Petrol
370.0,194.0,291,2179.0,29,3.0,11,1,0,Van,Ashok Leyland,CNG
321.0,441.0,661,1227.0,23,20.0,6,1,0,Tanker,Ashok Leyland,Petrol
356.0,52.0,78,4582.0,50,8.0,1,5,1,Tanker,Tata,CNG
320.0,297.0,445,4152.0,40,8.0,7,0,0,Mini Truck,Mahindra,Diesel
229.0,27.0,40,4573.0,46,4.0,12,1,0,Tanker,Mahindra,Diesel
381.0,143.0,214,2271.0,25,17.0,2,2,0,Van,Mahindra,Diesel
178.0,255.0,382,8879.0,31,21.0,4,1,0,Mini Truck,Eicher,CNG
529.0,352.0,528,2179.0,50,3.0,6,3,0,Van,Ashok Leyland,CNG
196.0,310.0,465,5064.0,37,23.0,7,3,0,Van,Eicher,Petrol
564.0,227.0,340,7805.0,46,18.0,12,6,1,Tanker,Eicher,CNG
117.0,149.0,223,3400.0,40,23.0,7,4,0,Van,Ashok Leyland,Diesel
326.0,436.0,654,3146.0,50,9.0,7,3,0,Van,Ashok Leyland,Petrol
20.0,52.0,78,4353.0,35,11.0,1,6,1,Truck,Tata,CNG
109.0,456.0,684,8979.0,34,16.0,11,4,0,Tanker,Mahindra,Petrol
60.0,328.0,492,7092.0,50,3.0,8,5,1,Mini Truck,Eicher,Petrol
156.0,483.0,724,7072.0,57,22.0,7,0,0,Van,Tata,Petrol
563.0,54.0,81,3757.0,29,5.0,2,6,1,Van,Tata,CNG
600.0,392.0,588,6711.0,23,20.0,9,4,0,Van,Ashok Leyland,Petrol
255.0,255.0,382,2296.0,49,22.0,2,4,0,Tanker,Tata,Diesel
165.0,554.0,831,2019.0,49,8.0,1,0,0,Van,Mahindra,Diesel
120.0,52.0,78,5057.0,31,7.0,4,2,0,Van,Eicher,CNG
344.0,496.0,744,3769.0,50,9.0,6,1,0,Truck,Eicher,Diesel
87.0,297.0,445,9564.0,28,5.0,3,2,0,Mini Truck,Tata,Diesel
341.0,484.0,726,1735.0,50,3.0,8,3,0,Mini Truck,Eicher,Diesel
447.0,149.0,223,8846.0,26,9.0,9,4,0,Mini Truck,Mahindra,CNG
303.0,531.0,796,5655.0,41,4.0,12,4,0,Truck,Ashok Leyland,CNG
235.0,586.0,879,3795.0,48,2.0,3,3,0,Tanker,Ashok Leyland,CNG
143.0,255.0,382,506.0,33,20.0,9,2,0,Mini Truck,Eicher,CNG
521.0,93.0,139,1735.0,52,14.0,10,0,0,Mini Truck,Eicher,Diesel
495.0,322.0,483,5942.0,37,8.0,8,1,0,Truck,Ashok Leyland,CNG
541.0,484.0,726,1540.0,42,6.0,9,0,0,Van,Eicher,CNG
23.0,54.0,81,4619.0,46,4.0,11,0,0,Tanker,Eicher,CNG
244.0,504.0,756,5064.0,54,22.0,10,2,0,Van,Eicher,Petrol
307.0,75.0,112,7706.0,46,1.0,9,6,1,Tanker,Ashok Leyland,Petrol
285.0,495.0,742,3846.0,28,5.0,4,3,0,Tanker,Mahindra,Petrol
125.0,456.0,684,4066.0,49,19.0,12,2,0,Van,Ashok Leyland,Petrol
553.0,435.0,652,7290.0,39,10.0,4,5,1,Tanker,Tata,Petrol
418.0,194.0,291,3992.0,51,2.0,10,3,0,Truck,Tata,CNG
335.0,504.0,756,1735.0,37,19.0,12,4,0,Mini Truck,Eicher,Diesel
545.0,402.0,603,2644.0,33,6.0,5,1,0,Van,Mahindra,Petrol
392.0,277.0,415,3619.0,42,6.0,1,1,0,Van,Eicher,Petrol
347.0,61.0,91,7439.0,53,16.0,8,4,0,Truck,Tata,CNG
537.0,34.0,51,9697.0,49,21.0,8,4,0,Mini Truck,Ashok Leyland,Diesel
585.0,105.0,157,4001.0,27,4.0,4,5,1,Tanker,Eicher,CNG
330.0,25.0,37,7706.0,29,10.0,12,1,0,Tanker,Ashok Leyland,Petrol
480.0,24.0,36,9564.0,50,7.0,11,4,0,Mini Truck,Tata,Diesel
32.0,578.0,867,4550.0,51,20.0,12,3,0,Tanker,Eicher,Petrol
253.0,195.0,292,5813.0,41,4.0,4,2,0,Mini Truck,Ashok Leyland,CNG
594.0,531.0,796,4446.0,44,9.0,3,1,0,Mini Truck,Ashok Leyland,Diesel
428.0,483.0,724,4066.0,36,20.0,3,4,0,Van,Ashok Leyland,Petrol
450.0,328.0,492,2541.0,50,3.0,12,5,1,Mini Truck,Mahindra,CNG
129.0,373.0,559,5057.0,48,8.0,5,3,0,Van,Eicher,CNG
340.0,117.0,175,4353.0,58,15.0,11,5,1,Truck,Tata,CNG
148.0,307.0,460,4399.0,39,22.0,8,4,0,Mini Truck,Tata,CNG
321.0,53.0,79,1735.0,48,2.0,1,3,0,Mini Truck,Eicher,Diesel
423.0,435.0,652,3950.0,49,21.0,5,3,0,Mini Truck,Mahindra,CNG
86.0,218.0,327,4582.0,36,20.0,8,3,0,Tanker,Tata,CNG
111.0,436.0,654,2667.0,24,15.0,1,5,1,Tanker,Ashok Leyland,CNG
234.0,277.0,415,7507.0,34,16.0,7,2,0,Van,Eicher,CNG
483.0,273.0,409,4619.0,40,8.0,9,1,0,Tanker,Eicher,CNG
135.0,250.0,375,4085.0,37,19.0,4,5,1,Truck,Tata,Petrol
521.0,183.0,274,7092.0,56,2.0,5,6,1,Mini Truck,Eicher,Petrol
472.0,255.0,382,4152.0,41,4.0,3,6,1,Mini Truck,Mahindra,Diesel
404.0,61.0,91,3950.0,37,8.0,8,1,0,Mini Truck,Mahindra,CNG
185.0,456.0,684,7933.0,30,10.0,7,3,0,Mini Truck,Eicher,Diesel
510.0,44.0,66,1321.0,49,18.0,3,2,0,Truck,Mahindra,Diesel
233.0,181.0,271,9356.0,41,4.0,7,0,0,Truck,Tata,CNG
218.0,483.0,724,506.0,48,8.0,9,3,0,Mini Truck,Eicher,CNG
239.0,334.0,501,4446.0,42,18.0,5,0,0,Mini Truck,Ashok Leyland,Diesel
138.0,516.0,774,1791.0,31,13.0,8,5,1,Tanker,Tata,Petrol
586.0,586.0,879,4093.0,46,4.0,9,4,0,Tanker,Eicher,Petrol
467.0,181.0,271,4001.0,31,3.0,3,3,0,Tanker,Eicher,CNG
451.0,495.0,742,4446.0,29,11.0,4,0,0,Mini Truck,Ashok Leyland,Diesel
489.0,181.0,271,2179.0,58,14.0,1,0,0,Van,Ashok Leyland,CNG
230.0,436.0,654,5942.0,23,20.0,11,6,1,Truck,Ashok Leyland,CNG
402.0,75.0,112,8979.0,31,3.0,12,5,1,Tanker,Mahindra,Petrol
534.0,334.0,501,1735.0,41,4.0,7,2,0,Mini Truck,Eicher,Diesel
246.0,414.0,621,4446.0,42,20.0,11,2,0,Mini Truck,Ashok Leyland,Diesel
169.0,435.0,652,7092.0,58,15.0,2,2,0,Mini Truck,Eicher,Petrol
599.0,586.0,879,1257.0,38,9.0,12,2,0,Van,Ashok Leyland,Diesel
171.0,334.0,501,1321.0,28,5.0,8,1,0,Truck,Mahindra,Diesel
242.0,307.0,460,5006.0,39,22.0,1,1,0,Truck,Tata,CNG
110.0,555.0,832,1540.0,37,22.0,7,3,0,Van,Eicher,CNG
513.0,218.0,327,4502.0,28,5.0,1,3,0,Van,Mahindra,Diesel
65.0,52.0,78,1227.0,51,14.0,6,1,0,Tanker,Ashok Leyland,Petrol
141.0,112.0,168,4446.0,48,24.0,3,3,0,Mini Truck,Ashok Leyland,Diesel
87.0,332.0,498,652.0,34,16.0,2,0,0,Tanker,Mahindra,Diesel
107.0,449.0,673,2667.0,52,3.0,2,5,1,Tanker,Ashok Leyland,CNG
433.0,554.0,831,5057.0,49,21.0,12,5,1,Van,Eicher,CNG
311.0,143.0,214,7439.0,45,10.0,11,5,1,Truck,Tata,CNG
108.0,509.0,763,4845.0,25,17.0,7,1,0,Tanker,Tata,Petrol
333.0,245.0,367,3146.0,49,8.0,12,1,0,Van,Ashok Leyland,Petrol
535.0,61.0,91,5942.0,49,18.0,6,6,1,Truck,Ashok Leyland,CNG
249.0,392.0,588,2179.0,51,14.0,12,2,0,Van,Ashok Leyland,CNG
510.0,253.0,379,4779.0,56,15.0,1,3,0,Mini Truck,Tata,Diesel
295.0,253.0,379,9605.0,30,15.0,11,5,1,Mini Truck,Eicher,CNG
458.0,229.0,343,8979.0,41,23.0,4,2,0,Tanker,Mahindra,Petrol
157.0,149.0,223,7092.0,57,22.0,8,5,1,Mini Truck,Eicher,Petrol
309.0,564.0,846,2019.0,37,10.0,9,0,0,Van,Mahindra,Diesel
491.0,269.0,403,4001.0,28,5.0,8,5,1,Tanker,Eicher,CNG
219.0,592.0,888,4446.0,24,15.0,10,3,0,Mini Truck,Ashok Leyland,Diesel
76.0,484.0,726,8504.0,23,20.0,9,4,0,Van,Mahindra,CNG
328.0,232.0,348,7805.0,31,7.0,7,2,0,Tanker,Eicher,CNG
416.0,402.0,603,9697.0,50,25.0,4,4,0,Mini Truck,Ashok Leyland,Diesel
214.0,310.0,465,4833.0,34,18.0,10,4,0,Truck,Mahindra,Petrol
563.0,143.0,214,1791.0,26,14.0,2,1,0,Tanker,Tata,Petrol
517.0,456.0,684,2588.0,50,9.0,10,0,0,Mini Truck,Ashok Leyland,Petrol
169.0,436.0,654,2179.0,24,15.0,12,5,1,Van,Ashok Leyland,CNG
368.0,456.0,684,1735.0,52,11.0,1,4,0,Mini Truck,Eicher,Diesel
340.0,520.0,780,5779.0,25,7.0,1,0,0,Mini Truck,Ashok Leyland,Petrol
281.0,25.0,37,5779.0,52,3.0,12,3,0,Mini Truck,Ashok Leyland,Petrol
45.0,310.0,465,5655.0,56,2.0,7,2,0,Truck,Ashok Leyland,CNG
30.0,172.0,258,2179.0,55,9.0,7,4,0,Van,Ashok Leyland,CNG
364.0,273.0,409,7619.0,25,17.0,5,4,0,Mini Truck,Tata,Diesel
569.0,44.0,66,5052.0,47,1.0,11,3,0,Van,Eicher,Petrol
318.0,475.0,712,3795.0,50,17.0,3,0,0,Tanker,Ashok Leyland,CNG
507.0,564.0,846,8846.0,36,8.0,7,1,0,Mini Truck,Mahindra,CNG
467.0,483.0,724,9356.0,39,22.0,10,0,0,Truck,Tata,CNG
324.0,554.0,831,7439.0,50,25.0,1,3,0,Truck,Eicher,Petrol
197.0,34.0,51,5779.0,45,15.0,10,4,0,Mini Truck,Ashok Leyland,Petrol
317.0,297.0,445,7092.0,42,6.0,1,3,0,Mini Truck,Eicher,Petrol
457.0,586.0,879,3992.0,42,18.0,11,0,0,Truck,Tata,CNG
347.0,495.0,742,4502.0,35,23.0,6,0,0,Van,Mahindra,Diesel
511.0,402.0,603,7706.0,58,15.0,12,1,0,Tanker,Ashok Leyland,Petrol
33.0,516.0,774,1639.0,37,19.0,8,4,0,Mini Truck,Ashok Leyland,CNG
588.0,445.0,667,4550.0,41,25.0,3,5,1,Tanker,Eicher,Petrol
186.0,238.0,357,4353.0,42,20.0,5,1,0,Truck,Tata,CNG
561.0,227.0,340,652.0,55,9.0,1,2,0,Tanker,Mahindra,Diesel
530.0,245.0,367,7072.0,42,20.0,9,5,1,Van,Tata,Petrol
192.0,227.0,340,5064.0,50,8.0,1,3,0,Van,Eicher,Petrol
406.0,149.0,223,1257.0,34,24.0,5,3,0,Van,Ashok Leyland,Diesel
323.0,183.0,274,4550.0,51,20.0,1,2,0,Tanker,Eicher,Petrol
261.0,245.0,367,4108.0,39,2.0,12,2,0,Truck,Ashok Leyland,CNG
185.0,105.0,157,9564.0,29,3.0,1,1,0,Mini Truck,Tata,Diesel
254.0,334.0,501,3992.0,28,15.0,1,2,0,Truck,Tata,CNG
196.0,405.0,607,1151.0,47,17.0,5,6,1,Truck,Ashok Leyland,CNG
379.0,445.0,667,2179.0,34,18.0,12,5,1,Van,Ashok Leyland,CNG
219.0,172.0,258,3769.0,42,20.0,5,4,0,Truck,Eicher,Diesel
590.0,34.0,51,2296.0,48,2.0,3,0,0,Tanker,Tata,Diesel
579.0,53.0,79,8945.0,45,10.0,2,2,0,Van,Tata,Petrol
279.0,255.0,382,8945.0,53,15.0,12,6,1,Van,Tata,Petrol
79.0,54.0,81,4619.0,23,16.0,1,4,0,Tanker,Eicher,CNG
147.0,578.0,867,5779.0,37,23.0,5,4,0,Mini Truck,Ashok Leyland,Petrol
501.0,73.0,109,2271.0,54,22.0,4,4,0,Van,Mahindra,Diesel
238.0,307.0,460,9564.0,48,16.0,6,6,1,Mini Truck,Tata,Diesel
354.0,117.0,175,1227.0,28,21.0,7,5,1,Tanker,Ashok Leyland,Petrol
282.0,105.0,157,4001.0,23,16.0,7,5,1,Tanker,Eicher,CNG
199.0,555.0,832,2332.0,46,18.0,10,5,1,Mini Truck,Eicher,Diesel
568.0,273.0,409,5779.0,53,15.0,4,5,1,Mini Truck,Ashok Leyland,Petrol
578.0,105.0,157,1540.0,39,2.0,9,4,0,Van,Eicher,CNG
437.0,322.0,483,4446.0,35,25.0,10,6,1,Mini Truck,Ashok Leyland,Diesel
502.0,572.0,858,9605.0,32,6.0,6,3,0,Mini Truck,Eicher,CNG
254.0,247.0,370,3146.0,49,11.0,2,5,1,Van,Ashok Leyland,Petrol
508.0,218.0,327,2271.0,25,7.0,12,4,0,Van,Mahindra,Diesel
481.0,34.0,51,5064.0,31,21.0,1,1,0,Van,Eicher,Petrol
397.0,194.0,291,3205.0,50,17.0,2,2,0,Van,Eicher,CNG
138.0,156.0,234,7072.0,46,15.0,6,4,0,Van,Tata,Petrol
329.0,535.0,802,3205.0,27,14.0,2,1,0,Van,Eicher,CNG
308.0,194.0,291,5052.0,28,5.0,9,6,1,Van,Eicher,Petrol
285.0,253.0,379,5052.0,28,21.0,7,5,1,Van,Eicher,Petrol
413.0,27.0,40,3795.0,47,17.0,9,5,1,Tanker,Ashok Leyland,CNG
206.0,197.0,295,1227.0,37,22.0,5,1,0,Tanker,Ashok Leyland,Petrol
416.0,328.0,492,5779.0,33,23.0,7,1,0,Mini Truck,Ashok Leyland,Petrol
180.0,34.0,51,4001.0,44,9.0,1,4,0,Tanker,Eicher,CNG
449.0,332.0,498,6477.0,35,11.0,12,5,1,Tanker,Mahindra,Petrol
383.0,66.0,99,2644.0,48,2.0,4,6,1,Van,Mahindra,Petrol
242.0,504.0,756,2243.0,50,9.0,8,2,0,Mini Truck,Ashok Leyland,CNG
459.0,296.0,444,9227.0,50,3.0,10,0,0,Truck,Eicher,Diesel
133.0,572.0,858,8879.0,49,18.0,4,5,1,Mini Truck,Eicher,CNG
300.0,554.0,831,2296.0,37,19.0,1,3,0,Tanker,Tata,Diesel
310.0,181.0,271,2644.0,27,14.0,1,5,1,Van,Mahindra,Petrol
242.0,143.0,214,4845.0,41,13.0,2,1,0,Tanker,Tata,Petrol
555.0,172.0,258,8504.0,51,20.0,3,4,0,Van,Mahindra,CNG
568.0,445.0,667,2667.0,31,2.0,1,4,0,Tanker,Ashok Leyland,CNG
124.0,74.0,111,5006.0,58,5.0,4,6,1,Truck,Tata,CNG
137.0,504.0,756,8073.0,50,3.0,11,3,0,Van,Ashok Leyland,Diesel
511.0,504.0,756,4085.0,48,24.0,10,2,0,Truck,Tata,Petrol
455.0,496.0,744,6073.0,24,15.0,3,2,0,Truck,Mahindra,CNG
504.0,554.0,831,7439.0,56,15.0,3,6,1,Truck,Eicher,Petrol
445.0,436.0,654,2271.0,45,15.0,5,3,0,Van,Mahindra,Diesel
464.0,483.0,724,2035.0,34,24.0,11,3,0,Tanker,Tata,Diesel
522.0,555.0,832,6362.0,50,3.0,8,4,0,Mini Truck,Mahindra,Diesel
598.0,352.0,528,652.0,40,23.0,8,2,0,Tanker,Mahindra,Diesel
242.0,449.0,673,7439.0,44,4.0,7,5,1,Truck,Tata,CNG
199.0,255.0,382,7566.0,23,11.0,4,1,0,Truck,Ashok Leyland,Petrol
468.0,307.0,460,7507.0,29,3.0,5,4,0,Van,Eicher,CNG
303.0,586.0,879,7805.0,40,23.0,1,0,0,Tanker,Eicher,CNG
395.0,435.0,652,5813.0,52,11.0,7,1,0,Mini Truck,Ashok Leyland,CNG
531.0,485.0,727,6362.0,54,22.0,3,6,1,Mini Truck,Mahindra,Diesel
397.0,520.0,780,3950.0,41,13.0,10,0,0,Mini Truck,Mahindra,CNG
319.0,117.0,175,4833.0,29,5.0,11,0,0,Truck,Mahindra,Petrol
425.0,332.0,498,1791.0,46,15.0,7,2,0,Tanker,Tata,Petrol
334.0,456.0,684,652.0,48,16.0,8,2,0,Tanker,Mahindra,Diesel
203.0,483.0,724,5655.0,46,4.0,7,6,1,Truck,Ashok Leyland,CNG
220.0,172.0,258,1460.0,36,15.0,3,5,1,Tanker,Ashok Leyland,Petrol
113.0,34.0,51,7619.0,39,11.0,7,2,0,Mini Truck,Tata,Diesel
221.0,352.0,528,506.0,40,3.0,5,2,0,Mini Truck,Eicher,CNG
117.0,387.0,580,5052.0,48,24.0,5,6,1,Van,Eicher,Petrol
239.0,264.0,396,1227.0,28,5.0,10,0,0,Tanker,Ashok Leyland,Petrol
573.0,436.0,654,3757.0,58,19.0,4,5,1,Van,Tata,CNG
382.0,194.0,291,8073.0,26,14.0,1,2,0,Van,Ashok Leyland,Diesel
299.0,229.0,343,2332.0,42,6.0,8,5,1,Mini Truck,Eicher,Diesel
389.0,52.0,78,4582.0,24,2.0,8,0,0,Tanker,Tata,CNG
241.0,572.0,858,6477.0,38,3.0,3,4,0,Tanker,Mahindra,Petrol
87.0,555.0,832,4550.0,50,7.0,11,3,0,Tanker,Eicher,Petrol
183.0,484.0,726,3795.0,35,15.0,5,0,0,Tanker,Ashok Leyland,CNG
226.0,518.0,777,652.0,24,2.0,1,1,0,Tanker,Mahindra,Diesel
62.0,112.0,168,7933.0,34,18.0,3,4,0,Mini Truck,Eicher,Diesel
69.0,449.0,673,5057.0,37,22.0,3,1,0,Van,Eicher,CNG
167.0,61.0,91,4502.0,52,3.0,10,0,0,Van,Mahindra,Diesel
170.0,495.0,742,4093.0,33,6.0,5,4,0,Tanker,Eicher,Petrol
144.0,405.0,607,7507.0,28,18.0,10,3,0,Van,Eicher,CNG
379.0,564.0,846,4550.0,32,6.0,10,2,0,Tanker,Eicher,Petrol
86.0,496.0,744,5064.0,50,3.0,3,3,0,Van,Eicher,Petrol
218.0,442.0,663,4497.0,26,1.0,12,0,0,Tanker,Eicher,Petrol
261.0,578.0,867,7412.0,37,19.0,7,5,1,Van,Eicher,Diesel
315.0,73.0,109,9356.0,28,15.0,11,3,0,Truck,Tata,CNG
191.0,483.0,724,8945.0,41,4.0,6,1,0,Van,Tata,Petrol
286.0,194.0,291,3846.0,46,18.0,4,1,0,Tanker,Mahindra,Petrol
366.0,435.0,652,9400.0,49,19.0,3,6,1,Mini Truck,Ashok Leyland,Petrol
272.0,227.0,340,4573.0,35,15.0,10,4,0,Tanker,Mahindra,Diesel
246.0,572.0,858,4093.0,37,22.0,1,5,1,Tanker,Eicher,Petrol
58.0,373.0,559,2588.0,26,25.0,2,5,1,Mini Truck,Ashok Leyland,Petrol
238.0,172.0,258,8945.0,26,14.0,1,2,0,Van,Tata,Petrol
527.0,245.0,367,5779.0,31,23.0,2,6,1,Mini Truck,Ashok Leyland,Petrol
510.0,245.0,367,9227.0,52,11.0,6,2,0,Truck,Eicher,Diesel
547.0,405.0,607,2296.0,47,11.0,9,4,0,Tanker,Tata,Diesel
502.0,363.0,544,9356.0,26,14.0,8,4,0,Truck,Tata,CNG
207.0,442.0,663,2332.0,50,25.0,12,0,0,Mini Truck,Eicher,Diesel
421.0,273.0,409,9356.0,35,11.0,1,4,0,Truck,Tata,CNG
210.0,168.0,252,8846.0,56,15.0,6,6,1,Mini Truck,Mahindra,CNG
98.0,334.0,501,9697.0,53,15.0,3,1,0,Mini Truck,Ashok Leyland,Diesel
296.0,61.0,91,7072.0,50,9.0,9,4,0,Van,Tata,Petrol
506.0,117.0,175,2271.0,47,1.0,5,2,0,Van,Mahindra,Diesel
426.0,255.0,382,2197.0,23,11.0,12,1,0,Truck,Mahindra,CNG
69.0,61.0,91,5779.0,41,23.0,9,6,1,Mini Truck,Ashok Leyland,Petrol
252.0,509.0,763,4582.0,48,8.0,12,4,0,Tanker,Tata,CNG
224.0,143.0,214,4573.0,23,11.0,12,3,0,Tanker,Mahindra,Diesel
121.0,328.0,492,1257.0,48,24.0,3,3,0,Van,Ashok Leyland,Diesel
456.0,436.0,654,2541.0,47,1.0,7,4,0,Mini Truck,Mahindra,CNG
312.0,61.0,91,4779.0,39,17.0,2,5,1,Mini Truck,Tata,Diesel
523.0,332.0,498,1460.0,50,8.0,9,0,0,Tanker,Ashok Leyland,Petrol
393.0,555.0,832,9356.0,58,5.0,6,4,0,Truck,Tata,CNG
514.0,264.0,396,4093.0,34,24.0,10,5,1,Tanker,Eicher,Petrol
403.0,373.0,559,2643.0,57,14.0,4,6,1,Truck,Tata,Petrol
356.0,423.0,634,4550.0,37,23.0,9,3,0,Tanker,Eicher,Petrol
389.0,334.0,501,7619.0,48,24.0,2,2,0,Mini Truck,Tata,Diesel
63.0,436.0,654,3757.0,39,9.0,9,2,0,Van,Tata,CNG
314.0,520.0,780,7507.0,31,2.0,1,5,1,Van,Eicher,CNG
287.0,442.0,663,8945.0,26,9.0,8,5,1,Van,Tata,Petrol
240.0,117.0,175,5779.0,58,5.0,6,4,0,Mini Truck,Ashok Leyland,Petrol
41.0,485.0,727,9564.0,37,16.0,6,6,1,Mini Truck,Tata,Diesel
189.0,253.0,379,4833.0,28,15.0,9,6,1,Truck,Mahindra,Petrol
275.0,168.0,252,7439.0,48,16.0,12,1,0,Truck,Tata,CNG
75.0,485.0,727,3400.0,58,5.0,3,0,0,Van,Ashok Leyland,Diesel
320.0,24.0,36,4619.0,23,11.0,3,5,1,Tanker,Eicher,CNG
71.0,334.0,501,5779.0,50,25.0,12,5,1,Mini Truck,Ashok Leyland,Petrol
331.0,535.0,802,7290.0,39,5.0,9,6,1,Tanker,Tata,Petrol
193.0,328.0,492,5655.0,27,9.0,9,2,0,Truck,Ashok Leyland,CNG
215.0,442.0,663,5057.0,25,8.0,4,3,0,Van,Eicher,CNG
205.0,449.0,673,1735.0,57,3.0,2,2,0,Mini Truck,Eicher,Diesel
440.0,475.0,712,6477.0,45,15.0,9,2,0,Tanker,Mahindra,Petrol
21.0,307.0,460,9356.0,50,9.0,3,4,0,Truck,Tata,CNG
215.0,328.0,492,1540.0,49,11.0,11,4,0,Van,Eicher,CNG
435.0,227.0,340,3795.0,35,23.0,5,2,0,Tanker,Ashok Leyland,CNG
277.0,245.0,367,4845.0,30,15.0,12,0,0,Tanker,Tata,Petrol
253.0,105.0,157,4093.0,58,15.0,9,2,0,Tanker,Eicher,Petrol
322.0,264.0,396,5052.0,23,11.0,2,2,0,Van,Eicher,Petrol
496.0,296.0,444,4502.0,39,9.0,11,5,1,Van,Mahindra,Diesel
201.0,277.0,415,2588.0,41,4.0,1,1,0,Mini Truck,Ashok Leyland,Petrol
24.0,405.0,607,6477.0,40,8.0,1,0,0,Tanker,Mahindra,Petrol
136.0,322.0,483,1604.0,41,25.0,7,3,0,Truck,Tata,Diesel
292.0,216.0,324,7290.0,23,11.0,6,3,0,Tanker,Tata,Petrol
90.0,504.0,756,4446.0,24,17.0,5,5,1,Mini Truck,Ashok Leyland,Diesel
205.0,423.0,634,4446.0,57,20.0,10,4,0,Mini Truck,Ashok Leyland,Diesel
330.0,535.0,802,5813.0,51,14.0,3,2,0,Mini Truck,Ashok Leyland,CNG
49.0,149.0,223,2296.0,40,3.0,3,4,0,Tanker,Tata,Diesel
263.0,93.0,139,506.0,58,19.0,5,4,0,Mini Truck,Eicher,CNG
466.0,24.0,36,2296.0,24,15.0,2,0,0,Tanker,Tata,Diesel
63.0,495.0,742,3795.0,31,21.0,9,0,0,Tanker,Ashok Leyland,CNG
181.0,172.0,258,6362.0,48,18.0,7,5,1,Mini Truck,Mahindra,Diesel
85.0,73.0,109,2588.0,47,1.0,10,2,0,Mini Truck,Ashok Leyland,Petrol
582.0,456.0,684,5942.0,25,17.0,11,6,1,Truck,Ashok Leyland,CNG
557.0,149.0,223,5057.0,46,1.0,7,3,0,Van,Eicher,CNG
438.0,485.0,727,6362.0,25,6.0,8,5,1,Mini Truck,Mahindra,Diesel
422.0,531.0,796,1735.0,44,4.0,3,6,1,Mini Truck,Eicher,Diesel
485.0,229.0,343,7507.0,36,8.0,5,3,0,Van,Eicher,CNG
102.0,181.0,271,2644.0,45,15.0,5,0,0,Van,Mahindra,Petrol
469.0,442.0,663,9564.0,54,4.0,10,4,0,Mini Truck,Tata,Diesel
265.0,373.0,559,1639.0,36,8.0,4,0,0,Mini Truck,Ashok Leyland,CNG
111.0,269.0,403,3757.0,55,4.0,7,5,1,Van,Tata,CNG
528.0,250.0,375,7072.0,23,11.0,3,4,0,Van,Tata,Petrol
368.0,197.0,295,6362.0,57,20.0,9,2,0,Mini Truck,Mahindra,Diesel
119.0,25.0,37,5064.0,50,3.0,6,4,0,Van,Eicher,Petrol
574.0,149.0,223,9697.0,48,24.0,4,1,0,Mini Truck,Ashok Leyland,Diesel
352.0,245.0,367,6362.0,29,5.0,12,6,1,Mini Truck,Mahindra,Diesel
503.0,414.0,621,4779.0,36,8.0,3,0,0,Mini Truck,Tata,Diesel
527.0,34.0,51,8846.0,50,17.0,8,6,1,Mini Truck,Mahindra,CNG
203.0,495.0,742,8945.0,33,6.0,3,1,0,Van,Tata,Petrol
351.0,25.0,37,4001.0,37,22.0,7,3,0,Tanker,Eicher,CNG
162.0,74.0,111,4066.0,53,15.0,2,0,0,Van,Ashok Leyland,Petrol
584.0,402.0,603,7072.0,29,10.0,1,3,0,Van,Tata,Petrol
379.0,572.0,858,3769.0,42,6.0,6,6,1,Truck,Eicher,Diesel
364.0,387.0,580,1735.0,50,9.0,3,4,0,Mini Truck,Eicher,Diesel
164.0,445.0,667,1460.0,33,20.0,9,6,1,Tanker,Ashok Leyland,Petrol
317.0,255.0,382,1257.0,41,25.0,1,0,0,Van,Ashok Leyland,Diesel
466.0,554.0,831,9400.0,22,5.0,6,3,0,Mini Truck,Ashok Leyland,Petrol
500.0,435.0,652,7412.0,51,14.0,8,5,1,Van,Eicher,Diesel
303.0,216.0,324,7158.0,28,21.0,6,0,0,Truck,Ashok Leyland,Diesel
205.0,194.0,291,1735.0,39,2.0,2,4,0,Mini Truck,Eicher,Diesel
193.0,509.0,763,506.0,37,8.0,12,4,0,Mini Truck,Eicher,CNG
591.0,264.0,396,8979.0,29,3.0,5,5,1,Tanker,Mahindra,Petrol
24.0,297.0,445,4502.0,41,23.0,9,1,0,Van,Mahindra,Diesel
565.0,495.0,742,7933.0,48,7.0,9,6,1,Mini Truck,Eicher,Diesel
573.0,483.0,724,3795.0,33,20.0,6,6,1,Tanker,Ashok Leyland,CNG
426.0,554.0,831,2667.0,22,15.0,9,5,1,Tanker,Ashok Leyland,CNG
128.0,66.0,99,652.0,29,3.0,4,2,0,Tanker,Mahindra,Diesel
487.0,52.0,78,506.0,42,18.0,10,1,0,Mini Truck,Eicher,CNG
408.0,61.0,91,3795.0,43,15.0,1,0,0,Tanker,Ashok Leyland,CNG
97.0,229.0,343,5006.0,27,9.0,9,0,0,Truck,Tata,CNG
251.0,495.0,742,6477.0,42,18.0,2,5,1,Tanker,Mahindra,Petrol
143.0,423.0,634,2296.0,23,20.0,6,5,1,Tanker,Tata,Diesel
310.0,441.0,661,2179.0,40,23.0,2,5,1,Van,Ashok Leyland,CNG
522.0,436.0,654,7619.0,35,23.0,1,0,0,Mini Truck,Tata,Diesel
551.0,445.0,667,8504.0,51,20.0,2,1,0,Van,Mahindra,CNG
590.0,412.0,618,4093.0,31,13.0,3,6,1,Tanker,Eicher,Petrol
20.0,255.0,382,7706.0,23,20.0,3,1,0,Tanker,Ashok Leyland,Petrol
419.0,117.0,175,2179.0,31,3.0,10,2,0,Van,Ashok Leyland,CNG
287.0,352.0,528,3846.0,34,24.0,11,4,0,Tanker,Mahindra,Petrol
51.0,264.0,396,1639.0,30,10.0,9,5,1,Mini Truck,Ashok Leyland,CNG
352.0,143.0,214,7439.0,56,15.0,9,5,1,Truck,Eicher,Petrol
559.0,247.0,370,5655.0,45,15.0,4,1,0,Truck,Ashok Leyland,CNG
249.0,373.0,559,6362.0,49,11.0,1,5,1,Mini Truck,Mahindra,Diesel
194.0,483.0,724,2588.0,28,5.0,8,1,0,Mini Truck,Ashok Leyland,Petrol
281.0,483.0,724,652.0,38,9.0,11,2,0,Tanker,Mahindra,Diesel
360.0,227.0,340,9202.0,50,17.0,3,5,1,Tanker,Ashok Leyland,Petrol
378.0,66.0,99,3205.0,37,16.0,2,6,1,Van,Eicher,CNG
408.0,405.0,607,8504.0,36,20.0,4,0,0,Van,Mahindra,CNG
494.0,44.0,66,8979.0,48,24.0,2,0,0,Tanker,Mahindra,Petrol
412.0,554.0,831,9400.0,57,22.0,6,1,0,Mini Truck,Ashok Leyland,Petrol
556.0,58.0,87,1812.0,42,6.0,8,4,0,Van,Tata,CNG
78.0,387.0,580,7805.0,41,23.0,5,4,0,Tanker,Eicher,CNG
511.0,441.0,661,3769.0,49,22.0,2,2,0,Truck,Eicher,Diesel
192.0,44.0,66,4619.0,35,25.0,12,5,1,Tanker,Eicher,CNG
130.0,402.0,603,2296.0,37,22.0,8,1,0,Tanker,Tata,Diesel
105.0,495.0,742,3950.0,34,16.0,11,2,0,Mini Truck,Mahindra,CNG
255.0,74.0,111,7805.0,26,9.0,4,6,1,Tanker,Eicher,CNG
375.0,504.0,756,652.0,55,9.0,12,6,1,Tanker,Mahindra,Diesel
118.0,216.0,324,4845.0,36,20.0,6,0,0,Tanker,Tata,Petrol
409.0,334.0,501,1321.0,43,15.0,5,0,0,Truck,Mahindra,Diesel
54.0,27.0,40,3146.0,36,20.0,12,1,0,Van,Ashok Leyland,Petrol
265.0,269.0,403,5064.0,58,14.0,7,1,0,Van,Eicher,Petrol
484.0,143.0,214,4502.0,50,3.0,10,4,0,Van,Mahindra,Diesel
544.0,58.0,87,5942.0,23,20.0,3,3,0,Truck,Ashok Leyland,CNG
414.0,27.0,40,8846.0,36,15.0,10,5,1,Mini Truck,Mahindra,CNG
388.0,75.0,112,3795.0,33,23.0,3,5,1,Tanker,Ashok Leyland,CNG
585.0,183.0,274,5057.0,47,11.0,9,0,0,Van,Eicher,CNG
34.0,559.0,838,7412.0,41,23.0,11,0,0,Van,Eicher,Diesel
201.0,75.0,112,7439.0,48,18.0,8,4,0,Truck,Eicher,Petrol
443.0,156.0,234,9564.0,42,18.0,11,2,0,Mini Truck,Tata,Diesel
68.0,194.0,291,6073.0,51,20.0,12,2,0,Truck,Mahindra,CNG
181.0,496.0,744,4066.0,35,25.0,3,0,0,Van,Ashok Leyland,Petrol
295.0,520.0,780,506.0,33,20.0,11,4,0,Mini Truck,Eicher,CNG
276.0,229.0,343,4874.0,39,11.0,1,3,0,Mini Truck,Mahindra,Diesel
355.0,531.0,796,9697.0,49,19.0,4,0,0,Mini Truck,Ashok Leyland,Diesel
95.0,105.0,157,9202.0,40,3.0,9,6,1,Tanker,Ashok Leyland,Petrol
301.0,495.0,742,9400.0,38,9.0,12,2,0,Mini Truck,Ashok Leyland,Petrol
197.0,245.0,367,9227.0,58,19.0,9,3,0,Truck,Eicher,Diesel
251.0,75.0,112,9202.0,30,10.0,4,4,0,Tanker,Ashok Leyland,Petrol
268.0,273.0,409,5585.0,25,17.0,6,6,1,Truck,Ashok Leyland,CNG
229.0,296.0,444,1639.0,54,4.0,9,1,0,Mini Truck,Ashok Leyland,CNG
215.0,485.0,727,2243.0,49,11.0,12,1,0,Mini Truck,Ashok Leyland,CNG
513.0,564.0,846,7507.0,30,10.0,1,6,1,Van,Eicher,CNG
599.0,253.0,379,3205.0,37,22.0,8,5,1,Van,Eicher,CNG
515.0,105.0,157,1549.0,55,4.0,3,6,1,Truck,Ashok Leyland,Diesel
352.0,156.0,234,7619.0,53,16.0,10,6,1,Mini Truck,Tata,Diesel
189.0,277.0,415,4399.0,26,14.0,1,2,0,Mini Truck,Tata,CNG
42.0,74.0,111,5006.0,42,6.0,2,2,0,Truck,Tata,CNG
444.0,74.0,111,8017.0,39,17.0,11,1,0,Tanker,Eicher,CNG
247.0,105.0,157,8979.0,23,19.0,4,5,1,Tanker,Mahindra,Petrol
190.0,531.0,796,2296.0,54,22.0,6,2,0,Tanker,Tata,Diesel
527.0,128.0,192,1604.0,50,9.0,11,5,1,Truck,Tata,Diesel
77.0,485.0,727,1460.0,46,15.0,1,2,0,Tanker,Ashok Leyland,Petrol
513.0,373.0,559,9697.0,56,15.0,10,6,1,Mini Truck,Ashok Leyland,Diesel
456.0,445.0,667,1540.0,40,8.0,3,4,0,Van,Eicher,CNG
430.0,66.0,99,2332.0,41,23.0,4,4,0,Mini Truck,Eicher,Diesel
215.0,183.0,274,2644.0,29,11.0,8,3,0,Van,Mahindra,Petrol
371.0,441.0,661,7507.0,31,7.0,5,3,0,Van,Eicher,CNG
491.0,227.0,340,4108.0,42,6.0,10,1,0,Truck,Ashok Leyland,CNG
445.0,194.0,291,7290.0,50,9.0,11,4,0,Tanker,Tata,Petrol
91.0,445.0,667,9202.0,26,1.0,7,4,0,Tanker,Ashok Leyland,Petrol
416.0,195.0,292,9356.0,35,11.0,4,1,0,Truck,Tata,CNG
423.0,194.0,291,5655.0,50,3.0,11,6,1,Truck,Ashok Leyland,CNG
587.0,227.0,340,8945.0,28,21.0,12,6,1,Van,Tata,Petrol
286.0,156.0,234,1321.0,25,17.0,3,3,0,Truck,Mahindra,Diesel
110.0,128.0,192,3205.0,45,15.0,3,1,0,Van,Eicher,CNG
440.0,53.0,79,1791.0,27,4.0,3,5,1,Tanker,Tata,Petrol
105.0,66.0,99,8879.0,46,15.0,8,6,1,Mini Truck,Eicher,CNG
325.0,277.0,415,9605.0,51,14.0,12,1,0,Mini Truck,Eicher,CNG
230.0,307.0,460,7290.0,39,17.0,8,4,0,Tanker,Tata,Petrol
287.0,485.0,727,3619.0,31,13.0,7,5,1,Van,Eicher,Petrol
303.0,172.0,258,1791.0,55,2.0,1,3,0,Tanker,Tata,Petrol
465.0,572.0,858,4582.0,39,9.0,2,1,0,Tanker,Tata,CNG
155.0,194.0,291,4399.0,39,22.0,6,0,0,Mini Truck,Tata,CNG
102.0,232.0,348,4502.0,38,3.0,12,2,0,Van,Mahindra,Diesel
420.0,264.0,396,7158.0,23,19.0,5,1,0,Truck,Ashok Leyland,Diesel
414.0,112.0,168,7439.0,51,2.0,9,5,1,Truck,Tata,CNG
343.0,61.0,91,5057.0,25,6.0,1,5,1,Van,Eicher,CNG
438.0,172.0,258,3757.0,51,14.0,10,4,0,Van,Tata,CNG
169.0,218.0,327,2643.0,27,4.0,9,0,0,Truck,Tata,Petrol
268.0,195.0,292,1604.0,50,8.0,9,6,1,Truck,Tata,Diesel
465.0,328.0,492,4582.0,30,10.0,8,0,0,Tanker,Tata,CNG
546.0,58.0,87,2271.0,29,11.0,11,6,1,Van,Mahindra,Diesel
81.0,535.0,802,3992.0,31,23.0,3,0,0,Truck,Tata,CNG
286.0,227.0,340,1791.0,58,8.0,2,0,0,Tanker,Tata,Petrol
252.0,518.0,777,4093.0,28,15.0,6,2,0,Tanker,Eicher,Petrol
558.0,555.0,832,1735.0,35,11.0,11,6,1,Mini Truck,Eicher,Diesel
364.0,387.0,580,4093.0,31,21.0,3,5,1,Tanker,Eicher,Petrol
208.0,405.0,607,7805.0,42,18.0,4,2,0,Tanker,Eicher,CNG
151.0,363.0,544,2019.0,27,4.0,9,6,1,Van,Mahindra,Diesel
225.0,232.0,348,4497.0,49,21.0,4,4,0,Tanker,Eicher,Petrol
249.0,156.0,234,4093.0,53,16.0,2,6,1,Tanker,Eicher,Petrol
69.0,44.0,66,3769.0,53,12.0,8,5,1,Truck,Eicher,Diesel
252.0,61.0,91,8073.0,31,2.0,1,1,0,Van,Ashok Leyland,Diesel
510.0,442.0,663,1735.0,42,20.0,8,2,0,Mini Truck,Eicher,Diesel
492.0,328.0,492,1540.0,50,3.0,8,0,0,Van,Eicher,CNG
403.0,216.0,324,9564.0,31,7.0,9,1,0,Mini Truck,Tata,Diesel
485.0,436.0,654,1791.0,23,16.0,7,5,1,Tanker,Tata,Petrol
92.0,172.0,258,6362.0,55,9.0,9,5,1,Mini Truck,Mahindra,Diesel
38.0,245.0,367,2541.0,41,13.0,7,3,0,Mini Truck,Mahindra,CNG
409.0,245.0,367,2643.0,50,17.0,5,4,0,Truck,Tata,Petrol
77.0,328.0,492,3146.0,25,17.0,4,6,1,Van,Ashok Leyland,Petrol
596.0,405.0,607,506.0,41,25.0,4,6,1,Mini Truck,Eicher,CNG
228.0,93.0,139,7439.0,53,12.0,12,6,1,Truck,Eicher,Petrol
390.0,61.0,91,2019.0,39,17.0,4,1,0,Van,Mahindra,Diesel
328.0,436.0,654,7092.0,24,2.0,12,2,0,Mini Truck,Eicher,Petrol
440.0,105.0,157,2332.0,48,24.0,12,5,1,Mini Truck,Eicher,Diesel
375.0,423.0,634,7439.0,39,17.0,12,1,0,Truck,Eicher,Petrol
378.0,197.0,295,4619.0,28,5.0,12,5,1,Tanker,Eicher,CNG
223.0,297.0,445,2942.0,58,19.0,4,2,0,Truck,Tata,CNG
144.0,195.0,292,4845.0,35,25.0,7,2,0,Tanker,Tata,Petrol
83.0,586.0,879,9697.0,27,4.0,3,1,0,Mini Truck,Ashok Leyland,Diesel
94.0,255.0,382,4833.0,27,4.0,9,2,0,Truck,Mahindra,Petrol
536.0,559.0,838,5942.0,29,3.0,10,3,0,Truck,Ashok Leyland,CNG
263.0,75.0,112,4845.0,33,6.0,9,5,1,Tanker,Tata,Petrol
565.0,195.0,292,2296.0,48,24.0,5,6,1,Tanker,Tata,Diesel
425.0,238.0,357,9227.0,55,9.0,2,2,0,Truck,Eicher,Diesel
209.0,194.0,291,5813.0,47,11.0,10,0,0,Mini Truck,Ashok Leyland,CNG
490.0,34.0,51,6073.0,48,2.0,12,4,0,Truck,Mahindra,CNG
395.0,554.0,831,3846.0,37,10.0,11,3,0,Tanker,Mahindra,Petrol
296.0,216.0,324,5006.0,57,14.0,2,0,0,Truck,Tata,CNG
51.0,578.0,867,4779.0,40,23.0,4,3,0,Mini Truck,Tata,Diesel
97.0,277.0,415,2179.0,48,2.0,4,2,0,Van,Ashok Leyland,CNG
449.0,27.0,40,5585.0,39,22.0,12,3,0,Truck,Ashok Leyland,CNG
546.0,485.0,727,8073.0,31,23.0,3,0,0,Van,Ashok Leyland,Diesel
124.0,269.0,403,2197.0,39,5.0,5,5,1,Truck,Mahindra,CNG
481.0,328.0,492,1735.0,49,10.0,2,4,0,Mini Truck,Eicher,Diesel
562.0,445.0,667,1257.0,52,3.0,9,2,0,Van,Ashok Leyland,Diesel
39.0,456.0,684,4066.0,55,9.0,11,4,0,Van,Ashok Leyland,Petrol
367.0,73.0,109,7805.0,46,1.0,1,1,0,Tanker,Eicher,CNG
518.0,516.0,774,1549.0,39,2.0,8,0,0,Truck,Ashok Leyland,Diesel
449.0,520.0,780,3400.0,40,23.0,3,2,0,Van,Ashok Leyland,Diesel
498.0,496.0,744,7566.0,55,4.0,8,4,0,Truck,Ashok Leyland,Petrol
385.0,247.0,370,4497.0,57,3.0,2,2,0,Tanker,Eicher,Petrol
124.0,307.0,460,2112.0,26,25.0,7,3,0,Tanker,Tata,CNG
354.0,475.0,712,2644.0,33,23.0,1,4,0,Van,Mahindra,Petrol
516.0,504.0,756,506.0,51,14.0,1,0,0,Mini Truck,Eicher,CNG
525.0,245.0,367,7072.0,22,5.0,5,5,1,Van,Tata,Petrol
594.0,363.0,544,9673.0,37,10.0,5,5,1,Van,Tata,Petrol
420.0,405.0,607,1604.0,34,16.0,8,0,0,Truck,Tata,Diesel
483.0,328.0,492,1227.0,50,17.0,9,1,0,Tanker,Ashok Leyland,Petrol
73.0,373.0,559,5064.0,49,19.0,5,5,1,Van,Eicher,Petrol
600.0,27.0,40,3846.0,31,2.0,4,4,0,Tanker,Mahindra,Petrol
62.0,24.0,36,4619.0,48,3.0,7,0,0,Tanker,Eicher,CNG
549.0,34.0,51,4001.0,49,21.0,9,4,0,Tanker,Eicher,CNG
588.0,34.0,51,7566.0,23,11.0,12,6,1,Truck,Ashok Leyland,Petrol
42.0,484.0,726,4845.0,36,20.0,8,2,0,Tanker,Tata,Petrol
597.0,504.0,756,4502.0,31,3.0,8,0,0,Van,Mahindra,Diesel
390.0,412.0,618,9564.0,39,9.0,1,3,0,Mini Truck,Tata,Diesel
115.0,509.0,763,6477.0,46,1.0,8,5,1,Tanker,Mahindra,Petrol
547.0,255.0,382,1791.0,37,10.0,6,1,0,Tanker,Tata,Petrol
171.0,44.0,66,4497.0,25,7.0,1,3,0,Tanker,Eicher,Petrol
64.0,58.0,87,1321.0,52,3.0,10,2,0,Truck,Mahindra,Diesel
156.0,34.0,51,1791.0,22,5.0,11,4,0,Tanker,Tata,Petrol
302.0,484.0,726,1460.0,28,5.0,5,3,0,Tanker,Ashok Leyland,Petrol
175.0,253.0,379,1549.0,22,5.0,7,4,0,Truck,Ashok Leyland,Diesel
166.0,66.0,99,2271.0,27,14.0,10,6,1,Van,Mahindra,Diesel
295.0,232.0,348,3757.0,33,23.0,10,3,0,Van,Tata,CNG
395.0,297.0,445,7805.0,34,16.0,6,3,0,Tanker,Eicher,CNG
485.0,194.0,291,4066.0,41,4.0,6,2,0,Van,Ashok Leyland,Petrol
256.0,34.0,51,2588.0,50,3.0,9,3,0,Mini Truck,Ashok Leyland,Petrol
431.0,194.0,291,4108.0,23,7.0,12,3,0,Truck,Ashok Leyland,CNG
58.0,496.0,744,7706.0,42,6.0,10,4,0,Tanker,Ashok Leyland,Petrol
203.0,547.0,820,4874.0,39,5.0,1,6,1,Mini Truck,Mahindra,Diesel
596.0,194.0,291,2643.0,32,6.0,2,1,0,Truck,Tata,Petrol
594.0,297.0,445,7439.0,57,14.0,12,3,0,Truck,Tata,CNG
130.0,547.0,820,2179.0,25,17.0,3,3,0,Van,Ashok Leyland,CNG
523.0,495.0,742,8979.0,45,10.0,11,3,0,Tanker,Mahindra,Petrol
82.0,277.0,415,4619.0,30,10.0,4,0,0,Tanker,Eicher,CNG
25.0,66.0,99,6073.0,51,14.0,11,2,0,Truck,Mahindra,CNG
229.0,445.0,667,4353.0,49,11.0,8,3,0,Truck,Tata,CNG
127.0,332.0,498,9697.0,39,11.0,5,3,0,Mini Truck,Ashok Leyland,Diesel
476.0,183.0,274,4446.0,25,8.0,9,3,0,Mini Truck,Ashok Leyland,Diesel
182.0,445.0,667,3146.0,44,9.0,1,0,0,Van,Ashok Leyland,Petrol
403.0,34.0,51,4152.0,26,25.0,2,2,0,Mini Truck,Mahindra,Diesel
323.0,73.0,109,4399.0,31,13.0,7,3,0,Mini Truck,Tata,CNG
488.0,402.0,603,5585.0,52,11.0,2,4,0,Truck,Ashok Leyland,CNG
174.0,24.0,36,8073.0,51,20.0,3,5,1,Van,Ashok Leyland,Diesel
298.0,441.0,661,2942.0,31,23.0,5,4,0,Truck,Tata,CNG
200.0,559.0,838,5064.0,24,15.0,3,5,1,Van,Eicher,Petrol
358.0,531.0,796,4446.0,41,25.0,11,0,0,Mini Truck,Ashok Leyland,Diesel
364.0,518.0,777,7092.0,57,3.0,10,1,0,Mini Truck,Eicher,Petrol
112.0,392.0,588,8846.0,46,4.0,7,5,1,Mini Truck,Mahindra,CNG
327.0,255.0,382,7072.0,34,24.0,2,2,0,Van,Tata,Petrol
40.0,586.0,879,4619.0,48,3.0,10,1,0,Tanker,Eicher,CNG
519.0,194.0,291,8879.0,27,14.0,11,3,0,Mini Truck,Eicher,CNG
45.0,412.0,618,4874.0,36,8.0,6,6,1,Mini Truck,Mahindra,Diesel
138.0,54.0,81,7439.0,49,11.0,8,4,0,Truck,Tata,CNG
114.0,495.0,742,2179.0,51,2.0,6,2,0,Van,Ashok Leyland,CNG
298.0,495.0,742,8846.0,58,14.0,11,5,1,Mini Truck,Mahindra,CNG
290.0,483.0,724,506.0,50,17.0,8,6,1,Mini Truck,Eicher,CNG
505.0,436.0,654,5064.0,31,23.0,12,2,0,Van,Eicher,Petrol
71.0,74.0,111,6362.0,29,10.0,6,5,1,Mini Truck,Mahindra,Diesel
107.0,547.0,820,3619.0,36,20.0,12,5,1,Van,Eicher,Petrol
302.0,168.0,252,4353.0,43,15.0,9,1,0,Truck,Tata,CNG
528.0,495.0,742,7706.0,50,3.0,8,5,1,Tanker,Ashok Leyland,Petrol
207.0,322.0,483,3992.0,37,16.0,5,1,0,Truck,Tata,CNG
77.0,247.0,370,7439.0,57,3.0,8,0,0,Truck,Eicher,Petrol
117.0,412.0,618,1549.0,23,20.0,11,3,0,Truck,Ashok Leyland,Diesel
208.0,328.0,492,4152.0,27,4.0,1,0,0,Mini Truck,Mahindra,Diesel
20.0,253.0,379,7439.0,25,8.0,5,3,0,Truck,Tata,CNG
62.0,547.0,820,4353.0,37,22.0,5,3,0,Truck,Tata,CNG
277.0,253.0,379,1151.0,36,20.0,6,5,1,Truck,Ashok Leyland,CNG
297.0,93.0,139,7507.0,27,14.0,11,4,0,Van,Eicher,CNG
85.0,227.0,340,4582.0,37,16.0,3,2,0,Tanker,Tata,CNG
54.0,273.0,409,4550.0,49,18.0,4,2,0,Tanker,Eicher,Petrol
134.0,168.0,252,3769.0,47,1.0,8,1,0,Truck,Eicher,Diesel
54.0,516.0,774,5064.0,23,19.0,3,6,1,Van,Eicher,Petrol
505.0,495.0,742,2179.0,23,16.0,8,0,0,Van,Ashok Leyland,CNG
478.0,277.0,415,4001.0,29,5.0,9,1,0,Tanker,Eicher,CNG
407.0,456.0,684,8979.0,42,18.0,5,6,1,Tanker,Mahindra,Petrol
514.0,296.0,444,3619.0,55,2.0,5,5,1,Van,Eicher,Petrol
43.0,277.0,415,7439.0,49,22.0,7,3,0,Truck,Tata,CNG
357.0,554.0,831,3757.0,29,10.0,4,2,0,Van,Tata,CNG
65.0,73.0,109,3619.0,24,2.0,1,5,1,Van,Eicher,Petrol
171.0,253.0,379,1604.0,56,15.0,10,2,0,Truck,Tata,Diesel
364.0,66.0,99,4399.0,42,6.0,2,1,0,Mini Truck,Tata,CNG
77.0,484.0,726,4573.0,58,12.0,10,6,1,Tanker,Mahindra,Diesel
582.0,264.0,396,2197.0,54,4.0,3,1,0,Truck,Mahindra,CNG
296.0,322.0,483,4066.0,51,2.0,6,0,0,Van,Ashok Leyland,Petrol
32.0,373.0,559,4497.0,51,14.0,4,0,0,Tanker,Eicher,Petrol
199.0,232.0,348,1257.0,50,7.0,9,2,0,Van,Ashok Leyland,Diesel
194.0,496.0,744,1540.0,28,5.0,10,3,0,Van,Eicher,CNG
463.0,387.0,580,2019.0,35,23.0,2,4,0,Van,Mahindra,Diesel
519.0,435.0,652,4108.0,24,2.0,4,6,1,Truck,Ashok Leyland,CNG
581.0,392.0,588,3205.0,31,13.0,7,3,0,Van,Eicher,CNG
178.0,105.0,157,2243.0,35,25.0,3,6,1,Mini Truck,Ashok Leyland,CNG
218.0,194.0,291,4497.0,37,23.0,11,1,0,Tanker,Eicher,Petrol
159.0,296.0,444,3769.0,50,17.0,12,6,1,Truck,Eicher,Diesel
462.0,245.0,367,4152.0,48,16.0,10,1,0,Mini Truck,Mahindra,Diesel
397.0,149.0,223,1227.0,35,11.0,10,1,0,Tanker,Ashok Leyland,Petrol
528.0,73.0,109,4066.0,35,11.0,1,6,1,Van,Ashok Leyland,Petrol
554.0,255.0,382,1812.0,58,12.0,9,3,0,Van,Tata,CNG
76.0,363.0,544,7439.0,49,22.0,8,5,1,Truck,Tata,CNG
347.0,194.0,291,5052.0,57,14.0,2,6,1,Van,Eicher,Petrol
302.0,363.0,544,2179.0,58,19.0,10,5,1,Van,Ashok Leyland,CNG
138.0,449.0,673,7158.0,51,14.0,3,3,0,Truck,Ashok Leyland,Diesel
300.0,172.0,258,4399.0,48,2.0,3,2,0,Mini Truck,Tata,CNG
200.0,311.0,466,5655.0,44,9.0,4,2,0,Truck,Ashok Leyland,CNG
553.0,509.0,763,2197.0,23,11.0,9,5,1,Truck,Mahindra,CNG
541.0,495.0,742,7439.0,29,11.0,12,5,1,Truck,Tata,CNG
229.0,456.0,684,3846.0,58,15.0,1,4,0,Tanker,Mahindra,Petrol
286.0,52.0,78,7507.0,37,22.0,2,4,0,Van,Eicher,CNG
512.0,572.0,858,2643.0,57,20.0,1,2,0,Truck,Tata,Petrol
433.0,194.0,291,6073.0,41,4.0,8,4,0,Truck,Mahindra,CNG
246.0,310.0,465,2243.0,53,25.0,7,1,0,Mini Truck,Ashok Leyland,CNG
87.0,54.0,81,4779.0,39,2.0,3,0,0,Mini Truck,Tata,Diesel
246.0,414.0,621,4874.0,48,18.0,8,0,0,Mini Truck,Mahindra,Diesel
267.0,105.0,157,5813.0,24,15.0,3,2,0,Mini Truck,Ashok Leyland,CNG
55.0,592.0,888,7439.0,27,4.0,8,5,1,Truck,Tata,CNG
249.0,592.0,888,7412.0,31,2.0,1,3,0,Van,Eicher,Diesel
328.0,456.0,684,2271.0,31,21.0,9,3,0,Van,Mahindra,Diesel
303.0,218.0,327,4619.0,41,4.0,2,0,0,Tanker,Eicher,CNG
71.0,445.0,667,5585.0,50,3.0,6,6,1,Truck,Ashok Leyland,CNG
302.0,53.0,79,1639.0,50,3.0,6,4,0,Mini Truck,Ashok Leyland,CNG
361.0,535.0,802,8017.0,48,3.0,7,0,0,Tanker,Eicher,CNG
428.0,322.0,483,6711.0,39,11.0,4,0,0,Van,Ashok Leyland,Petrol
284.0,495.0,742,3950.0,37,19.0,10,2,0,Mini Truck,Mahindra,CNG
319.0,363.0,544,6073.0,36,20.0,4,1,0,Truck,Mahindra,CNG
346.0,277.0,415,4093.0,45,10.0,8,2,0,Tanker,Eicher,Petrol
167.0,435.0,652,8945.0,50,25.0,2,1,0,Van,Tata,Petrol
429.0,34.0,51,4619.0,39,11.0,5,1,0,Tanker,Eicher,CNG
81.0,61.0,91,7439.0,56,2.0,9,1,0,Truck,Tata,CNG
170.0,27.0,40,3146.0,39,10.0,1,1,0,Van,Ashok Leyland,Petrol
317.0,255.0,382,7158.0,29,3.0,7,2,0,Truck,Ashok Leyland,Diesel
33.0,531.0,796,3205.0,33,23.0,5,3,0,Van,Eicher,CNG
341.0,218.0,327,3769.0,24,17.0,12,4,0,Truck,Eicher,Diesel
105.0,496.0,744,7092.0,41,4.0,7,0,0,Mini Truck,Eicher,Petrol
539.0,578.0,867,9673.0,58,12.0,10,4,0,Van,Tata,Petrol
304.0,112.0,168,1604.0,34,16.0,5,6,1,Truck,Tata,Diesel
185.0,445.0,667,8945.0,39,10.0,6,5,1,Van,Tata,Petrol
361.0,172.0,258,3992.0,36,15.0,9,0,0,Truck,Tata,CNG
68.0,586.0,879,5813.0,25,17.0,1,1,0,Mini Truck,Ashok Leyland,CNG
56.0,264.0,396,3146.0,37,8.0,2,1,0,Van,Ashok Leyland,Petrol
236.0,66.0,99,3950.0,25,8.0,1,1,0,Mini Truck,Mahindra,CNG
37.0,54.0,81,4845.0,37,16.0,4,6,1,Tanker,Tata,Petrol
415.0,564.0,846,7072.0,40,3.0,4,2,0,Van,Tata,Petrol
545.0,34.0,51,9564.0,29,10.0,1,1,0,Mini Truck,Tata,Diesel
248.0,496.0,744,5585.0,39,2.0,4,1,0,Truck,Ashok Leyland,CNG
567.0,518.0,777,7507.0,35,23.0,11,1,0,Van,Eicher,CNG
447.0,44.0,66,9400.0,36,15.0,6,3,0,Mini Truck,Ashok Leyland,Petrol
289.0,238.0,357,7092.0,54,22.0,1,2,0,Mini Truck,Eicher,Petrol
172.0,61.0,91,2179.0,44,4.0,11,5,1,Van,Ashok Leyland,CNG
545.0,58.0,87,4093.0,35,23.0,7,0,0,Tanker,Eicher,Petrol
537.0,183.0,274,2942.0,27,14.0,11,3,0,Truck,Tata,CNG
20.0,181.0,271,5585.0,23,20.0,7,3,0,Truck,Ashok Leyland,CNG
174.0,250.0,375,7290.0,42,6.0,9,5,1,Tanker,Tata,Petrol
325.0,484.0,726,3795.0,48,8.0,3,4,0,Tanker,Ashok Leyland,CNG
176.0,61.0,91,2942.0,35,11.0,2,6,1,Truck,Tata,CNG
114.0,253.0,379,7566.0,52,3.0,12,3,0,Truck,Ashok Leyland,Petrol
331.0,149.0,223,2179.0,48,7.0,8,1,0,Van,Ashok Leyland,CNG
569.0,555.0,832,1549.0,57,3.0,11,6,1,Truck,Ashok Leyland,Diesel
261.0,93.0,139,4066.0,38,9.0,6,3,0,Van,Ashok Leyland,Petrol
598.0,264.0,396,4550.0,51,20.0,3,4,0,Tanker,Eicher,Petrol
289.0,105.0,157,7290.0,48,7.0,10,1,0,Tanker,Tata,Petrol
422.0,423.0,634,2271.0,48,18.0,5,0,0,Van,Mahindra,Diesel
476.0,310.0,465,1812.0,37,22.0,8,3,0,Van,Tata,CNG
36.0,516.0,774,3950.0,37,8.0,3,4,0,Mini Truck,Mahindra,CNG
249.0,592.0,888,2197.0,35,25.0,7,6,1,Truck,Mahindra,CNG
101.0,586.0,879,6477.0,40,8.0,10,5,1,Tanker,Mahindra,Petrol
298.0,441.0,661,3992.0,36,15.0,9,0,0,Truck,Tata,CNG
536.0,273.0,409,6073.0,33,23.0,6,6,1,Truck,Mahindra,CNG
203.0,172.0,258,7566.0,36,8.0,5,6,1,Truck,Ashok Leyland,Petrol
305.0,392.0,588,4093.0,53,15.0,9,5,1,Tanker,Eicher,Petrol
74.0,402.0,603,5813.0,50,8.0,4,1,0,Mini Truck,Ashok Leyland,CNG
451.0,412.0,618,1227.0,48,16.0,1,1,0,Tanker,Ashok Leyland,Petrol
267.0,586.0,879,8846.0,37,19.0,2,2,0,Mini Truck,Mahindra,CNG
339.0,559.0,838,9697.0,48,7.0,8,2,0,Mini Truck,Ashok Leyland,Diesel
499.0,392.0,588,3205.0,44,9.0,10,0,0,Van,Eicher,CNG
255.0,75.0,112,4497.0,49,19.0,10,6,1,Tanker,Eicher,Petrol
67.0,75.0,112,9202.0,58,8.0,1,0,0,Tanker,Ashok Leyland,Petrol
283.0,128.0,192,7092.0,57,20.0,12,1,0,Mini Truck,Eicher,Petrol
145.0,195.0,292,9564.0,29,3.0,10,3,0,Mini Truck,Tata,Diesel
546.0,34.0,51,8979.0,41,4.0,8,0,0,Tanker,Mahindra,Petrol
282.0,334.0,501,1321.0,29,11.0,12,2,0,Truck,Mahindra,Diesel
80.0,250.0,375,5942.0,49,21.0,3,6,1,Truck,Ashok Leyland,CNG
384.0,578.0,867,9697.0,24,15.0,4,1,0,Mini Truck,Ashok Leyland,Diesel
362.0,197.0,295,4108.0,28,18.0,12,3,0,Truck,Ashok Leyland,CNG
554.0,61.0,91,8504.0,37,22.0,4,2,0,Van,Mahindra,CNG
400.0,34.0,51,4502.0,39,22.0,1,1,0,Van,Mahindra,Diesel
263.0,253.0,379,2643.0,48,16.0,1,4,0,Truck,Tata,Petrol
304.0,586.0,879,4582.0,55,4.0,6,5,1,Tanker,Tata,CNG
306.0,245.0,367,8945.0,58,8.0,11,6,1,Van,Tata,Petrol
452.0,555.0,832,4314.0,46,1.0,9,1,0,Van,Mahindra,Diesel
348.0,445.0,667,4497.0,36,8.0,9,3,0,Tanker,Eicher,Petrol
45.0,559.0,838,7072.0,29,3.0,7,5,1,Van,Tata,Petrol
508.0,216.0,324,4093.0,34,18.0,3,5,1,Tanker,Eicher,Petrol
561.0,373.0,559,7290.0,29,3.0,6,6,1,Tanker,Tata,Petrol
540.0,363.0,544,5052.0,23,20.0,3,6,1,Van,Eicher,Petrol
519.0,555.0,832,8017.0,39,17.0,1,3,0,Tanker,Eicher,CNG
52.0,44.0,66,1151.0,33,23.0,3,0,0,Truck,Ashok Leyland,CNG
394.0,61.0,91,4314.0,40,8.0,6,6,1,Van,Mahindra,Diesel
161.0,423.0,634,1604.0,54,4.0,4,0,0,Truck,Tata,Diesel
506.0,405.0,607,2019.0,49,21.0,9,0,0,Van,Mahindra,Diesel
271.0,373.0,559,4833.0,45,10.0,5,0,0,Truck,Mahindra,Petrol
106.0,307.0,460,1735.0,48,16.0,12,1,0,Mini Truck,Eicher,Diesel
101.0,592.0,888,1227.0,37,22.0,1,2,0,Tanker,Ashok Leyland,Petrol
249.0,218.0,327,2332.0,57,14.0,9,6,1,Mini Truck,Eicher,Diesel
105.0,307.0,460,7158.0,31,13.0,11,0,0,Truck,Ashok Leyland,Diesel
197.0,66.0,99,2035.0,29,5.0,6,4,0,Tanker,Tata,Diesel
366.0,143.0,214,4001.0,36,8.0,8,4,0,Tanker,Eicher,CNG
515.0,74.0,111,9400.0,50,7.0,10,2,0,Mini Truck,Ashok Leyland,Petrol
594.0,105.0,157,7439.0,25,17.0,8,1,0,Truck,Tata,CNG
365.0,495.0,742,6073.0,58,5.0,4,4,0,Truck,Mahindra,CNG
359.0,328.0,492,4353.0,24,2.0,6,0,0,Truck,Tata,CNG
449.0,332.0,498,9605.0,41,23.0,8,4,0,Mini Truck,Eicher,CNG
523.0,232.0,348,4446.0,48,16.0,10,1,0,Mini Truck,Ashok Leyland,Diesel
92.0,423.0,634,4502.0,50,3.0,9,5,1,Van,Mahindra,Diesel
268.0,535.0,802,3619.0,26,9.0,4,2,0,Van,Eicher,Petrol
542.0,216.0,324,6711.0,27,14.0,10,4,0,Van,Ashok Leyland,Petrol
215.0,61.0,91,4573.0,26,9.0,8,3,0,Tanker,Mahindra,Diesel
31.0,227.0,340,9400.0,55,2.0,2,6,1,Mini Truck,Ashok Leyland,Petrol
490.0,535.0,802,4353.0,23,16.0,11,3,0,Truck,Tata,CNG
136.0,412.0,618,7933.0,56,15.0,11,5,1,Mini Truck,Eicher,Diesel
46.0,414.0,621,9564.0,50,9.0,8,5,1,Mini Truck,Tata,Diesel
375.0,332.0,498,7706.0,35,11.0,2,3,0,Tanker,Ashok Leyland,Petrol
96.0,504.0,756,2643.0,41,23.0,5,6,1,Truck,Tata,Petrol
134.0,334.0,501,7933.0,37,16.0,2,3,0,Mini Truck,Eicher,Diesel
219.0,475.0,712,2588.0,50,25.0,11,4,0,Mini Truck,Ashok Leyland,Petrol
581.0,483.0,724,2179.0,29,11.0,12,2,0,Van,Ashok Leyland,CNG
489.0,520.0,780,2644.0,47,1.0,12,5,1,Van,Mahindra,Petrol
549.0,363.0,544,8979.0,41,13.0,8,2,0,Tanker,Mahindra,Petrol
545.0,483.0,724,1227.0,37,23.0,9,6,1,Tanker,Ashok Leyland,Petrol
256.0,297.0,445,4845.0,48,3.0,10,2,0,Tanker,Tata,Petrol
199.0,143.0,214,1460.0,26,9.0,7,6,1,Tanker,Ashok Leyland,Petrol
560.0,61.0,91,1812.0,34,24.0,11,1,0,Van,Tata,CNG
265.0,412.0,618,2643.0,25,6.0,11,6,1,Truck,Tata,Petrol
284.0,255.0,382,4619.0,27,14.0,2,3,0,Tanker,Eicher,CNG
276.0,44.0,66,6711.0,29,3.0,9,6,1,Van,Ashok Leyland,Petrol
486.0,227.0,340,2588.0,30,15.0,2,4,0,Mini Truck,Ashok Leyland,Petrol
332.0,496.0,744,4108.0,26,9.0,5,6,1,Truck,Ashok Leyland,CNG
147.0,296.0,444,2296.0,31,7.0,6,1,0,Tanker,Tata,Diesel
536.0,156.0,234,9605.0,58,5.0,3,3,0,Mini Truck,Eicher,CNG
121.0,445.0,667,3950.0,37,16.0,8,6,1,Mini Truck,Mahindra,CNG
338.0,128.0,192,3846.0,50,25.0,4,4,0,Tanker,Mahindra,Petrol
323.0,405.0,607,506.0,48,16.0,5,4,0,Mini Truck,Eicher,CNG
292.0,441.0,661,4314.0,55,2.0,6,3,0,Van,Mahindra,Diesel
173.0,277.0,415,7566.0,39,10.0,9,4,0,Truck,Ashok Leyland,Petrol
47.0,277.0,415,3205.0,27,14.0,2,1,0,Van,Eicher,CNG
182.0,363.0,544,5064.0,27,4.0,7,1,0,Van,Eicher,Petrol
514.0,414.0,621,4353.0,39,9.0,12,0,0,Truck,Tata,CNG
570.0,194.0,291,4502.0,28,18.0,6,5,1,Van,Mahindra,Diesel
201.0,181.0,271,5813.0,26,1.0,5,2,0,Mini Truck,Ashok Leyland,CNG
20.0,435.0,652,7290.0,48,3.0,3,2,0,Tanker,Tata,Petrol
516.0,172.0,258,9697.0,25,7.0,6,0,0,Mini Truck,Ashok Leyland,Diesel
364.0,442.0,663,9227.0,58,14.0,1,2,0,Truck,Eicher,Diesel
302.0,311.0,466,2112.0,36,15.0,5,4,0,Tanker,Tata,CNG
351.0,229.0,343,3205.0,41,4.0,11,5,1,Van,Eicher,CNG
341.0,475.0,712,7619.0,36,20.0,12,4,0,Mini Truck,Tata,Diesel
221.0,586.0,879,2332.0,35,23.0,2,4,0,Mini Truck,Eicher,Diesel
58.0,66.0,99,7566.0,29,10.0,12,6,1,Truck,Ashok Leyland,Petrol
333.0,105.0,157,2243.0,31,21.0,10,3,0,Mini Truck,Ashok Leyland,CNG
282.0,172.0,258,7072.0,58,14.0,6,1,0,Van,Tata,Petrol
527.0,311.0,466,2296.0,30,15.0,12,1,0,Tanker,Tata,Diesel
429.0,445.0,667,8879.0,50,25.0,3,6,1,Mini Truck,Eicher,CNG
113.0,352.0,528,5006.0,33,6.0,11,3,0,Truck,Tata,CNG
499.0,483.0,724,3769.0,35,11.0,7,5,1,Truck,Eicher,Diesel
368.0,485.0,727,9673.0,26,1.0,8,0,0,Van,Tata,Petrol
564.0,66.0,99,2035.0,53,1.0,9,1,0,Tanker,Tata,Diesel
203.0,143.0,214,1257.0,31,7.0,10,1,0,Van,Ashok Leyland,Diesel
244.0,456.0,684,5942.0,28,5.0,10,6,1,Truck,Ashok Leyland,CNG
436.0,495.0,742,4573.0,23,20.0,3,0,0,Tanker,Mahindra,Diesel
106.0,238.0,357,3795.0,23,20.0,10,0,0,Tanker,Ashok Leyland,CNG
486.0,168.0,252,2667.0,27,14.0,5,6,1,Tanker,Ashok Leyland,CNG
469.0,496.0,744,4446.0,24,15.0,12,2,0,Mini Truck,Ashok Leyland,Diesel
191.0,449.0,673,3400.0,57,14.0,3,5,1,Van,Ashok Leyland,Diesel
448.0,586.0,879,2243.0,29,3.0,12,1,0,Mini Truck,Ashok Leyland,CNG
156.0,509.0,763,7092.0,37,23.0,1,0,0,Mini Truck,Eicher,Petrol
159.0,172.0,258,4619.0,33,20.0,9,2,0,Tanker,Eicher,CNG
254.0,547.0,820,4779.0,25,8.0,11,0,0,Mini Truck,Tata,Diesel
164.0,25.0,37,4085.0,37,16.0,6,6,1,Truck,Tata,Petrol
113.0,172.0,258,4573.0,53,16.0,6,4,0,Tanker,Mahindra,Diesel
562.0,392.0,588,4152.0,29,10.0,6,2,0,Mini Truck,Mahindra,Diesel
58.0,334.0,501,7158.0,40,8.0,12,2,0,Truck,Ashok Leyland,Diesel
215.0,586.0,879,1604.0,42,6.0,2,6,1,Truck,Tata,Diesel
171.0,518.0,777,1639.0,40,8.0,4,0,0,Mini Truck,Ashok Leyland,CNG
305.0,495.0,742,4066.0,40,25.0,11,6,1,Van,Ashok Leyland,Petrol
130.0,218.0,327,9227.0,25,6.0,7,1,0,Truck,Eicher,Diesel
234.0,442.0,663,6477.0,28,5.0,5,2,0,Tanker,Mahindra,Petrol
321.0,197.0,295,4874.0,56,15.0,2,6,1,Mini Truck,Mahindra,Diesel
524.0,277.0,415,9227.0,51,2.0,4,5,1,Truck,Eicher,Diesel
74.0,564.0,846,7619.0,36,8.0,7,3,0,Mini Truck,Tata,Diesel
443.0,181.0,271,9202.0,49,10.0,8,0,0,Tanker,Ashok Leyland,Petrol
481.0,227.0,340,3400.0,29,11.0,3,0,0,Van,Ashok Leyland,Diesel
213.0,66.0,99,4502.0,39,2.0,2,4,0,Van,Mahindra,Diesel
500.0,227.0,340,2197.0,29,3.0,1,4,0,Truck,Mahindra,CNG
368.0,332.0,498,2644.0,57,14.0,8,1,0,Van,Mahindra,Petrol
247.0,255.0,382,7439.0,29,10.0,11,3,0,Truck,Tata,CNG
282.0,535.0,802,1540.0,53,25.0,6,2,0,Van,Eicher,CNG
333.0,555.0,832,4619.0,49,8.0,12,3,0,Tanker,Eicher,CNG
487.0,75.0,112,5585.0,52,13.0,9,0,0,Truck,Ashok Leyland,CNG
315.0,328.0,492,3146.0,33,6.0,5,5,1,Van,Ashok Leyland,Petrol
525.0,269.0,403,4779.0,53,15.0,3,2,0,Mini Truck,Tata,Diesel
579.0,520.0,780,4446.0,22,15.0,3,5,1,Mini Truck,Ashok Leyland,Diesel
168.0,332.0,498,9605.0,39,2.0,4,6,1,Mini Truck,Eicher,CNG
458.0,496.0,744,8504.0,22,15.0,1,6,1,Van,Mahindra,CNG
112.0,264.0,396,3769.0,50,3.0,9,6,1,Truck,Eicher,Diesel
28.0,578.0,867,2643.0,35,23.0,2,4,0,Truck,Tata,Petrol
373.0,247.0,370,1227.0,33,23.0,8,1,0,Tanker,Ashok Leyland,Petrol
237.0,518.0,777,4497.0,57,3.0,8,1,0,Tanker,Eicher,Petrol
231.0,307.0,460,9400.0,48,3.0,5,1,0,Mini Truck,Ashok Leyland,Petrol
292.0,296.0,444,8504.0,48,24.0,8,4,0,Van,Mahindra,CNG
449.0,484.0,726,2019.0,56,2.0,7,6,1,Van,Mahindra,Diesel
278.0,435.0,652,4502.0,27,4.0,4,6,1,Van,Mahindra,Diesel
598.0,435.0,652,2588.0,52,3.0,10,5,1,Mini Truck,Ashok Leyland,Petrol
587.0,75.0,112,1735.0,53,16.0,9,5,1,Mini Truck,Eicher,Diesel
594.0,322.0,483,7439.0,39,17.0,11,3,0,Truck,Eicher,Petrol
591.0,456.0,684,9564.0,24,15.0,10,1,0,Mini Truck,Tata,Diesel
310.0,34.0,51,4502.0,48,24.0,10,2,0,Van,Mahindra,Diesel
72.0,484.0,726,3146.0,52,11.0,6,1,0,Van,Ashok Leyland,Petrol
321.0,332.0,498,9400.0,33,23.0,1,3,0,Mini Truck,Ashok Leyland,Petrol
214.0,232.0,348,2588.0,58,19.0,5,1,0,Mini Truck,Ashok Leyland,Petrol
182.0,445.0,667,5779.0,47,11.0,11,0,0,Mini Truck,Ashok Leyland,Petrol
483.0,216.0,324,7439.0,40,23.0,1,0,0,Truck,Eicher,Petrol
550.0,149.0,223,8879.0,44,9.0,7,0,0,Mini Truck,Eicher,CNG
522.0,229.0,343,3757.0,31,3.0,11,0,0,Van,Tata,CNG
516.0,296.0,444,1639.0,50,25.0,1,6,1,Mini Truck,Ashok Leyland,CNG
438.0,392.0,588,4573.0,23,16.0,1,4,0,Tanker,Mahindra,Diesel
377.0,297.0,445,8846.0,50,3.0,11,5,1,Mini Truck,Mahindra,CNG
130.0,554.0,831,2112.0,58,8.0,5,5,1,Tanker,Tata,CNG
487.0,61.0,91,4874.0,49,22.0,9,1,0,Mini Truck,Mahindra,Diesel
423.0,172.0,258,1460.0,36,15.0,6,5,1,Tanker,Ashok Leyland,Petrol
414.0,328.0,492,3992.0,23,19.0,10,6,1,Truck,Tata,CNG
350.0,310.0,465,2179.0,42,18.0,7,1,0,Van,Ashok Leyland,CNG
343.0,54.0,81,1791.0,42,6.0,6,5,1,Tanker,Tata,Petrol
209.0,564.0,846,2019.0,39,5.0,5,3,0,Van,Mahindra,Diesel
140.0,172.0,258,4502.0,22,5.0,2,0,0,Van,Mahindra,Diesel
116.0,483.0,724,2112.0,52,11.0,12,1,0,Tanker,Tata,CNG
416.0,504.0,756,7412.0,48,18.0,8,6,1,Van,Eicher,Diesel
408.0,194.0,291,3795.0,53,15.0,9,2,0,Tanker,Ashok Leyland,CNG
74.0,24.0,36,2667.0,31,23.0,2,4,0,Tanker,Ashok Leyland,CNG
404.0,414.0,621,7290.0,51,14.0,6,6,1,Tanker,Tata,Petrol
132.0,520.0,780,3769.0,48,3.0,3,4,0,Truck,Eicher,Diesel
548.0,435.0,652,6073.0,50,25.0,6,6,1,Truck,Mahindra,CNG
565.0,232.0,348,1321.0,22,15.0,9,2,0,Truck,Mahindra,Diesel
113.0,518.0,777,1604.0,45,15.0,11,0,0,Truck,Tata,Diesel
327.0,34.0,51,8945.0,35,25.0,11,3,0,Van,Tata,Petrol
513.0,112.0,168,7439.0,41,13.0,4,3,0,Truck,Eicher,Petrol
425.0,387.0,580,9202.0,45,15.0,5,1,0,Tanker,Ashok Leyland,Petrol
40.0,363.0,544,4066.0,49,22.0,11,3,0,Van,Ashok Leyland,Petrol
412.0,310.0,465,4446.0,41,23.0,11,0,0,Mini Truck,Ashok Leyland,Diesel
84.0,518.0,777,8504.0,41,4.0,1,0,0,Van,Mahindra,CNG
274.0,253.0,379,8073.0,55,4.0,5,4,0,Van,Ashok Leyland,Diesel
73.0,93.0,139,6362.0,46,4.0,3,4,0,Mini Truck,Mahindra,Diesel
282.0,75.0,112,3846.0,30,15.0,11,6,1,Tanker,Mahindra,Petrol
112.0,277.0,415,7619.0,37,8.0,1,6,1,Mini Truck,Tata,Diesel
273.0,495.0,742,7439.0,39,5.0,4,1,0,Truck,Tata,CNG
299.0,531.0,796,4550.0,27,14.0,4,2,0,Tanker,Eicher,Petrol
167.0,516.0,774,6711.0,27,4.0,2,3,0,Van,Ashok Leyland,Petrol
523.0,253.0,379,1549.0,49,18.0,4,6,1,Truck,Ashok Leyland,Diesel
524.0,58.0,87,9356.0,55,9.0,7,5,1,Truck,Tata,CNG
545.0,247.0,370,4833.0,39,11.0,3,0,0,Truck,Mahindra,Petrol
304.0,264.0,396,2643.0,35,23.0,7,1,0,Truck,Tata,Petrol
593.0,149.0,223,1460.0,52,14.0,8,1,0,Tanker,Ashok Leyland,Petrol
140.0,509.0,763,9400.0,50,9.0,9,1,0,Mini Truck,Ashok Leyland,Petrol
303.0,504.0,756,5006.0,26,9.0,10,5,1,Truck,Tata,CNG
83.0,442.0,663,8017.0,36,8.0,4,3,0,Tanker,Eicher,CNG
290.0,25.0,37,7092.0,25,8.0,9,5,1,Mini Truck,Eicher,Petrol
554.0,218.0,327,4874.0,41,25.0,4,5,1,Mini Truck,Mahindra,Diesel
319.0,197.0,295,4314.0,36,15.0,1,4,0,Van,Mahindra,Diesel
327.0,156.0,234,7092.0,23,7.0,4,5,1,Mini Truck,Eicher,Petrol
406.0,311.0,466,1791.0,49,19.0,3,0,0,Tanker,Tata,Petrol
228.0,592.0,888,4497.0,31,7.0,12,1,0,Tanker,Eicher,Petrol
428.0,483.0,724,7706.0,50,17.0,5,2,0,Tanker,Ashok Leyland,Petrol
563.0,586.0,879,506.0,37,10.0,12,2,0,Mini Truck,Eicher,CNG
345.0,75.0,112,4446.0,48,24.0,9,5,1,Mini Truck,Ashok Leyland,Diesel
507.0,332.0,498,5057.0,56,15.0,1,4,0,Van,Eicher,CNG
495.0,445.0,667,4573.0,28,18.0,11,2,0,Tanker,Mahindra,Diesel
398.0,93.0,139,5052.0,47,1.0,8,2,0,Van,Eicher,Petrol
415.0,247.0,370,1227.0,36,8.0,3,2,0,Tanker,Ashok Leyland,Petrol
317.0,405.0,607,9202.0,26,9.0,7,0,0,Tanker,Ashok Leyland,Petrol
435.0,232.0,348,4446.0,29,10.0,2,1,0,Mini Truck,Ashok Leyland,Diesel
262.0,255.0,382,1639.0,32,6.0,7,4,0,Mini Truck,Ashok Leyland,CNG
123.0,504.0,756,5006.0,57,22.0,8,4,0,Truck,Tata,CNG
522.0,509.0,763,2644.0,39,9.0,12,4,0,Van,Mahindra,Petrol
534.0,578.0,867,2588.0,37,22.0,3,0,0,Mini Truck,Ashok Leyland,Petrol
121.0,509.0,763,4353.0,27,14.0,5,0,0,Truck,Tata,CNG
332.0,586.0,879,9356.0,49,22.0,8,6,1,Truck,Tata,CNG
297.0,273.0,409,9356.0,54,22.0,7,1,0,Truck,Tata,CNG
141.0,53.0,79,4874.0,28,21.0,11,4,0,Mini Truck,Mahindra,Diesel
320.0,509.0,763,1639.0,31,3.0,5,4,0,Mini Truck,Ashok Leyland,CNG
155.0,58.0,87,1227.0,31,7.0,7,2,0,Tanker,Ashok Leyland,Petrol
180.0,181.0,271,9697.0,49,8.0,4,6,1,Mini Truck,Ashok Leyland,Diesel
536.0,456.0,684,7072.0,42,20.0,11,4,0,Van,Tata,Petrol
259.0,269.0,403,652.0,50,8.0,5,1,0,Tanker,Mahindra,Diesel
236.0,232.0,348,8846.0,29,3.0,4,1,0,Mini Truck,Mahindra,CNG
468.0,117.0,175,2019.0,48,18.0,4,5,1,Van,Mahindra,Diesel
87.0,297.0,445,6477.0,47,17.0,1,4,0,Tanker,Mahindra,Petrol
484.0,253.0,379,8979.0,27,4.0,8,4,0,Tanker,Mahindra,Petrol
555.0,456.0,684,1540.0,49,8.0,4,1,0,Van,Eicher,CNG
410.0,504.0,756,2541.0,35,25.0,8,2,0,Mini Truck,Mahindra,CNG
233.0,555.0,832,1639.0,44,4.0,11,0,0,Mini Truck,Ashok Leyland,CNG
73.0,216.0,324,9697.0,24,2.0,4,6,1,Mini Truck,Ashok Leyland,Diesel
435.0,194.0,291,2296.0,25,17.0,10,3,0,Tanker,Tata,Diesel
319.0,273.0,409,1791.0,29,11.0,12,1,0,Tanker,Tata,Petrol
551.0,509.0,763,6073.0,48,16.0,9,0,0,Truck,Mahindra,CNG
545.0,245.0,367,5942.0,31,23.0,4,2,0,Truck,Ashok Leyland,CNG
188.0,435.0,652,3846.0,45,10.0,10,2,0,Tanker,Mahindra,Petrol
408.0,322.0,483,2667.0,48,8.0,12,5,1,Tanker,Ashok Leyland,CNG
357.0,495.0,742,4152.0,49,19.0,9,2,0,Mini Truck,Mahindra,Diesel
554.0,554.0,831,3400.0,50,9.0,6,0,0,Van,Ashok Leyland,Diesel
293.0,27.0,40,2296.0,49,8.0,8,1,0,Tanker,Tata,Diesel
328.0,504.0,756,6477.0,26,14.0,3,6,1,Tanker,Mahindra,Petrol
599.0,441.0,661,7092.0,55,2.0,8,2,0,Mini Truck,Eicher,Petrol
579.0,229.0,343,2197.0,48,8.0,12,2,0,Truck,Mahindra,CNG
228.0,216.0,324,9673.0,49,11.0,1,2,0,Van,Tata,Petrol
469.0,66.0,99,5052.0,24,15.0,12,3,0,Van,Eicher,Petrol
533.0,520.0,780,6711.0,40,8.0,6,2,0,Van,Ashok Leyland,Petrol
377.0,255.0,382,4446.0,40,23.0,5,3,0,Mini Truck,Ashok Leyland,Diesel
323.0,250.0,375,4314.0,46,15.0,12,0,0,Van,Mahindra,Diesel
408.0,117.0,175,2588.0,48,16.0,6,4,0,Mini Truck,Ashok Leyland,Petrol
543.0,442.0,663,1549.0,49,19.0,1,2,0,Truck,Ashok Leyland,Diesel
343.0,264.0,396,9697.0,40,25.0,9,5,1,Mini Truck,Ashok Leyland,Diesel
310.0,296.0,444,1151.0,39,10.0,6,6,1,Truck,Ashok Leyland,CNG
521.0,485.0,727,1604.0,48,18.0,1,6,1,Truck,Tata,Diesel
251.0,247.0,370,2296.0,39,22.0,5,2,0,Tanker,Tata,Diesel
410.0,564.0,846,7805.0,31,23.0,5,3,0,Tanker,Eicher,CNG
394.0,34.0,51,4085.0,49,8.0,4,6,1,Truck,Tata,Petrol
190.0,559.0,838,4001.0,53,15.0,2,6,1,Tanker,Eicher,CNG
343.0,504.0,756,4550.0,48,16.0,9,2,0,Tanker,Eicher,Petrol
332.0,485.0,727,1604.0,26,1.0,5,3,0,Truck,Tata,Diesel
463.0,227.0,340,5655.0,27,14.0,9,1,0,Truck,Ashok Leyland,CNG
529.0,297.0,445,4582.0,24,15.0,7,2,0,Tanker,Tata,CNG
80.0,34.0,51,2588.0,42,20.0,7,6,1,Mini Truck,Ashok Leyland,Petrol
523.0,412.0,618,2296.0,33,23.0,3,6,1,Tanker,Tata,Diesel
258.0,112.0,168,7933.0,29,3.0,12,2,0,Mini Truck,Eicher,Diesel
45.0,547.0,820,2332.0,31,21.0,9,1,0,Mini Truck,Eicher,Diesel
354.0,172.0,258,2197.0,53,12.0,10,1,0,Truck,Mahindra,CNG
472.0,535.0,802,5064.0,56,2.0,3,2,0,Van,Eicher,Petrol
57.0,495.0,742,4093.0,48,8.0,4,2,0,Tanker,Eicher,Petrol
342.0,247.0,370,9564.0,51,20.0,6,6,1,Mini Truck,Tata,Diesel
466.0,143.0,214,652.0,27,14.0,6,2,0,Tanker,Mahindra,Diesel
441.0,518.0,777,6477.0,56,15.0,11,4,0,Tanker,Mahindra,Petrol
124.0,73.0,109,3950.0,35,15.0,7,3,0,Mini Truck,Mahindra,CNG
244.0,195.0,292,5057.0,58,15.0,9,5,1,Van,Eicher,CNG
114.0,54.0,81,4497.0,44,4.0,10,3,0,Tanker,Eicher,Petrol
305.0,311.0,466,2179.0,42,6.0,1,6,1,Van,Ashok Leyland,CNG
211.0,44.0,66,506.0,39,11.0,7,5,1,Mini Truck,Eicher,CNG
500.0,168.0,252,6477.0,52,11.0,11,3,0,Tanker,Mahindra,Petrol
126.0,592.0,888,5813.0,50,25.0,7,4,0,Mini Truck,Ashok Leyland,CNG
495.0,352.0,528,3992.0,27,9.0,3,4,0,Truck,Tata,CNG
347.0,412.0,618,4582.0,27,14.0,5,6,1,Tanker,Tata,CNG
216.0,402.0,603,4874.0,24,15.0,3,1,0,Mini Truck,Mahindra,Diesel
107.0,412.0,618,4399.0,27,14.0,7,5,1,Mini Truck,Tata,CNG
525.0,495.0,742,3205.0,35,11.0,11,2,0,Van,Eicher,CNG
172.0,44.0,66,2541.0,23,11.0,4,2,0,Mini Truck,Mahindra,CNG
140.0,105.0,157,1735.0,37,22.0,9,6,1,Mini Truck,Eicher,Diesel
403.0,255.0,382,2296.0,37,23.0,5,4,0,Tanker,Tata,Diesel
221.0,197.0,295,4833.0,42,6.0,1,0,0,Truck,Mahindra,Petrol
114.0,229.0,343,4446.0,27,14.0,9,5,1,Mini Truck,Ashok Leyland,Diesel
360.0,504.0,756,4314.0,42,18.0,8,4,0,Van,Mahindra,Diesel
307.0,504.0,756,3992.0,56,2.0,11,3,0,Truck,Tata,CNG
161.0,307.0,460,5942.0,58,14.0,10,0,0,Truck,Ashok Leyland,CNG
71.0,392.0,588,4845.0,34,16.0,7,4,0,Tanker,Tata,Petrol
386.0,54.0,81,1639.0,50,8.0,5,0,0,Mini Truck,Ashok Leyland,CNG
366.0,572.0,858,4845.0,29,5.0,10,1,0,Tanker,Tata,Petrol
546.0,436.0,654,6711.0,49,19.0,8,3,0,Van,Ashok Leyland,Petrol
286.0,518.0,777,1540.0,58,14.0,11,5,1,Van,Eicher,CNG
470.0,328.0,492,1812.0,35,25.0,4,4,0,Van,Tata,CNG
39.0,172.0,258,6362.0,55,2.0,8,6,1,Mini Truck,Mahindra,Diesel
368.0,559.0,838,8504.0,49,8.0,6,4,0,Van,Mahindra,CNG
311.0,445.0,667,2541.0,57,22.0,6,1,0,Mini Truck,Mahindra,CNG
117.0,27.0,40,5057.0,23,19.0,5,4,0,Van,Eicher,CNG
595.0,363.0,544,1460.0,24,2.0,10,0,0,Tanker,Ashok Leyland,Petrol
516.0,484.0,726,4833.0,22,15.0,7,3,0,Truck,Mahindra,Petrol
449.0,273.0,409,5057.0,28,5.0,7,1,0,Van,Eicher,CNG
429.0,229.0,343,5052.0,58,5.0,5,2,0,Van,Eicher,Petrol
286.0,255.0,382,4399.0,53,1.0,11,2,0,Mini Truck,Tata,CNG
85.0,516.0,774,6711.0,27,4.0,7,0,0,Van,Ashok Leyland,Petrol
447.0,334.0,501,1639.0,24,17.0,11,4,0,Mini Truck,Ashok Leyland,CNG
202.0,194.0,291,7439.0,31,7.0,8,0,0,Truck,Eicher,Petrol
29.0,297.0,445,4502.0,39,11.0,8,3,0,Van,Mahindra,Diesel
361.0,245.0,367,1639.0,50,25.0,3,1,0,Mini Truck,Ashok Leyland,CNG
191.0,25.0,37,1639.0,39,5.0,4,1,0,Mini Truck,Ashok Leyland,CNG
290.0,143.0,214,7507.0,22,15.0,5,1,0,Van,Eicher,CNG
537.0,253.0,379,5942.0,26,25.0,10,2,0,Truck,Ashok Leyland,CNG
141.0,52.0,78,4314.0,58,8.0,1,2,0,Van,Mahindra,Diesel
455.0,61.0,91,1791.0,52,3.0,3,5,1,Tanker,Tata,Petrol
576.0,93.0,139,3146.0,41,23.0,5,5,1,Van,Ashok Leyland,Petrol
54.0,25.0,37,1735.0,26,9.0,10,2,0,Mini Truck,Eicher,Diesel
200.0,449.0,673,4497.0,24,15.0,10,5,1,Tanker,Eicher,Petrol
105.0,475.0,712,3757.0,37,10.0,12,4,0,Van,Tata,CNG
169.0,572.0,858,1735.0,36,15.0,10,2,0,Mini Truck,Eicher,Diesel
399.0,54.0,81,7072.0,25,6.0,4,0,0,Van,Tata,Petrol
385.0,586.0,879,4845.0,39,22.0,10,1,0,Tanker,Tata,Petrol
497.0,24.0,36,2296.0,37,8.0,4,1,0,Tanker,Tata,Diesel
600.0,311.0,466,4085.0,58,5.0,12,4,0,Truck,Tata,Petrol
530.0,373.0,559,5006.0,41,4.0,10,6,1,Truck,Tata,CNG
109.0,73.0,109,2296.0,25,17.0,10,2,0,Tanker,Tata,Diesel
249.0,75.0,112,1151.0,29,3.0,9,3,0,Truck,Ashok Leyland,CNG
333.0,554.0,831,8945.0,29,3.0,5,3,0,Van,Tata,Petrol
337.0,518.0,777,7933.0,50,7.0,5,2,0,Mini Truck,Eicher,Diesel
159.0,572.0,858,7290.0,54,4.0,1,5,1,Tanker,Tata,Petrol
583.0,483.0,724,4446.0,48,7.0,6,5,1,Mini Truck,Ashok Leyland,Diesel
592.0,74.0,111,7507.0,56,2.0,5,4,0,Van,Eicher,CNG
48.0,232.0,348,5064.0,31,7.0,11,6,1,Van,Eicher,Petrol
59.0,238.0,357,1460.0,44,4.0,4,2,0,Tanker,Ashok Leyland,Petrol
398.0,58.0,87,5779.0,58,14.0,2,2,0,Mini Truck,Ashok Leyland,Petrol
335.0,310.0,465,4399.0,35,23.0,3,4,0,Mini Truck,Tata,CNG
277.0,245.0,367,2197.0,50,3.0,2,4,0,Truck,Mahindra,CNG
118.0,297.0,445,4446.0,50,9.0,8,5,1,Mini Truck,Ashok Leyland,Diesel
503.0,352.0,528,2588.0,29,5.0,9,0,0,Mini Truck,Ashok Leyland,Petrol
286.0,168.0,252,652.0,35,15.0,1,2,0,Tanker,Mahindra,Diesel
146.0,435.0,652,3950.0,54,4.0,4,3,0,Mini Truck,Mahindra,CNG
461.0,227.0,340,3795.0,22,5.0,12,2,0,Tanker,Ashok Leyland,CNG
371.0,373.0,559,4152.0,41,23.0,10,5,1,Mini Truck,Mahindra,Diesel
223.0,435.0,652,3757.0,43,15.0,9,1,0,Van,Tata,CNG
449.0,149.0,223,8073.0,36,15.0,3,3,0,Van,Ashok Leyland,Diesel
129.0,117.0,175,9227.0,36,8.0,12,1,0,Truck,Eicher,Diesel
98.0,253.0,379,2644.0,35,25.0,5,2,0,Van,Mahindra,Petrol
415.0,238.0,357,5064.0,50,17.0,6,6,1,Van,Eicher,Petrol
404.0,520.0,780,9564.0,30,10.0,6,5,1,Mini Truck,Tata,Diesel
33.0,195.0,292,9605.0,37,19.0,4,4,0,Mini Truck,Eicher,CNG
44.0,414.0,621,7933.0,46,15.0,10,1,0,Mini Truck,Eicher,Diesel
42.0,75.0,112,4001.0,33,6.0,3,0,0,Tanker,Eicher,CNG
363.0,75.0,112,1227.0,31,3.0,10,2,0,Tanker,Ashok Leyland,Petrol
50.0,334.0,501,7933.0,40,8.0,4,4,0,Mini Truck,Eicher,Diesel
42.0,61.0,91,3400.0,24,15.0,11,5,1,Van,Ashok Leyland,Diesel
505.0,34.0,51,1151.0,34,24.0,12,0,0,Truck,Ashok Leyland,CNG
273.0,392.0,588,4874.0,48,16.0,8,6,1,Mini Truck,Mahindra,Diesel
539.0,143.0,214,9400.0,58,8.0,4,6,1,Mini Truck,Ashok Leyland,Petrol
293.0,441.0,661,4874.0,25,8.0,2,5,1,Mini Truck,Mahindra,Diesel
222.0,297.0,445,7619.0,22,15.0,3,0,0,Mini Truck,Tata,Diesel
118.0,66.0,99,6711.0,24,15.0,11,1,0,Van,Ashok Leyland,Petrol
576.0,414.0,621,5655.0,57,22.0,7,2,0,Truck,Ashok Leyland,CNG
31.0,117.0,175,3400.0,48,18.0,4,5,1,Van,Ashok Leyland,Diesel
46.0,484.0,726,1549.0,58,19.0,10,0,0,Truck,Ashok Leyland,Diesel
424.0,509.0,763,4582.0,42,6.0,11,3,0,Tanker,Tata,CNG
389.0,495.0,742,9605.0,45,10.0,1,5,1,Mini Truck,Eicher,CNG
101.0,168.0,252,4152.0,35,23.0,1,6,1,Mini Truck,Mahindra,Diesel
372.0,66.0,99,4833.0,24,15.0,11,6,1,Truck,Mahindra,Petrol
99.0,531.0,796,1791.0,27,4.0,5,5,1,Tanker,Tata,Petrol
581.0,435.0,652,1321.0,50,7.0,8,4,0,Truck,Mahindra,Diesel
142.0,255.0,382,8846.0,27,4.0,11,5,1,Mini Truck,Mahindra,CNG
510.0,277.0,415,8846.0,28,18.0,7,4,0,Mini Truck,Mahindra,CNG
416.0,402.0,603,2541.0,55,9.0,1,6,1,Mini Truck,Mahindra,CNG
584.0,322.0,483,7412.0,54,4.0,5,0,0,Van,Eicher,Diesel
308.0,172.0,258,7439.0,50,7.0,8,2,0,Truck,Eicher,Petrol
420.0,277.0,415,1639.0,48,8.0,12,4,0,Mini Truck,Ashok Leyland,CNG
417.0,34.0,51,5064.0,27,9.0,5,3,0,Van,Eicher,Petrol
197.0,75.0,112,8979.0,40,23.0,11,3,0,Tanker,Mahindra,Petrol
366.0,53.0,79,1639.0,27,9.0,5,6,1,Mini Truck,Ashok Leyland,CNG
209.0,520.0,780,2179.0,24,2.0,1,6,1,Van,Ashok Leyland,CNG
210.0,216.0,324,3146.0,27,9.0,12,5,1,Van,Ashok Leyland,Petrol
596.0,172.0,258,4497.0,30,10.0,12,4,0,Tanker,Eicher,Petrol
549.0,518.0,777,2541.0,29,3.0,11,3,0,Mini Truck,Mahindra,CNG
197.0,531.0,796,2019.0,40,8.0,11,3,0,Van,Mahindra,Diesel
289.0,436.0,654,4874.0,50,3.0,12,1,0,Mini Truck,Mahindra,Diesel
553.0,495.0,742,8073.0,46,4.0,11,0,0,Van,Ashok Leyland,Diesel
247.0,273.0,409,7092.0,53,1.0,6,5,1,Mini Truck,Eicher,Petrol
270.0,442.0,663,3619.0,50,9.0,9,5,1,Van,Eicher,Petrol
570.0,58.0,87,7439.0,52,11.0,9,1,0,Truck,Eicher,Petrol
494.0,392.0,588,506.0,23,16.0,6,0,0,Mini Truck,Eicher,CNG
417.0,194.0,291,4001.0,25,6.0,4,0,0,Tanker,Eicher,CNG
329.0,520.0,780,2035.0,45,15.0,8,3,0,Tanker,Tata,Diesel
372.0,232.0,348,3619.0,25,17.0,1,6,1,Van,Eicher,Petrol
293.0,475.0,712,2541.0,52,3.0,6,2,0,Mini Truck,Mahindra,CNG
551.0,496.0,744,5064.0,30,10.0,4,3,0,Van,Eicher,Petrol
348.0,441.0,661,4582.0,23,11.0,2,0,0,Tanker,Tata,CNG
516.0,435.0,652,4399.0,49,18.0,7,2,0,Mini Truck,Tata,CNG
69.0,405.0,607,5779.0,51,14.0,10,4,0,Mini Truck,Ashok Leyland,Petrol
497.0,273.0,409,2942.0,37,16.0,2,1,0,Truck,Tata,CNG
463.0,277.0,415,1257.0,31,23.0,9,1,0,Van,Ashok Leyland,Diesel
313.0,328.0,492,2644.0,27,9.0,2,4,0,Van,Mahindra,Petrol
579.0,27.0,40,3757.0,41,13.0,3,2,0,Van,Tata,CNG
343.0,34.0,51,5006.0,46,18.0,6,2,0,Truck,Tata,CNG
477.0,149.0,223,4573.0,42,6.0,1,0,0,Tanker,Mahindra,Diesel
189.0,24.0,36,2179.0,39,22.0,4,6,1,Van,Ashok Leyland,CNG
155.0,402.0,603,2296.0,46,18.0,2,1,0,Tanker,Tata,Diesel
22.0,269.0,403,7158.0,36,8.0,1,3,0,Truck,Ashok Leyland,Diesel
402.0,277.0,415,9356.0,34,16.0,6,5,1,Truck,Tata,CNG
534.0,535.0,802,1227.0,52,13.0,6,3,0,Tanker,Ashok Leyland,Petrol
127.0,456.0,684,2942.0,50,25.0,2,0,0,Truck,Tata,CNG
238.0,250.0,375,4085.0,40,3.0,7,3,0,Truck,Tata,Petrol
363.0,73.0,109,5064.0,48,3.0,9,2,0,Van,Eicher,Petrol
588.0,586.0,879,1604.0,39,9.0,11,4,0,Truck,Tata,Diesel
494.0,516.0,774,7092.0,56,15.0,11,6,1,Mini Truck,Eicher,Petrol
543.0,255.0,382,2179.0,39,17.0,4,6,1,Van,Ashok Leyland,CNG
362.0,435.0,652,7290.0,48,18.0,7,3,0,Tanker,Tata,Petrol
40.0,405.0,607,2179.0,52,14.0,12,0,0,Van,Ashok Leyland,CNG
179.0,34.0,51,4001.0,28,15.0,9,2,0,Tanker,Eicher,CNG
432.0,245.0,367,2667.0,52,13.0,1,1,0,Tanker,Ashok Leyland,CNG
100.0,34.0,51,6477.0,53,1.0,7,6,1,Tanker,Mahindra,Petrol
469.0,264.0,396,1460.0,35,11.0,5,2,0,Tanker,Ashok Leyland,Petrol
455.0,475.0,712,2271.0,37,8.0,7,5,1,Van,Mahindra,Diesel
554.0,194.0,291,6711.0,28,18.0,5,2,0,Van,Ashok Leyland,Petrol
556.0,61.0,91,9605.0,34,18.0,6,5,1,Mini Truck,Eicher,CNG
319.0,531.0,796,9202.0,28,5.0,7,1,0,Tanker,Ashok Leyland,Petrol
101.0,405.0,607,5655.0,39,10.0,1,0,0,Truck,Ashok Leyland,CNG
335.0,253.0,379,7706.0,33,6.0,6,1,0,Tanker,Ashok Leyland,Petrol
140.0,34.0,51,3795.0,26,14.0,8,5,1,Tanker,Ashok Leyland,CNG
550.0,586.0,879,7290.0,58,14.0,11,2,0,Tanker,Tata,Petrol
309.0,24.0,36,1540.0,58,3.0,12,0,0,Van,Eicher,CNG
514.0,172.0,258,8017.0,23,11.0,12,6,1,Tanker,Eicher,CNG
411.0,311.0,466,3146.0,41,4.0,1,6,1,Van,Ashok Leyland,Petrol
261.0,128.0,192,2197.0,49,19.0,3,1,0,Truck,Mahindra,CNG
82.0,172.0,258,8879.0,58,5.0,9,2,0,Mini Truck,Eicher,CNG
40.0,495.0,742,2112.0,38,9.0,3,2,0,Tanker,Tata,CNG
257.0,555.0,832,8017.0,46,1.0,3,1,0,Tanker,Eicher,CNG
29.0,232.0,348,6362.0,31,2.0,11,6,1,Mini Truck,Mahindra,Diesel
518.0,392.0,588,4152.0,23,11.0,3,1,0,Mini Truck,Mahindra,Diesel
198.0,24.0,36,4619.0,37,10.0,9,0,0,Tanker,Eicher,CNG
74.0,555.0,832,9605.0,49,10.0,3,5,1,Mini Truck,Eicher,CNG
480.0,27.0,40,9697.0,50,8.0,12,2,0,Mini Truck,Ashok Leyland,Diesel
408.0,332.0,498,4874.0,52,14.0,1,4,0,Mini Truck,Mahindra,Diesel
551.0,334.0,501,8979.0,34,16.0,3,4,0,Tanker,Mahindra,Petrol
75.0,238.0,357,4093.0,53,25.0,12,5,1,Tanker,Eicher,Petrol
470.0,195.0,292,4314.0,50,3.0,11,0,0,Van,Mahindra,Diesel
23.0,520.0,780,4353.0,35,11.0,6,6,1,Truck,Tata,CNG
352.0,245.0,367,3146.0,49,10.0,1,2,0,Van,Ashok Leyland,Petrol
257.0,518.0,777,4845.0,51,20.0,3,3,0,Tanker,Tata,Petrol
522.0,245.0,367,3205.0,52,14.0,5,5,1,Van,Eicher,CNG
247.0,172.0,258,4093.0,48,16.0,10,0,0,Tanker,Eicher,Petrol
306.0,264.0,396,7072.0,51,14.0,11,2,0,Van,Tata,Petrol
295.0,273.0,409,5655.0,49,21.0,10,1,0,Truck,Ashok Leyland,CNG
206.0,143.0,214,2243.0,52,3.0,5,3,0,Mini Truck,Ashok Leyland,CNG
400.0,441.0,661,3846.0,31,7.0,1,0,0,Tanker,Mahindra,Petrol
345.0,264.0,396,2271.0,36,15.0,9,6,1,Van,Mahindra,Diesel
28.0,334.0,501,1604.0,43,15.0,6,2,0,Truck,Tata,Diesel
538.0,504.0,756,2667.0,47,1.0,9,5,1,Tanker,Ashok Leyland,CNG
99.0,412.0,618,1549.0,39,17.0,11,5,1,Truck,Ashok Leyland,Diesel
580.0,328.0,492,3846.0,24,15.0,2,4,0,Tanker,Mahindra,Petrol
516.0,495.0,742,3619.0,51,2.0,12,5,1,Van,Eicher,Petrol
275.0,402.0,603,2332.0,28,15.0,10,0,0,Mini Truck,Eicher,Diesel
376.0,435.0,652,9673.0,58,5.0,4,1,0,Van,Tata,Petrol
110.0,352.0,528,1604.0,41,23.0,7,2,0,Truck,Tata,Diesel
252.0,245.0,367,2296.0,31,13.0,1,0,0,Tanker,Tata,Diesel
113.0,475.0,712,652.0,23,11.0,7,4,0,Tanker,Mahindra,Diesel
77.0,73.0,109,7092.0,27,4.0,2,6,1,Mini Truck,Eicher,Petrol
155.0,307.0,460,7805.0,27,9.0,1,0,0,Tanker,Eicher,CNG
449.0,516.0,774,7072.0,45,15.0,1,1,0,Van,Tata,Petrol
312.0,363.0,544,2643.0,45,15.0,2,6,1,Truck,Tata,Petrol
452.0,518.0,777,9356.0,38,3.0,6,4,0,Truck,Tata,CNG
354.0,518.0,777,1549.0,37,8.0,4,5,1,Truck,Ashok Leyland,Diesel
138.0,61.0,91,2296.0,33,20.0,7,3,0,Tanker,Tata,Diesel
61.0,475.0,712,4845.0,41,13.0,7,0,0,Tanker,Tata,Petrol
260.0,168.0,252,8979.0,24,15.0,4,2,0,Tanker,Mahindra,Petrol
136.0,232.0,348,9697.0,39,11.0,10,0,0,Mini Truck,Ashok Leyland,Diesel
257.0,229.0,343,9673.0,25,8.0,7,0,0,Van,Tata,Petrol
68.0,183.0,274,8017.0,24,15.0,8,1,0,Tanker,Eicher,CNG
227.0,247.0,370,8846.0,56,2.0,8,2,0,Mini Truck,Mahindra,CNG
287.0,128.0,192,9202.0,56,15.0,9,4,0,Tanker,Ashok Leyland,Petrol
188.0,435.0,652,4066.0,47,1.0,2,2,0,Van,Ashok Leyland,Petrol
199.0,307.0,460,5057.0,29,10.0,9,3,0,Van,Eicher,CNG
453.0,54.0,81,3769.0,41,4.0,9,6,1,Truck,Eicher,Diesel
410.0,25.0,37,3205.0,50,7.0,10,2,0,Van,Eicher,CNG
331.0,531.0,796,7805.0,50,25.0,1,4,0,Tanker,Eicher,CNG
162.0,516.0,774,2019.0,25,8.0,8,4,0,Van,Mahindra,Diesel
530.0,61.0,91,652.0,48,7.0,7,3,0,Tanker,Mahindra,Diesel
121.0,402.0,603,7619.0,50,8.0,9,0,0,Mini Truck,Tata,Diesel
257.0,232.0,348,7507.0,31,7.0,1,6,1,Van,Eicher,CNG
515.0,435.0,652,4093.0,47,11.0,4,2,0,Tanker,Eicher,Petrol
253.0,564.0,846,7412.0,57,20.0,5,5,1,Van,Eicher,Diesel
533.0,58.0,87,2019.0,24,17.0,9,1,0,Van,Mahindra,Diesel
240.0,436.0,654,4001.0,36,15.0,10,3,0,Tanker,Eicher,CNG
360.0,332.0,498,5655.0,57,3.0,6,1,0,Truck,Ashok Leyland,CNG
532.0,24.0,36,7805.0,35,15.0,1,5,1,Tanker,Eicher,CNG
296.0,66.0,99,4845.0,29,5.0,11,0,0,Tanker,Tata,Petrol
246.0,245.0,367,7158.0,36,8.0,5,2,0,Truck,Ashok Leyland,Diesel
314.0,156.0,234,1549.0,53,16.0,6,0,0,Truck,Ashok Leyland,Diesel
554.0,172.0,258,7805.0,33,23.0,12,1,0,Tanker,Eicher,CNG
539.0,181.0,271,3205.0,25,6.0,12,6,1,Van,Eicher,CNG
524.0,559.0,838,8504.0,46,4.0,1,3,0,Van,Mahindra,CNG
510.0,441.0,661,4152.0,37,16.0,12,5,1,Mini Truck,Mahindra,Diesel
124.0,509.0,763,1549.0,53,12.0,12,0,0,Truck,Ashok Leyland,Diesel
237.0,423.0,634,5655.0,39,22.0,7,5,1,Truck,Ashok Leyland,CNG
500.0,232.0,348,9673.0,26,1.0,1,2,0,Van,Tata,Petrol
498.0,547.0,820,5052.0,56,2.0,4,3,0,Van,Eicher,Petrol
152.0,414.0,621,2296.0,48,8.0,10,2,0,Tanker,Tata,Diesel
63.0,277.0,415,5064.0,35,11.0,3,1,0,Van,Eicher,Petrol
314.0,247.0,370,4108.0,29,10.0,5,0,0,Truck,Ashok Leyland,CNG
442.0,441.0,661,5585.0,29,5.0,11,5,1,Truck,Ashok Leyland,CNG
220.0,255.0,382,4446.0,48,16.0,7,4,0,Mini Truck,Ashok Leyland,Diesel
22.0,311.0,466,7619.0,34,16.0,5,2,0,Mini Truck,Tata,Diesel
404.0,495.0,742,4399.0,47,1.0,11,5,1,Mini Truck,Tata,CNG
341.0,172.0,258,2588.0,57,20.0,10,2,0,Mini Truck,Ashok Leyland,Petrol
349.0,34.0,51,4502.0,23,11.0,5,3,0,Van,Mahindra,Diesel
64.0,143.0,214,4573.0,46,4.0,4,0,0,Tanker,Mahindra,Diesel
69.0,181.0,271,3795.0,22,15.0,12,6,1,Tanker,Ashok Leyland,CNG
377.0,61.0,91,4093.0,39,9.0,11,2,0,Tanker,Eicher,Petrol
159.0,58.0,87,4066.0,31,13.0,4,3,0,Van,Ashok Leyland,Petrol
362.0,456.0,684,4093.0,23,20.0,12,0,0,Tanker,Eicher,Petrol
49.0,387.0,580,5585.0,30,10.0,4,1,0,Truck,Ashok Leyland,CNG
570.0,456.0,684,2019.0,45,10.0,7,4,0,Van,Mahindra,Diesel
567.0,496.0,744,4573.0,39,2.0,11,4,0,Tanker,Mahindra,Diesel
496.0,238.0,357,4001.0,40,23.0,10,5,1,Tanker,Eicher,CNG
152.0,277.0,415,3795.0,52,13.0,8,6,1,Tanker,Ashok Leyland,CNG
137.0,445.0,667,9697.0,53,12.0,7,5,1,Mini Truck,Ashok Leyland,Diesel
148.0,25.0,37,8073.0,39,2.0,2,1,0,Van,Ashok Leyland,Diesel
418.0,54.0,81,2667.0,26,9.0,11,1,0,Tanker,Ashok Leyland,CNG
398.0,392.0,588,4001.0,33,20.0,4,1,0,Tanker,Eicher,CNG
166.0,412.0,618,5655.0,49,10.0,7,2,0,Truck,Ashok Leyland,CNG
309.0,54.0,81,1227.0,48,18.0,6,0,0,Tanker,Ashok Leyland,Petrol
252.0,495.0,742,7507.0,43,15.0,12,3,0,Van,Eicher,CNG
85.0,373.0,559,506.0,24,15.0,4,1,0,Mini Truck,Eicher,CNG
93.0,310.0,465,4779.0,29,3.0,3,5,1,Mini Truck,Tata,Diesel
471.0,310.0,465,2271.0,39,2.0,10,5,1,Van,Mahindra,Diesel
455.0,229.0,343,7805.0,47,11.0,2,2,0,Tanker,Eicher,CNG
152.0,168.0,252,2332.0,26,1.0,7,3,0,Mini Truck,Eicher,Diesel
170.0,554.0,831,2112.0,48,18.0,6,5,1,Tanker,Tata,CNG
407.0,436.0,654,7439.0,40,25.0,7,4,0,Truck,Eicher,Petrol
511.0,496.0,744,8945.0,39,17.0,5,3,0,Van,Tata,Petrol
221.0,392.0,588,9697.0,26,9.0,10,4,0,Mini Truck,Ashok Leyland,Diesel
30.0,392.0,588,7805.0,25,8.0,2,6,1,Tanker,Eicher,CNG
597.0,564.0,846,2112.0,39,10.0,5,1,0,Tanker,Tata,CNG
202.0,53.0,79,4314.0,56,15.0,11,6,1,Van,Mahindra,Diesel
286.0,310.0,465,8945.0,46,1.0,7,6,1,Van,Tata,Petrol
329.0,218.0,327,3992.0,58,5.0,9,2,0,Truck,Tata,CNG
586.0,172.0,258,7439.0,49,18.0,4,6,1,Truck,Eicher,Petrol
574.0,105.0,157,3795.0,45,15.0,1,4,0,Tanker,Ashok Leyland,CNG
163.0,495.0,742,9673.0,25,8.0,2,1,0,Van,Tata,Petrol
351.0,559.0,838,4353.0,34,16.0,1,1,0,Truck,Tata,CNG
319.0,363.0,544,9697.0,42,20.0,3,0,0,Mini Truck,Ashok Leyland,Diesel
151.0,554.0,831,4085.0,35,25.0,3,0,0,Truck,Tata,Petrol
385.0,373.0,559,8017.0,55,2.0,3,3,0,Tanker,Eicher,CNG
483.0,277.0,415,4845.0,53,1.0,5,1,0,Tanker,Tata,Petrol
420.0,54.0,81,9356.0,48,3.0,6,5,1,Truck,Tata,CNG
299.0,273.0,409,2035.0,32,6.0,4,5,1,Tanker,Tata,Diesel
351.0,269.0,403,7805.0,35,11.0,8,1,0,Tanker,Eicher,CNG
100.0,25.0,37,8979.0,58,5.0,3,3,0,Tanker,Mahindra,Petrol
77.0,197.0,295,4093.0,34,24.0,4,0,0,Tanker,Eicher,Petrol
207.0,25.0,37,2179.0,56,2.0,5,4,0,Van,Ashok Leyland,CNG
539.0,554.0,831,4497.0,31,7.0,7,2,0,Tanker,Eicher,Petrol
160.0,423.0,634,652.0,25,8.0,8,3,0,Tanker,Mahindra,Diesel
255.0,592.0,888,4502.0,42,6.0,3,1,0,Van,Mahindra,Diesel
124.0,128.0,192,2667.0,47,11.0,2,4,0,Tanker,Ashok Leyland,CNG
390.0,143.0,214,7706.0,36,20.0,10,2,0,Tanker,Ashok Leyland,Petrol
343.0,495.0,742,3795.0,50,3.0,12,1,0,Tanker,Ashok Leyland,CNG
114.0,592.0,888,8017.0,39,11.0,1,1,0,Tanker,Eicher,CNG
386.0,402.0,603,1227.0,58,14.0,5,2,0,Tanker,Ashok Leyland,Petrol
306.0,245.0,367,4085.0,31,23.0,7,6,1,Truck,Tata,Petrol
169.0,586.0,879,2112.0,27,14.0,10,6,1,Tanker,Tata,CNG
558.0,194.0,291,1791.0,53,16.0,5,3,0,Tanker,Tata,Petrol
591.0,535.0,802,1540.0,57,3.0,12,6,1,Van,Eicher,CNG
250.0,143.0,214,4874.0,53,12.0,3,1,0,Mini Truck,Mahindra,Diesel
20.0,232.0,348,7507.0,37,23.0,11,3,0,Van,Eicher,CNG
562.0,423.0,634,4446.0,45,10.0,7,2,0,Mini Truck,Ashok Leyland,Diesel
64.0,518.0,777,4446.0,55,9.0,5,3,0,Mini Truck,Ashok Leyland,Diesel
518.0,296.0,444,4066.0,37,8.0,10,1,0,Van,Ashok Leyland,Petrol
123.0,332.0,498,2332.0,57,22.0,10,3,0,Mini Truck,Eicher,Diesel
165.0,253.0,379,5813.0,28,15.0,3,0,0,Mini Truck,Ashok Leyland,CNG
359.0,547.0,820,8073.0,58,3.0,12,2,0,Van,Ashok Leyland,Diesel
26.0,328.0,492,4446.0,41,23.0,6,4,0,Mini Truck,Ashok Leyland,Diesel
502.0,592.0,888,6711.0,39,5.0,10,1,0,Van,Ashok Leyland,Petrol
403.0,572.0,858,7072.0,27,9.0,8,5,1,Van,Tata,Petrol
433.0,172.0,258,9202.0,28,5.0,7,0,0,Tanker,Ashok Leyland,Petrol
168.0,181.0,271,3400.0,53,25.0,7,1,0,Van,Ashok Leyland,Diesel
593.0,592.0,888,3205.0,50,17.0,3,6,1,Van,Eicher,CNG
390.0,54.0,81,4093.0,58,15.0,9,4,0,Tanker,Eicher,Petrol
66.0,311.0,466,1257.0,47,17.0,3,0,0,Van,Ashok Leyland,Diesel
76.0,27.0,40,1735.0,51,14.0,11,4,0,Mini Truck,Eicher,Diesel
520.0,216.0,324,4085.0,23,11.0,10,4,0,Truck,Tata,Petrol
312.0,564.0,846,8073.0,52,11.0,12,1,0,Van,Ashok Leyland,Diesel
323.0,73.0,109,1639.0,30,15.0,6,1,0,Mini Truck,Ashok Leyland,CNG
455.0,547.0,820,5006.0,48,18.0,10,0,0,Truck,Tata,CNG
443.0,435.0,652,4446.0,50,8.0,1,4,0,Mini Truck,Ashok Leyland,Diesel
63.0,475.0,712,5779.0,57,3.0,12,3,0,Mini Truck,Ashok Leyland,Petrol
485.0,520.0,780,4152.0,46,15.0,5,2,0,Mini Truck,Mahindra,Diesel
429.0,54.0,81,7805.0,48,7.0,5,0,0,Tanker,Eicher,CNG
74.0,277.0,415,1549.0,51,2.0,2,0,0,Truck,Ashok Leyland,Diesel
486.0,363.0,544,5813.0,39,2.0,4,0,0,Mini Truck,Ashok Leyland,CNG
517.0,25.0,37,2332.0,42,20.0,1,3,0,Mini Truck,Eicher,Diesel
315.0,555.0,832,9202.0,39,2.0,10,4,0,Tanker,Ashok Leyland,Petrol
209.0,255.0,382,2942.0,55,9.0,1,6,1,Truck,Tata,CNG
411.0,296.0,444,2541.0,42,18.0,5,4,0,Mini Truck,Mahindra,CNG
446.0,456.0,684,4001.0,44,9.0,1,4,0,Tanker,Eicher,CNG
550.0,441.0,661,506.0,42,6.0,8,3,0,Mini Truck,Eicher,CNG
101.0,93.0,139,5057.0,33,6.0,4,4,0,Van,Eicher,CNG
579.0,392.0,588,1604.0,58,5.0,1,5,1,Truck,Tata,Diesel
350.0,34.0,51,4833.0,49,18.0,8,1,0,Truck,Mahindra,Petrol
338.0,445.0,667,7805.0,43,15.0,7,0,0,Tanker,Eicher,CNG
408.0,449.0,673,4314.0,41,23.0,6,2,0,Van,Mahindra,Diesel
469.0,456.0,684,2332.0,41,4.0,1,4,0,Mini Truck,Eicher,Diesel
333.0,485.0,727,4353.0,36,8.0,2,6,1,Truck,Tata,CNG
417.0,112.0,168,7092.0,55,9.0,2,5,1,Mini Truck,Eicher,Petrol
177.0,128.0,192,7290.0,32,6.0,10,3,0,Tanker,Tata,Petrol
142.0,250.0,375,3992.0,25,6.0,10,4,0,Truck,Tata,CNG
153.0,334.0,501,5006.0,40,3.0,9,4,0,Truck,Tata,CNG
384.0,143.0,214,3846.0,45,15.0,3,0,0,Tanker,Mahindra,Petrol
346.0,238.0,357,7933.0,31,21.0,1,0,0,Mini Truck,Eicher,Diesel
146.0,559.0,838,2243.0,48,3.0,9,6,1,Mini Truck,Ashok Leyland,CNG
373.0,441.0,661,1257.0,58,8.0,7,0,0,Van,Ashok Leyland,Diesel
266.0,484.0,726,1257.0,49,21.0,12,1,0,Van,Ashok Leyland,Diesel
501.0,496.0,744,8017.0,44,4.0,9,6,1,Tanker,Eicher,CNG
289.0,435.0,652,6711.0,53,25.0,1,2,0,Van,Ashok Leyland,Petrol
559.0,373.0,559,652.0,39,5.0,11,2,0,Tanker,Mahindra,Diesel
142.0,143.0,214,2179.0,35,11.0,4,0,0,Van,Ashok Leyland,CNG
172.0,334.0,501,4833.0,35,23.0,5,2,0,Truck,Mahindra,Petrol
248.0,25.0,37,1549.0,23,11.0,9,3,0,Truck,Ashok Leyland,Diesel
433.0,310.0,465,8846.0,23,11.0,6,4,0,Mini Truck,Mahindra,CNG
314.0,535.0,802,7092.0,31,2.0,7,5,1,Mini Truck,Eicher,Petrol
208.0,405.0,607,4550.0,55,4.0,10,6,1,Tanker,Eicher,Petrol
596.0,509.0,763,4619.0,39,10.0,1,4,0,Tanker,Eicher,CNG
574.0,25.0,37,7439.0,46,18.0,6,3,0,Truck,Tata,CNG
160.0,156.0,234,4497.0,33,20.0,8,3,0,Tanker,Eicher,Petrol
256.0,547.0,820,5064.0,33,20.0,8,5,1,Van,Eicher,Petrol
330.0,297.0,445,2243.0,31,23.0,12,1,0,Mini Truck,Ashok Leyland,CNG
240.0,61.0,91,5057.0,35,23.0,2,6,1,Van,Eicher,CNG
568.0,445.0,667,1639.0,37,22.0,2,4,0,Mini Truck,Ashok Leyland,CNG
195.0,264.0,396,5006.0,31,21.0,2,3,0,Truck,Tata,CNG
579.0,143.0,214,2035.0,34,18.0,4,6,1,Tanker,Tata,Diesel
191.0,61.0,91,2035.0,54,4.0,9,3,0,Tanker,Tata,Diesel
279.0,66.0,99,8073.0,26,25.0,5,3,0,Van,Ashok Leyland,Diesel
186.0,483.0,724,2588.0,41,4.0,12,2,0,Mini Truck,Ashok Leyland,Petrol
42.0,250.0,375,3795.0,31,13.0,10,4,0,Tanker,Ashok Leyland,CNG
157.0,531.0,796,9697.0,49,10.0,7,3,0,Mini Truck,Ashok Leyland,Diesel
447.0,586.0,879,2332.0,58,12.0,11,0,0,Mini Truck,Eicher,Diesel
477.0,509.0,763,8017.0,23,7.0,12,0,0,Tanker,Eicher,CNG
468.0,509.0,763,5779.0,48,2.0,9,4,0,Mini Truck,Ashok Leyland,Petrol
261.0,564.0,846,3205.0,50,8.0,8,5,1,Van,Eicher,CNG
209.0,172.0,258,8945.0,27,4.0,11,4,0,Van,Tata,Petrol
529.0,572.0,858,2643.0,35,11.0,1,2,0,Truck,Tata,Petrol
583.0,456.0,684,9202.0,24,17.0,3,1,0,Tanker,Ashok Leyland,Petrol
169.0,172.0,258,4573.0,54,4.0,10,6,1,Tanker,Mahindra,Diesel
159.0,25.0,37,1604.0,52,14.0,7,2,0,Truck,Tata,Diesel
50.0,172.0,258,4093.0,50,17.0,4,0,0,Tanker,Eicher,Petrol
78.0,445.0,667,4446.0,26,9.0,1,0,0,Mini Truck,Ashok Leyland,Diesel
529.0,24.0,36,2643.0,34,16.0,3,6,1,Truck,Tata,Petrol
254.0,307.0,460,2197.0,42,6.0,10,4,0,Truck,Mahindra,CNG
156.0,143.0,214,9673.0,50,7.0,2,3,0,Van,Tata,Petrol
279.0,269.0,403,5585.0,58,14.0,2,3,0,Truck,Ashok Leyland,CNG
66.0,216.0,324,1549.0,57,3.0,4,2,0,Truck,Ashok Leyland,Diesel
249.0,128.0,192,3992.0,58,19.0,1,1,0,Truck,Tata,CNG
261.0,195.0,292,2332.0,53,15.0,8,5,1,Mini Truck,Eicher,Diesel
266.0,264.0,396,3757.0,39,5.0,3,4,0,Van,Tata,CNG
542.0,435.0,652,5052.0,46,18.0,7,0,0,Van,Eicher,Petrol
479.0,183.0,274,9227.0,42,18.0,11,3,0,Truck,Eicher,Diesel
87.0,296.0,444,2243.0,50,7.0,2,5,1,Mini Truck,Ashok Leyland,CNG
20.0,311.0,466,3205.0,48,18.0,12,1,0,Van,Eicher,CNG
505.0,564.0,846,3950.0,31,13.0,9,1,0,Mini Truck,Mahindra,CNG
370.0,75.0,112,1549.0,52,13.0,6,1,0,Truck,Ashok Leyland,Diesel
588.0,578.0,867,6711.0,37,23.0,6,6,1,Van,Ashok Leyland,Petrol
521.0,34.0,51,1227.0,53,1.0,6,4,0,Tanker,Ashok Leyland,Petrol
406.0,238.0,357,7507.0,45,10.0,9,3,0,Van,Eicher,CNG
523.0,572.0,858,5813.0,35,15.0,9,6,1,Mini Truck,Ashok Leyland,CNG
331.0,216.0,324,8945.0,50,3.0,5,3,0,Van,Tata,Petrol
67.0,227.0,340,2588.0,33,23.0,5,0,0,Mini Truck,Ashok Leyland,Petrol
288.0,53.0,79,3992.0,28,15.0,3,4,0,Truck,Tata,CNG
529.0,516.0,774,8073.0,28,15.0,9,5,1,Van,Ashok Leyland,Diesel
253.0,229.0,343,4550.0,26,1.0,7,1,0,Tanker,Eicher,Petrol
532.0,273.0,409,7072.0,48,8.0,11,2,0,Van,Tata,Petrol
212.0,297.0,445,2643.0,52,3.0,3,3,0,Truck,Tata,Petrol
90.0,264.0,396,9697.0,42,20.0,11,6,1,Mini Truck,Ashok Leyland,Diesel
222.0,238.0,357,1791.0,31,21.0,7,0,0,Tanker,Tata,Petrol
117.0,296.0,444,5057.0,27,14.0,11,0,0,Van,Eicher,CNG
301.0,435.0,652,1540.0,49,19.0,8,0,0,Van,Eicher,CNG
231.0,183.0,274,7566.0,48,2.0,1,6,1,Truck,Ashok Leyland,Petrol
237.0,535.0,802,6362.0,30,10.0,10,6,1,Mini Truck,Mahindra,Diesel
400.0,218.0,327,7439.0,58,5.0,8,3,0,Truck,Eicher,Petrol
386.0,255.0,382,4779.0,52,13.0,1,0,0,Mini Truck,Tata,Diesel
46.0,197.0,295,7933.0,25,7.0,3,4,0,Mini Truck,Eicher,Diesel
592.0,74.0,111,7439.0,31,13.0,3,0,0,Truck,Tata,CNG
319.0,547.0,820,5655.0,36,15.0,5,6,1,Truck,Ashok Leyland,CNG
342.0,572.0,858,1151.0,27,14.0,2,5,1,Truck,Ashok Leyland,CNG
121.0,58.0,87,1812.0,54,4.0,11,4,0,Van,Tata,CNG
149.0,311.0,466,3950.0,49,11.0,6,1,0,Mini Truck,Mahindra,CNG
144.0,117.0,175,4582.0,41,13.0,10,1,0,Tanker,Tata,CNG
322.0,296.0,444,3205.0,29,11.0,3,2,0,Van,Eicher,CNG
87.0,296.0,444,3757.0,41,25.0,3,6,1,Van,Tata,CNG
131.0,232.0,348,7158.0,58,14.0,4,1,0,Truck,Ashok Leyland,Diesel
334.0,93.0,139,1639.0,44,9.0,4,3,0,Mini Truck,Ashok Leyland,CNG
566.0,34.0,51,2588.0,30,10.0,4,3,0,Mini Truck,Ashok Leyland,Petrol
439.0,332.0,498,2643.0,55,4.0,4,6,1,Truck,Tata,Petrol
513.0,58.0,87,7412.0,36,20.0,2,5,1,Van,Eicher,Diesel
276.0,414.0,621,2271.0,40,8.0,2,3,0,Van,Mahindra,Diesel
349.0,269.0,403,4833.0,39,5.0,3,6,1,Truck,Mahindra,Petrol
424.0,227.0,340,2942.0,57,22.0,2,4,0,Truck,Tata,CNG
97.0,93.0,139,8846.0,38,3.0,9,4,0,Mini Truck,Mahindra,CNG
198.0,66.0,99,6477.0,46,15.0,5,0,0,Tanker,Mahindra,Petrol
393.0,435.0,652,652.0,32,6.0,5,5,1,Tanker,Mahindra,Diesel
262.0,435.0,652,4619.0,47,17.0,10,5,1,Tanker,Eicher,CNG
145.0,516.0,774,7092.0,39,11.0,3,4,0,Mini Truck,Eicher,Petrol
339.0,509.0,763,8879.0,43,15.0,1,4,0,Mini Truck,Eicher,CNG
527.0,373.0,559,4779.0,57,20.0,4,4,0,Mini Truck,Tata,Diesel
165.0,195.0,292,5057.0,42,20.0,2,4,0,Van,Eicher,CNG
36.0,149.0,223,5006.0,33,23.0,5,5,1,Truck,Tata,CNG
418.0,555.0,832,6362.0,49,8.0,8,3,0,Mini Truck,Mahindra,Diesel
335.0,296.0,444,3146.0,39,22.0,6,6,1,Van,Ashok Leyland,Petrol
485.0,475.0,712,1321.0,47,11.0,1,4,0,Truck,Mahindra,Diesel
504.0,273.0,409,2643.0,26,25.0,12,5,1,Truck,Tata,Petrol
504.0,435.0,652,2019.0,52,13.0,11,2,0,Van,Mahindra,Diesel
590.0,255.0,382,7412.0,36,20.0,6,4,0,Van,Eicher,Diesel
270.0,183.0,274,7805.0,26,25.0,10,5,1,Tanker,Eicher,CNG
171.0,392.0,588,4353.0,57,20.0,4,5,1,Truck,Tata,CNG
181.0,442.0,663,2197.0,50,3.0,12,6,1,Truck,Mahindra,CNG
285.0,117.0,175,7439.0,37,16.0,4,3,0,Truck,Tata,CNG
348.0,578.0,867,2332.0,23,11.0,7,5,1,Mini Truck,Eicher,Diesel
182.0,435.0,652,9605.0,28,15.0,9,0,0,Mini Truck,Eicher,CNG
231.0,247.0,370,5813.0,28,18.0,11,4,0,Mini Truck,Ashok Leyland,CNG
341.0,24.0,36,2112.0,37,10.0,8,5,1,Tanker,Tata,CNG
522.0,531.0,796,4619.0,48,16.0,2,2,0,Tanker,Eicher,CNG
38.0,197.0,295,2644.0,27,9.0,12,6,1,Van,Mahindra,Petrol
215.0,195.0,292,7439.0,50,17.0,7,1,0,Truck,Tata,CNG
53.0,445.0,667,9697.0,53,12.0,12,4,0,Mini Truck,Ashok Leyland,Diesel
314.0,245.0,367,3619.0,28,21.0,1,6,1,Van,Eicher,Petrol
484.0,332.0,498,9697.0,57,22.0,4,5,1,Mini Truck,Ashok Leyland,Diesel
81.0,520.0,780,4353.0,33,23.0,9,5,1,Truck,Tata,CNG
459.0,44.0,66,2271.0,24,2.0,10,0,0,Van,Mahindra,Diesel
395.0,332.0,498,2179.0,35,15.0,9,2,0,Van,Ashok Leyland,CNG
136.0,194.0,291,4314.0,53,16.0,2,5,1,Van,Mahindra,Diesel
557.0,449.0,673,1549.0,32,6.0,6,1,0,Truck,Ashok Leyland,Diesel
392.0,555.0,832,4108.0,37,23.0,10,2,0,Truck,Ashok Leyland,CNG
347.0,578.0,867,1257.0,47,17.0,1,0,0,Van,Ashok Leyland,Diesel
555.0,264.0,396,2296.0,24,17.0,6,1,0,Tanker,Tata,Diesel
255.0,149.0,223,1540.0,50,8.0,8,1,0,Van,Eicher,CNG
160.0,310.0,465,2019.0,31,7.0,1,1,0,Van,Mahindra,Diesel
148.0,485.0,727,1321.0,23,19.0,5,1,0,Truck,Mahindra,Diesel
161.0,172.0,258,6362.0,39,22.0,11,1,0,Mini Truck,Mahindra,Diesel
346.0,25.0,37,2035.0,57,22.0,2,6,1,Tanker,Tata,Diesel
508.0,352.0,528,8846.0,26,9.0,12,2,0,Mini Truck,Mahindra,CNG
398.0,232.0,348,7706.0,22,15.0,8,2,0,Tanker,Ashok Leyland,Petrol
129.0,402.0,603,9673.0,37,8.0,12,2,0,Van,Tata,Petrol
586.0,66.0,99,4573.0,53,16.0,10,2,0,Tanker,Mahindra,Diesel
171.0,172.0,258,3146.0,40,8.0,1,2,0,Van,Ashok Leyland,Petrol
140.0,245.0,367,4582.0,40,23.0,3,6,1,Tanker,Tata,CNG
335.0,93.0,139,3795.0,38,3.0,12,2,0,Tanker,Ashok Leyland,CNG
398.0,149.0,223,6477.0,52,14.0,2,0,0,Tanker,Mahindra,Petrol
381.0,218.0,327,7507.0,56,2.0,11,4,0,Van,Eicher,CNG
480.0,297.0,445,3795.0,50,3.0,3,5,1,Tanker,Ashok Leyland,CNG
595.0,352.0,528,7439.0,23,7.0,7,5,1,Truck,Eicher,Petrol
428.0,74.0,111,4399.0,31,21.0,4,2,0,Mini Truck,Tata,CNG
424.0,227.0,340,9697.0,54,4.0,8,4,0,Mini Truck,Ashok Leyland,Diesel
290.0,555.0,832,4582.0,26,25.0,2,0,0,Tanker,Tata,CNG
437.0,74.0,111,8846.0,50,8.0,6,6,1,Mini Truck,Mahindra,CNG
177.0,475.0,712,2541.0,37,19.0,8,0,0,Mini Truck,Mahindra,CNG
270.0,531.0,796,8504.0,35,23.0,6,1,0,Van,Mahindra,CNG
117.0,273.0,409,9356.0,39,9.0,3,6,1,Truck,Tata,CNG
111.0,520.0,780,3846.0,39,22.0,12,0,0,Tanker,Mahindra,Petrol
48.0,414.0,621,3846.0,47,11.0,3,4,0,Tanker,Mahindra,Petrol
68.0,495.0,742,9227.0,41,13.0,3,0,0,Truck,Eicher,Diesel
475.0,392.0,588,8979.0,48,24.0,6,4,0,Tanker,Mahindra,Petrol
307.0,128.0,192,9400.0,58,12.0,1,1,0,Mini Truck,Ashok Leyland,Petrol
415.0,250.0,375,7439.0,31,21.0,7,2,0,Truck,Tata,CNG
227.0,449.0,673,8879.0,35,11.0,11,1,0,Mini Truck,Eicher,CNG
225.0,495.0,742,5064.0,24,17.0,12,5,1,Van,Eicher,Petrol
184.0,402.0,603,5655.0,28,15.0,12,6,1,Truck,Ashok Leyland,CNG
514.0,264.0,396,4314.0,36,20.0,3,3,0,Van,Mahindra,Diesel
427.0,143.0,214,9564.0,58,3.0,4,2,0,Mini Truck,Tata,Diesel
99.0,195.0,292,4093.0,31,3.0,12,0,0,Tanker,Eicher,Petrol
154.0,352.0,528,4093.0,40,25.0,11,1,0,Tanker,Eicher,Petrol
32.0,255.0,382,2243.0,33,23.0,1,2,0,Mini Truck,Ashok Leyland,CNG
580.0,34.0,51,7706.0,33,20.0,6,0,0,Tanker,Ashok Leyland,Petrol
542.0,27.0,40,7439.0,30,10.0,9,6,1,Truck,Eicher,Petrol
453.0,435.0,652,4001.0,26,1.0,5,1,0,Tanker,Eicher,CNG
543.0,535.0,802,3146.0,51,2.0,5,6,1,Van,Ashok Leyland,Petrol
430.0,194.0,291,7290.0,26,1.0,12,1,0,Tanker,Tata,Petrol
327.0,74.0,111,7706.0,39,11.0,4,0,0,Tanker,Ashok Leyland,Petrol
449.0,518.0,777,4399.0,56,2.0,2,2,0,Mini Truck,Tata,CNG
155.0,168.0,252,9400.0,37,16.0,6,3,0,Mini Truck,Ashok Leyland,Petrol
581.0,297.0,445,3769.0,52,11.0,4,1,0,Truck,Eicher,Diesel
450.0,441.0,661,9697.0,36,20.0,9,3,0,Mini Truck,Ashok Leyland,Diesel
97.0,194.0,291,2332.0,40,8.0,12,1,0,Mini Truck,Eicher,Diesel
53.0,227.0,340,7805.0,30,10.0,12,6,1,Tanker,Eicher,CNG
174.0,496.0,744,4108.0,43,15.0,4,0,0,Truck,Ashok Leyland,CNG
214.0,307.0,460,5813.0,44,9.0,9,0,0,Mini Truck,Ashok Leyland,CNG
235.0,547.0,820,2296.0,26,1.0,9,0,0,Tanker,Tata,Diesel
439.0,504.0,756,5006.0,40,25.0,11,5,1,Truck,Tata,CNG
217.0,484.0,726,4066.0,37,23.0,7,5,1,Van,Ashok Leyland,Petrol
321.0,436.0,654,5052.0,58,19.0,10,3,0,Van,Eicher,Petrol
408.0,504.0,756,4446.0,24,15.0,12,1,0,Mini Truck,Ashok Leyland,Diesel
337.0,352.0,528,9202.0,34,24.0,9,4,0,Tanker,Ashok Leyland,Petrol
430.0,322.0,483,3146.0,41,13.0,6,5,1,Van,Ashok Leyland,Petrol
412.0,34.0,51,3205.0,34,16.0,11,5,1,Van,Eicher,CNG
111.0,66.0,99,3400.0,46,1.0,8,4,0,Van,Ashok Leyland,Diesel
295.0,445.0,667,6477.0,26,14.0,10,0,0,Tanker,Mahindra,Petrol
242.0,496.0,744,4779.0,36,8.0,12,5,1,Mini Truck,Tata,Diesel
28.0,194.0,291,2296.0,54,22.0,12,3,0,Tanker,Tata,Diesel
139.0,112.0,168,506.0,34,18.0,8,5,1,Mini Truck,Eicher,CNG
467.0,495.0,742,9227.0,31,7.0,2,3,0,Truck,Eicher,Diesel
237.0,475.0,712,2332.0,31,21.0,5,2,0,Mini Truck,Eicher,Diesel
160.0,296.0,444,8504.0,51,20.0,6,4,0,Van,Mahindra,CNG
374.0,195.0,292,4066.0,31,2.0,7,4,0,Van,Ashok Leyland,Petrol
550.0,392.0,588,4550.0,23,20.0,1,0,0,Tanker,Eicher,Petrol
589.0,436.0,654,5585.0,23,19.0,7,4,0,Truck,Ashok Leyland,CNG
508.0,322.0,483,4497.0,25,8.0,11,5,1,Tanker,Eicher,Petrol
305.0,475.0,712,8017.0,26,14.0,8,1,0,Tanker,Eicher,CNG
177.0,73.0,109,8504.0,46,15.0,4,6,1,Van,Mahindra,CNG
443.0,172.0,258,1812.0,48,2.0,4,4,0,Van,Tata,CNG
44.0,93.0,139,2667.0,31,21.0,9,6,1,Tanker,Ashok Leyland,CNG
238.0,172.0,258,1227.0,36,8.0,8,6,1,Tanker,Ashok Leyland,Petrol
324.0,277.0,415,4085.0,52,3.0,1,0,0,Truck,Tata,Petrol
395.0,484.0,726,5006.0,40,25.0,11,5,1,Truck,Tata,CNG
34.0,183.0,274,4399.0,57,22.0,11,0,0,Mini Truck,Tata,CNG
559.0,495.0,742,4085.0,58,12.0,11,5,1,Truck,Tata,Petrol
74.0,564.0,846,3146.0,23,11.0,5,4,0,Van,Ashok Leyland,Petrol
60.0,435.0,652,1227.0,41,4.0,5,5,1,Tanker,Ashok Leyland,Petrol
255.0,44.0,66,4497.0,34,18.0,6,6,1,Tanker,Eicher,Petrol
104.0,442.0,663,2644.0,28,18.0,4,4,0,Van,Mahindra,Petrol
395.0,61.0,91,4573.0,58,8.0,4,3,0,Tanker,Mahindra,Diesel
386.0,156.0,234,7566.0,31,13.0,5,0,0,Truck,Ashok Leyland,Petrol
59.0,61.0,91,6362.0,46,18.0,4,2,0,Mini Truck,Mahindra,Diesel
344.0,227.0,340,4066.0,47,17.0,7,1,0,Van,Ashok Leyland,Petrol
402.0,181.0,271,3619.0,52,13.0,7,4,0,Van,Eicher,Petrol
65.0,435.0,652,7412.0,42,6.0,6,5,1,Van,Eicher,Diesel
517.0,112.0,168,3846.0,58,15.0,9,5,1,Tanker,Mahindra,Petrol
570.0,27.0,40,4152.0,40,3.0,11,5,1,Mini Truck,Mahindra,Diesel
378.0,25.0,37,6362.0,24,17.0,8,2,0,Mini Truck,Mahindra,Diesel
476.0,392.0,588,4108.0,26,14.0,8,2,0,Truck,Ashok Leyland,CNG
439.0,449.0,673,3400.0,47,17.0,2,1,0,Van,Ashok Leyland,Diesel
200.0,195.0,292,4353.0,48,16.0,7,3,0,Truck,Tata,CNG
548.0,238.0,357,9356.0,33,20.0,11,4,0,Truck,Tata,CNG
569.0,578.0,867,4399.0,28,21.0,3,6,1,Mini Truck,Tata,CNG
560.0,74.0,111,7439.0,28,5.0,11,2,0,Truck,Eicher,Petrol
197.0,297.0,445,2332.0,37,16.0,3,0,0,Mini Truck,Eicher,Diesel
224.0,143.0,214,2179.0,27,9.0,6,0,0,Van,Ashok Leyland,CNG
575.0,296.0,444,3950.0,29,10.0,11,3,0,Mini Truck,Mahindra,CNG
263.0,442.0,663,8945.0,50,7.0,10,5,1,Van,Tata,Petrol
560.0,74.0,111,7619.0,39,10.0,7,3,0,Mini Truck,Tata,Diesel
424.0,412.0,618,7412.0,28,18.0,7,2,0,Van,Eicher,Diesel
383.0,273.0,409,5006.0,37,8.0,6,6,1,Truck,Tata,CNG
108.0,247.0,370,6073.0,41,23.0,10,3,0,Truck,Mahindra,CNG
294.0,149.0,223,4497.0,40,25.0,5,3,0,Tanker,Eicher,Petrol
537.0,484.0,726,2112.0,25,6.0,6,2,0,Tanker,Tata,CNG
321.0,73.0,109,7619.0,48,3.0,4,5,1,Mini Truck,Tata,Diesel
504.0,253.0,379,6477.0,28,18.0,5,6,1,Tanker,Mahindra,Petrol
79.0,495.0,742,6073.0,35,11.0,11,1,0,Truck,Mahindra,CNG
318.0,322.0,483,9400.0,55,2.0,12,5,1,Mini Truck,Ashok Leyland,Petrol
130.0,485.0,727,6477.0,50,3.0,1,1,0,Tanker,Mahindra,Petrol
451.0,197.0,295,3400.0,29,3.0,4,4,0,Van,Ashok Leyland,Diesel
223.0,218.0,327,2588.0,46,4.0,11,2,0,Mini Truck,Ashok Leyland,Petrol
226.0,547.0,820,1549.0,29,11.0,2,5,1,Truck,Ashok Leyland,Diesel
254.0,24.0,36,4502.0,52,14.0,1,0,0,Van,Mahindra,Diesel
218.0,516.0,774,1549.0,26,14.0,10,0,0,Truck,Ashok Leyland,Diesel
395.0,194.0,291,7619.0,58,5.0,5,1,0,Mini Truck,Tata,Diesel
429.0,117.0,175,4152.0,29,11.0,4,3,0,Mini Truck,Mahindra,Diesel
57.0,363.0,544,6711.0,28,5.0,4,5,1,Van,Ashok Leyland,Petrol
41.0,54.0,81,2644.0,46,1.0,7,0,0,Van,Mahindra,Petrol
149.0,143.0,214,2112.0,29,3.0,9,3,0,Tanker,Tata,CNG
426.0,475.0,712,1791.0,53,1.0,9,0,0,Tanker,Tata,Petrol
422.0,112.0,168,652.0,47,1.0,9,1,0,Tanker,Mahindra,Diesel
583.0,227.0,340,7092.0,42,20.0,9,1,0,Mini Truck,Eicher,Petrol
165.0,143.0,214,5052.0,35,11.0,6,5,1,Van,Eicher,Petrol
121.0,559.0,838,1321.0,30,10.0,3,5,1,Truck,Mahindra,Diesel
333.0,61.0,91,4845.0,48,7.0,11,2,0,Tanker,Tata,Petrol
244.0,197.0,295,1321.0,35,15.0,4,3,0,Truck,Mahindra,Diesel
82.0,54.0,81,2588.0,58,3.0,7,3,0,Mini Truck,Ashok Leyland,Petrol
515.0,509.0,763,4093.0,37,23.0,12,6,1,Tanker,Eicher,Petrol
342.0,61.0,91,2332.0,46,15.0,12,4,0,Mini Truck,Eicher,Diesel
191.0,592.0,888,3769.0,48,3.0,3,6,1,Truck,Eicher,Diesel
346.0,496.0,744,7805.0,24,15.0,8,6,1,Tanker,Eicher,CNG
280.0,328.0,492,1604.0,41,23.0,11,0,0,Truck,Tata,Diesel
417.0,496.0,744,8945.0,30,15.0,7,2,0,Van,Tata,Petrol
190.0,247.0,370,7290.0,39,17.0,1,2,0,Tanker,Tata,Petrol
60.0,402.0,603,2644.0,51,2.0,4,5,1,Van,Mahindra,Petrol
429.0,322.0,483,9227.0,48,7.0,5,5,1,Truck,Eicher,Diesel
506.0,112.0,168,7566.0,37,10.0,2,2,0,Truck,Ashok Leyland,Petrol
110.0,229.0,343,9605.0,30,10.0,7,3,0,Mini Truck,Eicher,CNG
377.0,311.0,466,2019.0,40,23.0,7,0,0,Van,Mahindra,Diesel
49.0,516.0,774,8979.0,25,7.0,7,4,0,Tanker,Mahindra,Petrol
175.0,117.0,175,8846.0,57,14.0,7,2,0,Mini Truck,Mahindra,CNG
524.0,117.0,175,3205.0,47,17.0,2,6,1,Van,Eicher,CNG
231.0,373.0,559,1549.0,39,2.0,3,2,0,Truck,Ashok Leyland,Diesel
186.0,435.0,652,7507.0,24,17.0,5,6,1,Van,Eicher,CNG
423.0,296.0,444,9697.0,26,1.0,10,3,0,Mini Truck,Ashok Leyland,Diesel
407.0,504.0,756,7507.0,54,22.0,9,1,0,Van,Eicher,CNG
224.0,66.0,99,7439.0,49,21.0,2,1,0,Truck,Tata,CNG
329.0,197.0,295,652.0,24,2.0,9,5,1,Tanker,Mahindra,Diesel
130.0,112.0,168,4399.0,53,1.0,8,2,0,Mini Truck,Tata,CNG
304.0,75.0,112,506.0,48,2.0,1,5,1,Mini Truck,Eicher,CNG
22.0,238.0,357,7072.0,33,6.0,9,1,0,Van,Tata,Petrol
306.0,128.0,192,2243.0,56,2.0,5,1,0,Mini Truck,Ashok Leyland,CNG
509.0,310.0,465,1540.0,26,25.0,10,6,1,Van,Eicher,CNG
375.0,61.0,91,1604.0,35,23.0,7,4,0,Truck,Tata,Diesel
550.0,255.0,382,2197.0,49,21.0,8,3,0,Truck,Mahindra,CNG
141.0,54.0,81,4619.0,31,23.0,3,0,0,Tanker,Eicher,CNG
587.0,559.0,838,3205.0,33,20.0,4,1,0,Van,Eicher,CNG
280.0,352.0,528,4845.0,54,4.0,10,1,0,Tanker,Tata,Petrol
308.0,402.0,603,2271.0,29,10.0,4,5,1,Van,Mahindra,Diesel
235.0,253.0,379,1791.0,33,6.0,1,4,0,Tanker,Tata,Petrol
112.0,310.0,465,3769.0,27,4.0,8,3,0,Truck,Eicher,Diesel
56.0,238.0,357,7706.0,24,15.0,3,1,0,Tanker,Ashok Leyland,Petrol
43.0,449.0,673,2035.0,24,17.0,6,6,1,Tanker,Tata,Diesel
81.0,445.0,667,3769.0,50,8.0,12,4,0,Truck,Eicher,Diesel
221.0,52.0,78,5779.0,24,15.0,6,1,0,Mini Truck,Ashok Leyland,Petrol
516.0,509.0,763,3992.0,34,16.0,10,1,0,Truck,Tata,CNG
569.0,531.0,796,5052.0,42,6.0,10,0,0,Van,Eicher,Petrol
452.0,172.0,258,1321.0,23,20.0,9,5,1,Truck,Mahindra,Diesel
404.0,53.0,79,5813.0,25,17.0,3,2,0,Mini Truck,Ashok Leyland,CNG
399.0,531.0,796,9564.0,57,22.0,10,0,0,Mini Truck,Tata,Diesel
115.0,172.0,258,4550.0,35,15.0,11,5,1,Tanker,Eicher,Petrol
217.0,66.0,99,4001.0,41,4.0,4,2,0,Tanker,Eicher,CNG
466.0,322.0,483,7092.0,52,14.0,1,1,0,Mini Truck,Eicher,Petrol
157.0,227.0,340,4001.0,34,16.0,2,6,1,Tanker,Eicher,CNG
523.0,456.0,684,5052.0,25,7.0,9,5,1,Van,Eicher,Petrol
78.0,297.0,445,5052.0,51,20.0,5,5,1,Van,Eicher,Petrol
564.0,484.0,726,2541.0,50,25.0,6,3,0,Mini Truck,Mahindra,CNG
321.0,554.0,831,4066.0,34,24.0,8,1,0,Van,Ashok Leyland,Petrol
381.0,194.0,291,7158.0,25,17.0,11,6,1,Truck,Ashok Leyland,Diesel
254.0,504.0,756,2035.0,49,18.0,7,1,0,Tanker,Tata,Diesel
501.0,310.0,465,7507.0,22,15.0,9,6,1,Van,Eicher,CNG
233.0,516.0,774,3205.0,24,17.0,5,2,0,Van,Eicher,CNG
544.0,168.0,252,2019.0,51,20.0,3,0,0,Van,Mahindra,Diesel
594.0,564.0,846,5655.0,58,19.0,2,4,0,Truck,Ashok Leyland,CNG
575.0,194.0,291,5006.0,51,2.0,3,5,1,Truck,Tata,CNG
533.0,435.0,652,2643.0,58,3.0,4,0,0,Truck,Tata,Petrol
559.0,387.0,580,1257.0,52,13.0,2,3,0,Van,Ashok Leyland,Diesel
252.0,27.0,40,3992.0,34,18.0,4,4,0,Truck,Tata,CNG
591.0,436.0,654,4497.0,53,12.0,8,2,0,Tanker,Eicher,Petrol
284.0,555.0,832,3757.0,31,2.0,4,3,0,Van,Tata,CNG
537.0,475.0,712,3769.0,56,2.0,9,2,0,Truck,Eicher,Diesel
135.0,93.0,139,7933.0,49,19.0,9,3,0,Mini Truck,Eicher,Diesel
91.0,93.0,139,9697.0,25,17.0,7,6,1,Mini Truck,Ashok Leyland,Diesel
165.0,117.0,175,9356.0,39,2.0,5,3,0,Truck,Tata,CNG
53.0,52.0,78,4108.0,27,9.0,11,1,0,Truck,Ashok Leyland,CNG
551.0,578.0,867,1321.0,50,3.0,3,2,0,Truck,Mahindra,Diesel
142.0,352.0,528,1791.0,52,3.0,1,3,0,Tanker,Tata,Petrol
241.0,449.0,673,7439.0,49,19.0,1,2,0,Truck,Eicher,Petrol
369.0,572.0,858,7706.0,38,3.0,3,5,1,Tanker,Ashok Leyland,Petrol
407.0,34.0,51,8504.0,26,25.0,4,1,0,Van,Mahindra,CNG
441.0,547.0,820,3205.0,25,7.0,5,6,1,Van,Eicher,CNG
89.0,531.0,796,7290.0,23,19.0,9,2,0,Tanker,Tata,Petrol
475.0,194.0,291,1604.0,55,4.0,5,0,0,Truck,Tata,Diesel
563.0,456.0,684,4502.0,39,22.0,6,5,1,Van,Mahindra,Diesel
143.0,504.0,756,9227.0,48,3.0,5,2,0,Truck,Eicher,Diesel
452.0,564.0,846,8073.0,26,1.0,1,3,0,Van,Ashok Leyland,Diesel
203.0,578.0,867,1604.0,31,3.0,10,4,0,Truck,Tata,Diesel
439.0,578.0,867,5655.0,28,21.0,4,4,0,Truck,Ashok Leyland,CNG
231.0,24.0,36,2588.0,41,25.0,6,3,0,Mini Truck,Ashok Leyland,Petrol
240.0,54.0,81,652.0,47,1.0,10,1,0,Tanker,Mahindra,Diesel
259.0,195.0,292,5813.0,24,17.0,12,6,1,Mini Truck,Ashok Leyland,CNG
121.0,227.0,340,2332.0,58,3.0,4,4,0,Mini Truck,Eicher,Diesel
34.0,112.0,168,5655.0,44,9.0,12,0,0,Truck,Ashok Leyland,CNG
296.0,195.0,292,8979.0,39,17.0,4,5,1,Tanker,Mahindra,Petrol
218.0,58.0,87,2296.0,25,8.0,3,6,1,Tanker,Tata,Diesel
376.0,322.0,483,4550.0,34,16.0,5,0,0,Tanker,Eicher,Petrol
218.0,412.0,618,7439.0,46,15.0,5,2,0,Truck,Eicher,Petrol
334.0,483.0,724,9605.0,31,7.0,9,3,0,Mini Truck,Eicher,CNG
151.0,332.0,498,7412.0,39,10.0,9,1,0,Van,Eicher,Diesel
117.0,34.0,51,8846.0,47,17.0,3,5,1,Mini Truck,Mahindra,CNG
138.0,216.0,324,5057.0,49,22.0,12,0,0,Van,Eicher,CNG
207.0,255.0,382,5006.0,23,16.0,6,6,1,Truck,Tata,CNG
410.0,559.0,838,1227.0,53,1.0,12,5,1,Tanker,Ashok Leyland,Petrol
281.0,516.0,774,4001.0,50,3.0,4,4,0,Tanker,Eicher,CNG
470.0,442.0,663,5655.0,31,7.0,8,5,1,Truck,Ashok Leyland,CNG
516.0,518.0,777,1791.0,52,3.0,6,5,1,Tanker,Tata,Petrol
433.0,58.0,87,7706.0,22,5.0,4,2,0,Tanker,Ashok Leyland,Petrol
243.0,143.0,214,1735.0,26,9.0,11,0,0,Mini Truck,Eicher,Diesel
477.0,172.0,258,5655.0,52,11.0,12,0,0,Truck,Ashok Leyland,CNG
572.0,218.0,327,2112.0,40,23.0,5,6,1,Tanker,Tata,CNG
569.0,172.0,258,2271.0,52,3.0,3,6,1,Van,Mahindra,Diesel
136.0,387.0,580,9202.0,57,14.0,9,6,1,Tanker,Ashok Leyland,Petrol
53.0,227.0,340,2035.0,33,20.0,10,0,0,Tanker,Tata,Diesel
485.0,554.0,831,9564.0,39,2.0,1,3,0,Mini Truck,Tata,Diesel
139.0,387.0,580,6362.0,48,24.0,7,1,0,Mini Truck,Mahindra,Diesel
130.0,195.0,292,4108.0,35,11.0,8,1,0,Truck,Ashok Leyland,CNG
406.0,352.0,528,4497.0,57,3.0,7,6,1,Tanker,Eicher,Petrol
287.0,475.0,712,2332.0,37,8.0,1,2,0,Mini Truck,Eicher,Diesel
251.0,183.0,274,1460.0,34,16.0,9,2,0,Tanker,Ashok Leyland,Petrol
302.0,238.0,357,2667.0,50,3.0,10,5,1,Tanker,Ashok Leyland,CNG
37.0,143.0,214,3619.0,26,9.0,9,0,0,Van,Eicher,Petrol
395.0,34.0,51,2588.0,29,3.0,4,4,0,Mini Truck,Ashok Leyland,Petrol
46.0,183.0,274,9227.0,58,14.0,9,0,0,Truck,Eicher,Diesel
353.0,128.0,192,6477.0,42,18.0,2,6,1,Tanker,Mahindra,Petrol
71.0,373.0,559,2541.0,28,5.0,5,0,0,Mini Truck,Mahindra,CNG
66.0,311.0,466,1321.0,49,18.0,9,3,0,Truck,Mahindra,Diesel
228.0,442.0,663,5057.0,52,13.0,12,2,0,Van,Eicher,CNG
586.0,229.0,343,8017.0,47,11.0,12,1,0,Tanker,Eicher,CNG
224.0,296.0,444,4001.0,57,20.0,1,2,0,Tanker,Eicher,CNG
492.0,34.0,51,8504.0,50,3.0,6,2,0,Van,Mahindra,CNG
302.0,75.0,112,7439.0,33,23.0,1,2,0,Truck,Tata,CNG
247.0,296.0,444,3146.0,41,13.0,4,5,1,Van,Ashok Leyland,Petrol
374.0,307.0,460,4619.0,42,6.0,12,3,0,Tanker,Eicher,CNG
65.0,52.0,78,6477.0,22,5.0,5,3,0,Tanker,Mahindra,Petrol
98.0,218.0,327,9356.0,49,19.0,12,6,1,Truck,Tata,CNG
189.0,310.0,465,4066.0,47,11.0,11,4,0,Van,Ashok Leyland,Petrol
83.0,328.0,492,8073.0,23,20.0,3,5,1,Van,Ashok Leyland,Diesel
436.0,269.0,403,8879.0,41,4.0,10,3,0,Mini Truck,Eicher,CNG
55.0,54.0,81,8846.0,47,11.0,8,3,0,Mini Truck,Mahindra,CNG
527.0,54.0,81,7507.0,31,21.0,9,6,1,Van,Eicher,CNG
131.0,264.0,396,2179.0,39,2.0,11,3,0,Van,Ashok Leyland,CNG
504.0,449.0,673,9564.0,38,3.0,8,0,0,Mini Truck,Tata,Diesel
425.0,435.0,652,4573.0,24,15.0,12,5,1,Tanker,Mahindra,Diesel
26.0,61.0,91,3757.0,48,7.0,5,6,1,Van,Tata,CNG
562.0,509.0,763,4353.0,26,25.0,7,6,1,Truck,Tata,CNG
576.0,245.0,367,4093.0,39,9.0,3,1,0,Tanker,Eicher,Petrol
265.0,273.0,409,6477.0,39,17.0,7,5,1,Tanker,Mahindra,Petrol
291.0,128.0,192,2644.0,26,1.0,9,0,0,Van,Mahindra,Petrol
491.0,445.0,667,9697.0,23,16.0,3,0,0,Mini Truck,Ashok Leyland,Diesel
103.0,332.0,498,2667.0,52,13.0,1,0,0,Tanker,Ashok Leyland,CNG
291.0,495.0,742,4497.0,58,3.0,12,2,0,Tanker,Eicher,Petrol
476.0,156.0,234,7158.0,42,18.0,10,5,1,Truck,Ashok Leyland,Diesel
431.0,195.0,292,506.0,31,23.0,5,5,1,Mini Truck,Eicher,CNG
183.0,73.0,109,1812.0,30,10.0,10,1,0,Van,Tata,CNG
433.0,332.0,498,9564.0,23,7.0,1,0,0,Mini Truck,Tata,Diesel
48.0,128.0,192,2112.0,36,20.0,4,1,0,Tanker,Tata,CNG
513.0,245.0,367,2019.0,28,5.0,3,1,0,Van,Mahindra,Diesel
145.0,75.0,112,5057.0,44,4.0,2,2,0,Van,Eicher,CNG
581.0,58.0,87,7290.0,51,14.0,9,4,0,Tanker,Tata,Petrol
593.0,332.0,498,4550.0,48,24.0,7,1,0,Tanker,Eicher,Petrol
550.0,195.0,292,5052.0,31,13.0,11,1,0,Van,Eicher,Petrol
259.0,518.0,777,8017.0,24,15.0,9,2,0,Tanker,Eicher,CNG
578.0,509.0,763,8879.0,42,6.0,2,1,0,Mini Truck,Eicher,CNG
165.0,216.0,324,4314.0,40,3.0,6,6,1,Van,Mahindra,Diesel
587.0,24.0,36,7439.0,23,11.0,9,5,1,Truck,Tata,CNG
414.0,456.0,684,7706.0,50,7.0,9,0,0,Tanker,Ashok Leyland,Petrol
98.0,423.0,634,2243.0,39,22.0,8,3,0,Mini Truck,Ashok Leyland,CNG
190.0,373.0,559,5052.0,52,11.0,2,2,0,Van,Eicher,Petrol
490.0,273.0,409,8945.0,57,3.0,7,6,1,Van,Tata,Petrol
527.0,255.0,382,1227.0,26,14.0,5,6,1,Tanker,Ashok Leyland,Petrol
116.0,328.0,492,4399.0,23,11.0,4,5,1,Mini Truck,Tata,CNG
47.0,273.0,409,3795.0,58,19.0,9,6,1,Tanker,Ashok Leyland,CNG
405.0,504.0,756,1151.0,55,4.0,9,5,1,Truck,Ashok Leyland,CNG
552.0,52.0,78,2112.0,58,3.0,5,1,0,Tanker,Tata,CNG
113.0,373.0,559,1227.0,34,18.0,5,4,0,Tanker,Ashok Leyland,Petrol
329.0,25.0,37,6073.0,55,4.0,8,4,0,Truck,Mahindra,CNG
131.0,183.0,274,4573.0,25,8.0,1,1,0,Tanker,Mahindra,Diesel
347.0,149.0,223,4573.0,53,15.0,10,3,0,Tanker,Mahindra,Diesel
130.0,73.0,109,2112.0,51,14.0,9,6,1,Tanker,Tata,CNG
376.0,520.0,780,4085.0,40,8.0,4,0,0,Truck,Tata,Petrol
142.0,310.0,465,4582.0,58,3.0,12,1,0,Tanker,Tata,CNG
564.0,245.0,367,2035.0,49,18.0,4,5,1,Tanker,Tata,Diesel
266.0,456.0,684,7933.0,27,4.0,8,5,1,Mini Truck,Eicher,Diesel
38.0,572.0,858,2112.0,51,14.0,2,4,0,Tanker,Tata,CNG
542.0,484.0,726,8879.0,52,3.0,12,4,0,Mini Truck,Eicher,CNG
71.0,363.0,544,7805.0,26,25.0,3,5,1,Tanker,Eicher,CNG
164.0,232.0,348,4446.0,54,4.0,6,3,0,Mini Truck,Ashok Leyland,Diesel
127.0,495.0,742,2541.0,41,25.0,1,5,1,Mini Truck,Mahindra,CNG
87.0,531.0,796,1151.0,41,25.0,8,4,0,Truck,Ashok Leyland,CNG
589.0,296.0,444,2112.0,26,14.0,8,4,0,Tanker,Tata,CNG
103.0,435.0,652,2243.0,24,15.0,11,0,0,Mini Truck,Ashok Leyland,CNG
496.0,484.0,726,3146.0,29,5.0,6,6,1,Van,Ashok Leyland,Petrol
459.0,53.0,79,6477.0,37,22.0,3,2,0,Tanker,Mahindra,Petrol
236.0,128.0,192,9605.0,53,1.0,12,0,0,Mini Truck,Eicher,CNG
251.0,555.0,832,2271.0,35,11.0,2,6,1,Van,Mahindra,Diesel
203.0,53.0,79,7158.0,48,3.0,1,3,0,Truck,Ashok Leyland,Diesel
287.0,363.0,544,3795.0,40,23.0,3,4,0,Tanker,Ashok Leyland,CNG
522.0,74.0,111,7158.0,53,1.0,5,4,0,Truck,Ashok Leyland,Diesel
585.0,156.0,234,3400.0,53,25.0,2,3,0,Van,Ashok Leyland,Diesel
572.0,322.0,483,5064.0,50,9.0,7,4,0,Van,Eicher,Petrol
584.0,564.0,846,5655.0,23,19.0,9,6,1,Truck,Ashok Leyland,CNG
374.0,442.0,663,3795.0,24,15.0,3,6,1,Tanker,Ashok Leyland,CNG
318.0,34.0,51,4502.0,50,7.0,10,2,0,Van,Mahindra,Diesel
259.0,181.0,271,6477.0,26,1.0,1,2,0,Tanker,Mahindra,Petrol
210.0,172.0,258,2643.0,34,16.0,5,1,0,Truck,Tata,Petrol
38.0,66.0,99,4497.0,27,9.0,11,0,0,Tanker,Eicher,Petrol
480.0,183.0,274,3769.0,53,1.0,11,2,0,Truck,Eicher,Diesel
195.0,509.0,763,9605.0,40,3.0,1,5,1,Mini Truck,Eicher,CNG
564.0,34.0,51,652.0,46,15.0,1,2,0,Tanker,Mahindra,Diesel
145.0,245.0,367,1639.0,23,19.0,9,6,1,Mini Truck,Ashok Leyland,CNG
93.0,414.0,621,5052.0,25,17.0,5,5,1,Van,Eicher,Petrol
87.0,255.0,382,6073.0,36,20.0,4,6,1,Truck,Mahindra,CNG
54.0,297.0,445,5052.0,39,22.0,11,6,1,Van,Eicher,Petrol
59.0,195.0,292,1151.0,58,14.0,2,5,1,Truck,Ashok Leyland,CNG
316.0,229.0,343,3619.0,52,14.0,6,0,0,Van,Eicher,Petrol
268.0,412.0,618,2271.0,51,20.0,6,4,0,Van,Mahindra,Diesel
315.0,435.0,652,4353.0,52,11.0,1,3,0,Truck,Tata,CNG
600.0,128.0,192,1812.0,40,23.0,11,2,0,Van,Tata,CNG
515.0,61.0,91,5052.0,35,11.0,6,0,0,Van,Eicher,Petrol
363.0,255.0,382,3950.0,41,13.0,2,6,1,Mini Truck,Mahindra,CNG
24.0,172.0,258,4550.0,58,15.0,5,0,0,Tanker,Eicher,Petrol
168.0,392.0,588,4108.0,31,7.0,6,6,1,Truck,Ashok Leyland,CNG
134.0,504.0,756,7439.0,48,2.0,5,0,0,Truck,Eicher,Petrol
52.0,149.0,223,8017.0,52,11.0,4,5,1,Tanker,Eicher,CNG
267.0,61.0,91,4619.0,49,22.0,6,5,1,Tanker,Eicher,CNG
395.0,297.0,445,3619.0,52,11.0,4,2,0,Van,Eicher,Petrol
438.0,495.0,742,3846.0,23,7.0,1,4,0,Tanker,Mahindra,Petrol
130.0,93.0,139,4093.0,45,10.0,10,0,0,Tanker,Eicher,Petrol
335.0,149.0,223,7439.0,34,16.0,11,2,0,Truck,Tata,CNG
369.0,24.0,36,9673.0,25,17.0,7,3,0,Van,Tata,Petrol
390.0,34.0,51,7507.0,49,11.0,1,3,0,Van,Eicher,CNG
558.0,592.0,888,5655.0,33,6.0,5,1,0,Truck,Ashok Leyland,CNG
224.0,405.0,607,4582.0,48,8.0,11,0,0,Tanker,Tata,CNG
157.0,520.0,780,8073.0,36,20.0,8,1,0,Van,Ashok Leyland,Diesel
439.0,405.0,607,8073.0,29,5.0,1,2,0,Van,Ashok Leyland,Diesel
493.0,441.0,661,2019.0,35,11.0,3,5,1,Van,Mahindra,Diesel
400.0,34.0,51,4833.0,56,15.0,12,4,0,Truck,Mahindra,Petrol
549.0,554.0,831,1735.0,49,22.0,1,4,0,Mini Truck,Eicher,Diesel
20.0,54.0,81,7706.0,39,17.0,9,2,0,Tanker,Ashok Leyland,Petrol
378.0,475.0,712,9202.0,53,12.0,1,4,0,Tanker,Ashok Leyland,Petrol
181.0,504.0,756,4399.0,45,10.0,6,5,1,Mini Truck,Tata,CNG
42.0,218.0,327,2644.0,42,6.0,3,6,1,Van,Mahindra,Petrol
528.0,504.0,756,1227.0,49,19.0,11,2,0,Tanker,Ashok Leyland,Petrol
458.0,297.0,445,7290.0,57,22.0,2,2,0,Tanker,Tata,Petrol
188.0,484.0,726,6073.0,46,4.0,12,1,0,Truck,Mahindra,CNG
51.0,334.0,501,3619.0,50,3.0,9,5,1,Van,Eicher,Petrol
593.0,352.0,528,1791.0,46,4.0,5,5,1,Tanker,Tata,Petrol
489.0,34.0,51,2541.0,27,14.0,5,6,1,Mini Truck,Mahindra,CNG
100.0,363.0,544,4619.0,46,4.0,2,1,0,Tanker,Eicher,CNG
268.0,73.0,109,4845.0,23,7.0,8,4,0,Tanker,Tata,Petrol
116.0,93.0,139,5064.0,42,6.0,9,1,0,Van,Eicher,Petrol
204.0,445.0,667,9356.0,27,4.0,4,5,1,Truck,Tata,CNG
480.0,445.0,667,4833.0,50,3.0,5,4,0,Truck,Mahindra,Petrol
272.0,307.0,460,4446.0,46,4.0,11,3,0,Mini Truck,Ashok Leyland,Diesel
493.0,52.0,78,2667.0,33,20.0,7,4,0,Tanker,Ashok Leyland,CNG
211.0,296.0,444,7933.0,35,25.0,5,4,0,Mini Truck,Eicher,Diesel
427.0,24.0,36,9227.0,53,12.0,10,0,0,Truck,Eicher,Diesel
120.0,58.0,87,7805.0,23,20.0,9,0,0,Tanker,Eicher,CNG
144.0,73.0,109,4550.0,28,5.0,11,3,0,Tanker,Eicher,Petrol
78.0,273.0,409,7933.0,30,15.0,1,6,1,Mini Truck,Eicher,Diesel
598.0,328.0,492,7412.0,39,5.0,1,5,1,Van,Eicher,Diesel
509.0,255.0,382,8945.0,41,4.0,7,2,0,Van,Tata,Petrol
330.0,297.0,445,1540.0,58,19.0,9,5,1,Van,Eicher,CNG
239.0,112.0,168,1540.0,29,3.0,11,3,0,Van,Eicher,CNG
513.0,297.0,445,7439.0,54,4.0,10,4,0,Truck,Tata,CNG
161.0,352.0,528,1604.0,24,15.0,8,5,1,Truck,Tata,Diesel
513.0,73.0,109,4353.0,28,21.0,9,1,0,Truck,Tata,CNG
414.0,172.0,258,3769.0,57,14.0,12,6,1,Truck,Eicher,Diesel
79.0,194.0,291,4573.0,50,3.0,2,4,0,Tanker,Mahindra,Diesel
142.0,181.0,271,3769.0,52,3.0,12,3,0,Truck,Eicher,Diesel
113.0,93.0,139,2271.0,49,10.0,5,0,0,Van,Mahindra,Diesel
296.0,245.0,367,5064.0,46,4.0,6,5,1,Van,Eicher,Petrol
250.0,24.0,36,2643.0,27,4.0,3,5,1,Truck,Tata,Petrol
21.0,518.0,777,7072.0,26,25.0,6,6,1,Van,Tata,Petrol
381.0,255.0,382,7412.0,57,22.0,10,0,0,Van,Eicher,Diesel
169.0,172.0,258,4093.0,37,16.0,4,6,1,Tanker,Eicher,Petrol
122.0,485.0,727,506.0,26,1.0,7,1,0,Mini Truck,Eicher,CNG
195.0,73.0,109,1460.0,29,10.0,3,0,0,Tanker,Ashok Leyland,Petrol
270.0,74.0,111,4399.0,22,15.0,11,3,0,Mini Truck,Tata,CNG
115.0,449.0,673,7566.0,33,6.0,10,2,0,Truck,Ashok Leyland,Petrol
302.0,334.0,501,3757.0,49,22.0,6,0,0,Van,Tata,CNG
496.0,227.0,340,1812.0,53,25.0,5,1,0,Van,Tata,CNG
472.0,74.0,111,2197.0,47,1.0,6,6,1,Truck,Mahindra,CNG
568.0,156.0,234,2541.0,53,1.0,5,5,1,Mini Truck,Mahindra,CNG
40.0,181.0,271,1639.0,22,15.0,8,5,1,Mini Truck,Ashok Leyland,CNG
163.0,128.0,192,7290.0,39,9.0,1,3,0,Tanker,Tata,Petrol
463.0,52.0,78,8879.0,37,23.0,2,6,1,Mini Truck,Eicher,CNG
380.0,218.0,327,1549.0,23,7.0,10,3,0,Truck,Ashok Leyland,Diesel
461.0,334.0,501,5779.0,58,15.0,6,3,0,Mini Truck,Ashok Leyland,Petrol
516.0,183.0,274,6711.0,26,14.0,12,5,1,Van,Ashok Leyland,Petrol
171.0,449.0,673,5655.0,58,19.0,6,4,0,Truck,Ashok Leyland,CNG
488.0,559.0,838,5057.0,39,22.0,6,2,0,Van,Eicher,CNG
529.0,61.0,91,4085.0,53,12.0,3,6,1,Truck,Tata,Petrol
21.0,495.0,742,9564.0,57,14.0,7,5,1,Mini Truck,Tata,Diesel
119.0,61.0,91,6073.0,52,11.0,2,4,0,Truck,Mahindra,CNG
75.0,436.0,654,4502.0,36,20.0,3,4,0,Van,Mahindra,Diesel
355.0,405.0,607,7158.0,52,13.0,9,5,1,Truck,Ashok Leyland,Diesel
566.0,229.0,343,5813.0,29,3.0,11,0,0,Mini Truck,Ashok Leyland,CNG
127.0,484.0,726,6362.0,34,24.0,4,1,0,Mini Truck,Mahindra,Diesel
145.0,195.0,292,4573.0,23,11.0,6,0,0,Tanker,Mahindra,Diesel
96.0,449.0,673,4353.0,50,3.0,5,3,0,Truck,Tata,CNG
376.0,194.0,291,5813.0,53,12.0,1,0,0,Mini Truck,Ashok Leyland,CNG
54.0,93.0,139,8504.0,40,8.0,9,4,0,Van,Mahindra,CNG
274.0,516.0,774,7158.0,52,14.0,10,6,1,Truck,Ashok Leyland,Diesel
119.0,328.0,492,8945.0,44,9.0,12,3,0,Van,Tata,Petrol
591.0,245.0,367,1321.0,53,25.0,3,1,0,Truck,Mahindra,Diesel
274.0,484.0,726,1549.0,58,3.0,8,1,0,Truck,Ashok Leyland,Diesel
597.0,373.0,559,3146.0,51,20.0,8,3,0,Van,Ashok Leyland,Petrol
394.0,277.0,415,9673.0,25,8.0,12,0,0,Van,Tata,Petrol
563.0,105.0,157,1791.0,39,9.0,1,5,1,Tanker,Tata,Petrol
471.0,307.0,460,2332.0,41,4.0,6,2,0,Mini Truck,Eicher,Diesel
481.0,559.0,838,8017.0,24,15.0,10,1,0,Tanker,Eicher,CNG
447.0,449.0,673,7566.0,48,18.0,6,5,1,Truck,Ashok Leyland,Petrol
328.0,307.0,460,1735.0,25,8.0,12,4,0,Mini Truck,Eicher,Diesel
260.0,352.0,528,7619.0,33,20.0,11,2,0,Mini Truck,Tata,Diesel
363.0,58.0,87,9227.0,24,2.0,1,2,0,Truck,Eicher,Diesel
165.0,168.0,252,4314.0,58,19.0,4,4,0,Van,Mahindra,Diesel
48.0,181.0,271,2942.0,28,5.0,1,5,1,Truck,Tata,CNG
395.0,402.0,603,1540.0,50,7.0,5,3,0,Van,Eicher,CNG
301.0,412.0,618,2296.0,48,8.0,4,2,0,Tanker,Tata,Diesel
219.0,572.0,858,1151.0,39,11.0,9,0,0,Truck,Ashok Leyland,CNG
136.0,61.0,91,9400.0,50,3.0,12,6,1,Mini Truck,Ashok Leyland,Petrol
147.0,238.0,357,3992.0,46,15.0,7,3,0,Truck,Tata,CNG
259.0,172.0,258,2197.0,37,19.0,5,0,0,Truck,Mahindra,CNG
138.0,592.0,888,3950.0,42,20.0,6,6,1,Mini Truck,Mahindra,CNG
381.0,564.0,846,5057.0,49,10.0,6,3,0,Van,Eicher,CNG
481.0,442.0,663,9564.0,58,3.0,11,3,0,Mini Truck,Tata,Diesel
348.0,442.0,663,4108.0,43,15.0,10,5,1,Truck,Ashok Leyland,CNG
228.0,105.0,157,1321.0,48,2.0,2,4,0,Truck,Mahindra,Diesel
230.0,52.0,78,4550.0,49,11.0,11,2,0,Tanker,Eicher,Petrol
516.0,218.0,327,1227.0,52,14.0,11,0,0,Tanker,Ashok Leyland,Petrol
297.0,363.0,544,2271.0,51,20.0,3,5,1,Van,Mahindra,Diesel
202.0,93.0,139,5057.0,45,15.0,8,6,1,Van,Eicher,CNG
32.0,195.0,292,5064.0,52,3.0,6,1,0,Van,Eicher,Petrol
296.0,183.0,274,1791.0,23,11.0,1,1,0,Tanker,Tata,Petrol
23.0,495.0,742,9400.0,54,22.0,6,0,0,Mini Truck,Ashok Leyland,Petrol
450.0,61.0,91,1604.0,31,7.0,7,0,0,Truck,Tata,Diesel
165.0,34.0,51,1151.0,24,15.0,5,3,0,Truck,Ashok Leyland,CNG
286.0,332.0,498,4550.0,48,16.0,3,5,1,Tanker,Eicher,Petrol
241.0,445.0,667,8979.0,34,18.0,8,2,0,Tanker,Mahindra,Petrol
364.0,250.0,375,4108.0,24,15.0,8,1,0,Truck,Ashok Leyland,CNG
536.0,44.0,66,1604.0,42,18.0,4,1,0,Truck,Tata,Diesel
532.0,297.0,445,2942.0,29,11.0,3,1,0,Truck,Tata,CNG
261.0,520.0,780,1812.0,52,3.0,3,3,0,Van,Tata,CNG
142.0,412.0,618,4001.0,46,1.0,8,0,0,Tanker,Eicher,CNG
400.0,449.0,673,2588.0,23,11.0,1,6,1,Mini Truck,Ashok Leyland,Petrol
490.0,311.0,466,4833.0,48,3.0,7,6,1,Truck,Mahindra,Petrol
203.0,352.0,528,4497.0,26,9.0,3,3,0,Tanker,Eicher,Petrol
192.0,75.0,112,1604.0,37,8.0,8,1,0,Truck,Tata,Diesel
189.0,334.0,501,2035.0,48,2.0,4,4,0,Tanker,Tata,Diesel
530.0,61.0,91,2332.0,42,18.0,9,5,1,Mini Truck,Eicher,Diesel
586.0,441.0,661,7805.0,38,3.0,9,6,1,Tanker,Eicher,CNG
497.0,435.0,652,8073.0,53,12.0,12,0,0,Van,Ashok Leyland,Diesel
530.0,436.0,654,1549.0,35,25.0,5,3,0,Truck,Ashok Leyland,Diesel
295.0,445.0,667,7619.0,41,23.0,6,6,1,Mini Truck,Tata,Diesel
576.0,25.0,37,3205.0,23,20.0,3,3,0,Van,Eicher,CNG
513.0,253.0,379,8504.0,58,3.0,7,1,0,Van,Mahindra,CNG
319.0,74.0,111,1639.0,37,19.0,9,3,0,Mini Truck,Ashok Leyland,CNG
129.0,307.0,460,4833.0,29,10.0,10,2,0,Truck,Mahindra,Petrol
249.0,495.0,742,2035.0,31,3.0,2,0,0,Tanker,Tata,Diesel
361.0,181.0,271,8846.0,42,20.0,12,1,0,Mini Truck,Mahindra,CNG
212.0,441.0,661,7072.0,45,15.0,9,0,0,Van,Tata,Petrol
415.0,218.0,327,1540.0,27,14.0,4,2,0,Van,Eicher,CNG
155.0,559.0,838,8073.0,47,11.0,10,4,0,Van,Ashok Leyland,Diesel
194.0,58.0,87,2643.0,34,18.0,5,4,0,Truck,Tata,Petrol
291.0,156.0,234,7507.0,34,16.0,9,4,0,Van,Eicher,CNG
76.0,559.0,838,1227.0,52,14.0,9,1,0,Tanker,Ashok Leyland,Petrol
287.0,255.0,382,4779.0,25,17.0,1,5,1,Mini Truck,Tata,Diesel
546.0,373.0,559,2332.0,38,9.0,2,6,1,Mini Truck,Eicher,Diesel
160.0,442.0,663,3205.0,52,11.0,7,2,0,Van,Eicher,CNG
190.0,352.0,528,7072.0,29,3.0,12,6,1,Van,Tata,Petrol
551.0,445.0,667,2296.0,39,11.0,7,3,0,Tanker,Tata,Diesel
170.0,93.0,139,1321.0,53,1.0,6,1,0,Truck,Mahindra,Diesel
213.0,572.0,858,4550.0,25,17.0,10,2,0,Tanker,Eicher,Petrol
37.0,183.0,274,4582.0,49,8.0,12,6,1,Tanker,Tata,CNG
76.0,405.0,607,7933.0,32,6.0,5,0,0,Mini Truck,Eicher,Diesel
89.0,247.0,370,5057.0,42,20.0,6,2,0,Van,Eicher,CNG
521.0,435.0,652,4399.0,29,3.0,12,0,0,Mini Truck,Tata,CNG
398.0,484.0,726,2588.0,48,16.0,3,1,0,Mini Truck,Ashok Leyland,Petrol
295.0,310.0,465,5813.0,27,9.0,3,2,0,Mini Truck,Ashok Leyland,CNG
468.0,307.0,460,6362.0,26,9.0,4,5,1,Mini Truck,Mahindra,Diesel
25.0,516.0,774,1151.0,37,22.0,1,3,0,Truck,Ashok Leyland,CNG
389.0,61.0,91,2332.0,58,14.0,5,1,0,Mini Truck,Eicher,Diesel
276.0,555.0,832,7619.0,49,21.0,11,1,0,Mini Truck,Tata,Diesel
498.0,58.0,87,8504.0,50,17.0,7,6,1,Van,Mahindra,CNG
237.0,168.0,252,2197.0,31,7.0,12,6,1,Truck,Mahindra,CNG
110.0,105.0,157,9356.0,31,7.0,5,4,0,Truck,Tata,CNG
334.0,441.0,661,2541.0,25,17.0,4,6,1,Mini Truck,Mahindra,CNG
194.0,449.0,673,4001.0,37,19.0,3,0,0,Tanker,Eicher,CNG
217.0,554.0,831,8017.0,49,22.0,3,5,1,Tanker,Eicher,CNG
560.0,547.0,820,3757.0,37,22.0,9,3,0,Van,Tata,CNG
171.0,24.0,36,8879.0,52,3.0,3,6,1,Mini Truck,Eicher,CNG
218.0,52.0,78,4108.0,55,9.0,7,2,0,Truck,Ashok Leyland,CNG
280.0,555.0,832,5006.0,33,6.0,11,5,1,Truck,Tata,CNG
173.0,297.0,445,1151.0,27,9.0,1,3,0,Truck,Ashok Leyland,CNG
123.0,255.0,382,4085.0,53,1.0,8,3,0,Truck,Tata,Petrol
414.0,435.0,652,1604.0,25,6.0,1,3,0,Truck,Tata,Diesel
273.0,485.0,727,5006.0,28,5.0,8,2,0,Truck,Tata,CNG
561.0,373.0,559,5942.0,50,9.0,10,1,0,Truck,Ashok Leyland,CNG
443.0,387.0,580,9697.0,53,16.0,5,3,0,Mini Truck,Ashok Leyland,Diesel
515.0,328.0,492,4001.0,51,14.0,10,0,0,Tanker,Eicher,CNG
34.0,255.0,382,8846.0,57,20.0,6,3,0,Mini Truck,Mahindra,CNG
146.0,181.0,271,3400.0,24,17.0,5,0,0,Van,Ashok Leyland,Diesel
145.0,117.0,175,9605.0,33,23.0,6,4,0,Mini Truck,Eicher,CNG
384.0,247.0,370,4314.0,52,13.0,1,1,0,Van,Mahindra,Diesel
559.0,149.0,223,5585.0,50,3.0,5,0,0,Truck,Ashok Leyland,CNG
304.0,227.0,340,4550.0,47,17.0,2,1,0,Tanker,Eicher,Petrol
316.0,483.0,724,8979.0,23,7.0,9,0,0,Tanker,Mahindra,Petrol
525.0,52.0,78,2332.0,27,14.0,4,1,0,Mini Truck,Eicher,Diesel
66.0,24.0,36,1151.0,48,24.0,4,3,0,Truck,Ashok Leyland,CNG
209.0,441.0,661,4582.0,53,25.0,5,6,1,Tanker,Tata,CNG
461.0,34.0,51,8846.0,23,11.0,9,0,0,Mini Truck,Mahindra,CNG
131.0,518.0,777,5942.0,24,15.0,6,1,0,Truck,Ashok Leyland,CNG
30.0,73.0,109,6477.0,34,24.0,9,4,0,Tanker,Mahindra,Petrol
80.0,296.0,444,8945.0,54,4.0,11,1,0,Van,Tata,Petrol
429.0,255.0,382,8945.0,55,9.0,5,3,0,Van,Tata,Petrol
380.0,54.0,81,4108.0,24,15.0,1,4,0,Truck,Ashok Leyland,CNG
589.0,504.0,756,1549.0,25,7.0,10,3,0,Truck,Ashok Leyland,Diesel
37.0,25.0,37,9227.0,40,3.0,9,2,0,Truck,Eicher,Diesel
118.0,232.0,348,2112.0,53,25.0,6,1,0,Tanker,Tata,CNG
360.0,328.0,492,2019.0,39,5.0,5,0,0,Van,Mahindra,Diesel
272.0,112.0,168,1604.0,53,1.0,9,2,0,Truck,Tata,Diesel
103.0,58.0,87,4353.0,48,3.0,5,0,0,Truck,Tata,CNG
489.0,25.0,37,5064.0,37,19.0,4,3,0,Van,Eicher,Petrol
512.0,572.0,858,2271.0,52,14.0,12,0,0,Van,Mahindra,Diesel
530.0,34.0,51,9605.0,31,21.0,6,3,0,Mini Truck,Eicher,CNG
214.0,311.0,466,4779.0,39,10.0,12,0,0,Mini Truck,Tata,Diesel
202.0,229.0,343,4108.0,35,15.0,12,0,0,Truck,Ashok Leyland,CNG
255.0,25.0,37,7933.0,28,18.0,10,3,0,Mini Truck,Eicher,Diesel
273.0,311.0,466,1151.0,56,15.0,8,2,0,Truck,Ashok Leyland,CNG
89.0,75.0,112,1735.0,37,23.0,6,1,0,Mini Truck,Eicher,Diesel
142.0,412.0,618,2643.0,24,17.0,8,2,0,Truck,Tata,Petrol
76.0,509.0,763,2197.0,48,24.0,3,2,0,Truck,Mahindra,CNG
148.0,311.0,466,4093.0,48,18.0,1,6,1,Tanker,Eicher,Petrol
89.0,520.0,780,1460.0,38,9.0,9,4,0,Tanker,Ashok Leyland,Petrol
395.0,484.0,726,1151.0,35,23.0,10,0,0,Truck,Ashok Leyland,CNG
583.0,149.0,223,4619.0,48,8.0,8,3,0,Tanker,Eicher,CNG
344.0,277.0,415,7092.0,29,5.0,11,1,0,Mini Truck,Eicher,Petrol
93.0,509.0,763,2179.0,51,14.0,5,1,0,Van,Ashok Leyland,CNG
471.0,555.0,832,8504.0,42,6.0,3,0,0,Van,Mahindra,CNG
155.0,34.0,51,6073.0,36,8.0,11,6,1,Truck,Mahindra,CNG
207.0,572.0,858,5006.0,27,9.0,2,6,1,Truck,Tata,CNG
140.0,61.0,91,4845.0,31,2.0,5,3,0,Tanker,Tata,Petrol
533.0,449.0,673,7566.0,50,9.0,6,0,0,Truck,Ashok Leyland,Petrol
303.0,392.0,588,4353.0,37,22.0,2,1,0,Truck,Tata,CNG
225.0,442.0,663,7158.0,23,11.0,11,3,0,Truck,Ashok Leyland,Diesel
113.0,194.0,291,4399.0,28,15.0,5,6,1,Mini Truck,Tata,CNG
556.0,245.0,367,7439.0,39,10.0,9,5,1,Truck,Eicher,Petrol
84.0,564.0,846,1321.0,23,20.0,9,2,0,Truck,Mahindra,Diesel
489.0,445.0,667,9227.0,26,25.0,12,0,0,Truck,Eicher,Diesel
148.0,322.0,483,5942.0,55,4.0,12,5,1,Truck,Ashok Leyland,CNG
377.0,405.0,607,2588.0,58,19.0,11,5,1,Mini Truck,Ashok Leyland,Petrol
353.0,255.0,382,5655.0,58,15.0,4,6,1,Truck,Ashok Leyland,CNG
41.0,117.0,175,2271.0,51,2.0,5,2,0,Van,Mahindra,Diesel
354.0,24.0,36,2644.0,40,8.0,10,0,0,Van,Mahindra,Petrol
179.0,195.0,292,5057.0,31,3.0,6,0,0,Van,Eicher,CNG
451.0,232.0,348,2942.0,58,19.0,7,3,0,Truck,Tata,CNG
309.0,61.0,91,7072.0,30,10.0,1,4,0,Van,Tata,Petrol
452.0,255.0,382,2296.0,29,10.0,10,0,0,Tanker,Tata,Diesel
384.0,322.0,483,5057.0,52,3.0,12,0,0,Van,Eicher,CNG
245.0,247.0,370,8879.0,25,8.0,10,2,0,Mini Truck,Eicher,CNG
72.0,253.0,379,8846.0,48,16.0,9,6,1,Mini Truck,Mahindra,CNG
92.0,277.0,415,1639.0,41,4.0,3,4,0,Mini Truck,Ashok Leyland,CNG
330.0,277.0,415,7158.0,42,6.0,11,5,1,Truck,Ashok Leyland,Diesel
294.0,334.0,501,4833.0,39,10.0,1,0,0,Truck,Mahindra,Petrol
506.0,61.0,91,8073.0,53,1.0,5,6,1,Van,Ashok Leyland,Diesel
325.0,475.0,712,2112.0,51,20.0,10,3,0,Tanker,Tata,CNG
67.0,117.0,175,9673.0,46,15.0,5,3,0,Van,Tata,Petrol
588.0,412.0,618,2112.0,37,22.0,10,0,0,Tanker,Tata,CNG
330.0,496.0,744,5655.0,38,9.0,2,3,0,Truck,Ashok Leyland,CNG
89.0,25.0,37,9564.0,54,22.0,12,6,1,Mini Truck,Tata,Diesel
217.0,363.0,544,1321.0,48,7.0,4,1,0,Truck,Mahindra,Diesel
430.0,509.0,763,4001.0,41,13.0,4,0,0,Tanker,Eicher,CNG
43.0,245.0,367,1540.0,48,2.0,11,2,0,Van,Eicher,CNG
117.0,412.0,618,2179.0,36,20.0,3,3,0,Van,Ashok Leyland,CNG
217.0,25.0,37,3795.0,42,6.0,7,5,1,Tanker,Ashok Leyland,CNG
493.0,52.0,78,2942.0,58,19.0,12,0,0,Truck,Tata,CNG
408.0,322.0,483,4093.0,50,3.0,4,4,0,Tanker,Eicher,Petrol
473.0,61.0,91,8879.0,48,8.0,4,0,0,Mini Truck,Eicher,CNG
488.0,194.0,291,3846.0,22,5.0,3,1,0,Tanker,Mahindra,Petrol
434.0,483.0,724,1639.0,41,13.0,9,4,0,Mini Truck,Ashok Leyland,CNG
189.0,311.0,466,6477.0,35,11.0,11,2,0,Tanker,Mahindra,Petrol
508.0,183.0,274,4001.0,33,6.0,4,0,0,Tanker,Eicher,CNG
304.0,25.0,37,5655.0,39,5.0,12,5,1,Truck,Ashok Leyland,CNG
72.0,435.0,652,9697.0,53,15.0,11,0,0,Mini Truck,Ashok Leyland,Diesel
172.0,559.0,838,4573.0,52,3.0,11,4,0,Tanker,Mahindra,Diesel
387.0,531.0,796,9400.0,37,22.0,11,6,1,Mini Truck,Ashok Leyland,Petrol
207.0,229.0,343,3846.0,58,8.0,5,2,0,Tanker,Mahindra,Petrol
479.0,218.0,327,2332.0,58,14.0,12,4,0,Mini Truck,Eicher,Diesel
388.0,520.0,780,3992.0,44,4.0,11,5,1,Truck,Tata,CNG
580.0,194.0,291,1227.0,40,3.0,2,5,1,Tanker,Ashok Leyland,Petrol
528.0,297.0,445,5585.0,48,3.0,6,0,0,Truck,Ashok Leyland,CNG
25.0,520.0,780,4001.0,26,14.0,6,4,0,Tanker,Eicher,CNG
73.0,555.0,832,9227.0,42,20.0,8,1,0,Truck,Eicher,Diesel
193.0,54.0,81,4619.0,33,20.0,11,2,0,Tanker,Eicher,CNG
524.0,586.0,879,9356.0,42,6.0,5,5,1,Truck,Tata,CNG
46.0,54.0,81,4399.0,42,18.0,7,1,0,Mini Truck,Tata,CNG
466.0,483.0,724,1540.0,50,17.0,11,4,0,Van,Eicher,CNG
375.0,586.0,879,4001.0,52,13.0,10,2,0,Tanker,Eicher,CNG
69.0,392.0,588,9605.0,27,9.0,3,3,0,Mini Truck,Eicher,CNG
199.0,445.0,667,2644.0,48,3.0,3,4,0,Van,Mahindra,Petrol
196.0,456.0,684,8017.0,22,15.0,1,1,0,Tanker,Eicher,CNG
197.0,277.0,415,9400.0,24,15.0,3,1,0,Mini Truck,Ashok Leyland,Petrol
521.0,128.0,192,1735.0,42,18.0,9,2,0,Mini Truck,Eicher,Diesel
364.0,554.0,831,4314.0,48,2.0,3,5,1,Van,Mahindra,Diesel
303.0,44.0,66,5942.0,25,7.0,12,1,0,Truck,Ashok Leyland,CNG
233.0,229.0,343,1735.0,41,13.0,9,4,0,Mini Truck,Eicher,Diesel
24.0,475.0,712,8979.0,31,2.0,11,1,0,Tanker,Mahindra,Petrol
445.0,475.0,712,4399.0,55,4.0,10,2,0,Mini Truck,Tata,CNG
511.0,229.0,343,3757.0,57,3.0,8,1,0,Van,Tata,CNG
493.0,296.0,444,2296.0,50,7.0,1,6,1,Tanker,Tata,Diesel
511.0,555.0,832,8846.0,57,3.0,1,0,0,Mini Truck,Mahindra,CNG
303.0,238.0,357,8979.0,30,10.0,9,0,0,Tanker,Mahindra,Petrol
118.0,412.0,618,4497.0,24,2.0,11,5,1,Tanker,Eicher,Petrol
71.0,496.0,744,7412.0,50,7.0,10,5,1,Van,Eicher,Diesel
198.0,484.0,726,1460.0,26,9.0,11,3,0,Tanker,Ashok Leyland,Petrol
176.0,61.0,91,8504.0,39,22.0,5,3,0,Van,Mahindra,CNG
302.0,238.0,357,9202.0,31,23.0,6,2,0,Tanker,Ashok Leyland,Petrol
68.0,269.0,403,7619.0,43,15.0,5,2,0,Mini Truck,Tata,Diesel
219.0,296.0,444,652.0,42,6.0,8,5,1,Tanker,Mahindra,Diesel
526.0,195.0,292,4619.0,58,14.0,9,1,0,Tanker,Eicher,CNG
484.0,34.0,51,6073.0,37,8.0,3,2,0,Truck,Mahindra,CNG
403.0,255.0,382,9697.0,58,3.0,2,5,1,Mini Truck,Ashok Leyland,Diesel
412.0,52.0,78,8879.0,58,3.0,9,2,0,Mini Truck,Eicher,CNG
70.0,311.0,466,3205.0,30,15.0,12,3,0,Van,Eicher,CNG
118.0,322.0,483,5655.0,33,6.0,3,0,0,Truck,Ashok Leyland,CNG
165.0,518.0,777,4573.0,40,3.0,12,2,0,Tanker,Mahindra,Diesel
322.0,25.0,37,3795.0,46,4.0,1,4,0,Tanker,Ashok Leyland,CNG
349.0,255.0,382,1257.0,39,11.0,2,6,1,Van,Ashok Leyland,Diesel
381.0,195.0,292,1791.0,58,15.0,9,1,0,Tanker,Tata,Petrol
548.0,34.0,51,4085.0,34,24.0,5,3,0,Truck,Tata,Petrol
203.0,269.0,403,7412.0,48,8.0,8,0,0,Van,Eicher,Diesel
390.0,412.0,618,2643.0,52,14.0,5,6,1,Truck,Tata,Petrol
390.0,112.0,168,4446.0,56,2.0,1,6,1,Mini Truck,Ashok Leyland,Diesel
446.0,445.0,667,8979.0,25,17.0,11,3,0,Tanker,Mahindra,Petrol
123.0,58.0,87,5655.0,31,3.0,4,1,0,Truck,Ashok Leyland,CNG
185.0,412.0,618,1151.0,52,11.0,3,0,0,Truck,Ashok Leyland,CNG
364.0,149.0,223,6477.0,55,2.0,9,6,1,Tanker,Mahindra,Petrol
317.0,586.0,879,5813.0,41,13.0,2,2,0,Mini Truck,Ashok Leyland,CNG
239.0,535.0,802,1257.0,50,3.0,7,4,0,Van,Ashok Leyland,Diesel
56.0,264.0,396,4353.0,48,8.0,3,5,1,Truck,Tata,CNG
393.0,117.0,175,7092.0,42,6.0,11,4,0,Mini Truck,Eicher,Petrol
199.0,253.0,379,5779.0,52,3.0,7,6,1,Mini Truck,Ashok Leyland,Petrol
537.0,586.0,879,4399.0,23,20.0,5,3,0,Mini Truck,Tata,CNG
558.0,61.0,91,3992.0,56,15.0,9,1,0,Truck,Tata,CNG
562.0,392.0,588,3795.0,26,25.0,6,5,1,Tanker,Ashok Leyland,CNG
271.0,245.0,367,4619.0,58,8.0,5,0,0,Tanker,Eicher,CNG
414.0,245.0,367,5064.0,41,25.0,2,3,0,Van,Eicher,Petrol
529.0,310.0,465,7158.0,28,18.0,3,4,0,Truck,Ashok Leyland,Diesel
363.0,547.0,820,2197.0,34,18.0,4,4,0,Truck,Mahindra,CNG
325.0,328.0,492,8879.0,39,17.0,11,6,1,Mini Truck,Eicher,CNG
137.0,564.0,846,1227.0,52,14.0,1,4,0,Tanker,Ashok Leyland,Petrol
160.0,363.0,544,1227.0,48,16.0,11,5,1,Tanker,Ashok Leyland,Petrol
521.0,58.0,87,7439.0,30,10.0,12,0,0,Truck,Tata,CNG
458.0,195.0,292,3992.0,50,7.0,12,3,0,Truck,Tata,CNG
355.0,387.0,580,7619.0,48,8.0,10,0,0,Mini Truck,Tata,Diesel
429.0,555.0,832,7290.0,36,8.0,7,0,0,Tanker,Tata,Petrol
189.0,58.0,87,7412.0,43,15.0,7,4,0,Van,Eicher,Diesel
235.0,516.0,774,1227.0,52,3.0,1,1,0,Tanker,Ashok Leyland,Petrol
403.0,442.0,663,4093.0,41,13.0,2,3,0,Tanker,Eicher,Petrol
463.0,445.0,667,2112.0,34,16.0,11,4,0,Tanker,Tata,CNG
177.0,117.0,175,9227.0,26,1.0,3,6,1,Truck,Eicher,Diesel
31.0,332.0,498,1460.0,43,15.0,10,4,0,Tanker,Ashok Leyland,Petrol
489.0,269.0,403,5006.0,26,25.0,7,0,0,Truck,Tata,CNG
93.0,402.0,603,4066.0,25,6.0,12,4,0,Van,Ashok Leyland,Petrol
249.0,504.0,756,4573.0,49,19.0,7,5,1,Tanker,Mahindra,Diesel
190.0,328.0,492,5057.0,56,15.0,6,5,1,Van,Eicher,CNG
337.0,559.0,838,5585.0,50,3.0,3,4,0,Truck,Ashok Leyland,CNG
487.0,442.0,663,9400.0,56,15.0,6,4,0,Mini Truck,Ashok Leyland,Petrol
211.0,183.0,274,4497.0,39,11.0,3,1,0,Tanker,Eicher,Petrol
299.0,143.0,214,2112.0,23,19.0,9,0,0,Tanker,Tata,CNG
325.0,25.0,37,4502.0,30,15.0,7,6,1,Van,Mahindra,Diesel
508.0,516.0,774,5813.0,58,8.0,5,4,0,Mini Truck,Ashok Leyland,CNG
75.0,509.0,763,5585.0,58,12.0,5,5,1,Truck,Ashok Leyland,CNG
311.0,547.0,820,8073.0,40,8.0,9,3,0,Van,Ashok Leyland,Diesel
529.0,586.0,879,2541.0,58,8.0,1,2,0,Mini Truck,Mahindra,CNG
376.0,414.0,621,1791.0,48,16.0,11,1,0,Tanker,Tata,Petrol
68.0,277.0,415,4093.0,26,1.0,5,5,1,Tanker,Eicher,Petrol
436.0,311.0,466,7566.0,48,16.0,7,2,0,Truck,Ashok Leyland,Petrol
534.0,168.0,252,9356.0,57,3.0,11,5,1,Truck,Tata,CNG
200.0,484.0,726,8017.0,52,3.0,2,5,1,Tanker,Eicher,CNG
102.0,484.0,726,4314.0,44,9.0,4,6,1,Van,Mahindra,Diesel
95.0,555.0,832,5064.0,23,11.0,12,5,1,Van,Eicher,Petrol
573.0,307.0,460,6711.0,23,19.0,8,5,1,Van,Ashok Leyland,Petrol
238.0,435.0,652,4497.0,26,25.0,9,0,0,Tanker,Eicher,Petrol
556.0,195.0,292,1460.0,31,2.0,2,3,0,Tanker,Ashok Leyland,Petrol
82.0,352.0,528,3846.0,58,12.0,3,1,0,Tanker,Mahindra,Petrol
103.0,24.0,36,7158.0,48,8.0,4,1,0,Truck,Ashok Leyland,Diesel
293.0,61.0,91,1812.0,31,2.0,7,6,1,Van,Tata,CNG
373.0,44.0,66,4619.0,57,14.0,11,0,0,Tanker,Eicher,CNG
430.0,168.0,252,1257.0,25,8.0,11,5,1,Van,Ashok Leyland,Diesel
51.0,52.0,78,3795.0,50,25.0,9,1,0,Tanker,Ashok Leyland,CNG
428.0,112.0,168,4502.0,26,9.0,12,5,1,Van,Mahindra,Diesel
387.0,149.0,223,8879.0,40,3.0,4,3,0,Mini Truck,Eicher,CNG
227.0,194.0,291,1735.0,23,11.0,10,1,0,Mini Truck,Eicher,Diesel
354.0,117.0,175,4446.0,56,15.0,1,0,0,Mini Truck,Ashok Leyland,Diesel
338.0,143.0,214,4573.0,37,23.0,7,5,1,Tanker,Mahindra,Diesel
392.0,229.0,343,4833.0,26,1.0,6,3,0,Truck,Mahindra,Petrol
189.0,74.0,111,6477.0,42,20.0,3,4,0,Tanker,Mahindra,Petrol
181.0,172.0,258,4093.0,31,23.0,7,2,0,Tanker,Eicher,Petrol
509.0,402.0,603,7566.0,22,15.0,2,2,0,Truck,Ashok Leyland,Petrol
122.0,496.0,744,6477.0,53,12.0,12,6,1,Tanker,Mahindra,Petrol
52.0,66.0,99,2197.0,23,7.0,2,2,0,Truck,Mahindra,CNG
580.0,277.0,415,9697.0,58,8.0,6,5,1,Mini Truck,Ashok Leyland,Diesel
590.0,93.0,139,2197.0,52,11.0,6,0,0,Truck,Mahindra,CNG
301.0,24.0,36,8846.0,29,10.0,2,2,0,Mini Truck,Mahindra,CNG
127.0,197.0,295,4845.0,23,11.0,7,2,0,Tanker,Tata,Petrol
89.0,93.0,139,7412.0,29,3.0,1,6,1,Van,Eicher,Diesel
176.0,414.0,621,652.0,22,15.0,4,0,0,Tanker,Mahindra,Diesel
177.0,555.0,832,2271.0,35,11.0,3,0,0,Van,Mahindra,Diesel
359.0,269.0,403,5006.0,29,10.0,11,5,1,Truck,Tata,CNG
278.0,277.0,415,7412.0,57,3.0,11,1,0,Van,Eicher,Diesel
578.0,277.0,415,7507.0,37,10.0,11,5,1,Van,Eicher,CNG
70.0,436.0,654,9564.0,49,22.0,8,4,0,Mini Truck,Tata,Diesel
40.0,172.0,258,8846.0,57,20.0,6,5,1,Mini Truck,Mahindra,CNG
458.0,253.0,379,506.0,53,12.0,2,6,1,Mini Truck,Eicher,CNG
28.0,34.0,51,2541.0,55,4.0,7,6,1,Mini Truck,Mahindra,CNG
359.0,531.0,796,4582.0,53,1.0,9,6,1,Tanker,Tata,CNG
504.0,442.0,663,6477.0,55,4.0,10,0,0,Tanker,Mahindra,Petrol
365.0,555.0,832,3400.0,57,3.0,4,2,0,Van,Ashok Leyland,Diesel
423.0,405.0,607,7290.0,55,4.0,7,6,1,Tanker,Tata,Petrol
125.0,44.0,66,8504.0,41,23.0,2,0,0,Van,Mahindra,CNG
395.0,334.0,501,5585.0,51,20.0,12,6,1,Truck,Ashok Leyland,CNG
525.0,195.0,292,6477.0,32,6.0,8,6,1,Tanker,Mahindra,Petrol
108.0,559.0,838,2644.0,57,22.0,5,3,0,Van,Mahindra,Petrol
155.0,93.0,139,5006.0,42,6.0,4,6,1,Truck,Tata,CNG
455.0,195.0,292,5655.0,35,23.0,2,3,0,Truck,Ashok Leyland,CNG
403.0,436.0,654,2296.0,56,15.0,7,2,0,Tanker,Tata,Diesel
390.0,216.0,324,3146.0,38,3.0,6,4,0,Van,Ashok Leyland,Petrol
144.0,172.0,258,5057.0,33,20.0,5,2,0,Van,Eicher,CNG
49.0,73.0,109,3950.0,42,6.0,9,6,1,Mini Truck,Mahindra,CNG
108.0,496.0,744,9673.0,52,3.0,7,2,0,Van,Tata,Petrol
113.0,247.0,370,3205.0,29,10.0,12,3,0,Van,Eicher,CNG
278.0,436.0,654,506.0,40,3.0,6,5,1,Mini Truck,Eicher,CNG
204.0,484.0,726,4152.0,38,3.0,9,5,1,Mini Truck,Mahindra,Diesel
409.0,75.0,112,4446.0,41,4.0,10,5,1,Mini Truck,Ashok Leyland,Diesel
227.0,311.0,466,5052.0,50,3.0,9,3,0,Van,Eicher,Petrol
567.0,322.0,483,3950.0,48,7.0,8,2,0,Mini Truck,Mahindra,CNG
466.0,229.0,343,3146.0,23,16.0,9,6,1,Van,Ashok Leyland,Petrol
25.0,44.0,66,2296.0,31,13.0,5,2,0,Tanker,Tata,Diesel
430.0,27.0,40,9673.0,27,9.0,8,3,0,Van,Tata,Petrol
493.0,547.0,820,2332.0,56,2.0,1,6,1,Mini Truck,Eicher,Diesel
467.0,34.0,51,1549.0,47,11.0,2,6,1,Truck,Ashok Leyland,Diesel
373.0,559.0,838,7933.0,39,5.0,4,0,0,Mini Truck,Eicher,Diesel
595.0,253.0,379,7412.0,26,9.0,9,0,0,Van,Eicher,Diesel
556.0,475.0,712,7566.0,36,20.0,3,6,1,Truck,Ashok Leyland,Petrol
400.0,58.0,87,1791.0,46,15.0,8,5,1,Tanker,Tata,Petrol
282.0,414.0,621,1791.0,42,6.0,4,2,0,Tanker,Tata,Petrol
587.0,436.0,654,4779.0,34,24.0,3,5,1,Mini Truck,Tata,Diesel
142.0,296.0,444,4573.0,26,9.0,3,2,0,Tanker,Mahindra,Diesel
262.0,307.0,460,2035.0,50,3.0,4,3,0,Tanker,Tata,Diesel
503.0,435.0,652,1791.0,41,23.0,4,0,0,Tanker,Tata,Petrol
213.0,328.0,492,7290.0,54,22.0,5,1,0,Tanker,Tata,Petrol
399.0,322.0,483,4833.0,37,22.0,11,4,0,Truck,Mahindra,Petrol
369.0,245.0,367,8017.0,29,5.0,11,5,1,Tanker,Eicher,CNG
362.0,559.0,838,6362.0,52,3.0,7,4,0,Mini Truck,Mahindra,Diesel
95.0,555.0,832,2179.0,46,4.0,6,1,0,Van,Ashok Leyland,CNG
190.0,435.0,652,9673.0,38,9.0,6,0,0,Van,Tata,Petrol
95.0,273.0,409,9356.0,35,23.0,10,6,1,Truck,Tata,CNG
208.0,245.0,367,1321.0,40,25.0,10,3,0,Truck,Mahindra,Diesel
479.0,255.0,382,4066.0,42,6.0,9,5,1,Van,Ashok Leyland,Petrol
595.0,516.0,774,5585.0,56,15.0,3,5,1,Truck,Ashok Leyland,CNG
75.0,117.0,175,5655.0,25,17.0,3,6,1,Truck,Ashok Leyland,CNG
84.0,520.0,780,1639.0,26,14.0,12,1,0,Mini Truck,Ashok Leyland,CNG
297.0,195.0,292,9202.0,56,15.0,12,4,0,Tanker,Ashok Leyland,Petrol
514.0,518.0,777,9227.0,51,20.0,7,6,1,Truck,Eicher,Diesel
107.0,496.0,744,4085.0,33,23.0,8,4,0,Truck,Tata,Petrol
518.0,586.0,879,8846.0,58,19.0,5,1,0,Mini Truck,Mahindra,CNG
535.0,412.0,618,2588.0,34,24.0,3,6,1,Mini Truck,Ashok Leyland,Petrol
295.0,24.0,36,3146.0,48,24.0,11,4,0,Van,Ashok Leyland,Petrol
149.0,504.0,756,1321.0,31,21.0,12,1,0,Truck,Mahindra,Diesel
569.0,435.0,652,5585.0,58,5.0,10,6,1,Truck,Ashok Leyland,CNG
274.0,363.0,544,7805.0,32,6.0,3,3,0,Tanker,Eicher,CNG
496.0,250.0,375,4833.0,42,18.0,11,5,1,Truck,Mahindra,Petrol
191.0,297.0,445,3757.0,29,3.0,1,6,1,Van,Tata,CNG
559.0,296.0,444,7412.0,46,15.0,4,0,0,Van,Eicher,Diesel
143.0,578.0,867,4845.0,46,15.0,11,6,1,Tanker,Tata,Petrol
38.0,392.0,588,4845.0,37,22.0,9,1,0,Tanker,Tata,Petrol
419.0,227.0,340,7072.0,34,18.0,5,4,0,Van,Tata,Petrol
149.0,352.0,528,1735.0,49,8.0,11,5,1,Mini Truck,Eicher,Diesel
157.0,449.0,673,5057.0,23,16.0,7,0,0,Van,Eicher,CNG
59.0,485.0,727,3846.0,23,19.0,12,5,1,Tanker,Mahindra,Petrol
567.0,66.0,99,4573.0,57,20.0,12,2,0,Tanker,Mahindra,Diesel
224.0,255.0,382,3757.0,28,5.0,4,3,0,Van,Tata,CNG
581.0,117.0,175,8979.0,57,20.0,8,6,1,Tanker,Mahindra,Petrol
455.0,307.0,460,2942.0,46,18.0,10,2,0,Truck,Tata,CNG
77.0,255.0,382,5057.0,39,2.0,10,2,0,Van,Eicher,CNG
291.0,495.0,742,8073.0,29,3.0,2,3,0,Van,Ashok Leyland,Diesel
162.0,218.0,327,4446.0,28,21.0,7,2,0,Mini Truck,Ashok Leyland,Diesel
275.0,238.0,357,9697.0,54,4.0,12,3,0,Mini Truck,Ashok Leyland,Diesel
600.0,332.0,498,4093.0,48,24.0,3,4,0,Tanker,Eicher,Petrol
123.0,578.0,867,2332.0,26,1.0,1,1,0,Mini Truck,Eicher,Diesel
390.0,273.0,409,2942.0,58,19.0,12,3,0,Truck,Tata,CNG
282.0,73.0,109,6477.0,45,15.0,9,1,0,Tanker,Mahindra,Petrol
67.0,328.0,492,4779.0,29,10.0,8,4,0,Mini Truck,Tata,Diesel
373.0,194.0,291,9202.0,35,11.0,2,0,0,Tanker,Ashok Leyland,Petrol
45.0,25.0,37,1227.0,28,21.0,8,5,1,Tanker,Ashok Leyland,Petrol
371.0,373.0,559,8504.0,48,3.0,7,0,0,Van,Mahindra,CNG
484.0,216.0,324,4550.0,29,5.0,12,1,0,Tanker,Eicher,Petrol
566.0,475.0,712,5942.0,37,23.0,8,5,1,Truck,Ashok Leyland,CNG
68.0,531.0,796,9202.0,28,18.0,3,5,1,Tanker,Ashok Leyland,Petrol
527.0,73.0,109,1460.0,56,2.0,10,0,0,Tanker,Ashok Leyland,Petrol
494.0,273.0,409,1735.0,57,14.0,4,5,1,Mini Truck,Eicher,Diesel
113.0,328.0,492,8846.0,33,23.0,12,5,1,Mini Truck,Mahindra,CNG
315.0,332.0,498,4152.0,48,18.0,11,3,0,Mini Truck,Mahindra,Diesel
108.0,485.0,727,4497.0,27,9.0,8,6,1,Tanker,Eicher,Petrol
23.0,128.0,192,2243.0,31,23.0,11,2,0,Mini Truck,Ashok Leyland,CNG
288.0,269.0,403,7706.0,57,14.0,1,5,1,Tanker,Ashok Leyland,Petrol
46.0,475.0,712,6362.0,53,12.0,3,1,0,Mini Truck,Mahindra,Diesel
387.0,475.0,712,652.0,35,15.0,12,1,0,Tanker,Mahindra,Diesel
119.0,25.0,37,9697.0,35,15.0,11,0,0,Mini Truck,Ashok Leyland,Diesel
105.0,52.0,78,3992.0,25,8.0,3,4,0,Truck,Tata,CNG
595.0,156.0,234,1257.0,29,11.0,6,3,0,Van,Ashok Leyland,Diesel
383.0,232.0,348,7566.0,25,8.0,3,1,0,Truck,Ashok Leyland,Petrol
454.0,218.0,327,5064.0,44,4.0,5,3,0,Van,Eicher,Petrol
120.0,456.0,684,2644.0,28,5.0,6,2,0,Van,Mahindra,Petrol
439.0,229.0,343,4573.0,41,25.0,11,1,0,Tanker,Mahindra,Diesel
448.0,27.0,40,7706.0,44,9.0,11,2,0,Tanker,Ashok Leyland,Petrol
283.0,216.0,324,4845.0,35,25.0,7,2,0,Tanker,Tata,Petrol
513.0,74.0,111,1540.0,49,11.0,11,1,0,Van,Eicher,CNG
427.0,44.0,66,1604.0,52,3.0,12,2,0,Truck,Tata,Diesel
296.0,509.0,763,9356.0,32,6.0,5,3,0,Truck,Tata,CNG
581.0,277.0,415,2643.0,29,5.0,8,5,1,Truck,Tata,Petrol
517.0,255.0,382,6073.0,54,22.0,12,0,0,Truck,Mahindra,CNG
377.0,332.0,498,8979.0,50,17.0,12,5,1,Tanker,Mahindra,Petrol
83.0,247.0,370,4093.0,39,10.0,5,3,0,Tanker,Eicher,Petrol
163.0,264.0,396,1540.0,32,6.0,7,1,0,Van,Eicher,CNG
356.0,328.0,492,1151.0,46,1.0,11,4,0,Truck,Ashok Leyland,CNG
583.0,181.0,271,1257.0,50,9.0,3,6,1,Van,Ashok Leyland,Diesel
52.0,564.0,846,7439.0,38,9.0,10,4,0,Truck,Tata,CNG
545.0,311.0,466,2332.0,35,11.0,2,5,1,Mini Truck,Eicher,Diesel
593.0,387.0,580,2271.0,51,20.0,9,4,0,Van,Mahindra,Diesel
186.0,484.0,726,2035.0,31,7.0,8,5,1,Tanker,Tata,Diesel
210.0,436.0,654,7439.0,40,23.0,5,3,0,Truck,Eicher,Petrol
78.0,495.0,742,7805.0,37,23.0,2,0,0,Tanker,Eicher,CNG
394.0,34.0,51,7412.0,39,5.0,2,2,0,Van,Eicher,Diesel
151.0,559.0,838,2019.0,48,16.0,9,6,1,Van,Mahindra,Diesel
451.0,310.0,465,9202.0,26,9.0,3,2,0,Tanker,Ashok Leyland,Petrol
386.0,34.0,51,9605.0,52,14.0,6,6,1,Mini Truck,Eicher,CNG
30.0,518.0,777,2179.0,58,15.0,10,0,0,Van,Ashok Leyland,CNG
312.0,435.0,652,4845.0,36,20.0,5,0,0,Tanker,Tata,Petrol
394.0,105.0,157,3795.0,32,6.0,11,6,1,Tanker,Ashok Leyland,CNG
142.0,44.0,66,1151.0,48,18.0,11,5,1,Truck,Ashok Leyland,CNG
417.0,128.0,192,9673.0,54,22.0,2,3,0,Van,Tata,Petrol
575.0,194.0,291,3400.0,53,15.0,5,2,0,Van,Ashok Leyland,Diesel
404.0,74.0,111,2112.0,43,15.0,1,1,0,Tanker,Tata,CNG
464.0,516.0,774,4550.0,24,2.0,10,2,0,Tanker,Eicher,Petrol
463.0,412.0,618,2942.0,53,12.0,11,1,0,Truck,Tata,CNG
424.0,363.0,544,2112.0,39,10.0,12,0,0,Tanker,Tata,CNG
203.0,227.0,340,1321.0,39,9.0,2,3,0,Truck,Mahindra,Diesel
590.0,34.0,51,506.0,58,12.0,8,2,0,Mini Truck,Eicher,CNG
542.0,518.0,777,2588.0,49,10.0,8,3,0,Mini Truck,Ashok Leyland,Petrol
470.0,247.0,370,4152.0,49,10.0,2,2,0,Mini Truck,Mahindra,Diesel
552.0,509.0,763,7412.0,49,22.0,2,0,0,Van,Eicher,Diesel
410.0,363.0,544,5779.0,26,1.0,3,1,0,Mini Truck,Ashok Leyland,Petrol
368.0,75.0,112,8846.0,49,18.0,8,3,0,Mini Truck,Mahindra,CNG
323.0,297.0,445,652.0,43,15.0,11,6,1,Tanker,Mahindra,Diesel
205.0,245.0,367,2035.0,23,7.0,5,4,0,Tanker,Tata,Diesel
359.0,392.0,588,5064.0,27,14.0,3,3,0,Van,Eicher,Petrol
231.0,194.0,291,1639.0,40,3.0,8,6,1,Mini Truck,Ashok Leyland,CNG
178.0,504.0,756,4108.0,25,6.0,10,5,1,Truck,Ashok Leyland,CNG
471.0,296.0,444,2271.0,56,2.0,1,4,0,Van,Mahindra,Diesel
252.0,54.0,81,4550.0,35,11.0,6,0,0,Tanker,Eicher,Petrol
585.0,554.0,831,5006.0,49,10.0,7,3,0,Truck,Tata,CNG
502.0,555.0,832,7092.0,56,2.0,11,5,1,Mini Truck,Eicher,Petrol
227.0,172.0,258,4845.0,58,14.0,1,2,0,Tanker,Tata,Petrol
234.0,218.0,327,7072.0,28,21.0,9,2,0,Van,Tata,Petrol
281.0,273.0,409,2643.0,58,3.0,2,1,0,Truck,Tata,Petrol
349.0,44.0,66,5813.0,50,8.0,11,5,1,Mini Truck,Ashok Leyland,CNG
550.0,310.0,465,2644.0,31,13.0,3,4,0,Van,Mahindra,Petrol
51.0,34.0,51,9697.0,58,8.0,1,0,0,Mini Truck,Ashok Leyland,Diesel
360.0,586.0,879,3400.0,52,13.0,1,1,0,Van,Ashok Leyland,Diesel
271.0,34.0,51,4399.0,42,20.0,10,3,0,Mini Truck,Tata,CNG
411.0,269.0,403,2332.0,49,19.0,12,6,1,Mini Truck,Eicher,Diesel
143.0,564.0,846,4353.0,35,15.0,1,2,0,Truck,Tata,CNG
124.0,496.0,744,5655.0,58,12.0,12,3,0,Truck,Ashok Leyland,CNG
49.0,61.0,91,1540.0,46,18.0,6,0,0,Van,Eicher,CNG
555.0,112.0,168,1791.0,58,15.0,7,0,0,Tanker,Tata,Petrol
166.0,328.0,492,1812.0,46,18.0,6,2,0,Van,Tata,CNG
162.0,149.0,223,4066.0,22,15.0,6,5,1,Van,Ashok Leyland,Petrol
555.0,442.0,663,7619.0,39,2.0,6,3,0,Mini Truck,Tata,Diesel
380.0,435.0,652,2541.0,27,14.0,6,1,0,Mini Truck,Mahindra,CNG
503.0,435.0,652,7439.0,58,14.0,9,0,0,Truck,Tata,CNG
401.0,247.0,370,6477.0,41,4.0,6,0,0,Tanker,Mahindra,Petrol
317.0,264.0,396,9400.0,28,5.0,12,5,1,Mini Truck,Ashok Leyland,Petrol
172.0,245.0,367,7072.0,33,20.0,9,3,0,Van,Tata,Petrol
127.0,34.0,51,3992.0,43,15.0,5,1,0,Truck,Tata,CNG
128.0,307.0,460,2243.0,50,9.0,5,6,1,Mini Truck,Ashok Leyland,CNG
358.0,516.0,774,6711.0,23,20.0,4,1,0,Van,Ashok Leyland,Petrol
146.0,445.0,667,4108.0,26,9.0,10,5,1,Truck,Ashok Leyland,CNG
521.0,25.0,37,8879.0,56,15.0,4,2,0,Mini Truck,Eicher,CNG
39.0,128.0,192,2644.0,56,15.0,4,6,1,Van,Mahindra,Petrol
593.0,227.0,340,2035.0,31,7.0,11,1,0,Tanker,Tata,Diesel
78.0,194.0,291,4001.0,28,18.0,11,2,0,Tanker,Eicher,CNG
317.0,149.0,223,3769.0,42,6.0,3,3,0,Truck,Eicher,Diesel
70.0,518.0,777,7805.0,51,14.0,7,2,0,Tanker,Eicher,CNG
331.0,255.0,382,1812.0,53,25.0,7,3,0,Van,Tata,CNG
235.0,516.0,774,2332.0,27,14.0,9,3,0,Mini Truck,Eicher,Diesel
108.0,229.0,343,2942.0,33,6.0,4,2,0,Truck,Tata,CNG
219.0,423.0,634,4779.0,48,24.0,4,1,0,Mini Truck,Tata,Diesel
573.0,52.0,78,4573.0,50,7.0,7,4,0,Tanker,Mahindra,Diesel
242.0,436.0,654,6362.0,22,15.0,8,4,0,Mini Truck,Mahindra,Diesel
243.0,269.0,403,2643.0,29,3.0,8,3,0,Truck,Tata,Petrol
582.0,34.0,51,6711.0,34,24.0,3,1,0,Van,Ashok Leyland,Petrol
156.0,435.0,652,7412.0,49,18.0,6,1,0,Van,Eicher,Diesel
595.0,363.0,544,4582.0,40,25.0,1,5,1,Tanker,Tata,CNG
315.0,183.0,274,7072.0,47,1.0,12,4,0,Van,Tata,Petrol
241.0,117.0,175,7158.0,56,2.0,8,1,0,Truck,Ashok Leyland,Diesel
305.0,296.0,444,4550.0,37,22.0,6,2,0,Tanker,Eicher,Petrol
235.0,436.0,654,8945.0,28,21.0,2,5,1,Van,Tata,Petrol
164.0,181.0,271,2243.0,35,11.0,3,1,0,Mini Truck,Ashok Leyland,CNG
585.0,238.0,357,2035.0,50,3.0,8,0,0,Tanker,Tata,Diesel
131.0,128.0,192,1540.0,28,5.0,12,4,0,Van,Eicher,CNG
259.0,61.0,91,7805.0,37,23.0,7,3,0,Tanker,Eicher,CNG
400.0,74.0,111,5942.0,26,14.0,9,5,1,Truck,Ashok Leyland,CNG
595.0,414.0,621,6362.0,47,11.0,12,3,0,Mini Truck,Mahindra,Diesel
429.0,387.0,580,4573.0,41,25.0,9,3,0,Tanker,Mahindra,Diesel
220.0,34.0,51,6711.0,49,21.0,10,6,1,Van,Ashok Leyland,Petrol
216.0,194.0,291,2296.0,40,3.0,7,4,0,Tanker,Tata,Diesel
28.0,442.0,663,5057.0,44,9.0,10,0,0,Van,Eicher,CNG
582.0,245.0,367,8846.0,53,15.0,8,5,1,Mini Truck,Mahindra,CNG
523.0,269.0,403,2332.0,25,8.0,5,3,0,Mini Truck,Eicher,Diesel
275.0,402.0,603,1791.0,46,15.0,2,2,0,Tanker,Tata,Petrol
392.0,75.0,112,9564.0,22,15.0,4,6,1,Mini Truck,Tata,Diesel
350.0,445.0,667,3846.0,24,15.0,4,2,0,Tanker,Mahindra,Petrol
454.0,311.0,466,8504.0,37,8.0,9,6,1,Van,Mahindra,CNG
215.0,255.0,382,5942.0,56,15.0,5,0,0,Truck,Ashok Leyland,CNG
206.0,322.0,483,4093.0,29,5.0,7,2,0,Tanker,Eicher,Petrol
158.0,52.0,78,8017.0,44,9.0,10,5,1,Tanker,Eicher,CNG
553.0,373.0,559,7439.0,43,15.0,7,3,0,Truck,Tata,CNG
199.0,143.0,214,4001.0,30,10.0,3,0,0,Tanker,Eicher,CNG
84.0,352.0,528,7290.0,49,18.0,2,0,0,Tanker,Tata,Petrol
221.0,245.0,367,8504.0,38,9.0,8,4,0,Van,Mahindra,CNG
45.0,520.0,780,5585.0,23,11.0,7,1,0,Truck,Ashok Leyland,CNG
89.0,247.0,370,2644.0,35,23.0,6,6,1,Van,Mahindra,Petrol
341.0,572.0,858,2035.0,53,1.0,1,6,1,Tanker,Tata,Diesel
88.0,436.0,654,9673.0,30,15.0,1,1,0,Van,Tata,Petrol
355.0,75.0,112,1639.0,52,14.0,10,3,0,Mini Truck,Ashok Leyland,CNG
371.0,554.0,831,5006.0,37,19.0,7,0,0,Truck,Tata,CNG
139.0,34.0,51,2197.0,58,12.0,12,6,1,Truck,Mahindra,CNG
142.0,322.0,483,9564.0,28,15.0,11,1,0,Mini Truck,Tata,Diesel
322.0,436.0,654,5052.0,50,3.0,3,6,1,Van,Eicher,Petrol
165.0,172.0,258,7072.0,46,4.0,9,6,1,Van,Tata,Petrol
135.0,435.0,652,3205.0,51,20.0,2,6,1,Van,Eicher,CNG
308.0,531.0,796,2019.0,47,17.0,7,1,0,Van,Mahindra,Diesel
295.0,352.0,528,652.0,46,15.0,8,3,0,Tanker,Mahindra,Diesel
338.0,168.0,252,7439.0,41,25.0,11,5,1,Truck,Tata,CNG
253.0,572.0,858,2644.0,46,1.0,5,2,0,Van,Mahindra,Petrol
61.0,269.0,403,7158.0,48,18.0,3,6,1,Truck,Ashok Leyland,Diesel
183.0,172.0,258,3846.0,49,10.0,8,1,0,Tanker,Mahindra,Petrol
494.0,25.0,37,5942.0,58,8.0,3,0,0,Truck,Ashok Leyland,CNG
283.0,181.0,271,8979.0,29,3.0,3,4,0,Tanker,Mahindra,Petrol
584.0,238.0,357,4314.0,36,20.0,10,0,0,Van,Mahindra,Diesel
499.0,547.0,820,2271.0,51,14.0,2,5,1,Van,Mahindra,Diesel
232.0,518.0,777,4550.0,34,24.0,1,5,1,Tanker,Eicher,Petrol
431.0,423.0,634,4446.0,31,21.0,2,4,0,Mini Truck,Ashok Leyland,Diesel
562.0,559.0,838,3795.0,27,9.0,12,2,0,Tanker,Ashok Leyland,CNG
562.0,518.0,777,3992.0,53,15.0,12,5,1,Truck,Tata,CNG
499.0,483.0,724,2197.0,35,23.0,3,0,0,Truck,Mahindra,CNG
585.0,495.0,742,4353.0,40,8.0,1,4,0,Truck,Tata,CNG
519.0,172.0,258,7507.0,54,22.0,5,3,0,Van,Eicher,CNG
396.0,247.0,370,8945.0,39,5.0,12,4,0,Van,Tata,Petrol
174.0,509.0,763,7290.0,43,15.0,4,5,1,Tanker,Tata,Petrol
364.0,61.0,91,7092.0,47,11.0,9,4,0,Mini Truck,Eicher,Petrol
197.0,255.0,382,2541.0,53,16.0,3,3,0,Mini Truck,Mahindra,CNG
215.0,520.0,780,2667.0,53,15.0,5,4,0,Tanker,Ashok Leyland,CNG
498.0,442.0,663,4619.0,52,14.0,12,0,0,Tanker,Eicher,CNG
216.0,352.0,528,7706.0,52,3.0,6,3,0,Tanker,Ashok Leyland,Petrol
447.0,44.0,66,4502.0,24,17.0,5,4,0,Van,Mahindra,Diesel
380.0,264.0,396,5942.0,40,3.0,12,2,0,Truck,Ashok Leyland,CNG
401.0,61.0,91,4399.0,25,17.0,3,5,1,Mini Truck,Tata,CNG
194.0,34.0,51,5585.0,37,22.0,10,3,0,Truck,Ashok Leyland,CNG
131.0,34.0,51,5585.0,40,23.0,3,2,0,Truck,Ashok Leyland,CNG
463.0,297.0,445,8945.0,39,5.0,8,3,0,Van,Tata,Petrol
334.0,34.0,51,6477.0,36,20.0,4,0,0,Tanker,Mahindra,Petrol
300.0,34.0,51,7933.0,40,25.0,3,6,1,Mini Truck,Eicher,Diesel
538.0,564.0,846,2197.0,48,18.0,11,6,1,Truck,Mahindra,CNG
468.0,392.0,588,3205.0,26,9.0,12,2,0,Van,Eicher,CNG
152.0,232.0,348,3205.0,58,5.0,10,1,0,Van,Eicher,CNG
586.0,296.0,444,7619.0,29,5.0,9,0,0,Mini Truck,Tata,Diesel
181.0,197.0,295,1227.0,34,24.0,6,0,0,Tanker,Ashok Leyland,Petrol
243.0,195.0,292,2643.0,46,15.0,12,0,0,Truck,Tata,Petrol
547.0,412.0,618,4619.0,58,8.0,1,5,1,Tanker,Eicher,CNG
315.0,27.0,40,4066.0,39,10.0,1,3,0,Van,Ashok Leyland,Petrol
60.0,264.0,396,4619.0,58,19.0,7,2,0,Tanker,Eicher,CNG
273.0,255.0,382,2296.0,33,6.0,6,6,1,Tanker,Tata,Diesel
79.0,172.0,258,4152.0,23,11.0,11,5,1,Mini Truck,Mahindra,Diesel
512.0,485.0,727,1549.0,49,19.0,9,6,1,Truck,Ashok Leyland,Diesel
259.0,402.0,603,2588.0,29,11.0,1,0,0,Mini Truck,Ashok Leyland,Petrol
590.0,128.0,192,2332.0,49,22.0,11,1,0,Mini Truck,Eicher,Diesel
48.0,250.0,375,2643.0,23,11.0,4,1,0,Truck,Tata,Petrol
448.0,156.0,234,3769.0,49,11.0,8,0,0,Truck,Eicher,Diesel
370.0,194.0,291,3992.0,29,3.0,6,5,1,Truck,Tata,CNG
562.0,518.0,777,6073.0,35,25.0,2,5,1,Truck,Mahindra,CNG
504.0,197.0,295,2179.0,57,20.0,10,6,1,Van,Ashok Leyland,CNG
30.0,559.0,838,1735.0,50,3.0,2,2,0,Mini Truck,Eicher,Diesel
510.0,264.0,396,9697.0,58,3.0,1,5,1,Mini Truck,Ashok Leyland,Diesel
386.0,332.0,498,2644.0,27,4.0,11,1,0,Van,Mahindra,Petrol
118.0,483.0,724,5942.0,38,9.0,1,0,0,Truck,Ashok Leyland,CNG
62.0,297.0,445,3769.0,40,23.0,6,5,1,Truck,Eicher,Diesel
108.0,112.0,168,2179.0,28,15.0,11,6,1,Van,Ashok Leyland,CNG
21.0,352.0,528,9605.0,41,23.0,9,1,0,Mini Truck,Eicher,CNG
376.0,495.0,742,7507.0,49,19.0,8,0,0,Van,Eicher,CNG
275.0,332.0,498,1735.0,48,7.0,8,6,1,Mini Truck,Eicher,Diesel
277.0,269.0,403,3205.0,34,24.0,2,6,1,Van,Eicher,CNG
558.0,531.0,796,3146.0,31,21.0,2,3,0,Van,Ashok Leyland,Petrol
536.0,504.0,756,2271.0,24,17.0,1,4,0,Van,Mahindra,Diesel
588.0,334.0,501,5064.0,53,12.0,12,1,0,Van,Eicher,Petrol
94.0,112.0,168,7158.0,39,17.0,4,1,0,Truck,Ashok Leyland,Diesel
125.0,564.0,846,5006.0,41,4.0,1,2,0,Truck,Tata,CNG
48.0,392.0,588,4001.0,39,22.0,8,4,0,Tanker,Eicher,CNG
189.0,128.0,192,6477.0,37,22.0,4,3,0,Tanker,Mahindra,Petrol
298.0,509.0,763,6073.0,37,19.0,2,4,0,Truck,Mahindra,CNG
55.0,24.0,36,1735.0,49,19.0,1,6,1,Mini Truck,Eicher,Diesel
245.0,559.0,838,2197.0,37,8.0,10,5,1,Truck,Mahindra,CNG
545.0,442.0,663,4833.0,36,8.0,10,0,0,Truck,Mahindra,Petrol
227.0,128.0,192,1460.0,33,6.0,6,0,0,Tanker,Ashok Leyland,Petrol
176.0,445.0,667,4573.0,40,23.0,11,1,0,Tanker,Mahindra,Diesel
81.0,74.0,111,4582.0,49,11.0,5,5,1,Tanker,Tata,CNG
482.0,412.0,618,3205.0,34,24.0,12,2,0,Van,Eicher,CNG
394.0,414.0,621,3795.0,34,18.0,5,3,0,Tanker,Ashok Leyland,CNG
473.0,586.0,879,6362.0,40,23.0,11,3,0,Mini Truck,Mahindra,Diesel
34.0,273.0,409,4845.0,58,5.0,5,4,0,Tanker,Tata,Petrol
285.0,445.0,667,1151.0,27,9.0,5,0,0,Truck,Ashok Leyland,CNG
109.0,572.0,858,8073.0,29,5.0,6,6,1,Van,Ashok Leyland,Diesel
370.0,34.0,51,7507.0,40,8.0,5,1,0,Van,Eicher,CNG
63.0,516.0,774,8017.0,53,25.0,11,2,0,Tanker,Eicher,CNG
101.0,197.0,295,5813.0,25,6.0,8,1,0,Mini Truck,Ashok Leyland,CNG
149.0,559.0,838,4502.0,48,7.0,7,5,1,Van,Mahindra,Diesel
190.0,34.0,51,5006.0,37,23.0,12,3,0,Truck,Tata,CNG
174.0,449.0,673,2667.0,28,18.0,5,0,0,Tanker,Ashok Leyland,CNG
35.0,75.0,112,6073.0,39,10.0,8,3,0,Truck,Mahindra,CNG
546.0,518.0,777,5006.0,27,14.0,7,1,0,Truck,Tata,CNG
222.0,310.0,465,2942.0,49,8.0,6,5,1,Truck,Tata,CNG
307.0,52.0,78,8945.0,33,6.0,1,3,0,Van,Tata,Petrol
469.0,277.0,415,8073.0,23,11.0,9,0,0,Van,Ashok Leyland,Diesel
232.0,34.0,51,9697.0,49,21.0,3,4,0,Mini Truck,Ashok Leyland,Diesel
410.0,435.0,652,2179.0,35,23.0,2,4,0,Van,Ashok Leyland,CNG
308.0,322.0,483,1639.0,49,19.0,2,5,1,Mini Truck,Ashok Leyland,CNG
170.0,250.0,375,6477.0,25,8.0,2,5,1,Tanker,Mahindra,Petrol
228.0,412.0,618,3205.0,33,23.0,9,0,0,Van,Eicher,CNG
429.0,509.0,763,4353.0,46,1.0,7,6,1,Truck,Tata,CNG
482.0,423.0,634,7933.0,47,17.0,7,4,0,Mini Truck,Eicher,Diesel
340.0,245.0,367,8979.0,38,9.0,1,0,0,Tanker,Mahindra,Petrol
153.0,156.0,234,7439.0,33,6.0,2,6,1,Truck,Tata,CNG
65.0,218.0,327,4093.0,58,5.0,1,4,0,Tanker,Eicher,Petrol
277.0,516.0,774,4066.0,39,10.0,4,6,1,Van,Ashok Leyland,Petrol
429.0,54.0,81,7706.0,25,8.0,11,4,0,Tanker,Ashok Leyland,Petrol
440.0,310.0,465,1321.0,52,14.0,10,2,0,Truck,Mahindra,Diesel
201.0,578.0,867,3205.0,54,4.0,3,6,1,Van,Eicher,CNG
253.0,247.0,370,5057.0,24,2.0,8,0,0,Van,Eicher,CNG
405.0,373.0,559,1549.0,41,25.0,10,0,0,Truck,Ashok Leyland,Diesel
423.0,484.0,726,5655.0,28,5.0,12,2,0,Truck,Ashok Leyland,CNG
520.0,405.0,607,3846.0,58,8.0,10,4,0,Tanker,Mahindra,Petrol
271.0,402.0,603,1460.0,39,5.0,12,1,0,Tanker,Ashok Leyland,Petrol
585.0,328.0,492,7092.0,48,3.0,3,4,0,Mini Truck,Eicher,Petrol
596.0,255.0,382,506.0,42,6.0,12,3,0,Mini Truck,Eicher,CNG
309.0,297.0,445,3992.0,45,15.0,10,2,0,Truck,Tata,CNG
108.0,25.0,37,5064.0,26,9.0,11,1,0,Van,Eicher,Petrol
349.0,332.0,498,4845.0,49,11.0,9,0,0,Tanker,Tata,Petrol
585.0,435.0,652,4108.0,53,1.0,7,2,0,Truck,Ashok Leyland,CNG
185.0,181.0,271,3757.0,28,18.0,7,5,1,Van,Tata,CNG
340.0,535.0,802,5779.0,54,4.0,5,3,0,Mini Truck,Ashok Leyland,Petrol
558.0,216.0,324,4108.0,49,19.0,1,1,0,Truck,Ashok Leyland,CNG
528.0,156.0,234,5057.0,36,15.0,12,4,0,Van,Eicher,CNG
244.0,328.0,492,5052.0,27,14.0,9,0,0,Van,Eicher,Petrol
352.0,496.0,744,2035.0,51,20.0,7,6,1,Tanker,Tata,Diesel
553.0,168.0,252,6073.0,25,8.0,11,1,0,Truck,Mahindra,CNG
517.0,149.0,223,1151.0,46,18.0,6,6,1,Truck,Ashok Leyland,CNG
331.0,531.0,796,7933.0,28,18.0,10,1,0,Mini Truck,Eicher,Diesel
174.0,245.0,367,8017.0,22,15.0,4,3,0,Tanker,Eicher,CNG
146.0,54.0,81,2588.0,41,4.0,2,1,0,Mini Truck,Ashok Leyland,Petrol
321.0,578.0,867,1549.0,49,18.0,9,4,0,Truck,Ashok Leyland,Diesel
290.0,172.0,258,5942.0,53,12.0,7,6,1,Truck,Ashok Leyland,CNG
200.0,73.0,109,2271.0,24,15.0,4,2,0,Van,Mahindra,Diesel
258.0,436.0,654,5006.0,31,13.0,3,2,0,Truck,Tata,CNG
267.0,484.0,726,9564.0,53,15.0,2,4,0,Mini Truck,Tata,Diesel
506.0,61.0,91,7412.0,47,1.0,6,6,1,Van,Eicher,Diesel
356.0,435.0,652,8017.0,35,11.0,11,3,0,Tanker,Eicher,CNG
514.0,245.0,367,7566.0,52,3.0,8,1,0,Truck,Ashok Leyland,Petrol
89.0,54.0,81,7706.0,29,11.0,7,5,1,Tanker,Ashok Leyland,Petrol
244.0,387.0,580,7092.0,34,16.0,4,0,0,Mini Truck,Eicher,Petrol
427.0,363.0,544,8017.0,37,19.0,8,1,0,Tanker,Eicher,CNG
119.0,475.0,712,4152.0,46,1.0,5,6,1,Mini Truck,Mahindra,Diesel
431.0,44.0,66,2035.0,24,15.0,8,5,1,Tanker,Tata,Diesel
366.0,456.0,684,1460.0,26,9.0,8,0,0,Tanker,Ashok Leyland,Petrol
526.0,412.0,618,7412.0,52,11.0,4,6,1,Van,Eicher,Diesel
433.0,172.0,258,9697.0,39,22.0,8,0,0,Mini Truck,Ashok Leyland,Diesel
21.0,172.0,258,1735.0,26,25.0,3,6,1,Mini Truck,Eicher,Diesel
66.0,197.0,295,1735.0,48,18.0,2,3,0,Mini Truck,Eicher,Diesel
32.0,195.0,292,4353.0,58,5.0,9,3,0,Truck,Tata,CNG
200.0,232.0,348,8504.0,53,12.0,9,3,0,Van,Mahindra,CNG
92.0,229.0,343,4001.0,45,10.0,9,2,0,Tanker,Eicher,CNG
50.0,516.0,774,7619.0,35,25.0,11,6,1,Mini Truck,Tata,Diesel
144.0,322.0,483,3795.0,40,3.0,10,3,0,Tanker,Ashok Leyland,CNG
494.0,194.0,291,1460.0,23,11.0,1,1,0,Tanker,Ashok Leyland,Petrol
47.0,197.0,295,4619.0,54,22.0,8,2,0,Tanker,Eicher,CNG
214.0,181.0,271,3205.0,29,10.0,3,6,1,Van,Eicher,CNG
109.0,44.0,66,5052.0,48,3.0,12,3,0,Van,Eicher,Petrol
224.0,392.0,588,7619.0,51,20.0,2,2,0,Mini Truck,Tata,Diesel
323.0,61.0,91,1791.0,48,3.0,6,6,1,Tanker,Tata,Petrol
427.0,405.0,607,1257.0,23,7.0,5,2,0,Van,Ashok Leyland,Diesel
152.0,61.0,91,4833.0,58,3.0,2,3,0,Truck,Mahindra,Petrol
101.0,518.0,777,2588.0,28,5.0,9,4,0,Mini Truck,Ashok Leyland,Petrol
242.0,54.0,81,8846.0,46,15.0,12,3,0,Mini Truck,Mahindra,CNG
159.0,436.0,654,2035.0,28,5.0,10,3,0,Tanker,Tata,Diesel
417.0,297.0,445,3846.0,25,8.0,9,2,0,Tanker,Mahindra,Petrol
294.0,58.0,87,7412.0,42,6.0,1,3,0,Van,Eicher,Diesel
40.0,495.0,742,3619.0,41,4.0,11,3,0,Van,Eicher,Petrol
68.0,322.0,483,4833.0,40,25.0,10,4,0,Truck,Mahindra,Petrol
33.0,475.0,712,9400.0,40,8.0,6,3,0,Mini Truck,Ashok Leyland,Petrol
330.0,311.0,466,6362.0,50,7.0,6,2,0,Mini Truck,Mahindra,Diesel
230.0,255.0,382,2332.0,58,3.0,8,0,0,Mini Truck,Eicher,Diesel
93.0,402.0,603,4093.0,35,23.0,11,2,0,Tanker,Eicher,Petrol
536.0,195.0,292,1549.0,29,3.0,2,3,0,Truck,Ashok Leyland,Diesel
69.0,218.0,327,8504.0,44,4.0,11,5,1,Van,Mahindra,CNG
563.0,277.0,415,4399.0,48,3.0,3,0,0,Mini Truck,Tata,CNG
564.0,229.0,343,4582.0,29,3.0,10,4,0,Tanker,Tata,CNG
257.0,128.0,192,9605.0,36,20.0,6,3,0,Mini Truck,Eicher,CNG
195.0,172.0,258,7805.0,37,19.0,5,6,1,Tanker,Eicher,CNG
339.0,578.0,867,7072.0,29,11.0,7,0,0,Van,Tata,Petrol
91.0,310.0,465,3769.0,49,19.0,8,1,0,Truck,Eicher,Diesel
353.0,61.0,91,7507.0,23,11.0,2,6,1,Van,Eicher,CNG
167.0,194.0,291,8846.0,45,10.0,7,1,0,Mini Truck,Mahindra,CNG
86.0,496.0,744,3146.0,37,8.0,10,3,0,Van,Ashok Leyland,Petrol
555.0,238.0,357,2271.0,53,15.0,1,6,1,Van,Mahindra,Diesel
312.0,255.0,382,1549.0,23,7.0,6,0,0,Truck,Ashok Leyland,Diesel
463.0,269.0,403,5006.0,35,11.0,6,3,0,Truck,Tata,CNG
90.0,73.0,109,1604.0,39,5.0,10,0,0,Truck,Tata,Diesel
578.0,559.0,838,5057.0,30,10.0,3,4,0,Van,Eicher,CNG
196.0,311.0,466,506.0,27,9.0,4,4,0,Mini Truck,Eicher,CNG
538.0,322.0,483,3146.0,25,7.0,6,6,1,Van,Ashok Leyland,Petrol
132.0,483.0,724,1549.0,57,3.0,1,6,1,Truck,Ashok Leyland,Diesel
75.0,307.0,460,4001.0,49,22.0,2,5,1,Tanker,Eicher,CNG
440.0,253.0,379,3846.0,24,15.0,10,5,1,Tanker,Mahindra,Petrol
84.0,232.0,348,2541.0,47,17.0,1,5,1,Mini Truck,Mahindra,CNG
545.0,168.0,252,4446.0,51,14.0,7,2,0,Mini Truck,Ashok Leyland,Diesel
79.0,34.0,51,7805.0,25,8.0,7,3,0,Tanker,Eicher,CNG
212.0,495.0,742,1321.0,58,19.0,9,3,0,Truck,Mahindra,Diesel
263.0,495.0,742,6711.0,41,13.0,4,2,0,Van,Ashok Leyland,Petrol
537.0,518.0,777,9356.0,51,14.0,9,5,1,Truck,Tata,CNG
383.0,547.0,820,5942.0,50,8.0,11,1,0,Truck,Ashok Leyland,CNG
248.0,423.0,634,1639.0,24,2.0,1,2,0,Mini Truck,Ashok Leyland,CNG
579.0,273.0,409,506.0,23,16.0,3,6,1,Mini Truck,Eicher,CNG
449.0,334.0,501,3619.0,39,2.0,2,6,1,Van,Eicher,Petrol
63.0,485.0,727,7092.0,27,4.0,12,2,0,Mini Truck,Eicher,Petrol
155.0,435.0,652,1151.0,47,1.0,10,2,0,Truck,Ashok Leyland,CNG
483.0,592.0,888,7933.0,39,5.0,10,2,0,Mini Truck,Eicher,Diesel
136.0,66.0,99,7933.0,52,14.0,6,5,1,Mini Truck,Eicher,Diesel
298.0,218.0,327,4093.0,38,3.0,9,3,0,Tanker,Eicher,Petrol
324.0,54.0,81,1812.0,29,3.0,3,0,0,Van,Tata,CNG
518.0,328.0,492,4845.0,42,18.0,2,3,0,Tanker,Tata,Petrol
78.0,547.0,820,4093.0,37,22.0,7,1,0,Tanker,Eicher,Petrol
268.0,352.0,528,506.0,24,2.0,7,2,0,Mini Truck,Eicher,CNG
569.0,264.0,396,4152.0,46,18.0,5,6,1,Mini Truck,Mahindra,Diesel
545.0,485.0,727,3769.0,44,9.0,6,3,0,Truck,Eicher,Diesel
382.0,392.0,588,7412.0,37,19.0,11,3,0,Van,Eicher,Diesel
146.0,253.0,379,4502.0,41,4.0,3,5,1,Van,Mahindra,Diesel
592.0,34.0,51,1227.0,54,4.0,11,3,0,Tanker,Ashok Leyland,Petrol
295.0,531.0,796,2271.0,50,9.0,4,4,0,Van,Mahindra,Diesel
161.0,456.0,684,8979.0,33,6.0,7,6,1,Tanker,Mahindra,Petrol
498.0,117.0,175,5779.0,38,9.0,3,3,0,Mini Truck,Ashok Leyland,Petrol
249.0,128.0,192,8846.0,46,1.0,3,6,1,Mini Truck,Mahindra,CNG
245.0,412.0,618,8945.0,58,15.0,9,2,0,Van,Tata,Petrol
135.0,535.0,802,1604.0,34,16.0,2,6,1,Truck,Tata,Diesel
248.0,264.0,396,7092.0,26,25.0,1,4,0,Mini Truck,Eicher,Petrol
252.0,414.0,621,1151.0,42,6.0,2,2,0,Truck,Ashok Leyland,CNG
78.0,555.0,832,4446.0,41,23.0,12,0,0,Mini Truck,Ashok Leyland,Diesel
82.0,255.0,382,4619.0,25,17.0,7,2,0,Tanker,Eicher,CNG
368.0,423.0,634,2667.0,31,13.0,1,1,0,Tanker,Ashok Leyland,CNG
523.0,181.0,271,2197.0,53,1.0,12,4,0,Truck,Mahindra,CNG
523.0,405.0,607,8945.0,57,20.0,4,6,1,Van,Tata,Petrol
430.0,456.0,684,7507.0,54,4.0,12,0,0,Van,Eicher,CNG
303.0,496.0,744,2179.0,33,23.0,9,2,0,Van,Ashok Leyland,CNG
320.0,52.0,78,7706.0,35,25.0,8,2,0,Tanker,Ashok Leyland,Petrol
356.0,484.0,726,3205.0,22,15.0,6,1,0,Van,Eicher,CNG
196.0,296.0,444,3619.0,36,20.0,10,2,0,Van,Eicher,Petrol
399.0,227.0,340,2942.0,47,1.0,3,4,0,Truck,Tata,CNG
486.0,405.0,607,1227.0,48,8.0,1,1,0,Tanker,Ashok Leyland,Petrol
92.0,392.0,588,4093.0,49,8.0,8,3,0,Tanker,Eicher,Petrol
280.0,54.0,81,506.0,40,25.0,11,4,0,Mini Truck,Eicher,CNG
322.0,504.0,756,3846.0,40,3.0,4,2,0,Tanker,Mahindra,Petrol
387.0,449.0,673,3769.0,46,4.0,5,2,0,Truck,Eicher,Diesel
124.0,34.0,51,5779.0,53,16.0,8,4,0,Mini Truck,Ashok Leyland,Petrol
316.0,128.0,192,4085.0,38,3.0,11,6,1,Truck,Tata,Petrol
100.0,518.0,777,3992.0,24,17.0,1,3,0,Truck,Tata,CNG
417.0,555.0,832,5057.0,54,22.0,2,6,1,Van,Eicher,CNG
235.0,253.0,379,8017.0,41,23.0,7,2,0,Tanker,Eicher,CNG
362.0,194.0,291,1549.0,45,10.0,8,3,0,Truck,Ashok Leyland,Diesel
522.0,402.0,603,1791.0,23,16.0,5,3,0,Tanker,Tata,Petrol
355.0,592.0,888,4353.0,44,9.0,8,6,1,Truck,Tata,CNG
195.0,218.0,327,9227.0,41,4.0,7,2,0,Truck,Eicher,Diesel
225.0,441.0,661,8945.0,46,18.0,5,1,0,Van,Tata,Petrol
600.0,547.0,820,3619.0,52,14.0,11,1,0,Van,Eicher,Petrol
230.0,449.0,673,2197.0,45,10.0,12,3,0,Truck,Mahindra,CNG
136.0,456.0,684,7439.0,53,12.0,5,5,1,Truck,Eicher,Petrol
92.0,405.0,607,4108.0,55,4.0,12,4,0,Truck,Ashok Leyland,CNG
593.0,592.0,888,4502.0,25,8.0,10,1,0,Van,Mahindra,Diesel
592.0,143.0,214,9202.0,49,19.0,9,0,0,Tanker,Ashok Leyland,Petrol
151.0,264.0,396,3846.0,34,16.0,11,4,0,Tanker,Mahindra,Petrol
514.0,435.0,652,1257.0,48,2.0,3,2,0,Van,Ashok Leyland,Diesel
114.0,250.0,375,4066.0,40,25.0,12,0,0,Van,Ashok Leyland,Petrol
271.0,112.0,168,2112.0,30,10.0,9,1,0,Tanker,Tata,CNG
540.0,322.0,483,9605.0,58,15.0,11,1,0,Mini Truck,Eicher,CNG
565.0,264.0,396,1460.0,34,24.0,4,1,0,Tanker,Ashok Leyland,Petrol
194.0,245.0,367,7507.0,26,25.0,12,5,1,Van,Eicher,CNG
181.0,475.0,712,2296.0,50,7.0,7,2,0,Tanker,Tata,Diesel
596.0,449.0,673,2197.0,58,5.0,5,5,1,Truck,Mahindra,CNG
303.0,172.0,258,3205.0,48,3.0,7,3,0,Van,Eicher,CNG
52.0,485.0,727,1321.0,37,10.0,1,5,1,Truck,Mahindra,Diesel
90.0,311.0,466,3769.0,33,23.0,11,5,1,Truck,Eicher,Diesel
499.0,554.0,831,4152.0,52,13.0,5,2,0,Mini Truck,Mahindra,Diesel
465.0,509.0,763,1604.0,42,20.0,9,6,1,Truck,Tata,Diesel
22.0,93.0,139,3619.0,39,11.0,7,4,0,Van,Eicher,Petrol
550.0,52.0,78,5064.0,55,2.0,9,6,1,Van,Eicher,Petrol
482.0,216.0,324,5052.0,30,10.0,4,3,0,Van,Eicher,Petrol
483.0,496.0,744,3146.0,28,5.0,5,3,0,Van,Ashok Leyland,Petrol
457.0,195.0,292,1549.0,53,15.0,7,1,0,Truck,Ashok Leyland,Diesel
160.0,435.0,652,4108.0,35,11.0,11,2,0,Truck,Ashok Leyland,CNG
311.0,504.0,756,8073.0,23,20.0,8,6,1,Van,Ashok Leyland,Diesel
525.0,531.0,796,3950.0,40,23.0,4,3,0,Mini Truck,Mahindra,CNG
205.0,373.0,559,2667.0,41,4.0,9,5,1,Tanker,Ashok Leyland,CNG
161.0,58.0,87,2271.0,29,3.0,1,4,0,Van,Mahindra,Diesel
154.0,255.0,382,4874.0,26,14.0,3,1,0,Mini Truck,Mahindra,Diesel
442.0,229.0,343,652.0,47,11.0,8,4,0,Tanker,Mahindra,Diesel
241.0,475.0,712,3400.0,25,8.0,5,0,0,Van,Ashok Leyland,Diesel
111.0,496.0,744,2296.0,23,16.0,3,0,0,Tanker,Tata,Diesel
488.0,311.0,466,4085.0,44,9.0,4,6,1,Truck,Tata,Petrol
133.0,414.0,621,4353.0,31,13.0,5,2,0,Truck,Tata,CNG
458.0,352.0,528,9400.0,26,14.0,8,1,0,Mini Truck,Ashok Leyland,Petrol
123.0,495.0,742,4779.0,38,3.0,5,4,0,Mini Truck,Tata,Diesel
361.0,52.0,78,3769.0,41,25.0,5,0,0,Truck,Eicher,Diesel
221.0,194.0,291,4399.0,40,25.0,1,5,1,Mini Truck,Tata,CNG
478.0,172.0,258,7805.0,50,9.0,7,0,0,Tanker,Eicher,CNG
505.0,218.0,327,5057.0,31,21.0,3,6,1,Van,Eicher,CNG
545.0,172.0,258,9605.0,25,7.0,7,3,0,Mini Truck,Eicher,CNG
149.0,52.0,78,4573.0,48,3.0,5,3,0,Tanker,Mahindra,Diesel
437.0,255.0,382,8017.0,28,18.0,5,3,0,Tanker,Eicher,CNG
587.0,310.0,465,4582.0,39,10.0,5,3,0,Tanker,Tata,CNG
513.0,435.0,652,2588.0,27,9.0,3,5,1,Mini Truck,Ashok Leyland,Petrol
432.0,310.0,465,5813.0,58,19.0,5,1,0,Mini Truck,Ashok Leyland,CNG
168.0,328.0,492,2243.0,24,15.0,4,1,0,Mini Truck,Ashok Leyland,CNG
491.0,332.0,498,4497.0,45,15.0,1,2,0,Tanker,Eicher,Petrol
425.0,229.0,343,8017.0,23,20.0,6,6,1,Tanker,Eicher,CNG
205.0,34.0,51,6711.0,42,6.0,9,3,0,Van,Ashok Leyland,Petrol
232.0,52.0,78,3400.0,30,15.0,7,3,0,Van,Ashok Leyland,Diesel
288.0,405.0,607,4399.0,49,22.0,8,1,0,Mini Truck,Tata,CNG
594.0,363.0,544,2643.0,39,17.0,12,2,0,Truck,Tata,Petrol
139.0,555.0,832,4550.0,58,3.0,3,6,1,Tanker,Eicher,Petrol
59.0,93.0,139,5779.0,28,5.0,2,1,0,Mini Truck,Ashok Leyland,Petrol
411.0,442.0,663,5942.0,33,23.0,6,2,0,Truck,Ashok Leyland,CNG
191.0,307.0,460,1227.0,58,19.0,1,3,0,Tanker,Ashok Leyland,Petrol
465.0,73.0,109,5942.0,50,7.0,7,5,1,Truck,Ashok Leyland,CNG
324.0,197.0,295,2942.0,29,5.0,2,3,0,Truck,Tata,CNG
454.0,412.0,618,4446.0,46,18.0,11,6,1,Mini Truck,Ashok Leyland,Diesel
175.0,531.0,796,2942.0,38,9.0,11,3,0,Truck,Tata,CNG
596.0,531.0,796,2332.0,54,4.0,1,5,1,Mini Truck,Eicher,Diesel
472.0,52.0,78,4399.0,52,13.0,2,1,0,Mini Truck,Tata,CNG
135.0,181.0,271,4573.0,58,5.0,6,6,1,Tanker,Mahindra,Diesel
222.0,197.0,295,7092.0,44,4.0,3,2,0,Mini Truck,Eicher,Petrol
582.0,168.0,252,4502.0,50,17.0,9,1,0,Van,Mahindra,Diesel
331.0,34.0,51,9564.0,47,17.0,6,2,0,Mini Truck,Tata,Diesel
356.0,227.0,340,2035.0,49,10.0,10,2,0,Tanker,Tata,Diesel
455.0,194.0,291,7092.0,45,15.0,2,4,0,Mini Truck,Eicher,Petrol
139.0,475.0,712,8017.0,42,6.0,12,3,0,Tanker,Eicher,CNG
561.0,564.0,846,9227.0,51,2.0,5,3,0,Truck,Eicher,Diesel
274.0,495.0,742,7933.0,52,3.0,8,6,1,Mini Truck,Eicher,Diesel
572.0,504.0,756,1549.0,35,23.0,12,0,0,Truck,Ashok Leyland,Diesel
200.0,216.0,324,7805.0,39,22.0,5,1,0,Tanker,Eicher,CNG
344.0,24.0,36,3619.0,24,15.0,8,4,0,Van,Eicher,Petrol
588.0,504.0,756,2643.0,35,25.0,5,5,1,Truck,Tata,Petrol
461.0,247.0,370,2112.0,50,7.0,3,1,0,Tanker,Tata,CNG
568.0,531.0,796,7072.0,48,18.0,7,5,1,Van,Tata,Petrol
275.0,436.0,654,2179.0,49,22.0,1,2,0,Van,Ashok Leyland,CNG
348.0,194.0,291,7619.0,39,17.0,7,0,0,Mini Truck,Tata,Diesel
501.0,555.0,832,5779.0,49,10.0,11,5,1,Mini Truck,Ashok Leyland,Petrol
124.0,194.0,291,9697.0,47,11.0,12,2,0,Mini Truck,Ashok Leyland,Diesel
66.0,496.0,744,7439.0,31,3.0,9,3,0,Truck,Tata,CNG
241.0,54.0,81,5942.0,39,11.0,8,3,0,Truck,Ashok Leyland,CNG
551.0,194.0,291,4066.0,55,2.0,11,4,0,Van,Ashok Leyland,Petrol
268.0,572.0,858,2035.0,29,10.0,4,1,0,Tanker,Tata,Diesel
444.0,117.0,175,2588.0,48,3.0,4,0,0,Mini Truck,Ashok Leyland,Petrol
496.0,296.0,444,8017.0,43,15.0,2,5,1,Tanker,Eicher,CNG
86.0,509.0,763,8017.0,34,16.0,12,5,1,Tanker,Eicher,CNG
133.0,297.0,445,4108.0,42,6.0,4,1,0,Truck,Ashok Leyland,CNG
257.0,172.0,258,5585.0,31,21.0,8,4,0,Truck,Ashok Leyland,CNG
583.0,44.0,66,3795.0,58,19.0,8,2,0,Tanker,Ashok Leyland,CNG
232.0,183.0,274,2179.0,35,11.0,5,6,1,Van,Ashok Leyland,CNG
145.0,402.0,603,1460.0,58,8.0,3,2,0,Tanker,Ashok Leyland,Petrol
559.0,54.0,81,3757.0,37,23.0,4,2,0,Van,Tata,CNG
67.0,436.0,654,7507.0,29,10.0,12,4,0,Van,Eicher,CNG
193.0,496.0,744,4573.0,28,21.0,3,3,0,Tanker,Mahindra,Diesel
49.0,311.0,466,6711.0,48,2.0,12,4,0,Van,Ashok Leyland,Petrol
37.0,247.0,370,7158.0,27,4.0,4,1,0,Truck,Ashok Leyland,Diesel
476.0,373.0,559,7290.0,33,23.0,2,2,0,Tanker,Tata,Petrol
492.0,405.0,607,4399.0,58,15.0,8,1,0,Mini Truck,Tata,CNG
251.0,264.0,396,2942.0,57,3.0,8,0,0,Truck,Tata,CNG
558.0,531.0,796,5813.0,24,15.0,11,4,0,Mini Truck,Ashok Leyland,CNG
517.0,61.0,91,1460.0,37,23.0,5,0,0,Tanker,Ashok Leyland,Petrol
513.0,250.0,375,2035.0,58,3.0,11,0,0,Tanker,Tata,Diesel
442.0,52.0,78,2271.0,39,5.0,12,0,0,Van,Mahindra,Diesel
256.0,332.0,498,7805.0,29,10.0,4,0,0,Tanker,Eicher,CNG
223.0,195.0,292,7092.0,48,16.0,11,1,0,Mini Truck,Eicher,Petrol
425.0,269.0,403,6073.0,53,16.0,8,4,0,Truck,Mahindra,CNG
511.0,269.0,403,2643.0,44,4.0,5,6,1,Truck,Tata,Petrol
408.0,73.0,109,7619.0,50,3.0,5,6,1,Mini Truck,Tata,Diesel
314.0,555.0,832,3992.0,46,1.0,7,1,0,Truck,Tata,CNG
526.0,307.0,460,3757.0,55,9.0,12,3,0,Van,Tata,CNG
327.0,66.0,99,5057.0,36,8.0,10,4,0,Van,Eicher,CNG
259.0,547.0,820,506.0,36,20.0,12,5,1,Mini Truck,Eicher,CNG
381.0,484.0,726,8846.0,31,23.0,2,2,0,Mini Truck,Mahindra,CNG
27.0,307.0,460,5006.0,35,23.0,7,0,0,Truck,Tata,CNG
214.0,93.0,139,2179.0,23,11.0,6,2,0,Van,Ashok Leyland,CNG
219.0,495.0,742,4353.0,23,11.0,4,2,0,Truck,Tata,CNG
113.0,53.0,79,1549.0,35,11.0,12,6,1,Truck,Ashok Leyland,Diesel
85.0,255.0,382,1227.0,27,4.0,8,6,1,Tanker,Ashok Leyland,Petrol
467.0,197.0,295,7158.0,52,3.0,11,4,0,Truck,Ashok Leyland,Diesel
44.0,496.0,744,1321.0,26,9.0,9,1,0,Truck,Mahindra,Diesel
22.0,445.0,667,7439.0,42,6.0,10,5,1,Truck,Eicher,Petrol
456.0,436.0,654,4093.0,55,2.0,4,1,0,Tanker,Eicher,Petrol
71.0,496.0,744,5006.0,50,3.0,6,3,0,Truck,Tata,CNG
203.0,74.0,111,2019.0,31,23.0,4,4,0,Van,Mahindra,Diesel
575.0,363.0,544,5813.0,55,2.0,12,0,0,Mini Truck,Ashok Leyland,CNG
339.0,194.0,291,3795.0,29,11.0,2,0,0,Tanker,Ashok Leyland,CNG
443.0,307.0,460,8879.0,58,14.0,8,0,0,Mini Truck,Eicher,CNG
321.0,535.0,802,5057.0,40,25.0,5,5,1,Van,Eicher,CNG
66.0,307.0,460,4066.0,48,8.0,5,1,0,Van,Ashok Leyland,Petrol
332.0,405.0,607,3795.0,46,1.0,2,5,1,Tanker,Ashok Leyland,CNG
207.0,255.0,382,2541.0,54,22.0,8,6,1,Mini Truck,Mahindra,CNG
466.0,61.0,91,9605.0,44,4.0,8,5,1,Mini Truck,Eicher,CNG
453.0,232.0,348,1735.0,42,6.0,4,6,1,Mini Truck,Eicher,Diesel
71.0,547.0,820,5655.0,31,7.0,8,3,0,Truck,Ashok Leyland,CNG
106.0,436.0,654,8979.0,27,9.0,12,6,1,Tanker,Mahindra,Petrol
478.0,232.0,348,7933.0,37,16.0,8,5,1,Mini Truck,Eicher,Diesel
124.0,197.0,295,3619.0,58,19.0,11,5,1,Van,Eicher,Petrol
505.0,442.0,663,9356.0,58,3.0,10,2,0,Truck,Tata,CNG
27.0,253.0,379,2588.0,40,8.0,9,3,0,Mini Truck,Ashok Leyland,Petrol
344.0,117.0,175,2588.0,48,18.0,12,2,0,Mini Truck,Ashok Leyland,Petrol
103.0,183.0,274,3846.0,52,14.0,11,3,0,Tanker,Mahindra,Petrol
89.0,307.0,460,8017.0,33,6.0,9,1,0,Tanker,Eicher,CNG
400.0,105.0,157,5813.0,46,18.0,4,4,0,Mini Truck,Ashok Leyland,CNG
220.0,332.0,498,9673.0,28,15.0,12,1,0,Van,Tata,Petrol
115.0,172.0,258,3205.0,48,24.0,6,0,0,Van,Eicher,CNG
575.0,269.0,403,8879.0,29,3.0,6,0,0,Mini Truck,Eicher,CNG
270.0,216.0,324,5585.0,24,15.0,11,1,0,Truck,Ashok Leyland,CNG
373.0,373.0,559,7805.0,56,2.0,5,2,0,Tanker,Eicher,CNG
395.0,34.0,51,4446.0,28,15.0,3,4,0,Mini Truck,Ashok Leyland,Diesel
293.0,44.0,66,7706.0,23,11.0,5,3,0,Tanker,Ashok Leyland,Petrol
112.0,75.0,112,4066.0,37,19.0,12,1,0,Van,Ashok Leyland,Petrol
269.0,555.0,832,2271.0,58,12.0,1,4,0,Van,Mahindra,Diesel
583.0,229.0,343,7092.0,36,15.0,10,0,0,Mini Truck,Eicher,Petrol
364.0,414.0,621,4845.0,53,16.0,3,1,0,Tanker,Tata,Petrol
423.0,495.0,742,5585.0,31,21.0,1,3,0,Truck,Ashok Leyland,CNG
298.0,363.0,544,6711.0,51,14.0,8,1,0,Van,Ashok Leyland,Petrol
38.0,93.0,139,3400.0,40,8.0,3,1,0,Van,Ashok Leyland,Diesel
484.0,25.0,37,1549.0,33,6.0,2,6,1,Truck,Ashok Leyland,Diesel
68.0,449.0,673,6073.0,48,2.0,3,1,0,Truck,Mahindra,CNG
540.0,194.0,291,4779.0,58,14.0,2,1,0,Mini Truck,Tata,Diesel
21.0,352.0,528,1812.0,28,5.0,2,3,0,Van,Tata,CNG
153.0,227.0,340,2332.0,58,14.0,6,5,1,Mini Truck,Eicher,Diesel
224.0,34.0,51,1812.0,42,6.0,10,6,1,Van,Tata,CNG
499.0,75.0,112,2942.0,27,4.0,10,4,0,Truck,Tata,CNG
505.0,168.0,252,5057.0,53,1.0,2,6,1,Van,Eicher,CNG
542.0,34.0,51,4001.0,37,10.0,1,2,0,Tanker,Eicher,CNG
272.0,181.0,271,7805.0,56,15.0,2,3,0,Tanker,Eicher,CNG
438.0,197.0,295,3400.0,28,5.0,11,6,1,Van,Ashok Leyland,Diesel
469.0,475.0,712,3769.0,28,18.0,12,4,0,Truck,Eicher,Diesel
598.0,592.0,888,4446.0,41,13.0,2,1,0,Mini Truck,Ashok Leyland,Diesel
349.0,310.0,465,2643.0,58,12.0,10,3,0,Truck,Tata,Petrol
163.0,456.0,684,4066.0,23,7.0,10,1,0,Van,Ashok Leyland,Petrol
418.0,34.0,51,2019.0,39,5.0,2,1,0,Van,Mahindra,Diesel
400.0,572.0,858,2942.0,58,8.0,2,0,0,Truck,Tata,CNG
529.0,310.0,465,2243.0,58,14.0,4,1,0,Mini Truck,Ashok Leyland,CNG
322.0,442.0,663,9605.0,50,25.0,2,4,0,Mini Truck,Eicher,CNG
32.0,24.0,36,7619.0,50,3.0,9,0,0,Mini Truck,Tata,Diesel
314.0,495.0,742,9673.0,50,3.0,6,5,1,Van,Tata,Petrol
84.0,269.0,403,8846.0,48,3.0,11,0,0,Mini Truck,Mahindra,CNG
378.0,58.0,87,4779.0,50,17.0,11,0,0,Mini Truck,Tata,Diesel
403.0,253.0,379,9202.0,37,8.0,1,5,1,Tanker,Ashok Leyland,Petrol
443.0,255.0,382,4497.0,48,3.0,2,3,0,Tanker,Eicher,Petrol
367.0,238.0,357,4573.0,31,7.0,3,1,0,Tanker,Mahindra,Diesel
173.0,485.0,727,4550.0,33,6.0,6,0,0,Tanker,Eicher,Petrol
211.0,495.0,742,4845.0,40,8.0,7,6,1,Tanker,Tata,Petrol
194.0,310.0,465,7619.0,50,7.0,10,6,1,Mini Truck,Tata,Diesel
265.0,352.0,528,8979.0,57,20.0,4,0,0,Tanker,Mahindra,Petrol
58.0,414.0,621,1791.0,37,23.0,7,3,0,Tanker,Tata,Petrol
504.0,172.0,258,7805.0,47,17.0,5,0,0,Tanker,Eicher,CNG
297.0,496.0,744,5779.0,55,2.0,7,0,0,Mini Truck,Ashok Leyland,Petrol
425.0,66.0,99,6477.0,24,15.0,3,5,1,Tanker,Mahindra,Petrol
215.0,34.0,51,4619.0,48,7.0,10,3,0,Tanker,Eicher,CNG
497.0,128.0,192,4085.0,48,3.0,1,2,0,Truck,Tata,Petrol
184.0,247.0,370,5064.0,51,20.0,7,2,0,Van,Eicher,Petrol
234.0,518.0,777,4353.0,36,20.0,1,5,1,Truck,Tata,CNG
509.0,547.0,820,7158.0,29,11.0,4,6,1,Truck,Ashok Leyland,Diesel
295.0,255.0,382,2035.0,30,10.0,2,3,0,Tanker,Tata,Diesel
307.0,402.0,603,1812.0,50,3.0,3,1,0,Van,Tata,CNG
48.0,194.0,291,5779.0,24,2.0,5,2,0,Mini Truck,Ashok Leyland,Petrol
212.0,586.0,879,5064.0,49,21.0,3,0,0,Van,Eicher,Petrol
275.0,363.0,544,9356.0,38,9.0,6,5,1,Truck,Tata,CNG
498.0,54.0,81,2643.0,26,9.0,4,6,1,Truck,Tata,Petrol
79.0,334.0,501,1604.0,48,24.0,7,1,0,Truck,Tata,Diesel
497.0,332.0,498,7439.0,57,20.0,7,1,0,Truck,Tata,CNG
85.0,105.0,157,4353.0,26,9.0,9,4,0,Truck,Tata,CNG
500.0,578.0,867,9227.0,41,23.0,11,3,0,Truck,Eicher,Diesel
523.0,218.0,327,7158.0,37,8.0,12,1,0,Truck,Ashok Leyland,Diesel
246.0,414.0,621,9227.0,47,1.0,8,5,1,Truck,Eicher,Diesel
581.0,554.0,831,1604.0,52,14.0,1,4,0,Truck,Tata,Diesel
561.0,592.0,888,9400.0,41,25.0,6,0,0,Mini Truck,Ashok Leyland,Petrol
393.0,311.0,466,8979.0,56,15.0,5,3,0,Tanker,Mahindra,Petrol
423.0,307.0,460,3950.0,37,19.0,10,5,1,Mini Truck,Mahindra,CNG
352.0,578.0,867,7439.0,35,11.0,6,6,1,Truck,Eicher,Petrol
250.0,250.0,375,1791.0,48,3.0,1,3,0,Tanker,Tata,Petrol
514.0,586.0,879,4497.0,58,15.0,2,2,0,Tanker,Eicher,Petrol
190.0,412.0,618,7412.0,48,24.0,7,6,1,Van,Eicher,Diesel
282.0,414.0,621,3757.0,42,18.0,6,0,0,Van,Tata,CNG
307.0,328.0,492,7566.0,52,14.0,4,0,0,Truck,Ashok Leyland,Petrol
500.0,592.0,888,3400.0,26,1.0,10,0,0,Van,Ashok Leyland,Diesel
472.0,520.0,780,7092.0,53,12.0,1,3,0,Mini Truck,Eicher,Petrol
425.0,227.0,340,8879.0,24,15.0,5,2,0,Mini Truck,Eicher,CNG
406.0,373.0,559,4314.0,30,10.0,12,0,0,Van,Mahindra,Diesel
543.0,322.0,483,7706.0,48,18.0,5,4,0,Tanker,Ashok Leyland,Petrol
568.0,435.0,652,4314.0,46,4.0,5,3,0,Van,Mahindra,Diesel
427.0,554.0,831,1227.0,48,2.0,12,2,0,Tanker,Ashok Leyland,Petrol
502.0,441.0,661,5942.0,48,16.0,7,3,0,Truck,Ashok Leyland,CNG
403.0,66.0,99,4108.0,27,9.0,10,1,0,Truck,Ashok Leyland,CNG
413.0,485.0,727,2644.0,54,22.0,5,6,1,Van,Mahindra,Petrol
141.0,509.0,763,5064.0,52,13.0,3,6,1,Van,Eicher,Petrol
408.0,456.0,684,8504.0,45,10.0,10,3,0,Van,Mahindra,CNG
587.0,441.0,661,5813.0,49,19.0,1,6,1,Mini Truck,Ashok Leyland,CNG
369.0,405.0,607,3992.0,58,12.0,6,0,0,Truck,Tata,CNG
408.0,197.0,295,5779.0,39,10.0,7,5,1,Mini Truck,Ashok Leyland,Petrol
555.0,387.0,580,4152.0,41,25.0,10,6,1,Mini Truck,Mahindra,Diesel
275.0,495.0,742,7566.0,56,2.0,11,5,1,Truck,Ashok Leyland,Petrol
151.0,52.0,78,5585.0,39,22.0,11,3,0,Truck,Ashok Leyland,CNG
198.0,405.0,607,2332.0,52,14.0,12,0,0,Mini Truck,Eicher,Diesel
588.0,52.0,78,2541.0,29,3.0,8,3,0,Mini Truck,Mahindra,CNG
333.0,181.0,271,506.0,50,7.0,4,4,0,Mini Truck,Eicher,CNG
344.0,436.0,654,1257.0,37,19.0,2,0,0,Van,Ashok Leyland,Diesel
156.0,484.0,726,7619.0,31,2.0,12,1,0,Mini Truck,Tata,Diesel
198.0,516.0,774,4550.0,45,15.0,11,5,1,Tanker,Eicher,Petrol
228.0,509.0,763,1257.0,39,11.0,2,4,0,Van,Ashok Leyland,Diesel
509.0,117.0,175,3795.0,57,14.0,7,1,0,Tanker,Ashok Leyland,CNG
519.0,475.0,712,4833.0,49,10.0,8,1,0,Truck,Mahindra,Petrol
205.0,535.0,802,4001.0,25,7.0,11,6,1,Tanker,Eicher,CNG
514.0,586.0,879,4085.0,30,15.0,1,5,1,Truck,Tata,Petrol
302.0,105.0,157,2643.0,23,16.0,6,6,1,Truck,Tata,Petrol
437.0,255.0,382,8073.0,52,3.0,2,3,0,Van,Ashok Leyland,Diesel
367.0,495.0,742,5052.0,35,25.0,1,0,0,Van,Eicher,Petrol
369.0,195.0,292,4085.0,25,6.0,11,2,0,Truck,Tata,Petrol
107.0,578.0,867,4093.0,28,21.0,10,6,1,Tanker,Eicher,Petrol
459.0,168.0,252,9202.0,48,8.0,9,2,0,Tanker,Ashok Leyland,Petrol
95.0,277.0,415,3757.0,25,7.0,8,4,0,Van,Tata,CNG
457.0,310.0,465,7805.0,38,9.0,1,3,0,Tanker,Eicher,CNG
223.0,253.0,379,9400.0,53,16.0,2,3,0,Mini Truck,Ashok Leyland,Petrol
400.0,363.0,544,1151.0,53,15.0,10,6,1,Truck,Ashok Leyland,CNG
68.0,61.0,91,7933.0,31,3.0,8,5,1,Mini Truck,Eicher,Diesel
218.0,311.0,466,7566.0,42,6.0,2,0,0,Truck,Ashok Leyland,Petrol
143.0,227.0,340,9400.0,31,3.0,12,5,1,Mini Truck,Ashok Leyland,Petrol
284.0,25.0,37,4399.0,23,11.0,4,5,1,Mini Truck,Tata,CNG
36.0,555.0,832,7706.0,48,24.0,8,0,0,Tanker,Ashok Leyland,Petrol
484.0,54.0,81,4108.0,22,15.0,6,6,1,Truck,Ashok Leyland,CNG
533.0,264.0,396,9356.0,35,25.0,11,5,1,Truck,Tata,CNG
595.0,269.0,403,1735.0,58,8.0,3,1,0,Mini Truck,Eicher,Diesel
325.0,322.0,483,2644.0,42,6.0,9,5,1,Van,Mahindra,Petrol
383.0,559.0,838,1549.0,38,3.0,5,0,0,Truck,Ashok Leyland,Diesel
355.0,436.0,654,4001.0,29,10.0,3,3,0,Tanker,Eicher,CNG
378.0,485.0,727,4874.0,24,17.0,2,5,1,Mini Truck,Mahindra,Diesel
33.0,307.0,460,2271.0,37,23.0,4,6,1,Van,Mahindra,Diesel
115.0,61.0,91,7412.0,28,18.0,9,2,0,Van,Eicher,Diesel
584.0,496.0,744,2179.0,52,3.0,8,5,1,Van,Ashok Leyland,CNG
147.0,245.0,367,3795.0,45,15.0,12,6,1,Tanker,Ashok Leyland,CNG
292.0,245.0,367,1812.0,58,5.0,1,1,0,Van,Tata,CNG
548.0,555.0,832,1321.0,57,20.0,9,3,0,Truck,Mahindra,Diesel
443.0,229.0,343,3992.0,38,9.0,11,0,0,Truck,Tata,CNG
133.0,195.0,292,7933.0,38,9.0,7,5,1,Mini Truck,Eicher,Diesel
494.0,509.0,763,6362.0,36,15.0,10,4,0,Mini Truck,Mahindra,Diesel
579.0,435.0,652,9564.0,28,15.0,1,3,0,Mini Truck,Tata,Diesel
155.0,232.0,348,1151.0,31,3.0,10,0,0,Truck,Ashok Leyland,CNG
412.0,495.0,742,5064.0,36,20.0,5,3,0,Van,Eicher,Petrol
56.0,273.0,409,1812.0,58,3.0,12,3,0,Van,Tata,CNG
93.0,296.0,444,2271.0,42,6.0,7,2,0,Van,Mahindra,Diesel
99.0,25.0,37,3992.0,37,8.0,5,3,0,Truck,Tata,CNG
133.0,441.0,661,1460.0,42,6.0,7,6,1,Tanker,Ashok Leyland,Petrol
365.0,66.0,99,1540.0,26,14.0,7,6,1,Van,Eicher,CNG
418.0,495.0,742,4497.0,38,9.0,10,2,0,Tanker,Eicher,Petrol
380.0,435.0,652,4085.0,57,22.0,8,2,0,Truck,Tata,Petrol
105.0,273.0,409,4874.0,51,2.0,9,5,1,Mini Truck,Mahindra,Diesel
277.0,307.0,460,3757.0,31,13.0,11,1,0,Van,Tata,CNG
317.0,449.0,673,4446.0,39,11.0,12,2,0,Mini Truck,Ashok Leyland,Diesel
105.0,475.0,712,5585.0,58,8.0,12,2,0,Truck,Ashok Leyland,CNG
551.0,402.0,603,5052.0,39,9.0,11,6,1,Van,Eicher,Petrol
435.0,34.0,51,4550.0,24,15.0,4,5,1,Tanker,Eicher,Petrol
86.0,373.0,559,4093.0,30,10.0,11,1,0,Tanker,Eicher,Petrol
182.0,456.0,684,3992.0,49,10.0,10,5,1,Truck,Tata,CNG
484.0,555.0,832,7706.0,56,15.0,8,5,1,Tanker,Ashok Leyland,Petrol
285.0,559.0,838,3846.0,50,3.0,1,1,0,Tanker,Mahindra,Petrol
214.0,218.0,327,3205.0,41,25.0,11,1,0,Van,Eicher,CNG
584.0,227.0,340,9202.0,29,3.0,11,5,1,Tanker,Ashok Leyland,Petrol
561.0,128.0,192,2035.0,26,25.0,2,2,0,Tanker,Tata,Diesel
188.0,504.0,756,3795.0,52,13.0,10,3,0,Tanker,Ashok Leyland,CNG
548.0,402.0,603,5064.0,26,1.0,12,5,1,Van,Eicher,Petrol
260.0,485.0,727,9356.0,50,3.0,12,2,0,Truck,Tata,CNG
599.0,436.0,654,3146.0,34,18.0,12,1,0,Van,Ashok Leyland,Petrol
467.0,554.0,831,9673.0,50,3.0,11,4,0,Van,Tata,Petrol
287.0,73.0,109,4833.0,27,14.0,9,1,0,Truck,Mahindra,Petrol
364.0,586.0,879,7507.0,47,1.0,7,2,0,Van,Eicher,CNG
78.0,402.0,603,5064.0,54,4.0,8,1,0,Van,Eicher,Petrol
244.0,269.0,403,4108.0,45,15.0,9,1,0,Truck,Ashok Leyland,CNG
65.0,61.0,91,7507.0,54,22.0,9,5,1,Van,Eicher,CNG
270.0,105.0,157,3950.0,55,9.0,11,3,0,Mini Truck,Mahindra,CNG
423.0,168.0,252,6477.0,35,11.0,10,3,0,Tanker,Mahindra,Petrol
